document_id,application_number,field,jacob_value,tyler_value,value_local_scope,value_broad_scope,status,confidence,reason,reader,review_method,manager_note,evidence_json
00326891d3391480524d,C 851020 PPQ,approved_unresolved_objection,1,0,1,1,resolved,high,"CB12 requested restricted local-priority sales, but CPC approved unrestricted disposition and only recommended AHOP/NICOP where appropriate.",b,Sol medium with Codex source review,,"[{""source_document_id"": ""00326891d3391480524d"", ""pdf_page"": 1, ""quote"": ""Approve unrestricted disposition."", ""explanation"": ""The unrestricted approval left the CB's specific local-priority restrictions unadopted."", ""source_text_sha256"": ""f00ba2f3abb3ed3fcd51e9e95e8963ed6e91d8bc7f267d6de109323c3bfac149""}]"
00326891d3391480524d,C 851020 PPQ,explicit_local_response,1,0,1,1,resolved,high,The report expressly states that DRP's explanatory outreach and CPC's program recommendation were in response to CB12 concerns.,b,Sol medium with Codex source review,,"[{""source_document_id"": ""00326891d3391480524d"", ""pdf_page"": 1, ""quote"": ""In response to Community Board 12 concerns over the disposition of City-owned par- cels in their district. The Division of Real Property attended a Community Board 12 public hearing to explain"", ""explanation"": ""This is an explicit local-concern-to-response link."", ""source_text_sha256"": ""f00ba2f3abb3ed3fcd51e9e95e8963ed6e91d8bc7f267d6de109323c3bfac149""}]"
00326891d3391480524d,C 851020 PPQ,procedural_response,1,0,1,1,resolved,high,"In response to CB concerns, DRP attended the CB hearing to explain its local-purchaser programs.",b,Sol medium with Codex source review,,"[{""source_document_id"": ""00326891d3391480524d"", ""pdf_page"": 1, ""quote"": ""The Division of Real Property attended a Community Board 12 public hearing to explain, their Adjacent Homeowner Program (AHOP)mwd the Neighboring Industrial/Commercial Owners Program (NICOP)."", ""explanation"": ""Attending the hearing to explain programs is an outreach response."", ""source_text_sha256"": ""f00ba2f3abb3ed3fcd51e9e95e8963ed6e91d8bc7f267d6de109323c3bfac149""}]"
00326891d3391480524d,C 851020 PPQ,scale_character_preservation,1,0,0,0,resolved,high,"The report concerns parcel disposition and purchaser priority. It documents no substantive issue about scale, height, density, design, shadows, character, landmarks, or preservation.",b,Sol medium with Codex source review,,"[{""source_document_id"": ""00326891d3391480524d"", ""pdf_page"": 1, ""quote"": ""the parcels be offered to the adjacent property owners"", ""explanation"": ""This is a purchaser-priority restriction; full review found no qualifying scale or preservation issue."", ""source_text_sha256"": ""f00ba2f3abb3ed3fcd51e9e95e8963ed6e91d8bc7f267d6de109323c3bfac149""}]"
00326891d3391480524d,C 851020 PPQ,specific_project,0,1,0,0,resolved,high,The application disposes of scattered city-owned parcels and names no imminent development project for them.,b,Sol medium with Codex source review,,"[{""source_document_id"": ""00326891d3391480524d"", ""pdf_page"": 1, ""quote"": ""The dioasition oi 23 City-owned patcet4 kn Community Diztkict 12"", ""explanation"": ""This is a parcel-disposition program rather than a specific development project."", ""source_text_sha256"": ""f00ba2f3abb3ed3fcd51e9e95e8963ed6e91d8bc7f267d6de109323c3bfac149""}]"
027b0c0b2938ee5f5961,C 810498 ZMK,revision_or_concession,1,0,1,1,resolved,high,"The incorporated disposition and urban-renewal actions for the same supermarket project were substantively revised during review to map a new street, close part of Butler Street, and add the closed streetbed as Site 3C.",a,Sol medium with Codex source review,,"[{""source_document_id"": ""ddbab79ce728f6c36709"", ""pdf_page"": 1, ""quote"": ""On September 16, 1981, the Department of Housing Preservation and Development submitted a revised Urban Renewal Plan and Land Disposition Application which provides for the mapping of a new street between Butler Street and Baltic Street approximately 190 feet north of Fifth Avenue and the closing of Butler Street between the new street and Fifth Avenue."", ""explanation"": ""This documents a substantive revision to the same focal development during review."", ""source_text_sha256"": ""c170bbaa70e171194fe8bed6eea0d3446e40b1614979f526407cd9c6918f80bf""}]"
0385e4de7488ec4762c5,C 030300 ZMK,affordability_displacement,1,0,1,1,resolved,high,"Community speakers expressly raised the affordability of new housing, and CB recommendations sought affordable housing development.",b,Sol medium with Codex source review,,"[{""source_document_id"": ""d32471ca057e65a97c62"", ""pdf_page"": 11, ""quote"": ""Community members stated the need for affordable housing in Bedford-Stuyvesant and concerns about the affordability of new housing construction were also expressed."", ""explanation"": ""This is a substantive local affordability concern."", ""source_text_sha256"": ""c192b0d5911f640ee8f846b10f720e304a8c267be6e0ce42f6e3fea47d16c4dd""}]"
0385e4de7488ec4762c5,C 030300 ZMK,cb_request_or_opposition,1,0,1,1,resolved,high,"CB3 recommended disapproval with modifications and supplied detailed parcel, land-use, open-space, parking, and housing changes.",b,Sol medium with Codex source review,,"[{""source_document_id"": ""0385e4de7488ec4762c5"", ""pdf_page"": 3, ""quote"": ""adopted a resolution recommending disapproval of the application with modifications."", ""explanation"": ""This is a substantive CB position on the focal application."", ""source_text_sha256"": ""dec64c35b0fb0cf2bf408f0ff66f9e822ef42d5716c7d4a08890e5cf052bda73""}]"
0385e4de7488ec4762c5,C 030300 ZMK,environment_open_space,1,0,1,1,resolved,high,"CB3 requested public-open-space designations, consolidation of open space, and retention/review of community gardens.",b,Sol medium with Codex source review,,"[{""source_document_id"": ""d32471ca057e65a97c62"", ""pdf_page"": 7, ""quote"": ""Block 1703- Lot 2 to be assembled with Lot1 and designated land use as “public open space” to facilitate green thumb relocation."", ""explanation"": ""This is a substantive local open-space request."", ""source_text_sha256"": ""c192b0d5911f640ee8f846b10f720e304a8c267be6e0ce42f6e3fea47d16c4dd""}]"
0385e4de7488ec4762c5,C 030300 ZMK,explicit_local_response,1,0,1,1,resolved,high,The report expressly says HPD changed land-use designations in response to community concerns.,b,Sol medium with Codex source review,,"[{""source_document_id"": ""d32471ca057e65a97c62"", ""pdf_page"": 13, ""quote"": ""This modification changes the land use designation on Block 1703, Lot 1, part of Site 14B from “public open space” to “residential,” and on Block 1695, Lot 8, part of Site 15B from “residential” to “public open space” in response to community concerns raised during the ULURP process."", ""explanation"": ""This directly links local concerns to an application revision."", ""source_text_sha256"": ""c192b0d5911f640ee8f846b10f720e304a8c267be6e0ce42f6e3fea47d16c4dd""}]"
0385e4de7488ec4762c5,C 030300 ZMK,procedural_response,1,0,1,1,resolved,high,"DCP met with HPD, CB members, and residents after the hearing, and some garden lots were deferred for further review and notice.",b,Sol medium with Codex source review,,"[{""source_document_id"": ""d32471ca057e65a97c62"", ""pdf_page"": 13, ""quote"": ""Department of City Planning met with HPD, Community Board members and community residents to discuss the issues raised at the public hearing."", ""explanation"": ""This meeting is an explicit procedural response."", ""source_text_sha256"": ""c192b0d5911f640ee8f846b10f720e304a8c267be6e0ce42f6e3fea47d16c4dd""}]"
0385e4de7488ec4762c5,C 030300 ZMK,revision_or_concession,1,0,1,1,resolved,high,"HPD revised the linked applications by deleting lots and changing land-use designations, and CPC qualified approval with further modifications.",b,Sol medium with Codex source review,,"[{""source_document_id"": ""d32471ca057e65a97c62"", ""pdf_page"": 13, ""quote"": ""HPD, in a letter dated September 8, 2003, stated that it would modify the subject applications by deleting lots from the disposition application and by changing land use designations in the Urban Renewal Plan."", ""explanation"": ""This documents concrete revisions to the application package."", ""source_text_sha256"": ""c192b0d5911f640ee8f846b10f720e304a8c267be6e0ce42f6e3fea47d16c4dd""}]"
0385e4de7488ec4762c5,C 030300 ZMK,scale_character_preservation,1,0,1,1,resolved,high,CB3 requested that retained mixed-use sites develop in keeping with existing storefront architecture and sought conformity with its broader 197-A plan.,b,Sol medium with Codex source review,,"[{""source_document_id"": ""d32471ca057e65a97c62"", ""pdf_page"": 8, ""quote"": ""be retained to facilitate the site assemblage for mixed-use commercial and residential in keeping with the architectural character of the existing storefronts."", ""explanation"": ""This is a substantive local character-preservation condition."", ""source_text_sha256"": ""c192b0d5911f640ee8f846b10f720e304a8c267be6e0ce42f6e3fea47d16c4dd""}]"
0385e4de7488ec4762c5,C 030300 ZMK,traffic_parking,1,0,1,1,resolved,high,CB3 requested land-use changes and parcel exchanges to provide public and church parking facilities.,b,Sol medium with Codex source review,,"[{""source_document_id"": ""d32471ca057e65a97c62"", ""pdf_page"": 7, ""quote"": ""Such exchange would facilitate the development of a contiguous housing development site and the development of a multi-level parking garage to serve the parking needs of the staff of CS 21 on weekdays and members and visitors to area churches on evenings and weekends."", ""explanation"": ""This is a substantive local parking proposal."", ""source_text_sha256"": ""c192b0d5911f640ee8f846b10f720e304a8c267be6e0ce42f6e3fea47d16c4dd""}]"
06c90a5bde6a4a3cadd7,N 090318 ZRQ,approved_unresolved_objection,1,0,1,1,resolved,high,"CPC approved but explicitly declined Community Board 7's request to reserve the former Flushing Airport for open space or soft recreation, calling it outside the proposal's scope.",a,Sol medium with Codex source review,,"[{""source_document_id"": ""06c90a5bde6a4a3cadd7"", ""pdf_page"": 18, ""quote"": ""The Commission notes the proposed modification submitted by Community Board 7 to limit use on the former Flushing Airport site to open space or soft recreation, but notes that the request is outside of the scope of the proposal."", ""explanation"": ""This identifies a specific local request that CPC left unresolved at approval."", ""source_text_sha256"": ""ac7a9d821228ebb125d5d8866a5eee5b90fbd38f576d8f787ed88aacfaf91400""}]"
06c90a5bde6a4a3cadd7,N 090318 ZRQ,civic_group_position,support_or_request,none_or_procedural,support_or_request,support_or_request,resolved,medium,The named College Point Board of Trade and College Point Civic and Taxpayer Association expressed substantive concern about preserving the expiring urban-renewal controls; this helped prompt the rezoning study. The source does not describe opposition to the proposal.,a,Sol medium with Codex source review,,"[{""source_document_id"": ""06c90a5bde6a4a3cadd7"", ""pdf_page"": 2, ""quote"": ""initiated the rezoning study in response to concerns expressed by Community Board 7, the College Point Board of Trade and the College Point Civic and Taxpayer Association regarding the possibility of continuing the development controls of the URP upon its expiration."", ""explanation"": ""Two named local organizations made a substantive request/concern tied to the proposal's purpose."", ""source_text_sha256"": ""ac7a9d821228ebb125d5d8866a5eee5b90fbd38f576d8f787ed88aacfaf91400""}]"
06c90a5bde6a4a3cadd7,N 090318 ZRQ,environment_open_space,1,0,1,1,resolved,high,"Community Board 7 requested that the former Flushing Airport be limited to park and soft recreation, and CPC expressly considered that request. This is a substantive local open-space issue under both scopes.",a,Sol medium with Codex source review,,"[{""source_document_id"": ""06c90a5bde6a4a3cadd7"", ""pdf_page"": 13, ""quote"": ""Limit the permitted use for the former Flushing Airport site to park and soft recreation use"", ""explanation"": ""This is an explicit Community Board open-space condition."", ""source_text_sha256"": ""ac7a9d821228ebb125d5d8866a5eee5b90fbd38f576d8f787ed88aacfaf91400""}]"
06c90a5bde6a4a3cadd7,N 090318 ZRQ,substantial_local_opposition,0,1,0,0,resolved,high,"Community Board 7 unanimously recommended approval among voting members, and both CPC speakers favored the proposal. The Board's requested modifications were conditions attached to support, not opposition.",a,Sol medium with Codex source review,,"[{""source_document_id"": ""06c90a5bde6a4a3cadd7"", ""pdf_page"": 13, ""quote"": ""by a vote of 34 in favor, 0 opposed and 1 abstaining, adopted a resolution recommending approval of this application with the following conditions:"", ""explanation"": ""The local board supported the proposal with conditions and recorded no opposing vote."", ""source_text_sha256"": ""ac7a9d821228ebb125d5d8866a5eee5b90fbd38f576d8f787ed88aacfaf91400""}]"
06c90a5bde6a4a3cadd7,N 090318 ZRQ,traffic_parking,1,0,0,1,resolved,high,"No local actor raised traffic or parking as a substantive concern in the documented recommendations. CPC itself substantively evaluated parking, loading, and curb-cut rules, so only the broad issue scope is positive.",a,Sol medium with Codex source review,,"[{""source_document_id"": ""06c90a5bde6a4a3cadd7"", ""pdf_page"": 16, ""quote"": ""the proposal reinforces the corporate park environment though specific regulations pertaining to yards, signage, parking, and bulk"", ""explanation"": ""This is substantive CPC assessment of parking regulation, supporting the broad scope; the listed local conditions on pages 13-15 contain no traffic or parking issue."", ""source_text_sha256"": ""ac7a9d821228ebb125d5d8866a5eee5b90fbd38f576d8f787ed88aacfaf91400""}]"
0b62c4bf7d20ec91b688,C 240369 ZMM,civic_group_position,support_or_request,none_or_procedural,none_or_procedural,none_or_procedural,resolved,high,"The opposing developer and supportive nonprofit task-force members are not named organizations. The original actor rule requires a named civic, neighborhood, tenant, business, or community organization.",c,Sol medium with Codex source review,,"[{""source_document_id"": ""0b62c4bf7d20ec91b688"", ""pdf_page"": 13, ""quote"": ""These included non-profit members of the community task force"", ""explanation"": ""The report describes supportive nonprofit participants without naming an organization."", ""source_text_sha256"": ""d49857433c5d9f22ec783e8ed5ae4b7b20481b7e95b9c322ff06181570416acf""}]"
0b62c4bf7d20ec91b688,C 240369 ZMM,substantial_local_opposition,0,1,,,source_insufficient,medium,"One CPC speaker gave substantive opposition to the laboratory special permit, but the report identifies the speaker only as a representative from a life sciences developer. It does not establish that the speaker was a local resident, tenant, civic group, or other qualifying local actor, so neither coder’s value can be chosen confidently.",c,Sol medium with Codex source review,,"[{""source_document_id"": ""0b62c4bf7d20ec91b688"", ""pdf_page"": 14, ""quote"": ""A representative from a life sciences developer spoke against the project, expressing concern about the ZR 74-171 special permit."", ""explanation"": ""Documents substantive opposition to part of the proposal."", ""source_text_sha256"": ""d49857433c5d9f22ec783e8ed5ae4b7b20481b7e95b9c322ff06181570416acf""}]"
13e5c76bb268bbd78e25,C 900172 ZMR,environment_open_space,1,0,1,1,resolved,high,"The Borough President made preservation of six mature on-site trees a substantive condition, so the environmental issue is positive under both scopes.",a,Sol medium with Codex source review,,"[{""source_document_id"": ""13e5c76bb268bbd78e25"", ""pdf_page"": 4, ""quote"": ""corner of the applicant's property at Victory and Signs Road should be preserved."", ""explanation"": ""This completes the Borough President's page-spanning condition to preserve six mature trees."", ""source_text_sha256"": ""b669db8d7b1a61070651b488053b2e4db5f7b546b4d8459020ae51b255ddfa07""}]"
13e5c76bb268bbd78e25,C 900172 ZMR,local_request_condition,1,0,1,1,resolved,high,The Staten Island Borough President conditioned approval on preserving six mature trees unless road widening required their removal.,a,Sol medium with Codex source review,,"[{""source_document_id"": ""13e5c76bb268bbd78e25"", ""pdf_page"": 3, ""quote"": ""issued a recommendation approving the action on January 31, 1991 with the following condition:"", ""explanation"": ""The condition continues on page 4 and concerns preserving six mature trees."", ""source_text_sha256"": ""b669db8d7b1a61070651b488053b2e4db5f7b546b4d8459020ae51b255ddfa07""}]"
13e5c76bb268bbd78e25,C 900172 ZMR,specific_project,0,1,1,1,resolved,high,The applicant-owned two-lot site and stated purpose of facilitating local retail and office development identify a specific imminent development rather than a neighborhood-wide zoning change.,a,Sol medium with Codex source review,,"[{""source_document_id"": ""13e5c76bb268bbd78e25"", ""pdf_page"": 1, ""quote"": ""to rezone an R3-2 district to a C1-3 commercial district to facilitate local retail and office development."", ""explanation"": ""The rezoning is tied to development on the applicant's identified parcel."", ""source_text_sha256"": ""b669db8d7b1a61070651b488053b2e4db5f7b546b4d8459020ae51b255ddfa07""}]"
160defec91155f5c6a83,C 880040 MMQ,cpc_support_speakers,11,0,11,11,resolved,high,The companion report states the joint CPC hearing had 11 speakers in favor and no speakers in opposition; the same hearing covered the focal map application.,a,Sol medium with Codex source review,,"[{""source_document_id"": ""253c7e5e151bac0d75a4"", ""pdf_page"": 13, ""quote"": ""There were 11 speakers in favor of the application and no speakers in opposition."", ""explanation"": ""This supplies the literal CPC support-speaker count for the joint hearing."", ""source_text_sha256"": ""3b730aa3b85c48809c93dbe4b4521f4a4916df12bea277fae1710665a57e2d13""}]"
160defec91155f5c6a83,C 880040 MMQ,environment_open_space,1,0,1,1,resolved,high,"Residents raised a concrete construction-vibration concern, and CPC required noise and other environmental mitigation and revised open-space plans. Both issue scopes are positive.",a,Sol medium with Codex source review,,"[{""source_document_id"": ""253c7e5e151bac0d75a4"", ""pdf_page"": 13, ""quote"": ""others expressed concern that the vibration from the construction might create problems fcr surrounding homes."", ""explanation"": ""This is a substantive local environmental-effects concern."", ""source_text_sha256"": ""3b730aa3b85c48809c93dbe4b4521f4a4916df12bea277fae1710665a57e2d13""}]"
160defec91155f5c6a83,C 880040 MMQ,infrastructure_services,1,0,0,1,resolved,high,"No local actor is documented raising infrastructure or service capacity. CPC and the environmental review substantively addressed traffic-signal operations, wastewater protection, and public-facility capacity, so the broad scope is positive.",a,Sol medium with Codex source review,,"[{""source_document_id"": ""160defec91155f5c6a83"", ""pdf_page"": 8, ""quote"": ""Condition #3 is necessary in order to insure that the operations of the facility would not impair equipment operated by DEP's Bureau of Wastewater Treatment."", ""explanation"": ""This is a substantive agency/CPC infrastructure concern supporting the broad scope."", ""source_text_sha256"": ""dfc52cbf6634412bad400220c0384cef2f9058d3b3897ae5ebca2656e1f4e96a""}]"
160defec91155f5c6a83,C 880040 MMQ,procedural_response,1,0,1,1,resolved,high,"The final approval requires the applicant to make a written DOT signal-timing request and submit plumbing plans to DEP, both procedural responses.",a,Sol medium with Codex source review,,"[{""source_document_id"": ""160defec91155f5c6a83"", ""pdf_page"": 8, ""quote"": ""Prior to construction, the applicant shall submit 2 copies of the plumbing plans to DEP's Bureau of Wastewater Treatment, Industrial Waste Control Section for, approval."", ""explanation"": ""This is a required future submission and agency review."", ""source_text_sha256"": ""dfc52cbf6634412bad400220c0384cef2f9058d3b3897ae5ebca2656e1f4e96a""}]"
160defec91155f5c6a83,C 880040 MMQ,revision_or_concession,1,0,1,1,resolved,high,"The companion report for the same development documents multiple applicant plan changes and a reduced unit count in response to CPC concerns, while the focal approval incorporates environmental mitigations.",a,Sol medium with Codex source review,,"[{""source_document_id"": ""253c7e5e151bac0d75a4"", ""pdf_page"": 18, ""quote"": ""Subsequently the applicant modified the plan to address these concerns"", ""explanation"": ""The applicant revised the same project's plan in response to CPC concerns."", ""source_text_sha256"": ""3b730aa3b85c48809c93dbe4b4521f4a4916df12bea277fae1710665a57e2d13""}]"
160defec91155f5c6a83,C 880040 MMQ,scale_character_preservation,1,0,0,1,resolved,high,"The documented local testimony concerns construction vibration rather than scale or character. CPC substantively evaluated the project's scale, height, and fit with the surrounding neighborhood, making only the broad scope positive.",a,Sol medium with Codex source review,,"[{""source_document_id"": ""253c7e5e151bac0d75a4"", ""pdf_page"": 14, ""quote"": ""The large-scale development of this site, in accordance with the applicant's proposal, will result in a residential environment that respects the scale of the surrounding neighborhood."", ""explanation"": ""This is substantive CPC assessment of scale and character under the broad scope."", ""source_text_sha256"": ""3b730aa3b85c48809c93dbe4b4521f4a4916df12bea277fae1710665a57e2d13""}]"
1ed8ae661487257b6804,C 770196 TCM,approved_unresolved_objection,1,0,1,1,resolved,high,CPC approved one more year of the enclosed cafe despite the CB's specific request to deny renewal and its sidewalk-obstruction objection.,b,Sol medium with Codex source review,,"[{""source_document_id"": ""1ed8ae661487257b6804"", ""pdf_page"": 4, ""quote"": ""The sidewalk cafe severely impedes pedestrian movement in the area to the detriment of adjacent uses."", ""explanation"": ""CPC itself found the specific objection valid but nevertheless granted a one-year approval."", ""source_text_sha256"": ""6d32d87cfe9ef5130efcd1f3dbd82584b5d2e234ac8352bf02f4262f569ceb79""}]"
1ed8ae661487257b6804,C 770196 TCM,cb_request_or_opposition,1,0,1,1,resolved,high,CB2 adopted a resolution opposing renewal with several substantive grounds.,b,Sol medium with Codex source review,,"[{""source_document_id"": ""1ed8ae661487257b6804"", ""pdf_page"": 1, ""quote"": ""Community Board #2 adopted a resolution opposing renewal of the revocable consent"", ""explanation"": ""This directly satisfies the CB opposition category."", ""source_text_sha256"": ""6d32d87cfe9ef5130efcd1f3dbd82584b5d2e234ac8352bf02f4262f569ceb79""}]"
1ed8ae661487257b6804,C 770196 TCM,infrastructure_services,1,0,0,0,resolved,high,"The report's concern is pedestrian congestion and sidewalk obstruction, which belongs to traffic/curb use rather than the codebook's schools, sewer, transit, sanitation, utilities, public facilities, or service-capacity category.",b,Sol medium with Codex source review,,"[{""source_document_id"": ""1ed8ae661487257b6804"", ""pdf_page"": 3, ""quote"": ""The existing enclosed sidewalk cafe operated by Szechuan Taste has aggravated the already heavy pedestrian congestion in this area."", ""explanation"": ""This passage shows the issue is pedestrian circulation; full review found no qualifying infrastructure or services issue."", ""source_text_sha256"": ""6d32d87cfe9ef5130efcd1f3dbd82584b5d2e234ac8352bf02f4262f569ceb79""}]"
1ed8ae661487257b6804,C 770196 TCM,local_request_condition,1,0,1,1,resolved,high,The CB's resolution sought denial of the requested five-year renewal because the enclosed cafe obstructed a narrow sidewalk and harmed adjacent uses.,b,Sol medium with Codex source review,,"[{""source_document_id"": ""1ed8ae661487257b6804"", ""pdf_page"": 1, ""quote"": ""adopted a resolution opposing renewal of the revocable consent"", ""explanation"": ""Opposing renewal is a concrete local request for the application to be denied or changed."", ""source_text_sha256"": ""6d32d87cfe9ef5130efcd1f3dbd82584b5d2e234ac8352bf02f4262f569ceb79""}]"
1ed8ae661487257b6804,C 770196 TCM,revision_or_concession,1,0,1,1,resolved,high,CPC reduced the requested five-year renewal to one year and announced it would not recommend a later renewal.,b,Sol medium with Codex source review,,"[{""source_document_id"": ""1ed8ae661487257b6804"", ""pdf_page"": 4, ""quote"": ""be and hereby is approved for one year only, and be it further resolved that the City Planning Commission will not recommend the subsequent renewal"", ""explanation"": ""This is a substantive modification of the requested approval."", ""source_text_sha256"": ""6d32d87cfe9ef5130efcd1f3dbd82584b5d2e234ac8352bf02f4262f569ceb79""}]"
1ed8ae661487257b6804,C 770196 TCM,scale_character_preservation,1,0,1,1,resolved,high,The CB and CPC identified the enclosed cafe as inconsistent with Bleecker Street's prevailing unenclosed-cafe character and as a visual barrier along storefronts.,b,Sol medium with Codex source review,,"[{""source_document_id"": ""1ed8ae661487257b6804"", ""pdf_page"": 4, ""quote"": ""The sidewalk cafe is not consistent with existing sidewalk usage in the area which consists of 9 unenclosed sidewalk cafes. The sidewalk cafe creates a visual barrier along MacDougal and Bleecker Streets"", ""explanation"": ""This is a substantive local streetscape and character concern."", ""source_text_sha256"": ""6d32d87cfe9ef5130efcd1f3dbd82584b5d2e234ac8352bf02f4262f569ceb79""}]"
1ed8ae661487257b6804,C 770196 TCM,substantial_local_opposition,1,0,1,1,resolved,high,"Community Board 2 formally opposed renewal and supplied specific pedestrian, fairness, and streetscape reasons, despite a minority report favoring renewal.",b,Sol medium with Codex source review,,"[{""source_document_id"": ""1ed8ae661487257b6804"", ""pdf_page"": 1, ""quote"": ""Community Board #2 adopted a resolution opposing renewal of the revocable consent for the follow- ing reasons."", ""explanation"": ""This is formal substantive local opposition."", ""source_text_sha256"": ""6d32d87cfe9ef5130efcd1f3dbd82584b5d2e234ac8352bf02f4262f569ceb79""}]"
2bf00e9741a60b35e29b,C 970372 HDK,affordability_displacement,1,0,0,0,resolved,high,"No local actor raises affordability, displacement, or tenant protection as a substantive concern. CPC describes the project's 69 affordable units and increased demand only as a positive project rationale, which does not meet the broad scope's substantive issue threshold.",b,Sol medium with Codex source review,,"[{""source_document_id"": ""48182d2a59d32dddb472"", ""pdf_page"": 13, ""quote"": ""The proposed plan will provide 69 units of affordable housing in an area that has experienced increased demand for such housing."", ""explanation"": ""This is a positive project description; full review found no qualifying affordability concern or condition."", ""source_text_sha256"": ""46f0167b18f9da83450e2e5276252785b6a46008f70aa63b947c40869370d837""}]"
2bf00e9741a60b35e29b,C 970372 HDK,approved_unresolved_objection,1,0,1,1,resolved,high,"The borough president's concern about replacement for existing community parking was not answered, yet CPC approved the related actions.",b,Sol medium with Codex source review,,"[{""source_document_id"": ""48182d2a59d32dddb472"", ""pdf_page"": 26, ""quote"": ""he failed to address the main thrust of the Borough President's question, that is, the plans to address the need for area parking for current residents once the new homes are built."", ""explanation"": ""The companion report identifies a specific local objection left unanswered at approval."", ""source_text_sha256"": ""46f0167b18f9da83450e2e5276252785b6a46008f70aa63b947c40869370d837""}]"
2bf00e9741a60b35e29b,C 970372 HDK,bp_request_or_opposition,1,0,1,1,resolved,high,The borough president conditioned approval on excluding qualifying privately owned properties.,b,Sol medium with Codex source review,,"[{""source_document_id"": ""48182d2a59d32dddb472"", ""pdf_page"": 28, ""quote"": ""recommends approval of these applications subject to the following conditions: That privately-owned properties not be acquired within the Maujer Street Urban Renewal Area if owners can provide the following:"", ""explanation"": ""This is a substantive borough-president condition."", ""source_text_sha256"": ""46f0167b18f9da83450e2e5276252785b6a46008f70aa63b947c40869370d837""}]"
2bf00e9741a60b35e29b,C 970372 HDK,cb_request_or_opposition,1,0,1,1,resolved,high,CB1 approved with explicit parcel-removal conditions.,b,Sol medium with Codex source review,,"[{""source_document_id"": ""48182d2a59d32dddb472"", ""pdf_page"": 8, ""quote"": ""adopted a resolution recommending approval of the application with the following conditions: HPD remove from its proposed action Mr. Mario Avallone Property at 40 & 42 Maujer Street."", ""explanation"": ""This directly meets the CB request/condition definition."", ""source_text_sha256"": ""46f0167b18f9da83450e2e5276252785b6a46008f70aa63b947c40869370d837""}]"
2bf00e9741a60b35e29b,C 970372 HDK,cpc_opposition_speakers,1,0,1,1,resolved,high,One owner spoke in opposition at the joint CPC hearing.,b,Sol medium with Codex source review,,"[{""source_document_id"": ""48182d2a59d32dddb472"", ""pdf_page"": 9, ""quote"": ""There was one speaker in favor and one speaker in opposition to the plan."", ""explanation"": ""This gives the exact CPC opposition count."", ""source_text_sha256"": ""46f0167b18f9da83450e2e5276252785b6a46008f70aa63b947c40869370d837""}]"
2bf00e9741a60b35e29b,C 970372 HDK,cpc_support_speakers,1,2,1,1,resolved,high,The incorporated report says there were two speakers total: one in favor and one opposed. The HPD representative is the single support speaker.,b,Sol medium with Codex source review,,"[{""source_document_id"": ""48182d2a59d32dddb472"", ""pdf_page"": 9, ""quote"": ""There was one speaker in favor and one speaker in opposition to the plan."", ""explanation"": ""This gives the exact CPC support count for the joint hearing."", ""source_text_sha256"": ""46f0167b18f9da83450e2e5276252785b6a46008f70aa63b947c40869370d837""}]"
2bf00e9741a60b35e29b,C 970372 HDK,environment_open_space,1,0,0,1,resolved,high,"No local actor raised a qualifying environmental or open-space concern. Under broad scope, CPC imposed site-specific archaeological testing and noise attenuation, going beyond generic CEQR language.",b,Sol medium with Codex source review,,"[{""source_document_id"": ""2bf00e9741a60b35e29b"", ""pdf_page"": 6, ""quote"": ""Prior to the start of construction the applicant shall undertake or cause to be undertaken through the terms and conditions of the proposed disposition an archeological field testing for Block 2785/Lots 42 and 43, and Block 2791/Lot 35."", ""explanation"": ""This is a concrete CPC environmental mitigation supporting the broad reading."", ""source_text_sha256"": ""4280cb7b348aac5460145b91229976458675e6661bd5a529a86f72f9a060bc99""}]"
2bf00e9741a60b35e29b,C 970372 HDK,explicit_local_response,1,0,1,1,resolved,high,CPC explicitly addressed the CB/BP concerns and quoted HPD's commitment to work with owners and delete qualifying parcels.,b,Sol medium with Codex source review,,"[{""source_document_id"": ""48182d2a59d32dddb472"", ""pdf_page"": 12, ""quote"": ""Regarding the Community Board's and the Borough President's concerns regarding private development proposals, the Commission notes that HPD, in a letter dated May 8, 2000, states that"", ""explanation"": ""The report expressly links the local concerns to HPD's stated response."", ""source_text_sha256"": ""46f0167b18f9da83450e2e5276252785b6a46008f70aa63b947c40869370d837""}]"
2bf00e9741a60b35e29b,C 970372 HDK,local_request_condition,1,0,1,1,resolved,high,The CB and borough president requested that qualifying privately owned parcels be removed from acquisition.,b,Sol medium with Codex source review,,"[{""source_document_id"": ""48182d2a59d32dddb472"", ""pdf_page"": 8, ""quote"": ""HPD remove from its proposed action Mr. Mario Avallone Property at 40 & 42 Maujer Street."", ""explanation"": ""This is a concrete CB request to change the plan."", ""source_text_sha256"": ""46f0167b18f9da83450e2e5276252785b6a46008f70aa63b947c40869370d837""}]"
2bf00e9741a60b35e29b,C 970372 HDK,procedural_response,1,0,1,1,resolved,high,CPC requested owner documentation and HPD committed to review development proposals and work with owners.,b,Sol medium with Codex source review,,"[{""source_document_id"": ""48182d2a59d32dddb472"", ""pdf_page"": 10, ""quote"": ""The Commission requested that the owner submit a copy of the letter and the building permit (when he receives it) to them."", ""explanation"": ""A document-submission and review step is a procedural response."", ""source_text_sha256"": ""46f0167b18f9da83450e2e5276252785b6a46008f70aa63b947c40869370d837""}]"
2bf00e9741a60b35e29b,C 970372 HDK,revision_or_concession,1,0,1,1,resolved,high,HPD committed to work with owners and delete parcels before condemnation when owners showed viable development; the application had also already deleted two privately owned buildings.,b,Sol medium with Codex source review,,"[{""source_document_id"": ""48182d2a59d32dddb472"", ""pdf_page"": 13, ""quote"": ""If owners can prove that their interest in developing their property can be realized, then HPD will work with them and will in fact delete property prior to the completion of the condemnation process."", ""explanation"": ""This is a substantive commitment to alter the acquisition set for qualifying owners."", ""source_text_sha256"": ""46f0167b18f9da83450e2e5276252785b6a46008f70aa63b947c40869370d837""}]"
2bf00e9741a60b35e29b,C 970372 HDK,scale_character_preservation,1,0,1,1,resolved,high,The borough president required any owner-led redevelopment to be consistent with neighborhood character.,b,Sol medium with Codex source review,,"[{""source_document_id"": ""48182d2a59d32dddb472"", ""pdf_page"": 28, ""quote"": ""satisfactory evidence of efforts to redevelop the site that is consistent with area land use and neighborhood character."", ""explanation"": ""This is a substantive local condition concerning neighborhood character."", ""source_text_sha256"": ""46f0167b18f9da83450e2e5276252785b6a46008f70aa63b947c40869370d837""}]"
2bf00e9741a60b35e29b,C 970372 HDK,specific_project,0,1,1,1,resolved,high,The disposition was tied to a concrete development of 23 three-family homes on identified parcels.,b,Sol medium with Codex source review,,"[{""source_document_id"": ""2bf00e9741a60b35e29b"", ""pdf_page"": 2, ""quote"": ""The disposition would facilitate development of 23 three-family homes"", ""explanation"": ""This is a specific imminent development project."", ""source_text_sha256"": ""4280cb7b348aac5460145b91229976458675e6661bd5a529a86f72f9a060bc99""}]"
2bf00e9741a60b35e29b,C 970372 HDK,substantial_local_opposition,1,0,1,1,resolved,high,A directly affected owner opposed acquisition of his parcels and described his competing development plan; several owners had also raised concerns before the CB.,b,Sol medium with Codex source review,,"[{""source_document_id"": ""48182d2a59d32dddb472"", ""pdf_page"": 9, ""quote"": ""There was one speaker in favor and one speaker in opposition to the plan. The owner of the vacant lots located at 24, 26, and 46 Maujer Street and 19, 21, and 23 Ten Eyck Street (Block 2791, Lots 16, 17, 27, 41, 43, and 44), was opposed to the acquisition of his property"", ""explanation"": ""The incorporated companion report documents specific, substantive opposition by an affected owner."", ""source_text_sha256"": ""46f0167b18f9da83450e2e5276252785b6a46008f70aa63b947c40869370d837""}]"
2bf00e9741a60b35e29b,C 970372 HDK,traffic_parking,1,0,1,1,resolved,high,The borough president asked how current residents' area parking would be addressed after community parking lots were acquired.,b,Sol medium with Codex source review,,"[{""source_document_id"": ""48182d2a59d32dddb472"", ""pdf_page"": 26, ""quote"": ""the plans to address the need for area parking for current residents once the new homes are built."", ""explanation"": ""This is a substantive local parking concern, so both scopes are positive."", ""source_text_sha256"": ""46f0167b18f9da83450e2e5276252785b6a46008f70aa63b947c40869370d837""}]"
3dba139ecd6b71369289,C 140316 ZSR,environment_open_space,1,0,0,1,resolved,high,No local environmental issue is documented. Broad scope is 1 because the restrictive declaration addresses archaeological impacts and CPC discusses stormwater management.,c,Sol medium with Codex source review,,"[{""source_document_id"": ""3dba139ecd6b71369289"", ""pdf_page"": 9, ""quote"": ""Bio-retention swales will be created to direct stormwater to both the interior landscaped areas and the perimeter landscaped areas"", ""explanation"": ""A concrete environmental design measure supports broad scope."", ""source_text_sha256"": ""9b22ddf9035a938dd41dcbaf39df863201f814e36b6dadc6068accdf3c51dbfd""}]"
3dba139ecd6b71369289,C 140316 ZSR,revision_or_concession,1,0,0,0,resolved,high,"The restrictive declaration requires only completion of a Phase 1B archaeological study. The original rule expressly excludes studies alone, and the supplied report states no physical mitigation resulting from that study.",c,Sol medium with Codex source review,,"[{""source_document_id"": ""3dba139ecd6b71369289"", ""pdf_page"": 6, ""quote"": ""committing to the completion of a Phase 1B archaeological study (prior to any construction activity)"", ""explanation"": ""This is a study commitment alone, which the revision/concession rule excludes."", ""source_text_sha256"": ""9b22ddf9035a938dd41dcbaf39df863201f814e36b6dadc6068accdf3c51dbfd""}]"
3dba139ecd6b71369289,C 140316 ZSR,scale_character_preservation,1,0,0,0,resolved,high,"No local scale or character concern is documented. CPC’s compatibility statement mirrors the required special-permit character finding and does not analyze a concrete scale, design, preservation, or neighborhood-character dispute.",c,Sol medium with Codex source review,,"[{""source_document_id"": ""3dba139ecd6b71369289"", ""pdf_page"": 10, ""quote"": ""that such use is so located as not to impair the essential character or the future use of or development of the surrounding area;"", ""explanation"": ""This is a routine required special-permit finding, insufficient for the issue field."", ""source_text_sha256"": ""9b22ddf9035a938dd41dcbaf39df863201f814e36b6dadc6068accdf3c51dbfd""}]"
3dba139ecd6b71369289,C 140316 ZSR,traffic_parking,1,0,0,0,resolved,high,Local bodies approved without conditions and no local speaker raised traffic. CPC’s statements that entrances and drive aisles avoid congestion mirror the required special-permit findings and do not identify a separate concrete traffic problem or tradeoff.,c,Sol medium with Codex source review,,"[{""source_document_id"": ""3dba139ecd6b71369289"", ""pdf_page"": 10, ""quote"": ""that adequate reservoir space at the vehicular entrance, and sufficient vehicular entrances and exits, are provided to prevent congestion;"", ""explanation"": ""This is a routine required special-permit finding, insufficient for the issue field."", ""source_text_sha256"": ""9b22ddf9035a938dd41dcbaf39df863201f814e36b6dadc6068accdf3c51dbfd""}]"
447f786f9f1ffc6d7eb0,C 180308 ZSR,explicit_local_response,1,0,1,1,resolved,high,CPC expressly addressed and rejected the adjacent owner's request to defer the application pending litigation.,b,Sol medium with Codex source review,,"[{""source_document_id"": ""447f786f9f1ffc6d7eb0"", ""pdf_page"": 8, ""quote"": ""At the public hearing, concerns were raised regarding the legality of the subject zoning lot boundaries, which include the proposed development site. The Commission notes that the private dispute regarding the legality of the zoning lot is outside of the Commission’s purview and does not affect the Commission’s ability to approve this special permit"", ""explanation"": ""This is an explicit CPC response to the local opposition."", ""source_text_sha256"": ""dee33fd9a82c1937180b8ddd94c828427788f03bba08fb53fc4d7eb78943e8ce""}]"
447f786f9f1ffc6d7eb0,C 180308 ZSR,infrastructure_services,1,0,0,0,resolved,high,"No local actor raised transit or public-service capacity. The report's bus/SIRT access description, including the lack of a pedestrian connection, supplies neutral site context for a routine special-permit finding rather than a substantive infrastructure issue.",b,Sol medium with Codex source review,,"[{""source_document_id"": ""447f786f9f1ffc6d7eb0"", ""pdf_page"": 3, ""quote"": ""There are no existing pedestrian sidewalks connecting the SIRT station to the development site."", ""explanation"": ""This is site-access background; full review found no substantive infrastructure concern or condition."", ""source_text_sha256"": ""dee33fd9a82c1937180b8ddd94c828427788f03bba08fb53fc4d7eb78943e8ce""}]"
447f786f9f1ffc6d7eb0,C 180308 ZSR,revision_or_concession,1,0,1,1,resolved,high,The applicant was bound to implement concrete transportation and natural-resource mitigation through a restrictive declaration.,b,Sol medium with Codex source review,,"[{""source_document_id"": ""447f786f9f1ffc6d7eb0"", ""pdf_page"": 5, ""quote"": ""The applicant will enter into a Restrictive Declaration to ensure the implementation of mitigation measures relating to transportation and natural resources."", ""explanation"": ""An enforceable mitigation commitment counts under the broad revision/concession definition."", ""source_text_sha256"": ""dee33fd9a82c1937180b8ddd94c828427788f03bba08fb53fc4d7eb78943e8ce""}]"
447f786f9f1ffc6d7eb0,C 180308 ZSR,scale_character_preservation,1,0,0,0,resolved,high,"No local actor raised scale, design, or character; the opposing speaker raised only zoning-lot legality. CPC's favorable compatibility statement is a routine special-permit finding rather than a substantive issue discussion.",b,Sol medium with Codex source review,,"[{""source_document_id"": ""447f786f9f1ffc6d7eb0"", ""pdf_page"": 7, ""quote"": ""The proposed retail uses will also complement the area’s existing commercial character."", ""explanation"": ""This is a routine positive compatibility statement; full review found no qualifying character concern or condition."", ""source_text_sha256"": ""dee33fd9a82c1937180b8ddd94c828427788f03bba08fb53fc4d7eb78943e8ce""}]"
447f786f9f1ffc6d7eb0,C 180308 ZSR,substantial_local_opposition,0,1,1,1,resolved,high,An adjacent property owner's representative opposed CPC action because of an active legal dispute over the zoning lot and submitted supporting documents.,b,Sol medium with Codex source review,,"[{""source_document_id"": ""447f786f9f1ffc6d7eb0"", ""pdf_page"": 6, ""quote"": ""The speaker in opposition represents an adjacent property owner in an ongoing litigation regarding the development site. He stated that the zoning lot, which includes the proposed development, was unlawfully created and asked that the CPC not decide the application until the legal dispute is resolved."", ""explanation"": ""This is meaningful, specific local opposition to approval."", ""source_text_sha256"": ""dee33fd9a82c1937180b8ddd94c828427788f03bba08fb53fc4d7eb78943e8ce""}]"
44f8891d9333548f1907,C 970578 ZMX,approved_unresolved_objection,0,1,1,1,resolved,high,"The BP requested a safety review and corrective sidewalk and tree action. CPC declared the concerns beyond its scope and approved, leaving the specific requests unresolved.",c,Sol medium with Codex source review,,"[{""source_document_id"": ""44f8891d9333548f1907"", ""pdf_page"": 4, ""quote"": ""a comprehensive safety review and prompt corrective action of sidewalk conditions on Landing Road be undertaken."", ""explanation"": ""A specific local demand remained outside CPC’s approval."", ""source_text_sha256"": ""91b1bd853439ed94fcc8283aa8c8273c57bd228d165e76644496f144e637eb8d""}]"
44f8891d9333548f1907,C 970578 ZMX,environment_open_space,1,0,1,1,resolved,high,"The BP required street trees and pruning next to a public park, a substantive local environmental/landscape condition.",c,Sol medium with Codex source review,,"[{""source_document_id"": ""44f8891d9333548f1907"", ""pdf_page"": 4, ""quote"": ""Street trees and the pruning of existing trees are to be included in any site improvements"", ""explanation"": ""A concrete local environmental condition."", ""source_text_sha256"": ""91b1bd853439ed94fcc8283aa8c8273c57bd228d165e76644496f144e637eb8d""}]"
44f8891d9333548f1907,C 970578 ZMX,explicit_local_response,1,0,1,1,resolved,medium,"CPC explicitly links the applicant’s stated willingness to the BP’s pedestrian-safety and streetscape concerns, although the response is too vague to count as a concession.",c,Sol medium with Codex source review,,"[{""source_document_id"": ""44f8891d9333548f1907"", ""pdf_page"": 6, ""quote"": ""The Commission notes that the applicant has indicated a willingness to address these concerns"", ""explanation"": ""An explicit local-to-response link is stated."", ""source_text_sha256"": ""91b1bd853439ed94fcc8283aa8c8273c57bd228d165e76644496f144e637eb8d""}]"
44f8891d9333548f1907,C 970578 ZMX,procedural_response,1,0,0,0,resolved,high,"The BP requested a safety review, but the report documents no undertaken study, monitoring, outreach, or consultation response; CPC says the concerns are beyond scope.",c,Sol medium with Codex source review,,"[{""source_document_id"": ""44f8891d9333548f1907"", ""pdf_page"": 6, ""quote"": ""however they are beyond the scope of the Commission review."", ""explanation"": ""CPC does not undertake a procedural response."", ""source_text_sha256"": ""91b1bd853439ed94fcc8283aa8c8273c57bd228d165e76644496f144e637eb8d""}]"
44f8891d9333548f1907,C 970578 ZMX,revision_or_concession,1,0,0,0,resolved,medium,The applicant only indicated willingness to address BP concerns. No adopted change or concrete commitment is specified after full review.,c,Sol medium with Codex source review,,"[{""source_document_id"": ""44f8891d9333548f1907"", ""pdf_page"": 6, ""quote"": ""the applicant has indicated a willingness to address these concerns"", ""explanation"": ""Willingness without a specified action is insufficient for a substantive concession."", ""source_text_sha256"": ""91b1bd853439ed94fcc8283aa8c8273c57bd228d165e76644496f144e637eb8d""}]"
44f8891d9333548f1907,C 970578 ZMX,scale_character_preservation,1,0,1,1,resolved,medium,"The BP raised improved streetscapes and required street-tree work, a substantive local design/character issue; CPC also assessed consistency with surrounding character.",c,Sol medium with Codex source review,,"[{""source_document_id"": ""44f8891d9333548f1907"", ""pdf_page"": 4, ""quote"": ""pedestrian safety and improved streetscapes are essential and relevant considerations."", ""explanation"": ""A local streetscape/character issue is raised."", ""source_text_sha256"": ""91b1bd853439ed94fcc8283aa8c8273c57bd228d165e76644496f144e637eb8d""}]"
44f8891d9333548f1907,C 970578 ZMX,substantial_local_opposition,0,1,0,0,definition_mismatch,medium,"Two CB members voted against, but the report gives no substantive grounds for their votes. This supports any opposition, not meaningful documented opposition.",c,Sol medium with Codex source review,,"[{""source_document_id"": ""44f8891d9333548f1907"", ""pdf_page"": 4, ""quote"": ""by a vote of 12 to 2 with 3 abstentions"", ""explanation"": ""Shows unexplained opposing votes."", ""source_text_sha256"": ""91b1bd853439ed94fcc8283aa8c8273c57bd228d165e76644496f144e637eb8d""}]"
55f58faac321062fc6ac,C 010691 ZSM,revision_or_concession,1,0,0,0,resolved,medium,"The report mentions a continuing maintenance program and restrictive declaration as standard Section 74-711 permit predicates, but gives no concrete new work, adopted change, concession, or mitigation. Declaration existence alone is insufficient for a positive ruling.",b,Sol medium with Codex source review,,"[{""source_document_id"": ""55f58faac321062fc6ac"", ""pdf_page"": 2, ""quote"": ""The application includes a report from the Landmarks Preservation Commission stating that a continuing maintenance program has been established that will result in the preservation of 148-150 Greene Street"", ""explanation"": ""This establishes the permit predicate but does not identify a concrete revision or concession."", ""source_text_sha256"": ""8385aa05100e86f6b5e08161a963a147f20b783843b443f41e964c55e18e4a8c""}]"
55f58faac321062fc6ac,C 010691 ZSM,scale_character_preservation,1,0,0,0,resolved,medium,"No local actor raised a substantive scale, design, or preservation issue; CB and BP approved without conditions. CPC's general preservation rationale is the standard basis for the Section 74-711 permit and identifies no concrete preservation concern or condition.",b,Sol medium with Codex source review,,"[{""source_document_id"": ""55f58faac321062fc6ac"", ""pdf_page"": 5, ""quote"": ""The conversion and renovation of this building, to be accomplished as a result of this special permit, will enhance the architectural and historical built fabric of the SoHo Cast- Iron Historic District."", ""explanation"": ""This is a general permit rationale rather than a substantive disputed issue."", ""source_text_sha256"": ""8385aa05100e86f6b5e08161a963a147f20b783843b443f41e964c55e18e4a8c""}]"
599fb10afbf5301a27ee,C 080313 ZSM,environment_open_space,1,0,0,0,resolved,high,"No local actor raised an environmental or open-space concern or condition. CPC's brief approval of the requested rooftop-recreation waiver and note that the planned courtyard substitutes for it are routine special-permit findings, which the scope instructions exclude.",a,Sol medium with Codex source review,,"[{""source_document_id"": ""599fb10afbf5301a27ee"", ""pdf_page"": 6, ""quote"": ""The Commission believes that the proposed waiver of 111-112 (Rooftop Recreation Space) is appropriate."", ""explanation"": ""This is the routine finding for the requested open-space waiver rather than a separately developed environmental or open-space issue."", ""source_text_sha256"": ""2c7b2d8254eb8bbc581907f23bc86468003a7a4179d20e24c6790889734d4e0d""}]"
599fb10afbf5301a27ee,C 080313 ZSM,revision_or_concession,1,0,1,1,resolved,high,"The project includes substantive preservation and mitigation commitments, including historic-façade restoration, continuing maintenance, and a landscaped courtyard in place of required rooftop recreation space.",a,Sol medium with Codex source review,,"[{""source_document_id"": ""599fb10afbf5301a27ee"", ""pdf_page"": 3, ""quote"": ""the project will include the restoration of the"", ""explanation"": ""This is the source's concrete preservation commitment; the following page specifies the historic façade work."", ""source_text_sha256"": ""2c7b2d8254eb8bbc581907f23bc86468003a7a4179d20e24c6790889734d4e0d""}]"
599fb10afbf5301a27ee,C 080313 ZSM,scale_character_preservation,1,0,0,1,resolved,high,"No local actor raised a scale or character concern; the Community Board and Borough President approved without conditions. CPC and LPC substantively assessed penthouse scale, setbacks, historic preservation, and neighborhood compatibility, so the broad scope is positive.",a,Sol medium with Codex source review,,"[{""source_document_id"": ""599fb10afbf5301a27ee"", ""pdf_page"": 6, ""quote"": ""The Commission also notes that the Landmarks Preservation Commission considered the scale of the proposed building when issuing the Certificate of Appropriateness."", ""explanation"": ""This is substantive governmental assessment of scale in a historic district."", ""source_text_sha256"": ""2c7b2d8254eb8bbc581907f23bc86468003a7a4179d20e24c6790889734d4e0d""}]"
5bc99ad23483b9958616,C 190072 ZSK,approved_unresolved_objection,1,0,1,1,resolved,high,"CPC approved while the CB/BP request for a loading zone remained deferred to future coordination, and the requested lower affordability bands remained under discussion rather than adopted.",b,Sol medium with Codex source review,,"[{""source_document_id"": ""5bc99ad23483b9958616"", ""pdf_page"": 20, ""quote"": ""that it is exploring additional options and is in active discussions with the Council Member to determine what is economically viable."", ""explanation"": ""The requested lower affordable-income bands were still unresolved at CPC approval."", ""source_text_sha256"": ""f0b7faa9893091db896cc5f0bf6c7a9aaa37f1ade171c57a6c6808e17c4b1df9""}]"
5bc99ad23483b9958616,C 190072 ZSK,cb_request_or_opposition,1,0,1,1,resolved,high,The community board conditioned approval on lower affordable-income limits and a loading-zone application.,b,Sol medium with Codex source review,,"[{""source_document_id"": ""5bc99ad23483b9958616"", ""pdf_page"": 11, ""quote"": ""that the below-market rate apartments be affordable to households earning no more than 60 percent of Area Median Income (AMI) and • that the developer apply to the Department of Transportation for a loading zone"", ""explanation"": ""These are substantive CB conditions."", ""source_text_sha256"": ""f0b7faa9893091db896cc5f0bf6c7a9aaa37f1ade171c57a6c6808e17c4b1df9""}]"
5bc99ad23483b9958616,C 190072 ZSK,civic_group_position,support_or_request,none_or_procedural,support_or_request,support_or_request,resolved,high,"Named organizations, including the 32BJ union and the church, spoke substantively in support.",b,Sol medium with Codex source review,,"[{""source_document_id"": ""5bc99ad23483b9958616"", ""pdf_page"": 15, ""quote"": ""A representative from the 32BJ property service workers’ union expressed support for the proposed development"", ""explanation"": ""This is a named organization taking a substantive supportive position."", ""source_text_sha256"": ""f0b7faa9893091db896cc5f0bf6c7a9aaa37f1ade171c57a6c6808e17c4b1df9""}]"
5bc99ad23483b9958616,C 190072 ZSK,environment_open_space,1,0,1,1,resolved,high,"Under local scope, the borough president requested added resiliency and sustainability measures; under broad scope, CPC also assessed open-space and environmental effects. Both readings are positive.",b,Sol medium with Codex source review,,"[{""source_document_id"": ""5bc99ad23483b9958616"", ""pdf_page"": 21, ""quote"": ""in response to the Brooklyn Borough President’s recommendation to explore additional resiliency and sustainability measures"", ""explanation"": ""A local elected official raised a substantive environmental condition."", ""source_text_sha256"": ""f0b7faa9893091db896cc5f0bf6c7a9aaa37f1ade171c57a6c6808e17c4b1df9""}]"
5bc99ad23483b9958616,C 190072 ZSK,procedural_response,1,0,1,1,resolved,high,"CPC explicitly encouraged future DOT coordination to explore loading measures in response to CB and BP recommendations, which is a procedural response.",b,Sol medium with Codex source review,,"[{""source_document_id"": ""5bc99ad23483b9958616"", ""pdf_page"": 21, ""quote"": ""the Commission encourages the applicants to coordinate with the Department of Transportation to explore safe and appropriate measures"", ""explanation"": ""Coordination and exploration with DOT are procedural responses."", ""source_text_sha256"": ""f0b7faa9893091db896cc5f0bf6c7a9aaa37f1ade171c57a6c6808e17c4b1df9""}]"
5bc99ad23483b9958616,C 190072 ZSK,substantial_local_opposition,0,1,0,0,definition_mismatch,medium,"The board approved with two conditions and seven adverse votes, but the report does not identify a substantive objection behind those votes; all CPC speakers supported. The conditions are requests, not opposition.",b,Sol medium with Codex source review,Harmonized with the other bare-vote cases: original any-dissent and substantial-opposition labels may answer different questions. Keep both original values; no replacement until the opposition definition is settled.,"[{""source_document_id"": ""5bc99ad23483b9958616"", ""pdf_page"": 11, ""quote"": ""by a vote of 31 in favor, seven opposed, and with no abstentions, the Community Board adopted a recommendation to approve the application with the following conditions:"", ""explanation"": ""This documents adverse votes but an approval-with-conditions position; no substantive opposing argument is stated."", ""source_text_sha256"": ""f0b7faa9893091db896cc5f0bf6c7a9aaa37f1ade171c57a6c6808e17c4b1df9""}]"
60823e417b420ecdb63c,C 090447 HAK,affordability_displacement,1,0,0,0,resolved,high,"No local actor raised affordability, displacement, tenant protection, or housing access as a concern or condition. CPC called the proposed affordable senior housing much needed, but this is a generic project benefit and unit description rather than a concrete affordability assessment, so it does not meet the broad scope.",a,Sol medium with Codex source review,,"[{""source_document_id"": ""60823e417b420ecdb63c"", ""pdf_page"": 5, ""quote"": ""much-needed new affordable housing for the elderly in Brownsville."", ""explanation"": ""This is the strongest CPC affordability passage, but it only endorses the proposed housing and does not develop a substantive affordability issue."", ""source_text_sha256"": ""769aeccef422f6a6db5911b9ae7d7eafb42caa49650e36e02b359dc8641b373a""}]"
60823e417b420ecdb63c,C 090447 HAK,infrastructure_services,1,0,0,0,resolved,high,"The local church and CPC described the community facility's intended benefits, but no actor raised a service-capacity concern or condition and CPC did not assess facility adequacy or an infrastructure problem. A neutral project benefit does not satisfy either scope.",a,Sol medium with Codex source review,,"[{""source_document_id"": ""60823e417b420ecdb63c"", ""pdf_page"": 5, ""quote"": ""Accessory community facility space would serve building and area residents."", ""explanation"": ""This is a neutral statement of the proposed facility's benefit; full review found no substantive infrastructure or service issue."", ""source_text_sha256"": ""769aeccef422f6a6db5911b9ae7d7eafb42caa49650e36e02b359dc8641b373a""}]"
62d8d1ec137fa1bdc30b,C 860640 MMQ,traffic_parking,1,0,0,0,resolved,high,Community Board 7 waived a hearing and approved without conditions. The traffic discussion consists of the applicant's project rationale; DCP transmitted the application without recommendation and did not assess a substantive traffic issue itself.,a,Sol medium with Codex source review,,"[{""source_document_id"": ""62d8d1ec137fa1bdc30b"", ""pdf_page"": 3, ""quote"": ""The applicant has represented that the map change and subsequent construction of the presently unbuilt portion of the 123rd Street cul-de-sac would help ameliorate anticipat- ed difficulties in vehicular and heavy machinery manueverability in this area and thereby improve traffic circulation."", ""explanation"": ""This is applicant rationale rather than a local concern or CPC/DCP substantive assessment; full source review found neither."", ""source_text_sha256"": ""c98f0baf25d99a44f27cdbe9145bf4045e618fdacf86803937efbe6cf0da12de""}]"
64def187d5b6703c71ee,C 130170 ZMQ,environment_open_space,1,0,0,1,resolved,high,"No local actor raised an environmental or open-space issue. Under broad scope, the project carried a site-specific noise E-designation requiring facade attenuation and alternate ventilation.",b,Sol medium with Codex source review,,"[{""source_document_id"": ""64def187d5b6703c71ee"", ""pdf_page"": 3, ""quote"": ""The proposed action includes an (E) designation (E-301) on the project site (Block 7128, Lot 2) in order to preclude future noise impacts"", ""explanation"": ""This is a concrete CPC environmental mitigation supporting the broad reading."", ""source_text_sha256"": ""375cbba3800d817db4ca6ce990a5454fd422d13336226064b39fd905efc43754""}]"
64def187d5b6703c71ee,C 130170 ZMQ,scale_character_preservation,1,0,0,0,resolved,high,"CB and BP approved without conditions, and no local speaker raised a scale or character concern. CPC's statement that added bulk fits the school and context is a routine positive compatibility finding, not a substantive issue under the broad scope.",b,Sol medium with Codex source review,,"[{""source_document_id"": ""64def187d5b6703c71ee"", ""pdf_page"": 5, ""quote"": ""the additional bulk facilitated by the proposed amendment would be consistent with the scale and character of the existing high school building and appropriate to the context of the surrounding area."", ""explanation"": ""This is a routine compatibility finding; full review found no qualifying scale or character concern."", ""source_text_sha256"": ""375cbba3800d817db4ca6ce990a5454fd422d13336226064b39fd905efc43754""}]"
657f43fe237dec69725c,C 910337 HUX,bp_request_or_opposition,1,0,1,1,resolved,high,The Borough President requested greater density and adequate treatment of affected owners and residents.,c,Sol medium with Codex source review,,"[{""source_document_id"": ""657f43fe237dec69725c"", ""pdf_page"": 5, ""quote"": ""The density of the proposed development be increased from approximately 52 units per acre to 60 to 65 units per acre"", ""explanation"": ""A substantive Borough President condition."", ""source_text_sha256"": ""778894f86d02cd5eaab95b5d65853f26c828c47409a41d40389e57a8e1a978f4""}]"
657f43fe237dec69725c,C 910337 HUX,cb_request_or_opposition,1,0,1,1,resolved,high,The Community Board conditioned approval on fair compensation and designation of a community sponsor.,c,Sol medium with Codex source review,,"[{""source_document_id"": ""657f43fe237dec69725c"", ""pdf_page"": 4, ""quote"": ""That the owners of the properties that are to be acquired under this action be fairly compensated for their loss."", ""explanation"": ""A substantive Community Board condition."", ""source_text_sha256"": ""778894f86d02cd5eaab95b5d65853f26c828c47409a41d40389e57a8e1a978f4""}]"
657f43fe237dec69725c,C 910337 HUX,civic_group_position,opposition,none_or_procedural,none_or_procedural,none_or_procedural,resolved,medium,"A local community group opposed acquisitions and raised affordability, but it is not named; the codebook requires a named organization for this actor category.",c,Sol medium with Codex source review,,"[{""source_document_id"": ""657f43fe237dec69725c"", ""pdf_page"": 5, ""quote"": ""the Commission received a letter from a local community group which stated that the proposed residences would not be affordable to many within the community."", ""explanation"": ""Shows substantive group opposition but no organization name."", ""source_text_sha256"": ""778894f86d02cd5eaab95b5d65853f26c828c47409a41d40389e57a8e1a978f4""}]"
657f43fe237dec69725c,C 910337 HUX,environment_open_space,1,0,0,1,resolved,medium,No local actor raises an environmental or open-space issue in the focal review. Broad scope is 1 because CPC records binding archaeological mitigation; nearby open-space descriptions alone would not suffice.,c,Sol medium with Codex source review,,"[{""source_document_id"": ""657f43fe237dec69725c"", ""pdf_page"": 3, ""quote"": ""Archaeological field work must be completed prior to the start of construction on the site."", ""explanation"": ""A substantive environmental/cultural-resource mitigation supports broad scope."", ""source_text_sha256"": ""778894f86d02cd5eaab95b5d65853f26c828c47409a41d40389e57a8e1a978f4""}]"
657f43fe237dec69725c,C 910337 HUX,procedural_response,1,0,1,1,resolved,medium,"The adopted environmental conditions require a future archaeological study and future reporting to the Transit Authority. These are imposed procedural measures, not a study already completed before review.",c,Sol medium with Codex source review,,"[{""source_document_id"": ""657f43fe237dec69725c"", ""pdf_page"": 4, ""quote"": ""Six months prior to project occupancy, the applicant agrees to notify the Assistant Vice President for Operations Planning of the Transit Authority (TA) of an anticipated project-generated increase in Bx 55 ridership."", ""explanation"": ""A future reporting/notification requirement is documented."", ""source_text_sha256"": ""778894f86d02cd5eaab95b5d65853f26c828c47409a41d40389e57a8e1a978f4""}]"
657f43fe237dec69725c,C 910337 HUX,revision_or_concession,1,0,1,1,resolved,high,The Land Disposition Agreement imposes a binding maximum of 198 units. This is a concrete project restriction beyond the separate archaeological study and notification measures.,c,Sol medium with Codex source review,,"[{""source_document_id"": ""657f43fe237dec69725c"", ""pdf_page"": 4, ""quote"": ""A restriction will be incorporated into the Land Disposition Agreement limiting development to a maximum of 198 dwelling units"", ""explanation"": ""A concrete adopted development cap supports the broad revision/commitment definition."", ""source_text_sha256"": ""778894f86d02cd5eaab95b5d65853f26c828c47409a41d40389e57a8e1a978f4""}]"
717d4d21cc6a432a8c40,C 870568 ZMQ,local_request_condition,1,0,0,0,resolved,medium,"Tenant speakers identified concrete deficiencies in open space, parking security, and building services, but the report does not state that they requested a change, condition, commitment, mitigation, or alternative. The applicant's later response does not by itself establish an express local request.",b,Sol medium with Codex source review,,"[{""source_document_id"": ""717d4d21cc6a432a8c40"", ""pdf_page"": 3, ""quote"": ""They discussed the quality of the open space, including the lack of playground facilities for young children and the lack of seating areas, insufficient on-street parking, the lack of security and inadequate maintenance of the on-site parking areas"", ""explanation"": ""This documents concerns but no explicit request or condition."", ""source_text_sha256"": ""9cfb58d25b8f302ff2c9cdc618a9777ee28ddcdeb4befc2bf6a977f80154edea""}]"
717d4d21cc6a432a8c40,C 870568 ZMQ,procedural_response,1,0,1,1,resolved,high,The applicant agreed to a future planning process with CPC for the development's open space.,b,Sol medium with Codex source review,,"[{""source_document_id"": ""717d4d21cc6a432a8c40"", ""pdf_page"": 4, ""quote"": ""The applicant also agreed to voluntarily work with the City Planning Commission to develop an appropriate plan for open space for the entire development."", ""explanation"": ""Future consultation and planning are a procedural response."", ""source_text_sha256"": ""9cfb58d25b8f302ff2c9cdc618a9777ee28ddcdeb4befc2bf6a977f80154edea""}]"
748948f8cbb9ea3be10a,C 840424 HPM,environment_open_space,1,0,0,1,resolved,high,No local actor raises an open-space issue. Broad scope is 1 because CPC explicitly assesses the project’s reduction of housing open space and zoning compliance.,c,Sol medium with Codex source review,,"[{""source_document_id"": ""748948f8cbb9ea3be10a"", ""pdf_page"": 1, ""quote"": ""The deletion of this parcel, which is located on the northeasterly portion of site 1, would decrease the open space area of the project slightly."", ""explanation"": ""A substantive open-space effect supports broad scope."", ""source_text_sha256"": ""23d89a4f0b2ecb3944aa2976c81fcab6ee3910c9b7cb4ef0ae989c0d731fd88d""}]"
748948f8cbb9ea3be10a,C 840424 HPM,infrastructure_services,1,0,0,0,resolved,high,The Boys’ Club expansion and recreational facilities are project descriptions. CB approved without conditions and CPC’s general adequacy finding does not identify a substantive service-capacity issue.,c,Sol medium with Codex source review,,"[{""source_document_id"": ""748948f8cbb9ea3be10a"", ""pdf_page"": 2, ""quote"": ""There were no appearances and the hearing was closed."", ""explanation"": ""No local speaker raised a services issue; full source review found only neutral facility descriptions."", ""source_text_sha256"": ""23d89a4f0b2ecb3944aa2976c81fcab6ee3910c9b7cb4ef0ae989c0d731fd88d""}]"
7b71c3ec545c37f94412,C 040515 ZMX,cb_request_or_opposition,1,0,1,1,resolved,high,Community Board 8 requested contextual rezoning through its 197-a plan and supported this implementing application.,a,Sol medium with Codex source review,,"[{""source_document_id"": ""7b71c3ec545c37f94412"", ""pdf_page"": 3, ""quote"": ""Bronx Community Board 8 recommended that this area be studied for contextual rezonings as part of its 197-a Plan"", ""explanation"": ""This is a substantive Community Board request."", ""source_text_sha256"": ""3f7f7e131f2fa6d37c7d9d2e929cd2f5a6b766342c1a1eafcf856aa88786405e""}]"
7b71c3ec545c37f94412,C 040515 ZMX,cpc_support_speakers,3,5,3,3,resolved,high,"The report states exactly three speakers favored the application; the Councilmember, Borough President representative, and Community Board chair are those three, not five.",a,Sol medium with Codex source review,,"[{""source_document_id"": ""7b71c3ec545c37f94412"", ""pdf_page"": 6, ""quote"": ""There were three speakers in favor of the application and none in opposition."", ""explanation"": ""This gives the literal CPC support-speaker count."", ""source_text_sha256"": ""3f7f7e131f2fa6d37c7d9d2e929cd2f5a6b766342c1a1eafcf856aa88786405e""}]"
7b71c3ec545c37f94412,C 040515 ZMX,explicit_local_response,1,0,1,1,resolved,high,The report explicitly says the zoning amendment responds to the community's contextual-zoning request.,a,Sol medium with Codex source review,,"[{""source_document_id"": ""7b71c3ec545c37f94412"", ""pdf_page"": 3, ""quote"": ""acknowledges community concerns about changes in the area’s character and density and responds to the request for contextual zoning."", ""explanation"": ""This is a direct local-request-to-response link."", ""source_text_sha256"": ""3f7f7e131f2fa6d37c7d9d2e929cd2f5a6b766342c1a1eafcf856aa88786405e""}]"
7b71c3ec545c37f94412,C 040515 ZMX,local_request_condition,1,0,1,1,resolved,high,Community Board 8's adopted 197-a plan requested contextual rezoning to address overdevelopment and tall towers; the application implements that substantive local request.,a,Sol medium with Codex source review,,"[{""source_document_id"": ""7b71c3ec545c37f94412"", ""pdf_page"": 3, ""quote"": ""Bronx Community Board 8 recommended that this area be studied for contextual rezonings as part of its 197-a Plan"", ""explanation"": ""This is an explicit Community Board request for a substantive zoning alternative."", ""source_text_sha256"": ""3f7f7e131f2fa6d37c7d9d2e929cd2f5a6b766342c1a1eafcf856aa88786405e""}]"
7b71c3ec545c37f94412,C 040515 ZMX,procedural_response,1,0,0,0,resolved,high,"The application is a completed substantive rezoning response, not a study, task force, monitoring, reporting, outreach, or future consultation. The historical recommendation to study contextual rezoning does not itself make the final response procedural.",a,Sol medium with Codex source review,,"[{""source_document_id"": ""7b71c3ec545c37f94412"", ""pdf_page"": 3, ""quote"": ""The proposed Zoning Map amendment acknowledges community concerns about changes in the area’s character and density and responds to the request for contextual zoning."", ""explanation"": ""The documented response is a substantive zoning amendment rather than a procedural measure."", ""source_text_sha256"": ""3f7f7e131f2fa6d37c7d9d2e929cd2f5a6b766342c1a1eafcf856aa88786405e""}]"
7b71c3ec545c37f94412,C 040515 ZMX,scale_character_preservation,1,0,1,1,resolved,high,The community's concern about overdevelopment and tall towers and its request for contextual zoning are explicit local scale and character issues; CPC also assessed these issues.,a,Sol medium with Codex source review,,"[{""source_document_id"": ""7b71c3ec545c37f94412"", ""pdf_page"": 3, ""quote"": ""The community is concerned about overdevelopment in general and the potential for the development of tall towers in this neighborhood in particular."", ""explanation"": ""This directly documents a substantive local scale concern."", ""source_text_sha256"": ""3f7f7e131f2fa6d37c7d9d2e929cd2f5a6b766342c1a1eafcf856aa88786405e""}]"
8431ae9e31ecbb0e7ddf,C 970554 ZMR,civic_group_position,support_or_request,none_or_procedural,support_or_request,support_or_request,resolved,high,The Southeast Annadale Woodlands Association was the applicant and spoke in favor of its rezoning proposal.,b,Sol medium with Codex source review,,"[{""source_document_id"": ""8431ae9e31ecbb0e7ddf"", ""pdf_page"": 5, ""quote"": ""There was one speaker in favor of the application. The speaker represented the Southeast Annadale Woodlands Association, the applicant for this rezoning proposal."", ""explanation"": ""A named civic association took a substantive supportive position."", ""source_text_sha256"": ""b5373c3145cc2dc52204742dbd4519930439a04ad4b2ffb206d3cfad067dc957""}]"
8431ae9e31ecbb0e7ddf,C 970554 ZMR,infrastructure_services,1,0,0,0,resolved,high,The report mentions sewer construction and prior septic-lot rules only as neutral background explaining development density. No actor raises service capacity or infrastructure as a substantive issue.,b,Sol medium with Codex source review,,"[{""source_document_id"": ""8431ae9e31ecbb0e7ddf"", ""pdf_page"": 3, ""quote"": ""Sanitary sewers are now being constructed in the area, which when completed, will allow the smaller lot sizes and therefore higher density."", ""explanation"": ""This is background context, which the issue rule excludes; full review found no substantive infrastructure concern or condition."", ""source_text_sha256"": ""b5373c3145cc2dc52204742dbd4519930439a04ad4b2ffb206d3cfad067dc957""}]"
8431ae9e31ecbb0e7ddf,C 970554 ZMR,scale_character_preservation,1,0,1,1,resolved,high,The civic association proposed the contextual rezoning in response to concern that denser development would conflict with the area's detached-house character.,b,Sol medium with Codex source review,,"[{""source_document_id"": ""8431ae9e31ecbb0e7ddf"", ""pdf_page"": 2, ""quote"": ""It has been proposed by the Southeast Annadale Woodlands Association in response to concerns that the R3-2 zoning would eventually create denser development not in keeping with the character of the area which is detached housing."", ""explanation"": ""This is a substantive local scale, density, and character concern."", ""source_text_sha256"": ""b5373c3145cc2dc52204742dbd4519930439a04ad4b2ffb206d3cfad067dc957""}]"
8454cf00b6f05f5dd077,C 150447 ZSR,civic_group_position,opposition,both,opposition,opposition,resolved,high,"Named organizations took mixed positions, but the codebook maps the category to opposition when any named group opposes.",c,Sol medium with Codex source review,,"[{""source_document_id"": ""8454cf00b6f05f5dd077"", ""pdf_page"": 29, ""quote"": ""Representatives of the St. George Civic Association spoke in opposition to the plan"", ""explanation"": ""A named civic association opposed the application."", ""source_text_sha256"": ""ccbf9237a729c148e509f25993912a77b8fd392cf524722a9d98aeb66d6c4506""}, {""source_document_id"": ""8454cf00b6f05f5dd077"", ""pdf_page"": 28, ""quote"": ""A representative from the Building and Construction Trades Council of Greater New York described the Council’s strong support of the project."", ""explanation"": ""A second named organization supported it, explaining Tyler’s nonstandard both value."", ""source_text_sha256"": ""ccbf9237a729c148e509f25993912a77b8fd392cf524722a9d98aeb66d6c4506""}]"
8454cf00b6f05f5dd077,C 150447 ZSR,infrastructure_services,1,0,1,1,resolved,high,"Local opponents raised power-grid and ferry-capacity concerns, so infrastructure/services is positive under both scopes.",c,Sol medium with Codex source review,,"[{""source_document_id"": ""8454cf00b6f05f5dd077"", ""pdf_page"": 30, ""quote"": ""the loss of the project’s sustainable features which may now add a burden on the North Shore power grid"", ""explanation"": ""A local infrastructure-capacity concern was raised by residents."", ""source_text_sha256"": ""ccbf9237a729c148e509f25993912a77b8fd392cf524722a9d98aeb66d6c4506""}]"
8d256b8645ef3570947d,C 940135 PPX,revision_or_concession,1,0,1,1,resolved,high,"The applicant withdrew one parcel during review, a substantive change to the application.",b,Sol medium with Codex source review,,"[{""source_document_id"": ""8d256b8645ef3570947d"", ""pdf_page"": 1, ""quote"": ""On July 13, 1994, the Division of Real Estate Services withdrew Block 2991, Lot 66 from the application."", ""explanation"": ""Removing a parcel is an actual application revision."", ""source_text_sha256"": ""373b45a4f725b2da6400238e18560c01cd3e1c7843b995adf35480ffd5c9b3a8""}]"
8f003470ccbe08b35ecb,C 910511 PQK,approved_unresolved_objection,1,0,1,1,resolved,high,"The BP recommended against approval unless several conditions were met. CPC approved up to 20 years, declining the requested ten-year cap if the City did not acquire fee title and not adopting the full condition set.",c,Sol medium with Codex source review,,"[{""source_document_id"": ""8f003470ccbe08b35ecb"", ""pdf_page"": 4, ""quote"": ""the period of approval be limited to ten years if the City does not acquire fee title to this property during that period"", ""explanation"": ""A specific BP condition was not adopted in CPC’s approval."", ""source_text_sha256"": ""fc1ab91003e41a63e86d0a7985749b4207c7eadbc17b176d3c5f6de87b2100ab""}]"
8f003470ccbe08b35ecb,C 910511 PQK,explicit_local_response,1,0,1,1,resolved,high,The BP report expressly links the BP’s HVAC questions to ACD/HRA promises to revise the repair scope and replace units.,c,Sol medium with Codex source review,,"[{""source_document_id"": ""8f003470ccbe08b35ecb"", ""pdf_page"": 10, ""quote"": ""!n response, the ACD and HRA representatives stated that the current scope of repairs would be changed"", ""explanation"": ""Explicitly links local questioning to agency action."", ""source_text_sha256"": ""fc1ab91003e41a63e86d0a7985749b4207c7eadbc17b176d3c5f6de87b2100ab""}]"
8f003470ccbe08b35ecb,C 910511 PQK,infrastructure_services,1,0,1,1,resolved,high,"Local actors raised serious deficiencies in a public day-care facility, including heating, air-conditioning, fire safety, maintenance, and systemwide siting needs.",c,Sol medium with Codex source review,,"[{""source_document_id"": ""8f003470ccbe08b35ecb"", ""pdf_page"": 11, ""quote"": ""serious deficiencies exist at this facility."", ""explanation"": ""The BP raised a substantive facility-condition and service issue."", ""source_text_sha256"": ""fc1ab91003e41a63e86d0a7985749b4207c7eadbc17b176d3c5f6de87b2100ab""}]"
8f003470ccbe08b35ecb,C 910511 PQK,local_request_condition,1,0,1,1,resolved,high,"The Community Board requested funding and monitoring for repairs, while the Borough President requested HVAC, inspections, lease limits, enforcement provisions, and a needs analysis.",c,Sol medium with Codex source review,,"[{""source_document_id"": ""8f003470ccbe08b35ecb"", ""pdf_page"": 3, ""quote"": ""with the stipulation that it will actively pursu getting monies for the day care center and that it will continue to monitor the day care center until repairs are completed."", ""explanation"": ""A substantive Community Board condition."", ""source_text_sha256"": ""fc1ab91003e41a63e86d0a7985749b4207c7eadbc17b176d3c5f6de87b2100ab""}]"
8f003470ccbe08b35ecb,C 910511 PQK,procedural_response,1,0,1,1,resolved,high,HRA submitted a repair Scope Report and required landlord renovation plans for agency approval in response to CPC concerns.,c,Sol medium with Codex source review,,"[{""source_document_id"": ""8f003470ccbe08b35ecb"", ""pdf_page"": 6, ""quote"": ""In response to the Commission's concerns, HRA has submitted a summary of the \""Scope Report\"" for this facility"", ""explanation"": ""Documents a reporting/planning response."", ""source_text_sha256"": ""fc1ab91003e41a63e86d0a7985749b4207c7eadbc17b176d3c5f6de87b2100ab""}]"
8f003470ccbe08b35ecb,C 910511 PQK,revision_or_concession,1,0,1,1,resolved,high,"At the BP hearing, ACD and HRA committed to revise the repair scope and replace HVAC throughout the building.",c,Sol medium with Codex source review,,"[{""source_document_id"": ""8f003470ccbe08b35ecb"", ""pdf_page"": 10, ""quote"": ""the current scope of repairs would be changed so that reported problems with the HVAC system are addressed more suitably, perhaps by its total replacement."", ""explanation"": ""Documents an actual agency concession during review."", ""source_text_sha256"": ""fc1ab91003e41a63e86d0a7985749b4207c7eadbc17b176d3c5f6de87b2100ab""}]"
963b77de060fb7cf97f3,C 960282 PPK,approved_unresolved_objection,1,0,1,1,resolved,high,"CPC adopted the Borough President's primary use restriction but did not impose the requested clean-and-fence and maintenance restrictions, instead pointing to discretionary agency policy and ordinary laws.",a,Sol medium with Codex source review,,"[{""source_document_id"": ""963b77de060fb7cf97f3"", ""pdf_page"": 3, ""quote"": ""In response to the Borough President's recommendation for other proposed conditions, the Commission notes that it is the Division of Real Estate Services' policy to evaluate each vacant lot at the time of auction for its clean and fence program"", ""explanation"": ""The additional specific local conditions were deferred rather than incorporated into the approval."", ""source_text_sha256"": ""2912268db0ab932e9cb8a37066f3722ef6ef34ea743868b1d537517b0d28ceda""}]"
963b77de060fb7cf97f3,C 960282 PPK,bp_request_or_opposition,1,0,1,1,resolved,high,The Borough President approved with multiple substantive restrictions on how the parcel should be sold and maintained.,a,Sol medium with Codex source review,,"[{""source_document_id"": ""963b77de060fb7cf97f3"", ""pdf_page"": 2, ""quote"": ""approving the application with the following conditions:"", ""explanation"": ""The following text specifies sale-use, fencing, and maintenance conditions."", ""source_text_sha256"": ""2912268db0ab932e9cb8a37066f3722ef6ef34ea743868b1d537517b0d28ceda""}]"
963b77de060fb7cf97f3,C 960282 PPK,explicit_local_response,1,0,1,1,resolved,high,"CPC expressly concurred with and adopted the Borough President's primary restriction, and expressly addressed the remaining proposed conditions.",a,Sol medium with Codex source review,,"[{""source_document_id"": ""963b77de060fb7cf97f3"", ""pdf_page"": 3, ""quote"": ""The Commission concurs with the Borough President that first attempt at disposition be with accessory, extension or enlargement use restrictions."", ""explanation"": ""This explicitly connects the Borough President's request to CPC's adopted response."", ""source_text_sha256"": ""2912268db0ab932e9cb8a37066f3722ef6ef34ea743868b1d537517b0d28ceda""}]"
963b77de060fb7cf97f3,C 960282 PPK,local_request_condition,1,0,1,1,resolved,high,"The Borough President requested sale-use restrictions, clean-and-fence restrictions, and a maintenance requirement.",a,Sol medium with Codex source review,,"[{""source_document_id"": ""963b77de060fb7cf97f3"", ""pdf_page"": 2, ""quote"": ""Further, a restriction requiring maintenance of the site should be added to the terms of the property sale."", ""explanation"": ""This is a concrete condition requested by a local actor."", ""source_text_sha256"": ""2912268db0ab932e9cb8a37066f3722ef6ef34ea743868b1d537517b0d28ceda""}]"
963b77de060fb7cf97f3,C 960282 PPK,revision_or_concession,1,0,1,1,resolved,high,"CPC changed the disposition approval to require that the first sale attempt carry accessory, extension, or enlargement use restrictions.",a,Sol medium with Codex source review,,"[{""source_document_id"": ""963b77de060fb7cf97f3"", ""pdf_page"": 4, ""quote"": ""is approved with the condition that the first attempt at disposition of this property be restricted to accessory, extension or enlargement uses."", ""explanation"": ""The adopted approval contains a substantive use restriction rather than the initially sought unrestricted disposition."", ""source_text_sha256"": ""2912268db0ab932e9cb8a37066f3722ef6ef34ea743868b1d537517b0d28ceda""}]"
963b77de060fb7cf97f3,C 960282 PPK,scale_character_preservation,1,0,0,0,resolved,medium,"The Borough President requested use, fencing, and maintenance restrictions, but did not frame them as scale, design, neighborhood character, landmark, or preservation concerns. CPC's references to lot size and adjacent uses are descriptive rather than a substantive character assessment.",a,Sol medium with Codex source review,,"[{""source_document_id"": ""963b77de060fb7cf97f3"", ""pdf_page"": 3, ""quote"": ""The subject lot is located in an M1-2 zone, smaller than 2,500 square feet and abuts a one- story commercial building on its east side and an open storage yard on its west side."", ""explanation"": ""This is neutral site context; full review found no substantive scale or character issue."", ""source_text_sha256"": ""2912268db0ab932e9cb8a37066f3722ef6ef34ea743868b1d537517b0d28ceda""}]"
96f54aa7fbd13c054a11,C 850111 ZMM,approved_unresolved_objection,1,0,1,1,resolved,high,"The civic association objected that no accessory parking was provided. CPC acknowledged the omission, stated parking was not required and no adverse impact was found, and approved.",c,Sol medium with Codex source review,,"[{""source_document_id"": ""96f54aa7fbd13c054a11"", ""pdf_page"": 3, ""quote"": ""The proposal does not include accessory off-street parking."", ""explanation"": ""The specific local parking objection remained unfulfilled at approval."", ""source_text_sha256"": ""459be60165b870b6bae24ab0f4c811f2e21df38328acaa065578988f70da729c""}]"
96f54aa7fbd13c054a11,C 850111 ZMM,explicit_local_response,0,1,0,0,resolved,high,"The applicant reduced the project and accepted conditions at CPC’s request. The report does not link those changes to the Horatio Street Association’s written opposition, so chronology or thematic overlap cannot establish a local response.",c,Sol medium with Codex source review,,"[{""source_document_id"": ""96f54aa7fbd13c054a11"", ""pdf_page"": 3, ""quote"": ""The applicant, at the request of the Commission, agreed to"", ""explanation"": ""Attributes the revision to CPC, not a local actor."", ""source_text_sha256"": ""459be60165b870b6bae24ab0f4c811f2e21df38328acaa065578988f70da729c""}]"
96f54aa7fbd13c054a11,C 850111 ZMM,local_request_condition,1,0,1,1,resolved,high,The Horatio Street Association opposed the rezoning and requested preservation of existing facades while identifying missing accessory parking.,c,Sol medium with Codex source review,,"[{""source_document_id"": ""96f54aa7fbd13c054a11"", ""pdf_page"": 2, ""quote"": ""the facades of the existing buildings should be kept but may be lost, if they are not incorporated into the proposed building"", ""explanation"": ""A substantive civic-group preservation request."", ""source_text_sha256"": ""459be60165b870b6bae24ab0f4c811f2e21df38328acaa065578988f70da729c""}]"
96f54aa7fbd13c054a11,C 850111 ZMM,traffic_parking,1,0,1,1,resolved,high,"The Horatio Street Association specifically objected that accessory off-street parking was absent, making parking a substantive local issue.",c,Sol medium with Codex source review,,"[{""source_document_id"": ""96f54aa7fbd13c054a11"", ""pdf_page"": 2, ""quote"": ""accessory off-street parking has not been provided."", ""explanation"": ""A local parking objection."", ""source_text_sha256"": ""459be60165b870b6bae24ab0f4c811f2e21df38328acaa065578988f70da729c""}]"
972066b72c66c8244bb9,C 910255 ZMK,cb_request_or_opposition,1,0,1,1,resolved,high,CB12 had requested the R2X district and later unanimously supported the focal map amendment.,b,Sol medium with Codex source review,,"[{""source_document_id"": ""972066b72c66c8244bb9"", ""pdf_page"": 2, ""quote"": ""requests from Community Board 12, neighborhood residents and community leaders to apply the R2X district"", ""explanation"": ""This is a substantive CB request."", ""source_text_sha256"": ""f9f56ca22342a37113cc01695f3a578942a79267ef479e286b94e583c856809d""}]"
972066b72c66c8244bb9,C 910255 ZMK,explicit_local_response,1,0,1,1,resolved,high,"The focal rezoning applied the requested R2X district, and the report explicitly attributes the proposal to local requests and housing needs.",b,Sol medium with Codex source review,,"[{""source_document_id"": ""972066b72c66c8244bb9"", ""pdf_page"": 2, ""quote"": ""The Department had also received requests from Community Board 12, neighborhood residents and community leaders to apply the R2X district"", ""explanation"": ""The adopted zoning action directly implements the locally requested district."", ""source_text_sha256"": ""f9f56ca22342a37113cc01695f3a578942a79267ef479e286b94e583c856809d""}]"
972066b72c66c8244bb9,C 910255 ZMK,local_request_condition,1,0,1,1,resolved,high,"Community Board 12, residents, and community leaders had requested application of R2X zoning to meet the need for larger homes.",b,Sol medium with Codex source review,,"[{""source_document_id"": ""972066b72c66c8244bb9"", ""pdf_page"": 2, ""quote"": ""The Department had also received requests from Community Board 12, neighborhood residents and community leaders to apply the R2X district to R3 and other areas in order to meet the community's need for larger homes."", ""explanation"": ""This is an explicit substantive local zoning request."", ""source_text_sha256"": ""f9f56ca22342a37113cc01695f3a578942a79267ef479e286b94e583c856809d""}]"
972066b72c66c8244bb9,C 910255 ZMK,procedural_response,1,0,1,1,resolved,medium,"DCP conducted a broader Special Ocean Parkway study and released a draft for public discussion while advancing the focal rezoning. The study is a documented response process, though it also originated in a Board of Estimate request.",b,Sol medium with Codex source review,,"[{""source_document_id"": ""972066b72c66c8244bb9"", ""pdf_page"": 2, ""quote"": ""A draft report on the larger SOPD study was released for public discussion in June, 1991."", ""explanation"": ""A study and public-discussion process meet the procedural-response category."", ""source_text_sha256"": ""f9f56ca22342a37113cc01695f3a578942a79267ef479e286b94e583c856809d""}]"
99e283a277aa316e5861,C 230064 ZMK,affordability_displacement,1,0,0,0,resolved,high,"No local actor raised affordability, displacement, housing access, or tenant protection as a concern or condition. CPC's endorsement of higher density with income-restricted housing is a generic project benefit rather than a concrete assessment of affordability adequacy, access, or displacement, so it does not meet the broad scope either.",a,Sol medium with Codex source review,,"[{""source_document_id"": ""99e283a277aa316e5861"", ""pdf_page"": 9, ""quote"": ""R6A zoning districts better reflect the need for higher residential density with income-restricted housing."", ""explanation"": ""This is the strongest affordability-related CPC passage, but it only endorses the proposed units and does not develop a substantive affordability issue."", ""source_text_sha256"": ""854db648abf2d07d7a97e9e92af503064f3b46b64da5c725a0b27977efa71310""}]"
99e283a277aa316e5861,C 230064 ZMK,bp_request_or_opposition,1,0,0,0,resolved,high,The Borough President approved without a condition or substantive request in the documented recommendation. Later reference to general advocacy for commercial uses does not describe a request on this application.,a,Sol medium with Codex source review,,"[{""source_document_id"": ""99e283a277aa316e5861"", ""pdf_page"": 7, ""quote"": ""the Brooklyn Borough President, who on March 26, 2025 held a hearing and on April 15, 2025, issued a recommendation to approve the application."", ""explanation"": ""The recommendation is unconditioned; full source review found no Borough President request or opposition."", ""source_text_sha256"": ""854db648abf2d07d7a97e9e92af503064f3b46b64da5c725a0b27977efa71310""}]"
99e283a277aa316e5861,C 230064 ZMK,environment_open_space,1,0,0,0,resolved,medium,"The source describes nearby parks and routine CEQR review but documents no substantive local environmental/open-space concern or CPC assessment of an environmental/open-space issue. The generic streetscape-enhancement condition lacks an explicit park, open-space, or environmental component.",a,Sol medium with Codex source review,,"[{""source_document_id"": ""99e283a277aa316e5861"", ""pdf_page"": 7, ""quote"": ""In good faith, the applicants will consider contributing to the enhancement of the nearby streetscape."", ""explanation"": ""This is the only potentially related local condition; without an environmental or open-space component it does not support this issue field, and full source review found none elsewhere."", ""source_text_sha256"": ""854db648abf2d07d7a97e9e92af503064f3b46b64da5c725a0b27977efa71310""}]"
99e283a277aa316e5861,C 230064 ZMK,explicit_local_response,1,0,0,0,resolved,high,"The report lists Community Board conditions phrased as actions the applicants will take, but it does not state that the applicants accepted, undertook, or implemented those conditions. A request alone is insufficient for explicit local response.",a,Sol medium with Codex source review,,"[{""source_document_id"": ""99e283a277aa316e5861"", ""pdf_page"": 7, ""quote"": ""adopted a resolution to approve the application with the following conditions."", ""explanation"": ""The actions that follow are presented as Community Board conditions; full source review found no explicit applicant acceptance or response."", ""source_text_sha256"": ""854db648abf2d07d7a97e9e92af503064f3b46b64da5c725a0b27977efa71310""}]"
99e283a277aa316e5861,C 230064 ZMK,local_request_condition,1,0,1,1,resolved,high,"Community Board 1 approved with three substantive conditions governing construction communication, activity schedules, and a potential streetscape contribution.",a,Sol medium with Codex source review,,"[{""source_document_id"": ""99e283a277aa316e5861"", ""pdf_page"": 7, ""quote"": ""The applicants will actively communicate with the CB1 office and will provide the office with a schedule of activities that will affect the neighborhood."", ""explanation"": ""This is a concrete Community Board condition directed to the applicant."", ""source_text_sha256"": ""854db648abf2d07d7a97e9e92af503064f3b46b64da5c725a0b27977efa71310""}]"
99e283a277aa316e5861,C 230064 ZMK,procedural_response,1,0,0,0,resolved,high,"Community Board 1 requested complaint-response, communication, and scheduling procedures, but the report does not document that the applicant accepted, undertook, or implemented them. A requested procedure alone does not establish a procedural response.",a,Sol medium with Codex source review,,"[{""source_document_id"": ""99e283a277aa316e5861"", ""pdf_page"": 7, ""quote"": ""adopted a resolution to approve the application with the following conditions."", ""explanation"": ""The communication and scheduling measures that follow are presented only as Community Board conditions; full review found no actual response."", ""source_text_sha256"": ""854db648abf2d07d7a97e9e92af503064f3b46b64da5c725a0b27977efa71310""}]"
99e283a277aa316e5861,C 230064 ZMK,scale_character_preservation,1,0,1,1,resolved,medium,"Community Board 1 conditioned approval on considering a nearby streetscape enhancement, a local design/public-realm request. CPC also substantively assessed height, density, and neighborhood context, so both scopes are positive.",a,Sol medium with Codex source review,,"[{""source_document_id"": ""99e283a277aa316e5861"", ""pdf_page"": 7, ""quote"": ""In good faith, the applicants will consider contributing to the enhancement of the nearby streetscape."", ""explanation"": ""The Community Board's design-oriented condition supports the local scope, though its details are not specified."", ""source_text_sha256"": ""854db648abf2d07d7a97e9e92af503064f3b46b64da5c725a0b27977efa71310""}, {""source_document_id"": ""99e283a277aa316e5861"", ""pdf_page"": 9, ""quote"": ""The increased residential density and height of the proposed district is consistent with the surrounding area"", ""explanation"": ""CPC substantively assesses scale and character, independently supporting the broad scope."", ""source_text_sha256"": ""854db648abf2d07d7a97e9e92af503064f3b46b64da5c725a0b27977efa71310""}]"
9fac5dd0d7f16bc0caa8,C 800337 ZMX,environment_open_space,1,0,0,1,resolved,high,"The CB simply approved, so no substantive local open-space concern is documented. Under broad scope, CPC treated the open space as integral and conditioned the project on preserving all seven parcels for specified open-space uses.",b,Sol medium with Codex source review,,"[{""source_document_id"": ""d47b90ec57e3cf3504ac"", ""pdf_page"": 4, ""quote"": ""We base our approval on the condition that all seven properties described within this report and the application as areas to be developed for specific open space uses will be developed and maintained solely as those uses throughout the life of this project."", ""explanation"": ""This is a substantive CPC open-space condition supporting the broad reading."", ""source_text_sha256"": ""a47b7be4f1857609efdf4bf2e01018c060024a82dd93ee62a29ca27c43d5bf98""}]"
a18d979d3f34a1736785,C 790789 MMM,bp_request_or_opposition,0,1,0,0,resolved,high,"The report attributes the conditioned recommendation to the Manhattan Borough Board, not to the borough president individually. The field requires a borough-president position.",b,Sol medium with Codex source review,,"[{""source_document_id"": ""a18d979d3f34a1736785"", ""pdf_page"": 2, ""quote"": ""On March 26, 1980 the Borough Board reviewed these matters and also recommended approval, with the conditions specified in the attached Joint Community Board Resolution."", ""explanation"": ""This is a borough-board action and does not document a borough-president request or opposition."", ""source_text_sha256"": ""750c84ed967da5140ebe6a8ced7905016f9c121125aa55d61a73a9e2cf4ec39b""}]"
a18d979d3f34a1736785,C 790789 MMM,environment_open_space,1,0,1,1,resolved,high,The community boards required the Tramway parcel to become parkland and required permanent park landscaping and maintenance funding.,b,Sol medium with Codex source review,,"[{""source_document_id"": ""a18d979d3f34a1736785"", ""pdf_page"": 6, ""quote"": ""The demapping applies to the full parcel, 75' x 200\"", and is conveyed to the Department of Parks and Recreation"", ""explanation"": ""This is a substantive local park/open-space condition."", ""source_text_sha256"": ""750c84ed967da5140ebe6a8ced7905016f9c121125aa55d61a73a9e2cf4ec39b""}]"
a18d979d3f34a1736785,C 790789 MMM,procedural_response,1,0,1,1,resolved,high,"The adopted package included a task force, continuing CB oversight, consultation, and staged design reviews.",b,Sol medium with Codex source review,,"[{""source_document_id"": ""a18d979d3f34a1736785"", ""pdf_page"": 6, ""quote"": ""Commmity Boards 6 and 8 designate the 59th Street Task Force as the Gversight Committee for the Design and Construction of the Parks."", ""explanation"": ""A continuing oversight committee is a procedural response."", ""source_text_sha256"": ""750c84ed967da5140ebe6a8ced7905016f9c121125aa55d61a73a9e2cf4ec39b""}]"
a18d979d3f34a1736785,C 790789 MMM,substantial_local_opposition,0,1,0,0,resolved,high,"The community boards and borough board supported the linked applications subject to extensive conditions, and no CPC speaker opposed this map change. Conditions alone do not constitute opposition.",b,Sol medium with Codex source review,,"[{""source_document_id"": ""a18d979d3f34a1736785"", ""pdf_page"": 2, ""quote"": ""No speakers appeared in opposition and the hearing was closed."", ""explanation"": ""The report documents no CPC opposition; the attached local position is conditional support."", ""source_text_sha256"": ""750c84ed967da5140ebe6a8ced7905016f9c121125aa55d61a73a9e2cf4ec39b""}]"
a18d979d3f34a1736785,C 790789 MMM,traffic_parking,1,0,1,1,resolved,high,"The community boards imposed substantive conditions on loading, deliveries, traffic during construction, and accessory parking.",b,Sol medium with Codex source review,,"[{""source_document_id"": ""a18d979d3f34a1736785"", ""pdf_page"": 5, ""quote"": ""a limitation of the .hours for loading, unloading, and deliveries"", ""explanation"": ""This is a substantive local traffic/loading condition."", ""source_text_sha256"": ""750c84ed967da5140ebe6a8ced7905016f9c121125aa55d61a73a9e2cf4ec39b""}]"
a2fe5d5a89f0163a9c93,C 920262 PQQ,bp_request_or_opposition,1,0,1,1,resolved,high,The Borough President expressly approved subject to the Community Board’s conditions.,c,Sol medium with Codex source review,,"[{""source_document_id"": ""a2fe5d5a89f0163a9c93"", ""pdf_page"": 4, ""quote"": ""issued a recommendation approving the application \""subject to the Community Board's conditions,\"""", ""explanation"": ""The BP adopts substantive local conditions."", ""source_text_sha256"": ""38f8b213c7c739801811a5e22b19caf51dcadcdffeb905d74d5ce1784fb2105d""}]"
a2fe5d5a89f0163a9c93,C 920262 PQQ,cb_request_or_opposition,1,0,1,1,resolved,high,The Community Board imposed three substantive conditions on its approval.,c,Sol medium with Codex source review,,"[{""source_document_id"": ""a2fe5d5a89f0163a9c93"", ""pdf_page"": 3, ""quote"": ""Health and Social Services Committee of CB#3 to make periodic visits to the site."", ""explanation"": ""A substantive CB monitoring condition."", ""source_text_sha256"": ""38f8b213c7c739801811a5e22b19caf51dcadcdffeb905d74d5ce1784fb2105d""}]"
a2fe5d5a89f0163a9c93,C 920262 PQQ,explicit_local_response,1,0,1,1,resolved,high,The report explicitly states that HRA’s maintenance promise was made in response to the Community Board’s maintenance comment.,c,Sol medium with Codex source review,,"[{""source_document_id"": ""a2fe5d5a89f0163a9c93"", ""pdf_page"": 5, ""quote"": ""In response to the Community Board's comments that the property should be \""maintained in an attractive manner,\"""", ""explanation"": ""Explicitly links the local request to the agency response."", ""source_text_sha256"": ""38f8b213c7c739801811a5e22b19caf51dcadcdffeb905d74d5ce1784fb2105d""}]"
a2fe5d5a89f0163a9c93,C 920262 PQQ,local_request_condition,1,0,1,1,resolved,high,"The Community Board requested a three-year term, landscaping/maintenance, and periodic visits; the Borough President adopted those conditions.",c,Sol medium with Codex source review,,"[{""source_document_id"": ""a2fe5d5a89f0163a9c93"", ""pdf_page"": 3, ""quote"": ""property to be maintained in an attractive manner with shrubbery and plants"", ""explanation"": ""A substantive Community Board maintenance and landscaping condition."", ""source_text_sha256"": ""38f8b213c7c739801811a5e22b19caf51dcadcdffeb905d74d5ce1784fb2105d""}]"
a2fe5d5a89f0163a9c93,C 920262 PQQ,revision_or_concession,1,0,1,1,resolved,high,HRA made a concrete maintenance commitment in a letter to CPC.,c,Sol medium with Codex source review,,"[{""source_document_id"": ""a2fe5d5a89f0163a9c93"", ""pdf_page"": 5, ""quote"": ""they would \""maintain, in good condition, the exterior of the home and the yard.\"""", ""explanation"": ""A specific agency commitment is documented."", ""source_text_sha256"": ""38f8b213c7c739801811a5e22b19caf51dcadcdffeb905d74d5ce1784fb2105d""}]"
a2fe5d5a89f0163a9c93,C 920262 PQQ,scale_character_preservation,1,0,1,1,resolved,medium,"The CB required the exterior and yard to be maintained attractively with shrubs and plants. This is a local design/appearance condition, though it concerns maintenance rather than building scale.",c,Sol medium with Codex source review,,"[{""source_document_id"": ""a2fe5d5a89f0163a9c93"", ""pdf_page"": 3, ""quote"": ""property to be maintained in an attractive manner with shrubbery and plants"", ""explanation"": ""A local exterior-design and neighborhood-appearance condition."", ""source_text_sha256"": ""38f8b213c7c739801811a5e22b19caf51dcadcdffeb905d74d5ce1784fb2105d""}]"
a4495ff4e165569cdeef,C 160243 PSK,cb_request_or_opposition,1,0,1,1,resolved,high,"Community Board 1 approved with substantive conditions concerning lighting, trash disposal, communication with local businesses, and cyclist/pedestrian safety.",a,Sol medium with Codex source review,,"[{""source_document_id"": ""a4495ff4e165569cdeef"", ""pdf_page"": 4, ""quote"": ""Clarification of the plans for lighting the entire area around the nature walk and what provisions will be installed for trash disposal."", ""explanation"": ""This is a concrete Community Board condition."", ""source_text_sha256"": ""6227571682b7e1588966b706ba4e2df4c945e4d06abbd7602c552afeae6fad9c""}]"
a4495ff4e165569cdeef,C 160243 PSK,environment_open_space,1,0,1,1,resolved,high,"The Community Board raised substantive questions about lighting and trash disposal for the nature walk, and CPC assessed the open-space and waterfront-access benefits. Both scopes are positive.",a,Sol medium with Codex source review,,"[{""source_document_id"": ""a4495ff4e165569cdeef"", ""pdf_page"": 4, ""quote"": ""Clarification of the plans for lighting the entire area around the nature walk and what provisions will be installed for trash disposal."", ""explanation"": ""The local board raised concrete management and environmental concerns about the proposed open space."", ""source_text_sha256"": ""6227571682b7e1588966b706ba4e2df4c945e4d06abbd7602c552afeae6fad9c""}]"
a4495ff4e165569cdeef,C 160243 PSK,procedural_response,1,0,1,1,resolved,high,"DEP reached out to DOT and joined a multi-party process to explore the requested bike-lane connection, a future consultation/study response.",a,Sol medium with Codex source review,,"[{""source_document_id"": ""a4495ff4e165569cdeef"", ""pdf_page"": 8, ""quote"": ""DEP’s efforts to bring DOT and Evergreen Exchange, a local not-for- profit organization, to the table to explore the possibility of extending bike lanes from Greenpoint Avenue to Phase III of the nature walk."", ""explanation"": ""This is procedural coordination and future exploration in response to a local request."", ""source_text_sha256"": ""6227571682b7e1588966b706ba4e2df4c945e4d06abbd7602c552afeae6fad9c""}]"
a4495ff4e165569cdeef,C 160243 PSK,revision_or_concession,1,0,1,1,resolved,high,DEP made a concrete safety commitment in response to the Borough President by agreeing to install a call box and add it to the working drawings.,a,Sol medium with Codex source review,,"[{""source_document_id"": ""a4495ff4e165569cdeef"", ""pdf_page"": 7, ""quote"": ""DEP has agreed to install a call box at the entrance of the Phase III plaza and has asked the Department of Design and Construction (DDC) to include the location of the call"", ""explanation"": ""This is a substantive undertaken mitigation and design change."", ""source_text_sha256"": ""6227571682b7e1588966b706ba4e2df4c945e4d06abbd7602c552afeae6fad9c""}]"
a7b89b5b22c825f035e7,C 180346 PSX,cb_request_or_opposition,1,0,1,1,resolved,high,"The Community Board conditioned its approval on locating the shelter at a different Bronx site, which is substantive opposition to this exact site.",c,Sol medium with Codex source review,,"[{""source_document_id"": ""a7b89b5b22c825f035e7"", ""pdf_page"": 4, ""quote"": ""adopted a resolution recommending approval of the application with the condition that a full- service animal shelter be located at a different site in the Bronx."", ""explanation"": ""A substantive Community Board alternative-site condition."", ""source_text_sha256"": ""4cea2546cd22728fc24f62452e856d7ddab40cc752b7b7fa0d2505fa905d12a9""}]"
a7b89b5b22c825f035e7,C 180346 PSX,civic_group_position,support_or_request,both,support_or_request,support_or_request,resolved,high,"Named animal-welfare organizations ACC and ASPCA supported the shelter. The opposing speakers described later are residents, so Tyler’s nonstandard both category maps to support_or_request under the codebook.",c,Sol medium with Codex source review,,"[{""source_document_id"": ""a7b89b5b22c825f035e7"", ""pdf_page"": 5, ""quote"": ""Two ASCPA representatives spoke in support"", ""explanation"": ""A named civic organization supported the application."", ""source_text_sha256"": ""4cea2546cd22728fc24f62452e856d7ddab40cc752b7b7fa0d2505fa905d12a9""}]"
a7b89b5b22c825f035e7,C 180346 PSX,explicit_local_response,1,0,1,1,resolved,high,CPC expressly responds to the Borough President and public testimony requesting youth and senior services by encouraging continued local conversations.,c,Sol medium with Codex source review,,"[{""source_document_id"": ""a7b89b5b22c825f035e7"", ""pdf_page"": 7, ""quote"": ""Regarding the Borough President’s concerns and the public testimony requesting more youth and senior services in this part of the Bronx"", ""explanation"": ""Explicitly identifies the local request to which CPC responds."", ""source_text_sha256"": ""4cea2546cd22728fc24f62452e856d7ddab40cc752b7b7fa0d2505fa905d12a9""}]"
a7b89b5b22c825f035e7,C 180346 PSX,procedural_response,1,0,1,1,resolved,high,"CPC encouraged continued conversations about youth and senior programming, and CAU committed to ongoing community engagement after public review.",c,Sol medium with Codex source review,,"[{""source_document_id"": ""a7b89b5b22c825f035e7"", ""pdf_page"": 7, ""quote"": ""a CAU representative testified that it would continue to engage with the community after the public review process ends."", ""explanation"": ""A concrete outreach/consultation response is documented."", ""source_text_sha256"": ""4cea2546cd22728fc24f62452e856d7ddab40cc752b7b7fa0d2505fa905d12a9""}]"
a9a1cee75bbb0ff39871,C 770472 HOM,approved_unresolved_objection,1,0,1,1,resolved,medium,"Community Board 10 conditioned approval on detailed local hiring, monitoring, and disclosure commitments, while CPC issued an unqualified approval without resolving or incorporating those specific local demands. The source does not establish whether the required pre-Board-of-Estimate agreement occurred.",a,Sol medium with Codex source review,,"[{""source_document_id"": ""a9a1cee75bbb0ff39871"", ""pdf_page"": 6, ""quote"": ""does hereby issue its unqualified certificate of approval of the Plan for the Re- development Project"", ""explanation"": ""CPC approved without addressing the specific Community Board conditions documented on pages 4-5."", ""source_text_sha256"": ""fd62472fe28ffd3a9baf255cd2a1e1908cc558a53cb9224d5f6a6cf64a2d8675""}]"
a9a1cee75bbb0ff39871,C 770472 HOM,cpc_support_speakers,0,1,0,0,resolved,high,"The report explicitly states there were no CPC hearing speakers, so the literal support-speaker count is zero.",a,Sol medium with Codex source review,,"[{""source_document_id"": ""a9a1cee75bbb0ff39871"", ""pdf_page"": 5, ""quote"": ""There were no speakers and the hearing was closed."", ""explanation"": ""No CPC support speakers appeared."", ""source_text_sha256"": ""fd62472fe28ffd3a9baf255cd2a1e1908cc558a53cb9224d5f6a6cf64a2d8675""}]"
a9a1cee75bbb0ff39871,C 770472 HOM,scale_character_preservation,1,0,0,1,resolved,high,"No local actor raised scale, character, design, or preservation. CPC substantively evaluated the stepped building design, light and air, and a privacy problem, so the broad scope is positive.",a,Sol medium with Codex source review,,"[{""source_document_id"": ""a9a1cee75bbb0ff39871"", ""pdf_page"": 5, ""quote"": ""lack of privacy due to the intrusion of living/ dining room windows onto the primary and secondary bedroom windows of other apartments is a design feature that should be avoided where possible."", ""explanation"": ""This is a substantive CPC design concern supporting the broad scope."", ""source_text_sha256"": ""fd62472fe28ffd3a9baf255cd2a1e1908cc558a53cb9224d5f6a6cf64a2d8675""}]"
a9a1cee75bbb0ff39871,C 770472 HOM,traffic_parking,1,0,0,0,resolved,high,The report lists nearby transit as background but documents no local traffic or parking concern and no substantive CPC traffic/parking assessment.,a,Sol medium with Codex source review,,"[{""source_document_id"": ""a9a1cee75bbb0ff39871"", ""pdf_page"": 4, ""quote"": ""There -are crosstown buses at 135th and /45th Streets-"", ""explanation"": ""This is neutral transportation background; full source review found no traffic or parking issue."", ""source_text_sha256"": ""fd62472fe28ffd3a9baf255cd2a1e1908cc558a53cb9224d5f6a6cf64a2d8675""}]"
aa24e961978c9f498728,C 160249 PCQ,scale_character_preservation,1,0,0,0,resolved,high,"No local actor raised scale or character. CPC's brief compatibility statement concerns the vehicle-storage use among similar nearby uses, without a concrete scale, design, preservation, or neighborhood-character question. The unrelated library companion was not transferred.",a,Sol medium with Codex source review,,"[{""source_document_id"": ""aa24e961978c9f498728"", ""pdf_page"": 5, ""quote"": ""the Commission believes the NYPD vehicle storage facility will be compatible with the manufacturing, storage and auto-related uses that exist in the immediate vicinity of the project site."", ""explanation"": ""This generalized use-compatibility conclusion does not establish a substantive scale or character issue."", ""source_text_sha256"": ""796ac74754b917d7bc1bf9a3d5a37f097b1557389a449cdbcaedc0c39939e121""}]"
c1ef08d5d2f9399b80eb,C 920157 HDX,environment_open_space,1,0,0,1,resolved,high,"No local actor raised an environmental or open-space issue; CB and BP approved without conditions. Under broad scope, CPC imposed specific noise mitigation through its environmental determination.",b,Sol medium with Codex source review,,"[{""source_document_id"": ""c1ef08d5d2f9399b80eb"", ""pdf_page"": 4, ""quote"": ""The applicant must provide a minimum of 25 dB(A) window/wall attenuation so that, with windows closed, the interior level is acceptable."", ""explanation"": ""This is a concrete CPC environmental mitigation supporting the broad reading."", ""source_text_sha256"": ""878bb87db1ff91586f07a20d1d6075739e6be878178ce627f56302f5a77346d3""}]"
c1ef08d5d2f9399b80eb,C 920157 HDX,revision_or_concession,1,0,1,1,resolved,high,Approval imposed concrete noise-attenuation and alternate-ventilation mitigation through the conditional negative declaration.,b,Sol medium with Codex source review,,"[{""source_document_id"": ""c1ef08d5d2f9399b80eb"", ""pdf_page"": 4, ""quote"": ""The applicant must provide a minimum of 25 dB(A) window/wall attenuation so that, with windows closed, the interior level is acceptable. The closed window condition requires than an alternate means of ventilation be provided."", ""explanation"": ""These are substantive imposed mitigations."", ""source_text_sha256"": ""878bb87db1ff91586f07a20d1d6075739e6be878178ce627f56302f5a77346d3""}]"
c2a9d6be6f0d130af7c5,C 891083 PLQ,approved_unresolved_objection,1,0,1,1,resolved,high,"Community Board 7 disapproved over schools, community-facility concentration, zoning noncompliance, policing, and staffing. CPC rejected the impact claims and approved without resolving the requested siting objection.",c,Sol medium with Codex source review,,"[{""source_document_id"": ""c2a9d6be6f0d130af7c5"", ""pdf_page"": 3, ""quote"": ""the community board disapproved the application because there are three nursing homes, two overcrowded public elementary schools, and no public junior high schools, high schools or community centers in community district 7."", ""explanation"": ""Identifies specific unresolved local service-capacity objections."", ""source_text_sha256"": ""414c6a052cc5bab429456a8b26c4cd97e4292529fbe50204a50661e4f27e34f7""}]"
c2a9d6be6f0d130af7c5,C 891083 PLQ,infrastructure_services,1,0,1,1,resolved,high,"Community Board representatives raised overcrowded schools, absent schools and community centers, and an understaffed police department. This is a substantive local services issue.",c,Sol medium with Codex source review,,"[{""source_document_id"": ""c2a9d6be6f0d130af7c5"", ""pdf_page"": 4, ""quote"": ""which would burden the community's understaff d police department."", ""explanation"": ""Documents a local public-service capacity concern."", ""source_text_sha256"": ""414c6a052cc5bab429456a8b26c4cd97e4292529fbe50204a50661e4f27e34f7""}]"
c56f2e54cc845b5ea9ec,C 210173 HAK,environment_open_space,1,0,1,1,resolved,high,"The Borough President substantively requested green roofs, rain gardens, resiliency, and stormwater measures, satisfying local and broad scopes.",c,Sol medium with Codex source review,,"[{""source_document_id"": ""c56f2e54cc845b5ea9ec"", ""pdf_page"": 9, ""quote"": ""Integration of resiliency and sustainability measures such as rain gardens, blue/green/white roof treatment, passive house construction, and/or solar panels"", ""explanation"": ""A local condition raises substantive environmental and stormwater measures."", ""source_text_sha256"": ""83cf9166ce27640038df37410885e5a5c63320fcc4072e07a791405b83287958""}]"
c56f2e54cc845b5ea9ec,C 210173 HAK,explicit_local_response,1,0,1,1,resolved,high,The Borough President report expressly connects his inquiries to applicant answers and commitments.,c,Sol medium with Codex source review,,"[{""source_document_id"": ""c56f2e54cc845b5ea9ec"", ""pdf_page"": 15, ""quote"": ""In response to Borough President Adams’ inquiry regarding the incorporation of sustainable features such as passive house design, blue/green/white roof covering, and/or New York City Department of Environmental Protection (DEP) rain gardens, the applicant stated that the buildings would incorporate white roofs and water conservation features."", ""explanation"": ""Explicitly links a local inquiry to a concrete applicant response."", ""source_text_sha256"": ""83cf9166ce27640038df37410885e5a5c63320fcc4072e07a791405b83287958""}]"
c56f2e54cc845b5ea9ec,C 210173 HAK,procedural_response,1,0,1,1,resolved,high,"The applicant described monitoring, lottery administration, marketing, and financial-literacy services in direct answers to Borough President questions.",c,Sol medium with Codex source review,,"[{""source_document_id"": ""c56f2e54cc845b5ea9ec"", ""pdf_page"": 15, ""quote"": ""A monitor would work with the cooperative board to ensure compliance for any sales that might occur in that time."", ""explanation"": ""Documents a monitoring response."", ""source_text_sha256"": ""83cf9166ce27640038df37410885e5a5c63320fcc4072e07a791405b83287958""}]"
c56f2e54cc845b5ea9ec,C 210173 HAK,revision_or_concession,1,0,1,1,resolved,high,"After the Borough President hearing, the developer proposed a revised affordability program; the applicant also committed to concrete sustainability measures.",c,Sol medium with Codex source review,,"[{""source_document_id"": ""c56f2e54cc845b5ea9ec"", ""pdf_page"": 15, ""quote"": ""Subsequent to the hearing, Borough President Adams received a letter from the designated developer, Shelter Rock Builders LLC, Heritage V LLC, dated March 25, 2021 proposing a revised affordability program for the project."", ""explanation"": ""Documents an actual post-hearing project revision."", ""source_text_sha256"": ""83cf9166ce27640038df37410885e5a5c63320fcc4072e07a791405b83287958""}]"
c56f2e54cc845b5ea9ec,C 210173 HAK,substantial_local_opposition,0,1,0,0,definition_mismatch,medium,The only opposition evidence is one unexplained Community Board vote. It establishes any opposition but not meaningful documented opposition under Jacob’s substantial field.,c,Sol medium with Codex source review,,"[{""source_document_id"": ""c56f2e54cc845b5ea9ec"", ""pdf_page"": 8, ""quote"": ""by a vote of 36 in favor, one opposed, and one abstaining"", ""explanation"": ""Shows one opposing vote but supplies no substantive objection."", ""source_text_sha256"": ""83cf9166ce27640038df37410885e5a5c63320fcc4072e07a791405b83287958""}]"
c966df32c353011154bf,C 180070 MMK,environment_open_space,1,0,0,1,resolved,high,No local environmental concern is documented. Broad scope is 1 because CPC imposed concrete noise mitigation through the Conditional Negative Declaration and mapping agreement.,c,Sol medium with Codex source review,,"[{""source_document_id"": ""c966df32c353011154bf"", ""pdf_page"": 3, ""quote"": ""The Conditional Negative Declaration included measures that will be required through the mapping agreement to avoid the potential for significant"", ""explanation"": ""CPC documents required mitigation for an environmental impact."", ""source_text_sha256"": ""e1360116f28030979374a72ecd07a159d7c22fd02f048606b7103012471ce8bb""}]"
c966df32c353011154bf,C 180070 MMK,infrastructure_services,1,0,0,1,resolved,high,No local actor raised a service issue. Broad scope is 1 because CPC substantively assessed the public need and siting constraints for an infectious-disease isolation health facility.,c,Sol medium with Codex source review,,"[{""source_document_id"": ""c966df32c353011154bf"", ""pdf_page"": 5, ""quote"": ""The Commission recognizes the public interest represented by the need for these health facilities and that there is no feasible way to locate such a facility within the existing footprint of the hospital."", ""explanation"": ""A substantive CPC health-facility capacity assessment supports broad scope."", ""source_text_sha256"": ""e1360116f28030979374a72ecd07a159d7c22fd02f048606b7103012471ce8bb""}]"
c966df32c353011154bf,C 180070 MMK,revision_or_concession,1,0,1,1,resolved,high,"The Conditional Negative Declaration and approval impose specific window/wall attenuation and ventilation measures through the mapping agreement, a concrete mitigation.",c,Sol medium with Codex source review,,"[{""source_document_id"": ""c966df32c353011154bf"", ""pdf_page"": 5, ""quote"": ""future community facility uses must provide a closed window condition with a minimum of 28 dB(A) window/wall attenuation on all facades"", ""explanation"": ""A binding noise mitigation appears in CPC’s resolution."", ""source_text_sha256"": ""e1360116f28030979374a72ecd07a159d7c22fd02f048606b7103012471ce8bb""}]"
ca107f682dc894bf84e0,C 780413 HUK,approved_unresolved_objection,1,0,1,1,resolved,high,"CPC approved despite the acknowledged 42 percent park-space loss; replacement Site 7 remained contingent on budget approval, sufficient funds, and priorities.",c,Sol medium with Codex source review,,"[{""source_document_id"": ""ca107f682dc894bf84e0"", ""pdf_page"": 3, ""quote"": ""actual development of the park is contingent upon three crucial factors"", ""explanation"": ""Shows the identified local open-space objection remained unresolved at approval."", ""source_text_sha256"": ""8cbc7e8e123431560c500c6c9eb8433c63540e07c2e27699f36b7507766efedb""}]"
ca107f682dc894bf84e0,C 780413 HUK,cb_request_or_opposition,1,0,1,1,resolved,high,"The Community Board opposed in part, delayed Site 4C pending information, and its District Manager asked CPC to withhold its vote.",c,Sol medium with Codex source review,,"[{""source_document_id"": ""ca107f682dc894bf84e0"", ""pdf_page"": 2, ""quote"": ""The District Manager urged the Commission to withhold its vote until after the Community Board held its meeting on Site 4C."", ""explanation"": ""A substantive Community Board delay request is documented."", ""source_text_sha256"": ""8cbc7e8e123431560c500c6c9eb8433c63540e07c2e27699f36b7507766efedb""}]"
ca107f682dc894bf84e0,C 780413 HUK,cpc_support_speakers,0,1,0,0,resolved,high,The only CPC speaker requested delay; no speaker supported the application.,c,Sol medium with Codex source review,,"[{""source_document_id"": ""ca107f682dc894bf84e0"", ""pdf_page"": 2, ""quote"": ""There were no other speakers and the hearing was closed."", ""explanation"": ""After the District Manager’s delay request, the report records no other speakers."", ""source_text_sha256"": ""8cbc7e8e123431560c500c6c9eb8433c63540e07c2e27699f36b7507766efedb""}]"
ca107f682dc894bf84e0,C 780413 HUK,infrastructure_services,1,0,0,0,resolved,high,"The nursing home, clinic, and school appear only as proposed uses. No local actor or CPC discussion raises service capacity or facility adequacy after review of all supplied pages.",c,Sol medium with Codex source review,,"[{""source_document_id"": ""ca107f682dc894bf84e0"", ""pdf_page"": 3, ""quote"": ""These actions would facilitate the development of a nursing home on Site 4A, a medical clinic on Site 4B and a religious school for girls on Site 4C."", ""explanation"": ""This is a neutral project description, not an infrastructure-services issue."", ""source_text_sha256"": ""8cbc7e8e123431560c500c6c9eb8433c63540e07c2e27699f36b7507766efedb""}]"
ca107f682dc894bf84e0,C 780413 HUK,revision_or_concession,1,0,1,1,resolved,high,Parks committed to assume design responsibility and seek funds for replacement parkland; the commitment is contingent on funding but concrete enough for the broad original commitment definition.,c,Sol medium with Codex source review,,"[{""source_document_id"": ""ca107f682dc894bf84e0"", ""pdf_page"": 2, ""quote"": ""the Department of Parks and Recreation wrote that they would assume responsibility for the design of a new Park on Site 7."", ""explanation"": ""Documents an agency commitment tied to replacement open space."", ""source_text_sha256"": ""8cbc7e8e123431560c500c6c9eb8433c63540e07c2e27699f36b7507766efedb""}]"
ca107f682dc894bf84e0,C 780413 HUK,substantial_local_opposition,0,1,1,1,resolved,medium,"The report records five Community Board votes against the urban-renewal amendment, delayed action on Site 4C, a District Manager request that CPC withhold its vote, and a Community Board concern about the 42 percent park-space loss. Together these show meaningful partial opposition, although the report does not attribute individual negative votes.",c,Sol medium with Codex source review,,"[{""source_document_id"": ""ca107f682dc894bf84e0"", ""pdf_page"": 3, ""quote"": ""Community Board's concern over this issue"", ""explanation"": ""Connects the Community Board to the substantive concern over loss of planned park space."", ""source_text_sha256"": ""8cbc7e8e123431560c500c6c9eb8433c63540e07c2e27699f36b7507766efedb""}]"
d3a74443db94b01c2748,C 140181 ZMM,approved_unresolved_objection,1,0,1,1,resolved,high,CPC approved while declining to impose the Community Board and elected officials' request to distribute affordable units across every residential floor; it said changing the rule required broader policy reconsideration and only encouraged future consideration.,a,Sol medium with Codex source review,,"[{""source_document_id"": ""d3a74443db94b01c2748"", ""pdf_page"": 26, ""quote"": ""The Commission understands that a modification to these provisions would necessitate a thorough reconsideration of Inclusionary Housing policy, not limited to the subject application."", ""explanation"": ""CPC identifies the local distribution request but does not resolve it in this approval."", ""source_text_sha256"": ""635b87e07da9587ae5b96e2a32a8c94bf8303f56d73e366e72776e281fe4a0fb""}]"
d3a74443db94b01c2748,C 140181 ZMM,civic_group_position,support_or_request,none_or_procedural,support_or_request,support_or_request,resolved,high,"Several named community and arts organizations took substantive supportive positions, including the Women's Interart Center's support with a condition.",a,Sol medium with Codex source review,,"[{""source_document_id"": ""d3a74443db94b01c2748"", ""pdf_page"": 20, ""quote"": ""Counsel to the Women’s Interart Center, Inc. spoke in favor of the application with the condition that the subject actions not negatively affect the Center’s proposed expansion of 543-551 West 52nd Street contemplated as part of the 1994 land use approvals."", ""explanation"": ""This is a named civic/arts organization giving substantive support with a condition."", ""source_text_sha256"": ""635b87e07da9587ae5b96e2a32a8c94bf8303f56d73e366e72776e281fe4a0fb""}]"
d3a74443db94b01c2748,C 140181 ZMM,environment_open_space,1,0,1,1,resolved,high,"Local actors substantively addressed landscaping and community-garden design, and CPC assessed the proposed open spaces. Both local and broad scopes are therefore positive.",a,Sol medium with Codex source review,,"[{""source_document_id"": ""d3a74443db94b01c2748"", ""pdf_page"": 21, ""quote"": ""The District Manager of Community Board 4 testified in favor of the project and described continued community involvement in the selection of a supermarket tenant in the LeNoble lumber retail space and design of the proposed community gardens."", ""explanation"": ""The Community Board's continued role in garden design is a substantive local open-space condition rather than a neutral project description."", ""source_text_sha256"": ""635b87e07da9587ae5b96e2a32a8c94bf8303f56d73e366e72776e281fe4a0fb""}]"
d3a74443db94b01c2748,C 140181 ZMM,infrastructure_services,1,0,1,1,resolved,high,"The Community Board requested a construction task force addressing concrete service and street effects, including street closings and sanitation pickup. That is a substantive local infrastructure/services condition, so both issue scopes are positive.",a,Sol medium with Codex source review,,"[{""source_document_id"": ""d3a74443db94b01c2748"", ""pdf_page"": 19, ""quote"": ""The applicants will co-operate with a MCB4 Construction Task Force to deal with construction effects (noise, street closings, sanitation pickup, rat baiting, etc.) on the adjacent community;"", ""explanation"": ""This is an explicit local condition concerning streets and sanitation services."", ""source_text_sha256"": ""635b87e07da9587ae5b96e2a32a8c94bf8303f56d73e366e72776e281fe4a0fb""}]"
d3a74443db94b01c2748,C 140181 ZMM,substantial_local_opposition,0,1,0,0,definition_mismatch,high,The record gives one opposing Community Board vote but documents no substantive local opposition position; the CPC hearing instead had 23 speakers in favor and none in opposition. A bare vote does not establish substantive opposition under the codebook.,a,Sol medium with Codex source review,Harmonized with the other bare-vote cases: original any-dissent and substantial-opposition labels may answer different questions. Keep both original values; no replacement until the opposition definition is settled.,"[{""source_document_id"": ""d3a74443db94b01c2748"", ""pdf_page"": 19, ""quote"": ""There were 23 speakers in favor of the application and no speakers in opposition."", ""explanation"": ""The CPC hearing records no opposition, and full review found no described substantive objection by the lone opposing Community Board voter."", ""source_text_sha256"": ""635b87e07da9587ae5b96e2a32a8c94bf8303f56d73e366e72776e281fe4a0fb""}]"
d9f70406732d73939cbd,C 980323 PPQ,civic_group_position,opposition,none_or_procedural,opposition,opposition,resolved,high,"America Sevashram Sangha, a named monastic community-service organization, opposed unrestricted disposition of the parcel it leased and maintained.",a,Sol medium with Codex source review,,"[{""source_document_id"": ""d9f70406732d73939cbd"", ""pdf_page"": 5, ""quote"": ""The speaker represented America Sevashram Sangha, a monastic, community-based service organization located across the street from Block 9755, Lot 59."", ""explanation"": ""The following sentence states this named civic organization opposed unrestricted disposition."", ""source_text_sha256"": ""b6a258fec6441a5e046173e8bd304b6099e474bdb7d00853bb8f4d2e1ce00286""}]"
d9f70406732d73939cbd,C 980323 PPQ,substantial_local_opposition,0,1,1,1,resolved,high,"A named community service organization gave detailed opposition to unrestricted disposition of one of the seven focal parcels, sought a restricted sale so it could purchase the lot, and explained its maintenance, parking, and planned pre-kindergarten uses. This is meaningful documented opposition to part of the application.",a,Sol medium with Codex source review,,"[{""source_document_id"": ""d9f70406732d73939cbd"", ""pdf_page"": 5, ""quote"": ""The speaker opposed the unrestricted disposition of this city-owned lot, a property that this organization has cleaned and maintained since 1992."", ""explanation"": ""The named organization's position is explicit and substantive opposition to part of the application."", ""source_text_sha256"": ""b6a258fec6441a5e046173e8bd304b6099e474bdb7d00853bb8f4d2e1ce00286""}]"
e75ad629024e8e5d586a,C 820363 HDM,affordability_displacement,1,0,1,1,resolved,high,"CB10 requested rent restructuring so the tenant organization could sustain building maintenance, a substantive local affordability and tenant-protection issue.",b,Sol medium with Codex source review,,"[{""source_document_id"": ""e75ad629024e8e5d586a"", ""pdf_page"": 1, ""quote"": ""(d) restructuring of rents for tenant organization to have the necessary cashflow for maintenance and operations."", ""explanation"": ""This is a substantive local rent and tenant-housing concern."", ""source_text_sha256"": ""08ced533dff174e876a8e72e336e10f3ca8d10af3272111a9048f9163ddad146""}]"
e75ad629024e8e5d586a,C 820363 HDM,approved_unresolved_objection,1,0,1,1,resolved,medium,"CPC approved the disposition and requested repair completion, but the resolution did not adopt the CB's specific demands concerning matching-fund refusal, renovation set-asides, window timing, and rent restructuring.",b,Sol medium with Codex source review,,"[{""source_document_id"": ""e75ad629024e8e5d586a"", ""pdf_page"": 1, ""quote"": ""That HPD's TIL Program submit, in writing, (a) an explanation of the refusal to grant matching funds to HUDC for rehabilitation of this building, (b) monies to be set aside for completion of renovations to the 6th and 7th floors"", ""explanation"": ""These identifiable CB demands are not resolved in the unqualified approval."", ""source_text_sha256"": ""08ced533dff174e876a8e72e336e10f3ca8d10af3272111a9048f9163ddad146""}]"
e75ad629024e8e5d586a,C 820363 HDM,cb_request_or_opposition,1,0,1,1,resolved,high,"CB10 approved with several substantive rehabilitation, funding, rent, reporting, and schedule conditions.",b,Sol medium with Codex source review,,"[{""source_document_id"": ""e75ad629024e8e5d586a"", ""pdf_page"": 1, ""quote"": ""Community Board #10 recommends approval of the proposed disposition of 200/02/04 W. 118th St., 351 W. 114th St., 2797-99 Frederick Douglass Blvd. to tenants, as Article XI Housing Development Fund Corporations with the following conditions:"", ""explanation"": ""This directly meets the CB request/condition definition."", ""source_text_sha256"": ""08ced533dff174e876a8e72e336e10f3ca8d10af3272111a9048f9163ddad146""}]"
e75ad629024e8e5d586a,C 820363 HDM,explicit_local_response,1,0,1,1,resolved,high,"Immediately after recording the CB's conditions, CPC requested tenant information and completion of scheduled repairs before disposition.",b,Sol medium with Codex source review,,"[{""source_document_id"": ""e75ad629024e8e5d586a"", ""pdf_page"": 1, ""quote"": ""The City-Planning Comrifisibh-rietes the Community Board's conditions -afidre-eUests the Department of Housing Preservation and Development inform the tenants about the work program for the buildings and that all scheduled repairs be completed ?rior.to the disposition of the building."", ""explanation"": ""The report explicitly links the CB conditions to CPC's response."", ""source_text_sha256"": ""08ced533dff174e876a8e72e336e10f3ca8d10af3272111a9048f9163ddad146""}]"
e75ad629024e8e5d586a,C 820363 HDM,local_request_condition,1,0,1,1,resolved,high,"CB10 conditioned approval on written work scopes, rehabilitation funding explanations, renovation funds and schedules, window installation, and rent restructuring.",b,Sol medium with Codex source review,,"[{""source_document_id"": ""e75ad629024e8e5d586a"", ""pdf_page"": 1, ""quote"": ""Community Board #10 recommends approval of the proposed disposition of 200/02/04 W. 118th St., 351 W. 114th St., 2797-99 Frederick Douglass Blvd. to tenants, as Article XI Housing Development Fund Corporations with the following conditions:"", ""explanation"": ""This introduces several substantive CB conditions."", ""source_text_sha256"": ""08ced533dff174e876a8e72e336e10f3ca8d10af3272111a9048f9163ddad146""}]"
e75ad629024e8e5d586a,C 820363 HDM,procedural_response,1,0,1,1,resolved,high,"CPC requested that HPD inform tenants about the work program, a reporting and outreach response.",b,Sol medium with Codex source review,,"[{""source_document_id"": ""e75ad629024e8e5d586a"", ""pdf_page"": 1, ""quote"": ""The City-Planning Comrifisibh-rietes the Community Board's conditions -afidre-eUests the Department of Housing Preservation and Development inform the tenants about the work program for the buildings and that all scheduled repairs be completed ?rior.to the disposition of the building."", ""explanation"": ""Informing tenants about the program is a procedural response."", ""source_text_sha256"": ""08ced533dff174e876a8e72e336e10f3ca8d10af3272111a9048f9163ddad146""}]"
e75ad629024e8e5d586a,C 820363 HDM,specific_project,1,0,1,1,resolved,high,The application names six buildings to be transferred to tenant-controlled housing corporations and documents a concrete rehabilitation and repair program.,b,Sol medium with Codex source review,,"[{""source_document_id"": ""e75ad629024e8e5d586a"", ""pdf_page"": 1, ""quote"": ""would be disposed of to an Article XI Housing Development Fund Corporation for the purpose of providing housing for low-income families."", ""explanation"": ""The named-building disposition and rehabilitation program constitute a specific project."", ""source_text_sha256"": ""08ced533dff174e876a8e72e336e10f3ca8d10af3272111a9048f9163ddad146""}]"
e7fca30f01ed17d39753,C 170382 ZSM,scale_character_preservation,1,0,0,0,resolved,high,"No local actor raised a scale or character concern or condition. CPC's statement that the garage entrance is not inconsistent with the streetscape directly applies a routine special-permit finding and does not identify a concrete character issue, which the scope instructions exclude.",a,Sol medium with Codex source review,,"[{""source_document_id"": ""e7fca30f01ed17d39753"", ""pdf_page"": 6, ""quote"": ""such parking facility will not be inconsistent with the character of the existing streetscape."", ""explanation"": ""This is the routine required finding mirrored in CPC's consideration, not a separately developed character issue."", ""source_text_sha256"": ""ca2b34904f40e1682707ada16aa3beef0a0bcedb4acb4c96da0406f07f667154""}]"
e8c5096b1e43a5e720be,C 060063 ZMR,scale_character_preservation,1,0,1,1,resolved,high,"The focal rezoning implements Growth Management Task Force recommendations concerning out-of-scale development and neighborhood compatibility. The task force includes elected and civic representatives, satisfying local scope as well as broad scope.",c,Sol medium with Codex source review,,"[{""source_document_id"": ""e8c5096b1e43a5e720be"", ""pdf_page"": 2, ""quote"": ""The Task Force recommended a number of changes that would result in less dense development that would be more compatible with the existing neighborhoods."", ""explanation"": ""Documents the substantive scale and character concern behind the focal rezoning."", ""source_text_sha256"": ""6600c9a892e023101d3e5eeb3d7c59e92fc220909f4711ce8194d26bd897a434""}]"
f0603a16d0f473d75e4a,C 020612 HAM,affordability_displacement,1,0,0,0,resolved,high,"The source describes 89 low-income senior units and CPC calls the housing needed, but no local actor or CPC analysis raises a concrete affordability, access, displacement, tenant-protection, or adequacy problem. Generic affordable-housing benefits do not make this issue positive.",c,Sol medium with Codex source review,,"[{""source_document_id"": ""f0603a16d0f473d75e4a"", ""pdf_page"": 8, ""quote"": ""The proposed project would provide needed rental housing for elderly persons of low income"", ""explanation"": ""This is a generic project benefit, insufficient by itself for the issue field."", ""source_text_sha256"": ""63d8195703f36694a7d8750a1891c3cb8aca1e28142fcd863e528cc7d24dc45b""}]"
f3085cc56cd0d4a25efb,C 220185 ZMQ,approved_unresolved_objection,0,1,1,1,resolved,medium,CPC approved without adopting or addressing the borough president's specific sustainability conditions. The report records no applicant commitment to those measures.,b,Sol medium with Codex source review,,"[{""source_document_id"": ""f3085cc56cd0d4a25efb"", ""pdf_page"": 6, ""quote"": ""the Applicant should add passive natural landscaping along the Development Site for better drainage; use permeable pavement where possible, add solar panels (or an equally sustainable design) to the proposed development’s roof; and consider LEED Silver, Gold or Platinum certification."", ""explanation"": ""These specific local conditions are documented, while the approval contains no resolution of them."", ""source_text_sha256"": ""696d82ebf427dfdf33656d755b6d2af90aaf08773b1d82a35d7a40be42fdf776""}]"
f3085cc56cd0d4a25efb,C 220185 ZMQ,traffic_parking,0,1,1,1,resolved,high,"CB7 discussed pedestrian safety at the drive-through, and the borough-president hearing elicited a prospective striping and speed-bump response.",b,Sol medium with Codex source review,,"[{""source_document_id"": ""f3085cc56cd0d4a25efb"", ""pdf_page"": 15, ""quote"": ""there was a discussion around safety measures for pedestrians walking past the drive-through lane"", ""explanation"": ""This is a substantive local traffic and curb-use concern."", ""source_text_sha256"": ""696d82ebf427dfdf33656d755b6d2af90aaf08773b1d82a35d7a40be42fdf776""}]"
f3b36ee2799e8f224a5b,C 150110 ZSM,bp_request_or_opposition,1,0,1,1,resolved,high,"The borough president made several substantive requests concerning bicycle parking location, rates, and garage signage.",b,Sol medium with Codex source review,,"[{""source_document_id"": ""f3b36ee2799e8f224a5b"", ""pdf_page"": 4, ""quote"": ""The applicant, working with the CPC, should examine whether there is sufficient space within the motor court to include these spaces. Furthermore, the applicant should include affordable bicycle parking rates on all signage for this garage."", ""explanation"": ""These are explicit borough-president requests."", ""source_text_sha256"": ""87b572ed162c963a30f05e8313957a5c087dfd5fd35bfccf730140ce094c2866""}]"
f3b36ee2799e8f224a5b,C 150110 ZSM,cb_request_or_opposition,1,0,1,1,resolved,high,CB4 approved subject to a concrete signage condition.,b,Sol medium with Codex source review,,"[{""source_document_id"": ""f3b36ee2799e8f224a5b"", ""pdf_page"": 11, ""quote"": ""recommend approval of the Application for a special permit under ZR 13-45(a)(3) and ZR 13-451 for a 53 space public parking garage at 551 West 21st Street with the condition related to signage detailed below."", ""explanation"": ""This is a substantive CB condition."", ""source_text_sha256"": ""87b572ed162c963a30f05e8313957a5c087dfd5fd35bfccf730140ce094c2866""}]"
f3b36ee2799e8f224a5b,C 150110 ZSM,explicit_local_response,1,0,1,1,resolved,high,The report explicitly links the alternative bicycle-parking location and subsequent drawing revision to the borough president's comments.,b,Sol medium with Codex source review,,"[{""source_document_id"": ""f3b36ee2799e8f224a5b"", ""pdf_page"": 7, ""quote"": ""In response to the Borough President’s comments, the letter also identified an alternative location for the required five bicycle parking spaces on the ground floor"", ""explanation"": ""This is an explicit local-request-to-response link."", ""source_text_sha256"": ""87b572ed162c963a30f05e8313957a5c087dfd5fd35bfccf730140ce094c2866""}]"
f3b36ee2799e8f224a5b,C 150110 ZSM,infrastructure_services,1,0,0,0,resolved,high,"The borough president's concern is the placement, visibility, and pricing of bicycle parking inside a private garage. That belongs in traffic_parking and does not concern transit service, public-facility capacity, utilities, sanitation, schools, or other qualifying infrastructure.",b,Sol medium with Codex source review,,"[{""source_document_id"": ""f3b36ee2799e8f224a5b"", ""pdf_page"": 4, ""quote"": ""Moving forward, the City Planning Commission (“CPC”) should work with the Department of Consumer Affairs and the Department of Buildings to ensure that new garages locate the required bike parking in a prominent location"", ""explanation"": ""This is a bicycle-parking request, not an infrastructure or public-service-capacity issue."", ""source_text_sha256"": ""87b572ed162c963a30f05e8313957a5c087dfd5fd35bfccf730140ce094c2866""}]"
f3b36ee2799e8f224a5b,C 150110 ZSM,local_request_condition,1,0,1,1,resolved,high,"The CB conditioned approval on interior garage signage, and the borough president requested visible bicycle parking, bicycle rates, and minimized street-facing signage.",b,Sol medium with Codex source review,,"[{""source_document_id"": ""f3b36ee2799e8f224a5b"", ""pdf_page"": 12, ""quote"": ""CB4 recommends approval of the Special Permit with the conditions that all signage for the garage be located within the motor court or garage area and not on any street frontage."", ""explanation"": ""This is an explicit substantive CB condition."", ""source_text_sha256"": ""87b572ed162c963a30f05e8313957a5c087dfd5fd35bfccf730140ce094c2866""}]"
f3b36ee2799e8f224a5b,C 150110 ZSM,revision_or_concession,1,0,1,1,resolved,high,The applicant relocated bicycle parking from the cellar to the ground floor and revised the application drawings.,b,Sol medium with Codex source review,,"[{""source_document_id"": ""f3b36ee2799e8f224a5b"", ""pdf_page"": 7, ""quote"": ""The applicant subsequently revised the application drawings on April 15, 2015 to reflect the relocation of the bicycle parking spaces from the cellar level to the ground floor level."", ""explanation"": ""This is a concrete application revision."", ""source_text_sha256"": ""87b572ed162c963a30f05e8313957a5c087dfd5fd35bfccf730140ce094c2866""}]"
f3b36ee2799e8f224a5b,C 150110 ZSM,scale_character_preservation,1,0,1,1,resolved,high,"The CB and borough president sought to keep signage off street frontages and minimize the garage's street presence, a design and streetscape concern.",b,Sol medium with Codex source review,,"[{""source_document_id"": ""f3b36ee2799e8f224a5b"", ""pdf_page"": 4, ""quote"": ""the Commission should ensure that the street presence of the garage is minimized."", ""explanation"": ""This is a substantive local design/character condition."", ""source_text_sha256"": ""87b572ed162c963a30f05e8313957a5c087dfd5fd35bfccf730140ce094c2866""}]"
f3b36ee2799e8f224a5b,C 150110 ZSM,traffic_parking,1,0,1,1,resolved,high,"The entire application and local recommendations substantively concern vehicle and bicycle parking, garage access, signage, traffic, and pedestrian flow.",b,Sol medium with Codex source review,,"[{""source_document_id"": ""f3b36ee2799e8f224a5b"", ""pdf_page"": 5, ""quote"": ""the required public bicycle parking spaces should be placed in a more prominent location when viewed from the street."", ""explanation"": ""This is a substantive local parking-access concern."", ""source_text_sha256"": ""87b572ed162c963a30f05e8313957a5c087dfd5fd35bfccf730140ce094c2866""}]"
f6809b0ef748b33da617,C 810436 PSK,traffic_parking,1,0,1,1,resolved,high,The community viewed the parking lot as necessary to relieve congestion and support the commercial district; CPC and the companion report also substantively assessed local traffic and reservoir space.,c,Sol medium with Codex source review,,"[{""source_document_id"": ""f6809b0ef748b33da617"", ""pdf_page"": 1, ""quote"": ""This use will help relieve congestion, promote safety and support the economic viability of the community."", ""explanation"": ""Documents a substantive community traffic and parking issue."", ""source_text_sha256"": ""30581d9b1d3b09afb1ea16e8647ec9ccb0754b709aec72fac1be392ed3297d19""}]"
