query_year,vote_date,matter_file,signature_review_id,accepted_council_districts,repair_source,repair_confidence,repair_promotion_decision,repair_evidence_type,repair_note,signature_matter_files,application_keys,zap_project_ids,zap_project_names,title_examples,matter_urls,history_detail_urls
1998,1998-01-07,Res 0002-1998,clu_geo_071,9,manual_queue_ai_review_researcher_accepted,medium,promote_with_caveat,official_geography_current_boundary_only,"Official Council Legistar text identifies ULURP C 970260 PPM / Res 0002-1998 as disposition of two city-owned Manhattan properties at 4 Hancock Place, Block 1950 Lot 55, and 350 West 124th Street, Block 1950 Lot 57; the adopted resolution approved the CPC d...",Res 0002-1998,970260PPM,P1997M0187,C-O-P,"Resolution approving with a modification the decision of the City Planning Commission on ULURP No. C 970260 PPM, for the disposition of two (2) city-owned properties located at 4 Hancock Place (Block 1950/Lot 55) and 350 West 124th Street (Block 1950/Lot 57), Manhattan (L.U. No. 1505).",https://legistar.council.nyc.gov/LegislationDetail.aspx?ID=430189&GUID=219A007B-7680-4C51-A9C3-C65C7F1D0189&Options=ID|Text|&Search=,https://legistar.council.nyc.gov/HistoryDetail.aspx?ID=2253092&GUID=3D84004D-A5F3-46F8-A1E0-4FAA8EF64FF8
1998,1998-03-18,M 0160-1998,clu_geo_072,8; 9,manual_queue_ai_review_researcher_accepted,medium,promote_with_caveat,explicit_official_district,"Official Council call-up M 0160-1998 identifies Application 980112 PPM for City Owned Properties, Manhattan. The prior official-source check reports that the related official LU record for the same application explicitly supports Manhattan Community Board 1...",M 0160-1998,980112PPM,P1998M0071,C-O-P,"Pursuant to Rule ll.20b of the Council and Section 20-226(g) of the New York City Administrative Code, the Council resolves that the action of the City Planning Commission on Uniform Land Use Review Procedure Application Number 980112 PPM shall be subject to review by the Council.",https://legistar.council.nyc.gov/LegislationDetail.aspx?ID=430843&GUID=749CFA0B-69FA-436F-AE4E-B5F6787CFD3C&Options=ID|Text|&Search=,https://legistar.council.nyc.gov/HistoryDetail.aspx?ID=2237277&GUID=E38C301F-8F6E-4AB3-9B24-EB87AFE3FFD8
1998,1998-03-18,Res 0164-1998,clu_geo_081,3,manual_queue_ai_review_researcher_accepted,medium,promote_with_caveat,official_geography_external_boundary,"Official Legistar resolution identifies a sidewalk cafe at 399 West 12th Street, Manhattan. District 3 is retained as address-based geography coding.",Res 0164-1998,360097TCM,NA,NA,"Resolution approving a motion to file pursuant to the withdrawal of the petition for a revocable consent for an unenclosed sidewalk cafe located at 399 West 12th Street, Manhattan (360097 TCM; L.U. No. 68).",https://legistar.council.nyc.gov/LegislationDetail.aspx?ID=430857&GUID=A0A4A676-EEDE-45BC-B27A-32C506F0A003&Options=ID|Text|&Search=,https://legistar.council.nyc.gov/HistoryDetail.aspx?ID=2237292&GUID=C14FB1ED-BEF4-4D07-A90A-7A95F10C4238
1998,1998-05-21,Res 0282-1998,clu_geo_073,51,manual_queue_ai_review_researcher_accepted,medium,promote_with_caveat,official_geography_external_boundary,Official Legistar resolution identifies a Special South Richmond Development District designated-open-space boundary amendment in the Marcy Avenue area of Staten Island. District 51 is retained as project-geography coding.,Res 0282-1998,970082ZRR,P1997R0054,MARCY AVE DOS REMOVAL,"Resolution approving the decision of the City Planning Commission on Application No. N 970082 ZRR, an amendment of Appendix A, Section 107-06 of the Zoning Resolution concerning the boundaries of the designated open space in the Special South Richmond Development District (L.U. No. 128).",https://legistar.council.nyc.gov/LegislationDetail.aspx?ID=431294&GUID=A2BBF4C3-5491-452C-990E-22AA640A1646&Options=ID|Text|&Search=,https://legistar.council.nyc.gov/HistoryDetail.aspx?ID=2238710&GUID=480F07CA-6C78-42D9-BD02-C6E1299EC047
1998,1998-05-21,Res 0283-1998,clu_geo_074,3,manual_queue_ai_review_researcher_accepted,medium,promote_with_caveat,official_geography_external_boundary,"Official NYC Council/HPD UDAAP resolution identifies a single Manhattan disposition area: 105 West 17 Street, Block 793/Lot 32, application 372098HAM. The Council district is not explicitly stated in the official text; District 3 is accepted as an externall...",Res 0283-1998,372098HAM,NA,NA,"Resolution approving an Urban Development Action Area Project located at 105 West 17 Street (Block 793/Lot 32), Manhattan, and waiving the urban development action area designation requirement and the Uniform Land Use Review Procedure, pursuant to Sections 693 and 694 of the General Municipal Law (L.U. No. 131; 372098 HAM).",https://legistar.council.nyc.gov/LegislationDetail.aspx?ID=431295&GUID=1C61DF38-1F5C-4655-9648-0963BAF1F876&Options=ID|Text|&Search=,https://legistar.council.nyc.gov/HistoryDetail.aspx?ID=2238711&GUID=CFE601B6-B875-4DAB-A080-E5670C8E620D
1998,1998-06-04,Res 0318-1998,clu_geo_075,33,manual_queue_ai_review_researcher_accepted,medium,promote_with_caveat,official_geography_external_boundary,"Official Council Resolution 0318-1998 identifies ULURP C 970339 PQK / L.U. No. 114 as an acquisition of privately owned property at 314 Rutledge Street, Brooklyn, Block 2228 Lot 16, for continued use as a garage. District 33 is accepted as external coding f...",Res 0318-1998,970339PQK,P1997K0255,BKLYN NORTH GARAGE 3A,"Resolution approving the decision of the City Planning Commission on ULURP No. C 970339 PQK (L.U. No. 114), an acquisition of privately-owned property located at 314 Rutledge Street, Brooklyn, for continued use as a garage.",https://legistar.council.nyc.gov/LegislationDetail.aspx?ID=431455&GUID=C4596694-7DC2-4AD9-93C3-A7337E57CD7E&Options=ID|Text|&Search=,https://legistar.council.nyc.gov/HistoryDetail.aspx?ID=2239293&GUID=B083AA1E-1FA2-433A-BA5D-A6E6EBB44906
1998,1998-06-05,Res 0322-1998,clu_geo_076,9,manual_queue_ai_review_researcher_accepted,medium,promote_with_caveat,official_geography_external_boundary,"Official Council Resolution 0322-1998 identifies the Lafayette Theater UDAAP disposition area by Manhattan blocks and lots: Blocks 1729, 1914, 1916, 1917, and 1918 with listed lots. The deterministic text-BBL/block-lot pass places the matched official geogr...",Res 0322-1998,159098HAM,NA,NA,"Resolution approving an Urban Development Action Area Project for the Lafayette Theater located at (Block 1729/Lots 62, 64 and 163; Block 1914/Lots 6, 7, 8, 11, 12, 16, 115 and 42; Block 1916/Lots 45, 46, 146, 49 and 149; Block 1917/Lots 20 and 119; and Block 1918/Lots 56, 57, 58, 59 and 157), Manhattan, and waiving the urban development action area designation requirement and the Uniform Land Use Review Procedure, pursuant to Sections 693 and 694 of the General Municipal Law (L.U. No. 35; 159098 HAM).",https://legistar.council.nyc.gov/LegislationDetail.aspx?ID=431459&GUID=5D9E9D41-B3BE-4459-89E9-AC666B570930&Options=ID|Text|&Search=,https://legistar.council.nyc.gov/HistoryDetail.aspx?ID=2239297&GUID=D84A0A00-5AC8-459C-B857-C49181E86B3D
1998,1998-06-24,Res 0346-1998,clu_geo_077,39,manual_queue_ai_review_researcher_accepted,medium,promote_with_caveat,official_geography_external_boundary,"Official Council Resolution 0346-1998 identifies the Brooklyn UDAAP properties as 9 Fourth Street (Block 464 Lot 65), 15 Prospect Place (Block 935 Lot 71), 232 Fifth Avenue (Block 958 Lot 42), and 320 Fifth Avenue (Block 974 Lot 42), Brooklyn. The determini...",Res 0346-1998,349098HAK,NA,NA,"Resolution approving an Urban Development Action Area Project located at 9 Fourth Street (Block 464/Lot 65), 15 Prospect Place (Block 935/Lot 71), 232 Fifth Avenue (Block 958/Lot 42) and 320 Fifth Avenue (Block 974/Lot 42), Brooklyn, and waiving the urban development action area designation requirement and the Uniform Land Use Review Procedure, pursuant to Sections 693 and 694 of the General Municipal Law (L.U. No. 122; 349098 HAK).",https://legistar.council.nyc.gov/LegislationDetail.aspx?ID=431517&GUID=410C107A-E60F-45C4-9BC7-3C293771835F&Options=ID|Text|&Search=,https://legistar.council.nyc.gov/HistoryDetail.aspx?ID=2239498&GUID=D2349C37-7C98-4A96-8939-6412770E3FA3
1998,1998-09-17,Res 0486-1998,clu_geo_078,6,manual_queue_ai_review_researcher_accepted,medium,promote_with_caveat,official_geography_external_boundary,"Official Legistar resolution identifies a sidewalk cafe at 154 West 70th Street, Manhattan. District 6 is retained as address-based geography coding.",Res 0486-1998,19985290TCM,NA,NA,"Resolution approving the petition for a revocable consent for an unenclosed sidewalk cafe located at 154 West 70th Street, Manhattan (19985290 TCM; L.U. No. 239).",https://legistar.council.nyc.gov/LegislationDetail.aspx?ID=431868&GUID=D54DCCBC-CC41-492D-9F13-B689B7E63753&Options=ID|Text|&Search=,https://legistar.council.nyc.gov/HistoryDetail.aspx?ID=2240740&GUID=7B8964A4-2C47-4D13-A3F9-3559F58EB451
1998,1998-09-24,M 0362-1998,clu_geo_003,1,manual_queue_ai_review_researcher_accepted,high,promote,explicit_official_district,Prior official-source check reports that the related official Legistar LU record for Application 19985310 TCM explicitly supports Manhattan and Council District 1 for the 361 Greenwich Street sidewalk cafe.,M 0362-1998,19985310TCM,NA,NA,"By Council Member Freed: Pursuant to Rule 11.20b of the Council and Section 20-220(g) of the New York City Administrative Code, the Council resolves that the action of the Department of Transportation approving an unenclosed sidewalk cafe located at 361 Greenwich Street shall be subject to review by the Council. Application Number 19985310 TCM",https://legistar.council.nyc.gov/LegislationDetail.aspx?ID=431911&GUID=407441AC-10AC-41F2-B117-1771F73B6DE3&Options=ID|Text|&Search=,https://legistar.council.nyc.gov/HistoryDetail.aspx?ID=2240904&GUID=B479DBE9-CA42-4C75-B96F-487120940AB2
1998,1998-10-08,M 0370-1998,clu_geo_079,47,manual_queue_ai_review_researcher_accepted,medium,promote_with_caveat,official_geography_external_boundary,"Official Council call-up M 0370-1998 identifies ULURP C 980494 PQK / 2012 Neptune Avenue, Brooklyn. The queue's official ZAP project and BBL evidence ties C980494PQK/P1998K0262 to Brooklyn Block 7018 Lots 1 and 7, and the deterministic pass places those lot...",M 0370-1998,980494PQK,P1998K0262,DOS CD 13 GARAGE,"By Council Member Lasher: Pursuant to Rule 11.20b of the Council and Section 197-d(b)(3) of the New York City Charter, the Council resolves that the action of the City Planning Commission on Uniform Land Use Review Procedure Application Number 980494PQK shall be subject to review by the Council.",https://legistar.council.nyc.gov/LegislationDetail.aspx?ID=431925&GUID=CC902C58-3653-4779-AA44-F89E8C118564&Options=ID|Text|&Search=,https://legistar.council.nyc.gov/HistoryDetail.aspx?ID=2240956&GUID=9B2F51EF-166D-41B7-9F12-F5BA92D1D6BD
1998,1998-10-22,Res 0505-1998,clu_geo_070,1,manual_queue_ai_review_researcher_accepted,medium,promote_with_caveat,official_geography_external_boundary,"Official Council/LPC landmark resolutions identify the two Manhattan landmark sites as 480 Greenwich Street aka 502 Canal Street, Block 595 Lot 40, and 508 Canal Street, Block 595 Lot 37. The district assignment is externally coded from exact project geogra...",Res 0505-1998; Res 0508-1998,19995003HKM; 990010HKM; 19995006HKM; 990013HKM,P1999M0007; P1999M0010,480 GREENWICH/502 CANAL ST HSE; 508 CANAL ST HOUSE,"Resolution approving the designation by the Landmarks Preservation Commission of 480 Greenwich Street/502 Canal Street House (John Y. Smith House), located at 480 Greenwich Street, aka 502 Canal Street, Manhattan, Designation List No. 295, LP-1989 (L.U. No. 221; 19995003 HKM; N 990010 HKM).; Resolution approving the designation by the Landmarks Preservation Commission of 508 Canal Street House, located at 508 Canal Street, Manhattan, Designation List No. 295, LP-1992 (L.U. No. 224; 19995006 HKM; N 990013 HKM).",https://legistar.council.nyc.gov/LegislationDetail.aspx?ID=432032&GUID=229E2B65-4622-44E1-9BC0-85C9CB835E59&Options=ID|Text|&Search=; https://legistar.council.nyc.gov/LegislationDetail.aspx?ID=432034&GUID=61206EFF-34AF-4702-A279-0A699E1CB2AF&Options=ID|Text|&Search=,https://legistar.council.nyc.gov/HistoryDetail.aspx?ID=2241392&GUID=A20B1F93-0E16-4A29-838E-EEDDCB363511; https://legistar.council.nyc.gov/HistoryDetail.aspx?ID=2241394&GUID=77581782-AF3C-430E-BA3E-2B09D3E7E221
1998,1998-10-22,Res 0508-1998,clu_geo_070,1,manual_queue_ai_review_researcher_accepted,medium,promote_with_caveat,official_geography_external_boundary,"Official Council/LPC landmark resolutions identify the two Manhattan landmark sites as 480 Greenwich Street aka 502 Canal Street, Block 595 Lot 40, and 508 Canal Street, Block 595 Lot 37. The district assignment is externally coded from exact project geogra...",Res 0505-1998; Res 0508-1998,19995003HKM; 990010HKM; 19995006HKM; 990013HKM,P1999M0007; P1999M0010,480 GREENWICH/502 CANAL ST HSE; 508 CANAL ST HOUSE,"Resolution approving the designation by the Landmarks Preservation Commission of 480 Greenwich Street/502 Canal Street House (John Y. Smith House), located at 480 Greenwich Street, aka 502 Canal Street, Manhattan, Designation List No. 295, LP-1989 (L.U. No. 221; 19995003 HKM; N 990010 HKM).; Resolution approving the designation by the Landmarks Preservation Commission of 508 Canal Street House, located at 508 Canal Street, Manhattan, Designation List No. 295, LP-1992 (L.U. No. 224; 19995006 HKM; N 990013 HKM).",https://legistar.council.nyc.gov/LegislationDetail.aspx?ID=432032&GUID=229E2B65-4622-44E1-9BC0-85C9CB835E59&Options=ID|Text|&Search=; https://legistar.council.nyc.gov/LegislationDetail.aspx?ID=432034&GUID=61206EFF-34AF-4702-A279-0A699E1CB2AF&Options=ID|Text|&Search=,https://legistar.council.nyc.gov/HistoryDetail.aspx?ID=2241392&GUID=A20B1F93-0E16-4A29-838E-EEDDCB363511; https://legistar.council.nyc.gov/HistoryDetail.aspx?ID=2241394&GUID=77581782-AF3C-430E-BA3E-2B09D3E7E221
1998,1998-12-17,M 0450-1998,clu_geo_080,1,manual_queue_ai_review_researcher_accepted,medium,promote_with_caveat,official_geography_external_boundary,"Official Council call-up M 0450-1998 identifies ULURP 980576 ZSM, and the queue's ZAP/MapPLUTO linkage ties the project to 45 Greene Street / BBL 1004757506. The deterministic pass places that exact site in Council District 1. No official source in this pas...",M 0450-1998,980576ZSM,P1998M0308,45 GREENE STREET,"By Council Member Freed: Pursuant to Rule 11.20(b) of the Council and Section 197-d(b)(3) of the New York City Charter, the Council hereby resolves that the action of the City Planning Commission on Uniform Land Use Procedure Application Number 980576 ZSM shall be subject to review by the Council.",https://legistar.council.nyc.gov/LegislationDetail.aspx?ID=432151&GUID=B2E719E5-583D-4FF8-AAF9-B3636AAA42CD&Options=ID|Text|&Search=,https://legistar.council.nyc.gov/HistoryDetail.aspx?ID=2242013&GUID=4906EFBC-103E-44D4-AE39-1771FEE1852F
1999,1999-02-10,Res 0617-1999,clu_geo_087,33,remaining_queue_ai_review_researcher_adjudicated,medium,promote_with_caveat,official_geography_external_boundary,Official Council/DCP geography identifies ULURP C 990092 ZMK as a Brooklyn Community District 1 zoning map amendment on Zoning Map Section 12d. The bounded rezoning areas are: (1) property bounded by a line midway between South 10th Street and South 11th St...,Res 0617-1999,990092ZMK,P1999K0085,KENT AVE REZONING/PARK PLAZA,"Resolution approving the decision of the City Planning Commission on ULURP No. C 990092 ZMK, a Zoning Map Change (L.U. No. 258).",https://legistar.council.nyc.gov/LegislationDetail.aspx?ID=432328&GUID=7380BCE3-AF04-48AF-9E4A-77395F1F3111&Options=ID|Text|&Search=,https://legistar.council.nyc.gov/HistoryDetail.aspx?ID=2242615&GUID=3BF665E7-A9ED-498A-883B-74EF9522E990
1999,1999-03-16,M 0522-1999,clu_geo_088,32,manual_queue_ai_review_researcher_accepted,medium,promote_with_caveat,official_geography_external_boundary,Official Legistar material identifies Lindenwood Commons and related elimination/discontinuance/closing of portions of 79th Street and Dumont Avenue in Queens. District 32 is retained as project-geography coding.,M 0522-1999,910331MMQ; 910332ZMQ,P1991Q0294,LINDENWOOD COMMONS,"Pursuant to Rule 11.20(c) of th Council and Section 197-d(b)(3) of the New York City Charter, the Council hereby resolves that the action of the City Planning Commission on Uniform Land Use Procedure Application Number 910331 MMQ, the proposed elimination, discontinuing and closing of a portion of 79th Street and a portion of Dumont Avenue shall be subject to Council review. This applicatin is related to application number 910332 ZMQ which is subject to Council review pursuant to Section 197-d of the New York City Charter.",https://legistar.council.nyc.gov/LegislationDetail.aspx?ID=432428&GUID=4E37D5EB-BD49-4D2A-B474-8E36055EAD38&Options=ID|Text|&Search=,https://legistar.council.nyc.gov/HistoryDetail.aspx?ID=2243057&GUID=0C916B7E-D745-4F93-925A-6003A4D8B0C5
1999,1999-03-30,Res 0708-1999,clu_geo_089,33,manual_queue_ai_review_researcher_accepted,medium,promote_with_caveat,official_geography_external_boundary,"Official Council Resolution 0708-1999 identifies Application N 990001 ZRK as a zoning text amendment specifying Special Mixed Use District MX-2 in Fulton Ferry, Brooklyn, related to zoning map amendment C 980584 ZMK. Official ZAP BBLs for the related projec...",Res 0708-1999,990001ZRK,P1999K0001,WASHINGTON ST TEXT,"Resolution approving the decision of the City Planning Commission on Application No. N 990001 ZRK, an amendment to the text of the Zoning Resolution regarding Article XII, Chapter 3 (Special Mixed Use District) specifying a Special Mixed Use District (MX-2) in Fulton Ferry (L.U. No. 287).",https://legistar.council.nyc.gov/LegislationDetail.aspx?ID=432515&GUID=EEB7F329-B84E-4C0D-9715-8CFC8DBDD0B7&Options=ID|Text|&Search=,https://legistar.council.nyc.gov/HistoryDetail.aspx?ID=2243301&GUID=986D2324-FD43-4A8B-BFB4-6DB61BAA1798
1999,1999-04-14,Res 0726-1999,clu_geo_086,17; 31,manual_queue_ai_review_researcher_accepted,medium,promote_with_caveat,official_geography_external_boundary,"Official Council Resolution 0726-1999 identifies Waters Edge Phase I in Queens by block/lots, and Resolution 0727-1999 identifies a separate Franklin Avenue Cluster / Bronx UDAAP by addresses and block/lots. The deterministic pass captured only the Bronx Di...",Res 0726-1999; Res 0727-1999,19995357HAQ,NA,NA,"Resolution approving an Urban Development Action Area Project, Waters Edge-Phase 1, located at Block 15902/Lots 6, p/o 16; Block 15903/Lot p/o 3; Block 15932/Lot 37), Queens, and waiving the urban development action area designation requirement and the Uniform Land Use Review Procedure, pursuant to Sections 693 and 694 of the General Municipal Law (L.U. No. 395; 19995357 HAQ).; Resolution approving an Urban Development Action Area Project located at 584 East 167 Street (Block 2613/Lot 17), 605 East 168 Street, aka 1224 Franklin Avenue (Block 2615/Lot 1), 612 East 168 Street (Block 2614/Lot 26), 1142 Franklin Avenue (Block 2613/Lot 15), 1144 Franklin Avenue (Block 2613/Lot 16), 1254 Franklin Avenue (Block 2615/Lot 12), 1125 Boston Road (Block 2613/Lot 32), and 1233 Boston Road (Block 2615/Lot 52), the Bronx, and waiving the urban development action area designation requirement and the Uniform Land Use Review Procedure, pursuant to Sections 693 and 694 of the General M",https://legistar.council.nyc.gov/LegislationDetail.aspx?ID=432604&GUID=A254AB87-D78F-40EA-BCE0-7A242E1D4303&Options=ID|Text|&Search=; https://legistar.council.nyc.gov/LegislationDetail.aspx?ID=432606&GUID=B339E9DD-1166-4AB1-950E-0E5A79413953&Options=ID|Text|&Search=,https://legistar.council.nyc.gov/HistoryDetail.aspx?ID=2243817&GUID=34563DFF-7F59-42E2-99E9-B831F39DD3E7; https://legistar.council.nyc.gov/HistoryDetail.aspx?ID=2243826&GUID=2739DF78-3AAC-42D5-BF29-D9491FF2BA67
1999,1999-04-14,Res 0727-1999,clu_geo_086,17; 31,manual_queue_ai_review_researcher_accepted,medium,promote_with_caveat,official_geography_external_boundary,"Official Council Resolution 0726-1999 identifies Waters Edge Phase I in Queens by block/lots, and Resolution 0727-1999 identifies a separate Franklin Avenue Cluster / Bronx UDAAP by addresses and block/lots. The deterministic pass captured only the Bronx Di...",Res 0726-1999; Res 0727-1999,19995357HAQ,NA,NA,"Resolution approving an Urban Development Action Area Project, Waters Edge-Phase 1, located at Block 15902/Lots 6, p/o 16; Block 15903/Lot p/o 3; Block 15932/Lot 37), Queens, and waiving the urban development action area designation requirement and the Uniform Land Use Review Procedure, pursuant to Sections 693 and 694 of the General Municipal Law (L.U. No. 395; 19995357 HAQ).; Resolution approving an Urban Development Action Area Project located at 584 East 167 Street (Block 2613/Lot 17), 605 East 168 Street, aka 1224 Franklin Avenue (Block 2615/Lot 1), 612 East 168 Street (Block 2614/Lot 26), 1142 Franklin Avenue (Block 2613/Lot 15), 1144 Franklin Avenue (Block 2613/Lot 16), 1254 Franklin Avenue (Block 2615/Lot 12), 1125 Boston Road (Block 2613/Lot 32), and 1233 Boston Road (Block 2615/Lot 52), the Bronx, and waiving the urban development action area designation requirement and the Uniform Land Use Review Procedure, pursuant to Sections 693 and 694 of the General M",https://legistar.council.nyc.gov/LegislationDetail.aspx?ID=432604&GUID=A254AB87-D78F-40EA-BCE0-7A242E1D4303&Options=ID|Text|&Search=; https://legistar.council.nyc.gov/LegislationDetail.aspx?ID=432606&GUID=B339E9DD-1166-4AB1-950E-0E5A79413953&Options=ID|Text|&Search=,https://legistar.council.nyc.gov/HistoryDetail.aspx?ID=2243817&GUID=34563DFF-7F59-42E2-99E9-B831F39DD3E7; https://legistar.council.nyc.gov/HistoryDetail.aspx?ID=2243826&GUID=2739DF78-3AAC-42D5-BF29-D9491FF2BA67
1999,1999-06-30,Res 0885-1999,clu_geo_090,9,manual_queue_ai_review_researcher_accepted,medium,promote_with_caveat,official_geography_external_boundary,"Official Council Resolution 0885-1999 identifies the West 149th Street Cluster UDAAP addresses and block/lots, with Block 2034 Lots 52 and 53 withdrawn before adoption. The deterministic text-BBL/block-lot pass places the remaining official project geograph...",Res 0885-1999,19995022HAM,NA,NA,"Resolution approving an Urban Development Action Area Project located at 224-26 West 149 Street (Block 2034/Lot 48), 228 West 149 Street (Block 2034/Lot 50), 240-42 West 149 Street (Block 2034/Lot 55), 244-46 West 149 Street (Block 2034/Lot 56), 248-50 West 149 Street (Block 2034/Lot 58) and 2800 8 Avenue, a/k/a 298 West 149 Street (Block 2034/Lot 61), Manhattan, and waiving the urban development action area designation requirement and the Uniform Land Use Review Procedure, pursuant to Sections 693 and 694 of the General Municipal Law (L.U. No. 205A; 19995022 HAM).",https://legistar.council.nyc.gov/LegislationDetail.aspx?ID=433096&GUID=B3CF0886-3EBF-45D6-8DF1-A4872D86F2E1&Options=ID|Text|&Search=,https://legistar.council.nyc.gov/HistoryDetail.aspx?ID=2245509&GUID=69A36FD6-AA38-459E-8D44-629F09E30784
1999,1999-07-21,Res 0929-1999,clu_geo_091,28,manual_queue_ai_review_researcher_accepted,medium,promote_with_caveat,official_geography_external_boundary,"Official Council Resolution 0929-1999 identifies the Sutphin Boulevard UDAAP properties as 109-02/04 Sutphin Boulevard (Block 11947 Lot 278), 110-18 Sutphin Boulevard (Block 11951 Lot 4), and 110-20 Sutphin Boulevard (Block 11951 Lot 5), Queens. The determi...",Res 0929-1999,19995473HAQ,NA,NA,"Resolution approving an Urban Development Action Area Project located at 109-02/04 Sutphin Boulevard (Block 11947/Lot 278), 110-18 Sutphin Boulevard (Block 11951/Lot 4), and 110-20 Sutphin Boulevard (Block 11951/Lot 5), Queens, and waiving the urban development action area designation requirement and the Uniform Land Use Review Procedure, pursuant to Sections 693 and 694 of the General Municipal Law (Preconsidered L.U. No. 481; 19995473 HAQ).",https://legistar.council.nyc.gov/LegislationDetail.aspx?ID=433206&GUID=226246DC-606A-4442-897A-5E8BCC76BEE9&Options=ID|Text|&Search=,https://legistar.council.nyc.gov/HistoryDetail.aspx?ID=2245890&GUID=E7BD6A60-48DB-4A40-A078-1BDC161FD550
1999,1999-08-11,M 0629-1999,clu_geo_092,22,manual_queue_ai_review_researcher_accepted,medium,promote_with_caveat,official_geography_external_boundary,"Official Council Legistar record identifies an unenclosed sidewalk cafe at 32-21 Broadway, Queens. District 22 is retained as address-based geography coding.",M 0629-1999,19995337TCQ,NA,NA,"Pursuant to Rule 11.20b of the Council and Section 20 - 225(g) of the New York City Administrative Code, the Council resolves that the action of the Department of Transportation approving an unenclosed sidewalk cafe located at 32-21 Broadway, Queens, (19995337 TCQ) shall be subject to review by the council.",https://legistar.council.nyc.gov/LegislationDetail.aspx?ID=433213&GUID=AAF37841-4E11-4522-A0E0-E9D8CB4519B0&Options=ID|Text|&Search=,https://legistar.council.nyc.gov/HistoryDetail.aspx?ID=2245904&GUID=C3224596-C345-4A31-B445-E1485AE8572B
1999,1999-09-09,M 0638-1999,clu_geo_093,8,manual_queue_ai_review_researcher_accepted,medium,promote_with_caveat,official_geography_external_boundary,"Official Council call-up M 0638-1999 identifies Application 980699 MMM, a Manhattan city-map amendment related to Application 990098 ZMM. The queue's official DCP/CPC and ZAP evidence identifies the East River Plaza project geography in East Harlem and maps...",M 0638-1999,980699MMM; 990098ZMM,P1998M0387; P1999M0079,EAST RIVER PLAZA; EAST RIVER PLAZA/C-O-P,"Pursuant to Rule 11.20(c) of the Council and Section 197-d(b)(3) of the New York City Charter, the Council hereby resolves that the action of the City Planning Commission on Uniform Land Use Procedure Application no. 980699 MMM, an amendment to the city map, shall be subject to Council review. This application is related to application no. 990098 ZMM which is subject to Council review pursuant to Section 197-d of the New York City Charter.",https://legistar.council.nyc.gov/LegislationDetail.aspx?ID=433292&GUID=CFFA73B1-955B-4B6C-B709-DBF09EDDD53F&Options=ID|Text|&Search=,https://legistar.council.nyc.gov/HistoryDetail.aspx?ID=2246112&GUID=038CAF0E-D2AE-4040-81CD-4819D719A9DE
1999,1999-11-10,M 0670-1999,clu_geo_094,22,manual_queue_ai_review_researcher_accepted,medium,promote_with_caveat,official_geography_external_boundary,"Official Legistar evidence identifies an unenclosed sidewalk cafe at 33-02 Broadway, Astoria, Queens, with Vallone sponsorship. District 22 is retained as address/local-member geography coding.",M 0670-1999,NA,NA,NA,"By The Speaker (Council Member Vallone): Pursuant to Rule 11.20b of the Council and Section 20-226(g) of the New York City Administrative Code, the Council resolves that the action of the Department of Transportation approving an unenclosed sidewalk café located at 33-02 Broadway, Astoria, NY d/b/a/ Café Kolonaki, Inc. shall be subject to review by the Council.",https://legistar.council.nyc.gov/LegislationDetail.aspx?ID=433472&GUID=767E1E08-719B-4720-9ED4-2F1431803DC9&Options=ID|Text|&Search=,https://legistar.council.nyc.gov/HistoryDetail.aspx?ID=2246744&GUID=551DCAE6-C2C3-429F-99F2-2C6C4D1F3533
2000,2000-06-05,M 0868-2000,clu_geo_065,2; 25; 34,remaining_queue_ai_review_researcher_adjudicated,high,promote_with_caveat,explicit_official_district,Matter-level decomposition resolves the bundled call-up. Official Council materials identify the Queens Center Mall-related zoning/disposition/special permit/map actions as Council District 25; the Maujer Street Urban Renewal Plan-related Brooklyn action as...,M 0868-2000; M 0869-2000; M 0870-2000; M 0871-2000; M 0872-2000; M 0873-2000; M 0874-2000,20000222PPQ; 20000221ZMQ; 20000223ZSQ; 20000221ZMQ; 20000224ZSQ; 20000221ZMQ; 20000225ZSQ; 20000221ZMQ; 19990666MMQ; 20000221ZMQ; 970327HDK; 970371HUK; 20005261TCM,P1997K0271,MAUJER ST URP,"By the Chair of the Land Use Committee Council Member Eisland: Pursuant to Rule 11.20(c) of the Council and Section 197-d(b)(3) of the New York City Charter, the Council hereby resolves that the action of the City Planning Commission on Uniform Land Use Procedure Application Number 20000222 PPQ, disposition of city owned property shall be subject to Council review. This application is related to application number 20000221 ZMQ which is subject to Council review pursuant to Section 197-d of the New York City Charter.; By the Chair of the Land Use Committee Council Member Eisland: Pursuant to Rule 11.20(c) of the Council and Section 197-d(b)(3) of the New York City Charter, the Council hereby resolves that the action of the City Planning Commission on Uniform Land Use Procedure Application Number 20000223 ZSQ, special permit shall be subject to Council review. This application is related to application number 20000221 ZMQ which is subject to Council review pursuant to Section 197-d of the New York City Charter.; By the Chair of the Land Use Committee Council Member Eisland: Pursuant to Rule 11.20(c) of the Council and Section 197-d(b)(3) of the New York City Charter, the Council hereby resolves that the action of the City Planning Commission on Uniform Land Use Procedure Application Number 20000224 ZSQ, special permit shall be subject to Council review. This application is related to application number 20000221 ZMQ which is subject to Council review pursuant to Section 197-d of the New York City Charter.",https://legistar.council.nyc.gov/LegislationDetail.aspx?ID=434542&GUID=97C75047-972C-4BC0-99D9-8AC16F0E06EE&Options=ID|Text|&Search=; https://legistar.council.nyc.gov/LegislationDetail.aspx?ID=434543&GUID=BB27080D-19A0-48A2-B2EE-CD2FEBBF4866&Options=ID|Text|&Search=; https://legistar.council.nyc.gov/LegislationDetail.aspx?ID=434544&GUID=04FB6E4F-3382-4416-A0CE-7A9C14B18D41&Options=ID|Text|&Search=; https://legistar.council.nyc.gov/LegislationDetail.aspx?ID=434545&GUID=7BF95710-FD9B-4AFE-946F-2950C8C90A88&Options=ID|Text|&Search=; https://legistar.council.nyc.gov/LegislationDetail.aspx?ID=434546&GUID=533A15F9-A513-411D-A8E4-6FD4C43F621C&Options=ID|Text|&Search=; https://legistar.council.nyc.gov/LegislationDetail.aspx?ID=434569&GUID=281F206E-762A-4B71-A770-5650B969F416&Options=ID|Text|&Search=; https://legistar.council.nyc.gov/LegislationDetail.aspx?ID=434547&GUID=CABDA35C-C885-4412-BF0F-841AAC3B4325&Options=ID|Text|&Search=,https://legistar.council.nyc.gov/HistoryDetail.aspx?ID=2252087&GUID=090103BC-3F20-43FF-A596-212E94A47718; https://legistar.council.nyc.gov/HistoryDetail.aspx?ID=2252088&GUID=7C639D5D-A18D-4BBF-9985-6C17CF4B9596; https://legistar.council.nyc.gov/HistoryDetail.aspx?ID=2252089&GUID=AD0F807B-3535-485F-A64C-9042A321E62D; https://legistar.council.nyc.gov/HistoryDetail.aspx?ID=2252090&GUID=37473AD9-039B-4865-99E0-3E57E09DE043; https://legistar.council.nyc.gov/HistoryDetail.aspx?ID=2252091&GUID=34DA1695-64A7-49F2-8A63-689B1BFA236A; https://legistar.council.nyc.gov/HistoryDetail.aspx?ID=2252189&GUID=74196B95-CB11-48BC-ABBB-003B8C3F481A; https://legistar.council.nyc.gov/HistoryDetail.aspx?ID=2252092&GUID=31A3A158-4889-440E-94DA-6F77217E2977
2000,2000-06-05,M 0869-2000,clu_geo_065,2; 25; 34,remaining_queue_ai_review_researcher_adjudicated,high,promote_with_caveat,explicit_official_district,Matter-level decomposition resolves the bundled call-up. Official Council materials identify the Queens Center Mall-related zoning/disposition/special permit/map actions as Council District 25; the Maujer Street Urban Renewal Plan-related Brooklyn action as...,M 0868-2000; M 0869-2000; M 0870-2000; M 0871-2000; M 0872-2000; M 0873-2000; M 0874-2000,20000222PPQ; 20000221ZMQ; 20000223ZSQ; 20000221ZMQ; 20000224ZSQ; 20000221ZMQ; 20000225ZSQ; 20000221ZMQ; 19990666MMQ; 20000221ZMQ; 970327HDK; 970371HUK; 20005261TCM,P1997K0271,MAUJER ST URP,"By the Chair of the Land Use Committee Council Member Eisland: Pursuant to Rule 11.20(c) of the Council and Section 197-d(b)(3) of the New York City Charter, the Council hereby resolves that the action of the City Planning Commission on Uniform Land Use Procedure Application Number 20000222 PPQ, disposition of city owned property shall be subject to Council review. This application is related to application number 20000221 ZMQ which is subject to Council review pursuant to Section 197-d of the New York City Charter.; By the Chair of the Land Use Committee Council Member Eisland: Pursuant to Rule 11.20(c) of the Council and Section 197-d(b)(3) of the New York City Charter, the Council hereby resolves that the action of the City Planning Commission on Uniform Land Use Procedure Application Number 20000223 ZSQ, special permit shall be subject to Council review. This application is related to application number 20000221 ZMQ which is subject to Council review pursuant to Section 197-d of the New York City Charter.; By the Chair of the Land Use Committee Council Member Eisland: Pursuant to Rule 11.20(c) of the Council and Section 197-d(b)(3) of the New York City Charter, the Council hereby resolves that the action of the City Planning Commission on Uniform Land Use Procedure Application Number 20000224 ZSQ, special permit shall be subject to Council review. This application is related to application number 20000221 ZMQ which is subject to Council review pursuant to Section 197-d of the New York City Charter.",https://legistar.council.nyc.gov/LegislationDetail.aspx?ID=434542&GUID=97C75047-972C-4BC0-99D9-8AC16F0E06EE&Options=ID|Text|&Search=; https://legistar.council.nyc.gov/LegislationDetail.aspx?ID=434543&GUID=BB27080D-19A0-48A2-B2EE-CD2FEBBF4866&Options=ID|Text|&Search=; https://legistar.council.nyc.gov/LegislationDetail.aspx?ID=434544&GUID=04FB6E4F-3382-4416-A0CE-7A9C14B18D41&Options=ID|Text|&Search=; https://legistar.council.nyc.gov/LegislationDetail.aspx?ID=434545&GUID=7BF95710-FD9B-4AFE-946F-2950C8C90A88&Options=ID|Text|&Search=; https://legistar.council.nyc.gov/LegislationDetail.aspx?ID=434546&GUID=533A15F9-A513-411D-A8E4-6FD4C43F621C&Options=ID|Text|&Search=; https://legistar.council.nyc.gov/LegislationDetail.aspx?ID=434569&GUID=281F206E-762A-4B71-A770-5650B969F416&Options=ID|Text|&Search=; https://legistar.council.nyc.gov/LegislationDetail.aspx?ID=434547&GUID=CABDA35C-C885-4412-BF0F-841AAC3B4325&Options=ID|Text|&Search=,https://legistar.council.nyc.gov/HistoryDetail.aspx?ID=2252087&GUID=090103BC-3F20-43FF-A596-212E94A47718; https://legistar.council.nyc.gov/HistoryDetail.aspx?ID=2252088&GUID=7C639D5D-A18D-4BBF-9985-6C17CF4B9596; https://legistar.council.nyc.gov/HistoryDetail.aspx?ID=2252089&GUID=AD0F807B-3535-485F-A64C-9042A321E62D; https://legistar.council.nyc.gov/HistoryDetail.aspx?ID=2252090&GUID=37473AD9-039B-4865-99E0-3E57E09DE043; https://legistar.council.nyc.gov/HistoryDetail.aspx?ID=2252091&GUID=34DA1695-64A7-49F2-8A63-689B1BFA236A; https://legistar.council.nyc.gov/HistoryDetail.aspx?ID=2252189&GUID=74196B95-CB11-48BC-ABBB-003B8C3F481A; https://legistar.council.nyc.gov/HistoryDetail.aspx?ID=2252092&GUID=31A3A158-4889-440E-94DA-6F77217E2977
2000,2000-06-05,M 0870-2000,clu_geo_065,2; 25; 34,remaining_queue_ai_review_researcher_adjudicated,high,promote_with_caveat,explicit_official_district,Matter-level decomposition resolves the bundled call-up. Official Council materials identify the Queens Center Mall-related zoning/disposition/special permit/map actions as Council District 25; the Maujer Street Urban Renewal Plan-related Brooklyn action as...,M 0868-2000; M 0869-2000; M 0870-2000; M 0871-2000; M 0872-2000; M 0873-2000; M 0874-2000,20000222PPQ; 20000221ZMQ; 20000223ZSQ; 20000221ZMQ; 20000224ZSQ; 20000221ZMQ; 20000225ZSQ; 20000221ZMQ; 19990666MMQ; 20000221ZMQ; 970327HDK; 970371HUK; 20005261TCM,P1997K0271,MAUJER ST URP,"By the Chair of the Land Use Committee Council Member Eisland: Pursuant to Rule 11.20(c) of the Council and Section 197-d(b)(3) of the New York City Charter, the Council hereby resolves that the action of the City Planning Commission on Uniform Land Use Procedure Application Number 20000222 PPQ, disposition of city owned property shall be subject to Council review. This application is related to application number 20000221 ZMQ which is subject to Council review pursuant to Section 197-d of the New York City Charter.; By the Chair of the Land Use Committee Council Member Eisland: Pursuant to Rule 11.20(c) of the Council and Section 197-d(b)(3) of the New York City Charter, the Council hereby resolves that the action of the City Planning Commission on Uniform Land Use Procedure Application Number 20000223 ZSQ, special permit shall be subject to Council review. This application is related to application number 20000221 ZMQ which is subject to Council review pursuant to Section 197-d of the New York City Charter.; By the Chair of the Land Use Committee Council Member Eisland: Pursuant to Rule 11.20(c) of the Council and Section 197-d(b)(3) of the New York City Charter, the Council hereby resolves that the action of the City Planning Commission on Uniform Land Use Procedure Application Number 20000224 ZSQ, special permit shall be subject to Council review. This application is related to application number 20000221 ZMQ which is subject to Council review pursuant to Section 197-d of the New York City Charter.",https://legistar.council.nyc.gov/LegislationDetail.aspx?ID=434542&GUID=97C75047-972C-4BC0-99D9-8AC16F0E06EE&Options=ID|Text|&Search=; https://legistar.council.nyc.gov/LegislationDetail.aspx?ID=434543&GUID=BB27080D-19A0-48A2-B2EE-CD2FEBBF4866&Options=ID|Text|&Search=; https://legistar.council.nyc.gov/LegislationDetail.aspx?ID=434544&GUID=04FB6E4F-3382-4416-A0CE-7A9C14B18D41&Options=ID|Text|&Search=; https://legistar.council.nyc.gov/LegislationDetail.aspx?ID=434545&GUID=7BF95710-FD9B-4AFE-946F-2950C8C90A88&Options=ID|Text|&Search=; https://legistar.council.nyc.gov/LegislationDetail.aspx?ID=434546&GUID=533A15F9-A513-411D-A8E4-6FD4C43F621C&Options=ID|Text|&Search=; https://legistar.council.nyc.gov/LegislationDetail.aspx?ID=434569&GUID=281F206E-762A-4B71-A770-5650B969F416&Options=ID|Text|&Search=; https://legistar.council.nyc.gov/LegislationDetail.aspx?ID=434547&GUID=CABDA35C-C885-4412-BF0F-841AAC3B4325&Options=ID|Text|&Search=,https://legistar.council.nyc.gov/HistoryDetail.aspx?ID=2252087&GUID=090103BC-3F20-43FF-A596-212E94A47718; https://legistar.council.nyc.gov/HistoryDetail.aspx?ID=2252088&GUID=7C639D5D-A18D-4BBF-9985-6C17CF4B9596; https://legistar.council.nyc.gov/HistoryDetail.aspx?ID=2252089&GUID=AD0F807B-3535-485F-A64C-9042A321E62D; https://legistar.council.nyc.gov/HistoryDetail.aspx?ID=2252090&GUID=37473AD9-039B-4865-99E0-3E57E09DE043; https://legistar.council.nyc.gov/HistoryDetail.aspx?ID=2252091&GUID=34DA1695-64A7-49F2-8A63-689B1BFA236A; https://legistar.council.nyc.gov/HistoryDetail.aspx?ID=2252189&GUID=74196B95-CB11-48BC-ABBB-003B8C3F481A; https://legistar.council.nyc.gov/HistoryDetail.aspx?ID=2252092&GUID=31A3A158-4889-440E-94DA-6F77217E2977
2000,2000-06-05,M 0871-2000,clu_geo_065,2; 25; 34,remaining_queue_ai_review_researcher_adjudicated,high,promote_with_caveat,explicit_official_district,Matter-level decomposition resolves the bundled call-up. Official Council materials identify the Queens Center Mall-related zoning/disposition/special permit/map actions as Council District 25; the Maujer Street Urban Renewal Plan-related Brooklyn action as...,M 0868-2000; M 0869-2000; M 0870-2000; M 0871-2000; M 0872-2000; M 0873-2000; M 0874-2000,20000222PPQ; 20000221ZMQ; 20000223ZSQ; 20000221ZMQ; 20000224ZSQ; 20000221ZMQ; 20000225ZSQ; 20000221ZMQ; 19990666MMQ; 20000221ZMQ; 970327HDK; 970371HUK; 20005261TCM,P1997K0271,MAUJER ST URP,"By the Chair of the Land Use Committee Council Member Eisland: Pursuant to Rule 11.20(c) of the Council and Section 197-d(b)(3) of the New York City Charter, the Council hereby resolves that the action of the City Planning Commission on Uniform Land Use Procedure Application Number 20000222 PPQ, disposition of city owned property shall be subject to Council review. This application is related to application number 20000221 ZMQ which is subject to Council review pursuant to Section 197-d of the New York City Charter.; By the Chair of the Land Use Committee Council Member Eisland: Pursuant to Rule 11.20(c) of the Council and Section 197-d(b)(3) of the New York City Charter, the Council hereby resolves that the action of the City Planning Commission on Uniform Land Use Procedure Application Number 20000223 ZSQ, special permit shall be subject to Council review. This application is related to application number 20000221 ZMQ which is subject to Council review pursuant to Section 197-d of the New York City Charter.; By the Chair of the Land Use Committee Council Member Eisland: Pursuant to Rule 11.20(c) of the Council and Section 197-d(b)(3) of the New York City Charter, the Council hereby resolves that the action of the City Planning Commission on Uniform Land Use Procedure Application Number 20000224 ZSQ, special permit shall be subject to Council review. This application is related to application number 20000221 ZMQ which is subject to Council review pursuant to Section 197-d of the New York City Charter.",https://legistar.council.nyc.gov/LegislationDetail.aspx?ID=434542&GUID=97C75047-972C-4BC0-99D9-8AC16F0E06EE&Options=ID|Text|&Search=; https://legistar.council.nyc.gov/LegislationDetail.aspx?ID=434543&GUID=BB27080D-19A0-48A2-B2EE-CD2FEBBF4866&Options=ID|Text|&Search=; https://legistar.council.nyc.gov/LegislationDetail.aspx?ID=434544&GUID=04FB6E4F-3382-4416-A0CE-7A9C14B18D41&Options=ID|Text|&Search=; https://legistar.council.nyc.gov/LegislationDetail.aspx?ID=434545&GUID=7BF95710-FD9B-4AFE-946F-2950C8C90A88&Options=ID|Text|&Search=; https://legistar.council.nyc.gov/LegislationDetail.aspx?ID=434546&GUID=533A15F9-A513-411D-A8E4-6FD4C43F621C&Options=ID|Text|&Search=; https://legistar.council.nyc.gov/LegislationDetail.aspx?ID=434569&GUID=281F206E-762A-4B71-A770-5650B969F416&Options=ID|Text|&Search=; https://legistar.council.nyc.gov/LegislationDetail.aspx?ID=434547&GUID=CABDA35C-C885-4412-BF0F-841AAC3B4325&Options=ID|Text|&Search=,https://legistar.council.nyc.gov/HistoryDetail.aspx?ID=2252087&GUID=090103BC-3F20-43FF-A596-212E94A47718; https://legistar.council.nyc.gov/HistoryDetail.aspx?ID=2252088&GUID=7C639D5D-A18D-4BBF-9985-6C17CF4B9596; https://legistar.council.nyc.gov/HistoryDetail.aspx?ID=2252089&GUID=AD0F807B-3535-485F-A64C-9042A321E62D; https://legistar.council.nyc.gov/HistoryDetail.aspx?ID=2252090&GUID=37473AD9-039B-4865-99E0-3E57E09DE043; https://legistar.council.nyc.gov/HistoryDetail.aspx?ID=2252091&GUID=34DA1695-64A7-49F2-8A63-689B1BFA236A; https://legistar.council.nyc.gov/HistoryDetail.aspx?ID=2252189&GUID=74196B95-CB11-48BC-ABBB-003B8C3F481A; https://legistar.council.nyc.gov/HistoryDetail.aspx?ID=2252092&GUID=31A3A158-4889-440E-94DA-6F77217E2977
2000,2000-06-05,M 0872-2000,clu_geo_065,2; 25; 34,remaining_queue_ai_review_researcher_adjudicated,high,promote_with_caveat,explicit_official_district,Matter-level decomposition resolves the bundled call-up. Official Council materials identify the Queens Center Mall-related zoning/disposition/special permit/map actions as Council District 25; the Maujer Street Urban Renewal Plan-related Brooklyn action as...,M 0868-2000; M 0869-2000; M 0870-2000; M 0871-2000; M 0872-2000; M 0873-2000; M 0874-2000,20000222PPQ; 20000221ZMQ; 20000223ZSQ; 20000221ZMQ; 20000224ZSQ; 20000221ZMQ; 20000225ZSQ; 20000221ZMQ; 19990666MMQ; 20000221ZMQ; 970327HDK; 970371HUK; 20005261TCM,P1997K0271,MAUJER ST URP,"By the Chair of the Land Use Committee Council Member Eisland: Pursuant to Rule 11.20(c) of the Council and Section 197-d(b)(3) of the New York City Charter, the Council hereby resolves that the action of the City Planning Commission on Uniform Land Use Procedure Application Number 20000222 PPQ, disposition of city owned property shall be subject to Council review. This application is related to application number 20000221 ZMQ which is subject to Council review pursuant to Section 197-d of the New York City Charter.; By the Chair of the Land Use Committee Council Member Eisland: Pursuant to Rule 11.20(c) of the Council and Section 197-d(b)(3) of the New York City Charter, the Council hereby resolves that the action of the City Planning Commission on Uniform Land Use Procedure Application Number 20000223 ZSQ, special permit shall be subject to Council review. This application is related to application number 20000221 ZMQ which is subject to Council review pursuant to Section 197-d of the New York City Charter.; By the Chair of the Land Use Committee Council Member Eisland: Pursuant to Rule 11.20(c) of the Council and Section 197-d(b)(3) of the New York City Charter, the Council hereby resolves that the action of the City Planning Commission on Uniform Land Use Procedure Application Number 20000224 ZSQ, special permit shall be subject to Council review. This application is related to application number 20000221 ZMQ which is subject to Council review pursuant to Section 197-d of the New York City Charter.",https://legistar.council.nyc.gov/LegislationDetail.aspx?ID=434542&GUID=97C75047-972C-4BC0-99D9-8AC16F0E06EE&Options=ID|Text|&Search=; https://legistar.council.nyc.gov/LegislationDetail.aspx?ID=434543&GUID=BB27080D-19A0-48A2-B2EE-CD2FEBBF4866&Options=ID|Text|&Search=; https://legistar.council.nyc.gov/LegislationDetail.aspx?ID=434544&GUID=04FB6E4F-3382-4416-A0CE-7A9C14B18D41&Options=ID|Text|&Search=; https://legistar.council.nyc.gov/LegislationDetail.aspx?ID=434545&GUID=7BF95710-FD9B-4AFE-946F-2950C8C90A88&Options=ID|Text|&Search=; https://legistar.council.nyc.gov/LegislationDetail.aspx?ID=434546&GUID=533A15F9-A513-411D-A8E4-6FD4C43F621C&Options=ID|Text|&Search=; https://legistar.council.nyc.gov/LegislationDetail.aspx?ID=434569&GUID=281F206E-762A-4B71-A770-5650B969F416&Options=ID|Text|&Search=; https://legistar.council.nyc.gov/LegislationDetail.aspx?ID=434547&GUID=CABDA35C-C885-4412-BF0F-841AAC3B4325&Options=ID|Text|&Search=,https://legistar.council.nyc.gov/HistoryDetail.aspx?ID=2252087&GUID=090103BC-3F20-43FF-A596-212E94A47718; https://legistar.council.nyc.gov/HistoryDetail.aspx?ID=2252088&GUID=7C639D5D-A18D-4BBF-9985-6C17CF4B9596; https://legistar.council.nyc.gov/HistoryDetail.aspx?ID=2252089&GUID=AD0F807B-3535-485F-A64C-9042A321E62D; https://legistar.council.nyc.gov/HistoryDetail.aspx?ID=2252090&GUID=37473AD9-039B-4865-99E0-3E57E09DE043; https://legistar.council.nyc.gov/HistoryDetail.aspx?ID=2252091&GUID=34DA1695-64A7-49F2-8A63-689B1BFA236A; https://legistar.council.nyc.gov/HistoryDetail.aspx?ID=2252189&GUID=74196B95-CB11-48BC-ABBB-003B8C3F481A; https://legistar.council.nyc.gov/HistoryDetail.aspx?ID=2252092&GUID=31A3A158-4889-440E-94DA-6F77217E2977
2000,2000-06-05,M 0873-2000,clu_geo_065,2; 25; 34,remaining_queue_ai_review_researcher_adjudicated,high,promote_with_caveat,explicit_official_district,Matter-level decomposition resolves the bundled call-up. Official Council materials identify the Queens Center Mall-related zoning/disposition/special permit/map actions as Council District 25; the Maujer Street Urban Renewal Plan-related Brooklyn action as...,M 0868-2000; M 0869-2000; M 0870-2000; M 0871-2000; M 0872-2000; M 0873-2000; M 0874-2000,20000222PPQ; 20000221ZMQ; 20000223ZSQ; 20000221ZMQ; 20000224ZSQ; 20000221ZMQ; 20000225ZSQ; 20000221ZMQ; 19990666MMQ; 20000221ZMQ; 970327HDK; 970371HUK; 20005261TCM,P1997K0271,MAUJER ST URP,"By the Chair of the Land Use Committee Council Member Eisland: Pursuant to Rule 11.20(c) of the Council and Section 197-d(b)(3) of the New York City Charter, the Council hereby resolves that the action of the City Planning Commission on Uniform Land Use Procedure Application Number 20000222 PPQ, disposition of city owned property shall be subject to Council review. This application is related to application number 20000221 ZMQ which is subject to Council review pursuant to Section 197-d of the New York City Charter.; By the Chair of the Land Use Committee Council Member Eisland: Pursuant to Rule 11.20(c) of the Council and Section 197-d(b)(3) of the New York City Charter, the Council hereby resolves that the action of the City Planning Commission on Uniform Land Use Procedure Application Number 20000223 ZSQ, special permit shall be subject to Council review. This application is related to application number 20000221 ZMQ which is subject to Council review pursuant to Section 197-d of the New York City Charter.; By the Chair of the Land Use Committee Council Member Eisland: Pursuant to Rule 11.20(c) of the Council and Section 197-d(b)(3) of the New York City Charter, the Council hereby resolves that the action of the City Planning Commission on Uniform Land Use Procedure Application Number 20000224 ZSQ, special permit shall be subject to Council review. This application is related to application number 20000221 ZMQ which is subject to Council review pursuant to Section 197-d of the New York City Charter.",https://legistar.council.nyc.gov/LegislationDetail.aspx?ID=434542&GUID=97C75047-972C-4BC0-99D9-8AC16F0E06EE&Options=ID|Text|&Search=; https://legistar.council.nyc.gov/LegislationDetail.aspx?ID=434543&GUID=BB27080D-19A0-48A2-B2EE-CD2FEBBF4866&Options=ID|Text|&Search=; https://legistar.council.nyc.gov/LegislationDetail.aspx?ID=434544&GUID=04FB6E4F-3382-4416-A0CE-7A9C14B18D41&Options=ID|Text|&Search=; https://legistar.council.nyc.gov/LegislationDetail.aspx?ID=434545&GUID=7BF95710-FD9B-4AFE-946F-2950C8C90A88&Options=ID|Text|&Search=; https://legistar.council.nyc.gov/LegislationDetail.aspx?ID=434546&GUID=533A15F9-A513-411D-A8E4-6FD4C43F621C&Options=ID|Text|&Search=; https://legistar.council.nyc.gov/LegislationDetail.aspx?ID=434569&GUID=281F206E-762A-4B71-A770-5650B969F416&Options=ID|Text|&Search=; https://legistar.council.nyc.gov/LegislationDetail.aspx?ID=434547&GUID=CABDA35C-C885-4412-BF0F-841AAC3B4325&Options=ID|Text|&Search=,https://legistar.council.nyc.gov/HistoryDetail.aspx?ID=2252087&GUID=090103BC-3F20-43FF-A596-212E94A47718; https://legistar.council.nyc.gov/HistoryDetail.aspx?ID=2252088&GUID=7C639D5D-A18D-4BBF-9985-6C17CF4B9596; https://legistar.council.nyc.gov/HistoryDetail.aspx?ID=2252089&GUID=AD0F807B-3535-485F-A64C-9042A321E62D; https://legistar.council.nyc.gov/HistoryDetail.aspx?ID=2252090&GUID=37473AD9-039B-4865-99E0-3E57E09DE043; https://legistar.council.nyc.gov/HistoryDetail.aspx?ID=2252091&GUID=34DA1695-64A7-49F2-8A63-689B1BFA236A; https://legistar.council.nyc.gov/HistoryDetail.aspx?ID=2252189&GUID=74196B95-CB11-48BC-ABBB-003B8C3F481A; https://legistar.council.nyc.gov/HistoryDetail.aspx?ID=2252092&GUID=31A3A158-4889-440E-94DA-6F77217E2977
2000,2000-06-05,M 0874-2000,clu_geo_065,2; 25; 34,remaining_queue_ai_review_researcher_adjudicated,high,promote_with_caveat,explicit_official_district,Matter-level decomposition resolves the bundled call-up. Official Council materials identify the Queens Center Mall-related zoning/disposition/special permit/map actions as Council District 25; the Maujer Street Urban Renewal Plan-related Brooklyn action as...,M 0868-2000; M 0869-2000; M 0870-2000; M 0871-2000; M 0872-2000; M 0873-2000; M 0874-2000,20000222PPQ; 20000221ZMQ; 20000223ZSQ; 20000221ZMQ; 20000224ZSQ; 20000221ZMQ; 20000225ZSQ; 20000221ZMQ; 19990666MMQ; 20000221ZMQ; 970327HDK; 970371HUK; 20005261TCM,P1997K0271,MAUJER ST URP,"By the Chair of the Land Use Committee Council Member Eisland: Pursuant to Rule 11.20(c) of the Council and Section 197-d(b)(3) of the New York City Charter, the Council hereby resolves that the action of the City Planning Commission on Uniform Land Use Procedure Application Number 20000222 PPQ, disposition of city owned property shall be subject to Council review. This application is related to application number 20000221 ZMQ which is subject to Council review pursuant to Section 197-d of the New York City Charter.; By the Chair of the Land Use Committee Council Member Eisland: Pursuant to Rule 11.20(c) of the Council and Section 197-d(b)(3) of the New York City Charter, the Council hereby resolves that the action of the City Planning Commission on Uniform Land Use Procedure Application Number 20000223 ZSQ, special permit shall be subject to Council review. This application is related to application number 20000221 ZMQ which is subject to Council review pursuant to Section 197-d of the New York City Charter.; By the Chair of the Land Use Committee Council Member Eisland: Pursuant to Rule 11.20(c) of the Council and Section 197-d(b)(3) of the New York City Charter, the Council hereby resolves that the action of the City Planning Commission on Uniform Land Use Procedure Application Number 20000224 ZSQ, special permit shall be subject to Council review. This application is related to application number 20000221 ZMQ which is subject to Council review pursuant to Section 197-d of the New York City Charter.",https://legistar.council.nyc.gov/LegislationDetail.aspx?ID=434542&GUID=97C75047-972C-4BC0-99D9-8AC16F0E06EE&Options=ID|Text|&Search=; https://legistar.council.nyc.gov/LegislationDetail.aspx?ID=434543&GUID=BB27080D-19A0-48A2-B2EE-CD2FEBBF4866&Options=ID|Text|&Search=; https://legistar.council.nyc.gov/LegislationDetail.aspx?ID=434544&GUID=04FB6E4F-3382-4416-A0CE-7A9C14B18D41&Options=ID|Text|&Search=; https://legistar.council.nyc.gov/LegislationDetail.aspx?ID=434545&GUID=7BF95710-FD9B-4AFE-946F-2950C8C90A88&Options=ID|Text|&Search=; https://legistar.council.nyc.gov/LegislationDetail.aspx?ID=434546&GUID=533A15F9-A513-411D-A8E4-6FD4C43F621C&Options=ID|Text|&Search=; https://legistar.council.nyc.gov/LegislationDetail.aspx?ID=434569&GUID=281F206E-762A-4B71-A770-5650B969F416&Options=ID|Text|&Search=; https://legistar.council.nyc.gov/LegislationDetail.aspx?ID=434547&GUID=CABDA35C-C885-4412-BF0F-841AAC3B4325&Options=ID|Text|&Search=,https://legistar.council.nyc.gov/HistoryDetail.aspx?ID=2252087&GUID=090103BC-3F20-43FF-A596-212E94A47718; https://legistar.council.nyc.gov/HistoryDetail.aspx?ID=2252088&GUID=7C639D5D-A18D-4BBF-9985-6C17CF4B9596; https://legistar.council.nyc.gov/HistoryDetail.aspx?ID=2252089&GUID=AD0F807B-3535-485F-A64C-9042A321E62D; https://legistar.council.nyc.gov/HistoryDetail.aspx?ID=2252090&GUID=37473AD9-039B-4865-99E0-3E57E09DE043; https://legistar.council.nyc.gov/HistoryDetail.aspx?ID=2252091&GUID=34DA1695-64A7-49F2-8A63-689B1BFA236A; https://legistar.council.nyc.gov/HistoryDetail.aspx?ID=2252189&GUID=74196B95-CB11-48BC-ABBB-003B8C3F481A; https://legistar.council.nyc.gov/HistoryDetail.aspx?ID=2252092&GUID=31A3A158-4889-440E-94DA-6F77217E2977
2000,2000-06-06,M 0879-2000,clu_geo_096,17,manual_queue_ai_review_researcher_accepted,high,promote,explicit_official_district,Official NYC Council records tie M 0879-2000 to ULURP Application Number 000186PPX. The companion official Council land-use file LU 0790-2000 for the same application states that C 000186 PPX concerns removal of the Community Facility Use Only restriction a...,M 0879-2000,000186PPX,P2000X0130,C-O-P,"By Council Member Espada: Pursuant to Rule 11.20b of the Council and Section 197-d(b)(3) of the New York City Charter, the Council resolves that the action of the City Planning Commission on Uniform Land Use Review Procedure Application Number 000186PPX shall be subject to review by the Council.",https://legistar.council.nyc.gov/LegislationDetail.aspx?ID=434590&GUID=E2F57DA4-4E3F-4796-96C7-7A55B63DC6C4&Options=ID|Text|&Search=,https://legistar.council.nyc.gov/HistoryDetail.aspx?ID=2252321&GUID=94B3A6AC-1509-48B2-B864-693A10930762
2000,2000-06-13,M 0890-2000,clu_geo_097,4,manual_queue_ai_review_researcher_accepted,medium,promote_with_caveat,official_geography_external_boundary,"Official Council evidence identifies an unenclosed sidewalk cafe at 1431 Second Avenue, Manhattan, Application 20005275TCM, with Moskowitz sponsorship. District 4 is retained as address/local-member geography coding.",M 0890-2000,20005275TCM,NA,NA,"By Council Member Moskowitz: Pursuant to Rule 11.20b of the Council and Section 20-226(g) of the New York City Administrative Code, the Council resolves that the action of the Department of Transportation approving an unenclosed sidewalk cafe located at 1431 Second Avenue shall be subject to review by the Council. Application Number 20005275TCM",https://legistar.council.nyc.gov/LegislationDetail.aspx?ID=434594&GUID=E78F9947-7B28-4BE8-BF4C-B22E9DA9D4DD&Options=ID|Text|&Search=,https://legistar.council.nyc.gov/HistoryDetail.aspx?ID=2252548&GUID=3BA0DB85-16F7-45DA-BD93-B38B227B262E
2001,2001-01-24,M 1050-2001,clu_geo_100,8; 19; 31,remaining_queue_ai_review_researcher_adjudicated,medium,promote_with_caveat,explicit_official_district,"The uploaded Legistar source index shows the 2001-01-24 bundled call-up consisted of three distinct matters: M 1050-2001 for C990132MMQ, explicitly named 'CD #19 City Map change, Queens'; M 1051-2001 for C000543PPM, a Manhattan city-owned property dispositi...",M 1050-2001; M 1051-2001; M 1052-2001,990132MMQ; 000543PPM; 000544HUM; 000272MMQ; 000305PPQ; 000304ZMQ,P1999Q0110; P2000M0294; P2000Q0200,POWELLS COVE BLVD; 13 AMENDED HARLEM-E HARLEM URP; C-O-P/INTERNATIONAL AIRPORT CENTER,"By Council Member Abel: Pursuant to Rule 11.20b of the Council and Section 197-d(b)(3) of the New York City Charter, the Council resolves that the action of the City Planning Commission on Uniform Land Use Review Procedure Application Number C 990132 MMQ shall be subject to review by the Council.; By the Chair of the Land Use Committee Council Member Eisland: Pursuant to Rule 11.20(c) of the Council and Section 197-d(b)(3) of the New York City Charter, the Council hereby resolves that the action of the City Planning Commission on Uniform Land Use Procedure Application no. C 000543 PPM, a disposition of city-owned property, shall be subject to Council review. This application is related to application no. C 000544 HUM which is subject to Council review pursuant to Section 197-d of the New York City Charter.; By the Chair of the Land Use Committee Council Member Eisland: Pursuant to Rule 11.20(c) of the Council and Section 197-d(b)(3) of the New York City Charter, the Council hereby resolves that the action of the City Planning Commission on Uniform Land Use Procedure Applications no. C 000272 MMQ, a mapping action, and C 000305 PPQ, a disposition of city-owned property, shall be subject to Council review. These applications are related to application no. C 000304 ZMQ, which is subject to Council, review pursuant to Section 197-d of the New York City Charter.",https://legistar.council.nyc.gov/LegislationDetail.aspx?ID=435340&GUID=D66696BB-6127-4998-9781-2685ECB87B95&Options=ID|Text|&Search=; https://legistar.council.nyc.gov/LegislationDetail.aspx?ID=435436&GUID=FAF13751-E523-41DB-8DBA-CED125E377CB&Options=ID|Text|&Search=; https://legistar.council.nyc.gov/LegislationDetail.aspx?ID=435437&GUID=E1CB4B3A-8D18-4771-A944-660975DE7DEC&Options=ID|Text|&Search=,https://legistar.council.nyc.gov/HistoryDetail.aspx?ID=2257101&GUID=8E26EF19-CE07-477B-B656-F6C853452AFB; https://legistar.council.nyc.gov/HistoryDetail.aspx?ID=2257102&GUID=0021EDF9-8B3C-4237-BB2E-BF2CADED25DB; https://legistar.council.nyc.gov/HistoryDetail.aspx?ID=2257103&GUID=483311A0-04FE-4893-A52A-0800AABD7395
2001,2001-01-24,M 1051-2001,clu_geo_100,8; 19; 31,remaining_queue_ai_review_researcher_adjudicated,medium,promote_with_caveat,explicit_official_district,"The uploaded Legistar source index shows the 2001-01-24 bundled call-up consisted of three distinct matters: M 1050-2001 for C990132MMQ, explicitly named 'CD #19 City Map change, Queens'; M 1051-2001 for C000543PPM, a Manhattan city-owned property dispositi...",M 1050-2001; M 1051-2001; M 1052-2001,990132MMQ; 000543PPM; 000544HUM; 000272MMQ; 000305PPQ; 000304ZMQ,P1999Q0110; P2000M0294; P2000Q0200,POWELLS COVE BLVD; 13 AMENDED HARLEM-E HARLEM URP; C-O-P/INTERNATIONAL AIRPORT CENTER,"By Council Member Abel: Pursuant to Rule 11.20b of the Council and Section 197-d(b)(3) of the New York City Charter, the Council resolves that the action of the City Planning Commission on Uniform Land Use Review Procedure Application Number C 990132 MMQ shall be subject to review by the Council.; By the Chair of the Land Use Committee Council Member Eisland: Pursuant to Rule 11.20(c) of the Council and Section 197-d(b)(3) of the New York City Charter, the Council hereby resolves that the action of the City Planning Commission on Uniform Land Use Procedure Application no. C 000543 PPM, a disposition of city-owned property, shall be subject to Council review. This application is related to application no. C 000544 HUM which is subject to Council review pursuant to Section 197-d of the New York City Charter.; By the Chair of the Land Use Committee Council Member Eisland: Pursuant to Rule 11.20(c) of the Council and Section 197-d(b)(3) of the New York City Charter, the Council hereby resolves that the action of the City Planning Commission on Uniform Land Use Procedure Applications no. C 000272 MMQ, a mapping action, and C 000305 PPQ, a disposition of city-owned property, shall be subject to Council review. These applications are related to application no. C 000304 ZMQ, which is subject to Council, review pursuant to Section 197-d of the New York City Charter.",https://legistar.council.nyc.gov/LegislationDetail.aspx?ID=435340&GUID=D66696BB-6127-4998-9781-2685ECB87B95&Options=ID|Text|&Search=; https://legistar.council.nyc.gov/LegislationDetail.aspx?ID=435436&GUID=FAF13751-E523-41DB-8DBA-CED125E377CB&Options=ID|Text|&Search=; https://legistar.council.nyc.gov/LegislationDetail.aspx?ID=435437&GUID=E1CB4B3A-8D18-4771-A944-660975DE7DEC&Options=ID|Text|&Search=,https://legistar.council.nyc.gov/HistoryDetail.aspx?ID=2257101&GUID=8E26EF19-CE07-477B-B656-F6C853452AFB; https://legistar.council.nyc.gov/HistoryDetail.aspx?ID=2257102&GUID=0021EDF9-8B3C-4237-BB2E-BF2CADED25DB; https://legistar.council.nyc.gov/HistoryDetail.aspx?ID=2257103&GUID=483311A0-04FE-4893-A52A-0800AABD7395
2001,2001-01-24,M 1052-2001,clu_geo_100,8; 19; 31,remaining_queue_ai_review_researcher_adjudicated,medium,promote_with_caveat,explicit_official_district,"The uploaded Legistar source index shows the 2001-01-24 bundled call-up consisted of three distinct matters: M 1050-2001 for C990132MMQ, explicitly named 'CD #19 City Map change, Queens'; M 1051-2001 for C000543PPM, a Manhattan city-owned property dispositi...",M 1050-2001; M 1051-2001; M 1052-2001,990132MMQ; 000543PPM; 000544HUM; 000272MMQ; 000305PPQ; 000304ZMQ,P1999Q0110; P2000M0294; P2000Q0200,POWELLS COVE BLVD; 13 AMENDED HARLEM-E HARLEM URP; C-O-P/INTERNATIONAL AIRPORT CENTER,"By Council Member Abel: Pursuant to Rule 11.20b of the Council and Section 197-d(b)(3) of the New York City Charter, the Council resolves that the action of the City Planning Commission on Uniform Land Use Review Procedure Application Number C 990132 MMQ shall be subject to review by the Council.; By the Chair of the Land Use Committee Council Member Eisland: Pursuant to Rule 11.20(c) of the Council and Section 197-d(b)(3) of the New York City Charter, the Council hereby resolves that the action of the City Planning Commission on Uniform Land Use Procedure Application no. C 000543 PPM, a disposition of city-owned property, shall be subject to Council review. This application is related to application no. C 000544 HUM which is subject to Council review pursuant to Section 197-d of the New York City Charter.; By the Chair of the Land Use Committee Council Member Eisland: Pursuant to Rule 11.20(c) of the Council and Section 197-d(b)(3) of the New York City Charter, the Council hereby resolves that the action of the City Planning Commission on Uniform Land Use Procedure Applications no. C 000272 MMQ, a mapping action, and C 000305 PPQ, a disposition of city-owned property, shall be subject to Council review. These applications are related to application no. C 000304 ZMQ, which is subject to Council, review pursuant to Section 197-d of the New York City Charter.",https://legistar.council.nyc.gov/LegislationDetail.aspx?ID=435340&GUID=D66696BB-6127-4998-9781-2685ECB87B95&Options=ID|Text|&Search=; https://legistar.council.nyc.gov/LegislationDetail.aspx?ID=435436&GUID=FAF13751-E523-41DB-8DBA-CED125E377CB&Options=ID|Text|&Search=; https://legistar.council.nyc.gov/LegislationDetail.aspx?ID=435437&GUID=E1CB4B3A-8D18-4771-A944-660975DE7DEC&Options=ID|Text|&Search=,https://legistar.council.nyc.gov/HistoryDetail.aspx?ID=2257101&GUID=8E26EF19-CE07-477B-B656-F6C853452AFB; https://legistar.council.nyc.gov/HistoryDetail.aspx?ID=2257102&GUID=0021EDF9-8B3C-4237-BB2E-BF2CADED25DB; https://legistar.council.nyc.gov/HistoryDetail.aspx?ID=2257103&GUID=483311A0-04FE-4893-A52A-0800AABD7395
2001,2001-05-09,M 1141-2001,clu_geo_102,21,manual_queue_ai_review_researcher_accepted,low,promote_with_caveat,official_geography_external_boundary,"Official Council call-up M 1141-2001 identifies Application M 820995(B) ZMQ, a Queens zoning-map-change matter associated in the queue with the La Guardia Holiday Inn Express project. Official ZAP BBLs for the application map to Council District 21. The Cou...",M 1141-2001,820995BZMQ,P2000Q0325,LA GUARDIA HOLIDAY INN EXPRESS,"By Council Member Marshall: Pursuant to Rule 11.20(b) of the Council and Section 197-d(b)(3) of the New York City Charter, the Council resolves that the action of the City Planning Commission on Uniform Land Use Procedure Application no. M 820995(B) ZMQ, shall be subject to review by the Council.",https://legistar.council.nyc.gov/LegislationDetail.aspx?ID=436117&GUID=489FE4BD-C367-4395-B51F-DF9B82BFC03E&Options=ID|Text|&Search=,https://legistar.council.nyc.gov/HistoryDetail.aspx?ID=2260436&GUID=0A83CCA8-0C4F-403D-82CB-314E974B1425
2001,2001-05-23,LU 0763-2000,clu_geo_007,5,manual_queue_ai_review_researcher_accepted,medium,promote_with_caveat,official_geography_external_boundary,Official records identify the Roosevelt Island aerial tramway franchise running between Roosevelt Island and the Manhattan Second Avenue/59th-60th Street terminal. Prior district-context evidence ties this geography and local sponsorship to Council District 5.,LU 0763-2000; Res 1930-2001,20005409GFM,NA,NA,"Application no. 20005409 GFM, pursuant to §363 of the Charter of the City of New York, concerning a proposed Authorizing Resolution authorizing the Department Of Transportation to grant a franchise for the provision of aerial tramway service over the East River between Manhattan and Roosevelt Island to the Roosevelt Island Operating Corporation.; Resolution approving an Amended Authorizing Resolution pursuant to Section 363 of the Charter of the City of New York, authorizing the Department of Transportation to grant a franchise for the provision of aerial tramway service over the East River between Manhattan and Roosevelt Island to the Roosevelt Island Operating Corporation. (L.U. No. 763-A; 20005409 GFM) New matter is underlined. Matter to be deleted is [bracketed].",https://legistar.council.nyc.gov/LegislationDetail.aspx?ID=434401&GUID=BF013228-71E1-4A1E-BA15-48F552E907ED&Options=ID|Text|&Search=; https://legistar.council.nyc.gov/LegislationDetail.aspx?ID=436126&GUID=F85593DC-2818-44D4-A9FB-8ECC5F7D6333&Options=ID|Text|&Search=,https://legistar.council.nyc.gov/HistoryDetail.aspx?ID=2260975&GUID=F1EEBE86-3A3F-49D1-BB14-01A96A9AF4C5; https://legistar.council.nyc.gov/HistoryDetail.aspx?ID=2260822&GUID=848793FD-43B2-491B-9BCA-1D77B43DD8C5
2001,2001-05-23,Res 1930-2001,clu_geo_007,5,manual_queue_ai_review_researcher_accepted,medium,promote_with_caveat,official_geography_external_boundary,Official records identify the Roosevelt Island aerial tramway franchise running between Roosevelt Island and the Manhattan Second Avenue/59th-60th Street terminal. Prior district-context evidence ties this geography and local sponsorship to Council District 5.,LU 0763-2000; Res 1930-2001,20005409GFM,NA,NA,"Application no. 20005409 GFM, pursuant to §363 of the Charter of the City of New York, concerning a proposed Authorizing Resolution authorizing the Department Of Transportation to grant a franchise for the provision of aerial tramway service over the East River between Manhattan and Roosevelt Island to the Roosevelt Island Operating Corporation.; Resolution approving an Amended Authorizing Resolution pursuant to Section 363 of the Charter of the City of New York, authorizing the Department of Transportation to grant a franchise for the provision of aerial tramway service over the East River between Manhattan and Roosevelt Island to the Roosevelt Island Operating Corporation. (L.U. No. 763-A; 20005409 GFM) New matter is underlined. Matter to be deleted is [bracketed].",https://legistar.council.nyc.gov/LegislationDetail.aspx?ID=434401&GUID=BF013228-71E1-4A1E-BA15-48F552E907ED&Options=ID|Text|&Search=; https://legistar.council.nyc.gov/LegislationDetail.aspx?ID=436126&GUID=F85593DC-2818-44D4-A9FB-8ECC5F7D6333&Options=ID|Text|&Search=,https://legistar.council.nyc.gov/HistoryDetail.aspx?ID=2260975&GUID=F1EEBE86-3A3F-49D1-BB14-01A96A9AF4C5; https://legistar.council.nyc.gov/HistoryDetail.aspx?ID=2260822&GUID=848793FD-43B2-491B-9BCA-1D77B43DD8C5
2001,2001-10-31,M 1310-2001,clu_geo_098,3; 8; 43,remaining_queue_ai_review_researcher_adjudicated,high,promote_with_caveat,explicit_official_district,Matter-level official Council records identify all bundled geographies: Biltmore Theatre zoning text/special permit and 784/786 Eighth Avenue disposition are in Manhattan Council District 3; Museum for African Art/Edison School zoning map/disposition matter...,M 1310-2001; M 1311-2001; M 1312-2001; M 1313-2001,010460ZSM; 010459ZRM; 010585PPM; 010459ZRM; 010513HDM; 010511ZMM; 20015001TCK,P2001M0269; P2001M0269; P2001M0327; P2001M0295,BILTMORE THEATER; BILTMORE THEATER; C-O-P/BILTMORE THEATER; MUSEUM OF AFRICAN ART & EDISON SCHL,"By the Chair of the Land Use Committee Council Member Eisland: Pursuant to Rule 11.20(c) of the Council and Section 197-d (b)(3) of the New York City Charter, the Council hereby resolves that the action of the City Planning Commission on Uniform Land Use Procedure Application Number 010460 ZSM, a special permit shall be subject to Council review. This application is related to application number 010459 ZRM which is subject to Council review pursuant to Section 197-d of the New York City Charter.; By the Chair of the Land Use Committee Council Member Eisland: Pursuant to Rule 11.20(c) of the Council and Section 197-d (b)(3) of the New York City Charter, the Council hereby resolves that the action of the City Planning Commission on Uniform Land Use Procedure Application Number 010585 PPM a disposition of city- owned property shall be subject to Council review. This application is related to application number 010459 ZRM which is subject to Council review pursuant to Section 197-d of the New York City Charter.; By the Chair of the Land Use Committee Council Member Eisland Pursuant to Rule 11.20(c) of the Council and Section 197-d(b)(3) of the New York City Charter, the Council hereby resolves that the action of the City Planning Commission on Uniform Land Use Procedure Application no. C 010513 HDM, a disposition of city-owned property, shall be subject to Council review. This application is related to application no. C 010511 ZMM which is subject to Council review pursuant to Section 197-d of the New York City Charter.",https://legistar.council.nyc.gov/LegislationDetail.aspx?ID=436661&GUID=688A50BF-8921-4E46-B006-421A35DD2D2C&Options=ID|Text|&Search=; https://legistar.council.nyc.gov/LegislationDetail.aspx?ID=436662&GUID=F390A757-A9D6-4874-AA04-401A3749B6CC&Options=ID|Text|&Search=; https://legistar.council.nyc.gov/LegislationDetail.aspx?ID=436696&GUID=42EF5ACD-150A-42A0-9F23-556CFF9E6AEA&Options=ID|Text|&Search=; https://legistar.council.nyc.gov/LegislationDetail.aspx?ID=436705&GUID=5C649036-25DC-436A-95E5-2B7B9BC24350&Options=ID|Text|&Search=,https://legistar.council.nyc.gov/HistoryDetail.aspx?ID=2263474&GUID=7753530B-A374-4A2E-87D9-A76908C23F12; https://legistar.council.nyc.gov/HistoryDetail.aspx?ID=2263475&GUID=E66AEF81-2DD9-4D27-BE1C-92079384ED6F; https://legistar.council.nyc.gov/HistoryDetail.aspx?ID=2263476&GUID=ABCC95CB-9741-4AE4-8AD6-BAA5CC1094D9; https://legistar.council.nyc.gov/HistoryDetail.aspx?ID=2263477&GUID=F63B60D2-F6D1-4B8B-91F5-E6122CEAE146
2001,2001-10-31,M 1311-2001,clu_geo_098,3; 8; 43,remaining_queue_ai_review_researcher_adjudicated,high,promote_with_caveat,explicit_official_district,Matter-level official Council records identify all bundled geographies: Biltmore Theatre zoning text/special permit and 784/786 Eighth Avenue disposition are in Manhattan Council District 3; Museum for African Art/Edison School zoning map/disposition matter...,M 1310-2001; M 1311-2001; M 1312-2001; M 1313-2001,010460ZSM; 010459ZRM; 010585PPM; 010459ZRM; 010513HDM; 010511ZMM; 20015001TCK,P2001M0269; P2001M0269; P2001M0327; P2001M0295,BILTMORE THEATER; BILTMORE THEATER; C-O-P/BILTMORE THEATER; MUSEUM OF AFRICAN ART & EDISON SCHL,"By the Chair of the Land Use Committee Council Member Eisland: Pursuant to Rule 11.20(c) of the Council and Section 197-d (b)(3) of the New York City Charter, the Council hereby resolves that the action of the City Planning Commission on Uniform Land Use Procedure Application Number 010460 ZSM, a special permit shall be subject to Council review. This application is related to application number 010459 ZRM which is subject to Council review pursuant to Section 197-d of the New York City Charter.; By the Chair of the Land Use Committee Council Member Eisland: Pursuant to Rule 11.20(c) of the Council and Section 197-d (b)(3) of the New York City Charter, the Council hereby resolves that the action of the City Planning Commission on Uniform Land Use Procedure Application Number 010585 PPM a disposition of city- owned property shall be subject to Council review. This application is related to application number 010459 ZRM which is subject to Council review pursuant to Section 197-d of the New York City Charter.; By the Chair of the Land Use Committee Council Member Eisland Pursuant to Rule 11.20(c) of the Council and Section 197-d(b)(3) of the New York City Charter, the Council hereby resolves that the action of the City Planning Commission on Uniform Land Use Procedure Application no. C 010513 HDM, a disposition of city-owned property, shall be subject to Council review. This application is related to application no. C 010511 ZMM which is subject to Council review pursuant to Section 197-d of the New York City Charter.",https://legistar.council.nyc.gov/LegislationDetail.aspx?ID=436661&GUID=688A50BF-8921-4E46-B006-421A35DD2D2C&Options=ID|Text|&Search=; https://legistar.council.nyc.gov/LegislationDetail.aspx?ID=436662&GUID=F390A757-A9D6-4874-AA04-401A3749B6CC&Options=ID|Text|&Search=; https://legistar.council.nyc.gov/LegislationDetail.aspx?ID=436696&GUID=42EF5ACD-150A-42A0-9F23-556CFF9E6AEA&Options=ID|Text|&Search=; https://legistar.council.nyc.gov/LegislationDetail.aspx?ID=436705&GUID=5C649036-25DC-436A-95E5-2B7B9BC24350&Options=ID|Text|&Search=,https://legistar.council.nyc.gov/HistoryDetail.aspx?ID=2263474&GUID=7753530B-A374-4A2E-87D9-A76908C23F12; https://legistar.council.nyc.gov/HistoryDetail.aspx?ID=2263475&GUID=E66AEF81-2DD9-4D27-BE1C-92079384ED6F; https://legistar.council.nyc.gov/HistoryDetail.aspx?ID=2263476&GUID=ABCC95CB-9741-4AE4-8AD6-BAA5CC1094D9; https://legistar.council.nyc.gov/HistoryDetail.aspx?ID=2263477&GUID=F63B60D2-F6D1-4B8B-91F5-E6122CEAE146
2001,2001-10-31,M 1312-2001,clu_geo_098,3; 8; 43,remaining_queue_ai_review_researcher_adjudicated,high,promote_with_caveat,explicit_official_district,Matter-level official Council records identify all bundled geographies: Biltmore Theatre zoning text/special permit and 784/786 Eighth Avenue disposition are in Manhattan Council District 3; Museum for African Art/Edison School zoning map/disposition matter...,M 1310-2001; M 1311-2001; M 1312-2001; M 1313-2001,010460ZSM; 010459ZRM; 010585PPM; 010459ZRM; 010513HDM; 010511ZMM; 20015001TCK,P2001M0269; P2001M0269; P2001M0327; P2001M0295,BILTMORE THEATER; BILTMORE THEATER; C-O-P/BILTMORE THEATER; MUSEUM OF AFRICAN ART & EDISON SCHL,"By the Chair of the Land Use Committee Council Member Eisland: Pursuant to Rule 11.20(c) of the Council and Section 197-d (b)(3) of the New York City Charter, the Council hereby resolves that the action of the City Planning Commission on Uniform Land Use Procedure Application Number 010460 ZSM, a special permit shall be subject to Council review. This application is related to application number 010459 ZRM which is subject to Council review pursuant to Section 197-d of the New York City Charter.; By the Chair of the Land Use Committee Council Member Eisland: Pursuant to Rule 11.20(c) of the Council and Section 197-d (b)(3) of the New York City Charter, the Council hereby resolves that the action of the City Planning Commission on Uniform Land Use Procedure Application Number 010585 PPM a disposition of city- owned property shall be subject to Council review. This application is related to application number 010459 ZRM which is subject to Council review pursuant to Section 197-d of the New York City Charter.; By the Chair of the Land Use Committee Council Member Eisland Pursuant to Rule 11.20(c) of the Council and Section 197-d(b)(3) of the New York City Charter, the Council hereby resolves that the action of the City Planning Commission on Uniform Land Use Procedure Application no. C 010513 HDM, a disposition of city-owned property, shall be subject to Council review. This application is related to application no. C 010511 ZMM which is subject to Council review pursuant to Section 197-d of the New York City Charter.",https://legistar.council.nyc.gov/LegislationDetail.aspx?ID=436661&GUID=688A50BF-8921-4E46-B006-421A35DD2D2C&Options=ID|Text|&Search=; https://legistar.council.nyc.gov/LegislationDetail.aspx?ID=436662&GUID=F390A757-A9D6-4874-AA04-401A3749B6CC&Options=ID|Text|&Search=; https://legistar.council.nyc.gov/LegislationDetail.aspx?ID=436696&GUID=42EF5ACD-150A-42A0-9F23-556CFF9E6AEA&Options=ID|Text|&Search=; https://legistar.council.nyc.gov/LegislationDetail.aspx?ID=436705&GUID=5C649036-25DC-436A-95E5-2B7B9BC24350&Options=ID|Text|&Search=,https://legistar.council.nyc.gov/HistoryDetail.aspx?ID=2263474&GUID=7753530B-A374-4A2E-87D9-A76908C23F12; https://legistar.council.nyc.gov/HistoryDetail.aspx?ID=2263475&GUID=E66AEF81-2DD9-4D27-BE1C-92079384ED6F; https://legistar.council.nyc.gov/HistoryDetail.aspx?ID=2263476&GUID=ABCC95CB-9741-4AE4-8AD6-BAA5CC1094D9; https://legistar.council.nyc.gov/HistoryDetail.aspx?ID=2263477&GUID=F63B60D2-F6D1-4B8B-91F5-E6122CEAE146
2001,2001-10-31,M 1313-2001,clu_geo_098,3; 8; 43,remaining_queue_ai_review_researcher_adjudicated,high,promote_with_caveat,explicit_official_district,Matter-level official Council records identify all bundled geographies: Biltmore Theatre zoning text/special permit and 784/786 Eighth Avenue disposition are in Manhattan Council District 3; Museum for African Art/Edison School zoning map/disposition matter...,M 1310-2001; M 1311-2001; M 1312-2001; M 1313-2001,010460ZSM; 010459ZRM; 010585PPM; 010459ZRM; 010513HDM; 010511ZMM; 20015001TCK,P2001M0269; P2001M0269; P2001M0327; P2001M0295,BILTMORE THEATER; BILTMORE THEATER; C-O-P/BILTMORE THEATER; MUSEUM OF AFRICAN ART & EDISON SCHL,"By the Chair of the Land Use Committee Council Member Eisland: Pursuant to Rule 11.20(c) of the Council and Section 197-d (b)(3) of the New York City Charter, the Council hereby resolves that the action of the City Planning Commission on Uniform Land Use Procedure Application Number 010460 ZSM, a special permit shall be subject to Council review. This application is related to application number 010459 ZRM which is subject to Council review pursuant to Section 197-d of the New York City Charter.; By the Chair of the Land Use Committee Council Member Eisland: Pursuant to Rule 11.20(c) of the Council and Section 197-d (b)(3) of the New York City Charter, the Council hereby resolves that the action of the City Planning Commission on Uniform Land Use Procedure Application Number 010585 PPM a disposition of city- owned property shall be subject to Council review. This application is related to application number 010459 ZRM which is subject to Council review pursuant to Section 197-d of the New York City Charter.; By the Chair of the Land Use Committee Council Member Eisland Pursuant to Rule 11.20(c) of the Council and Section 197-d(b)(3) of the New York City Charter, the Council hereby resolves that the action of the City Planning Commission on Uniform Land Use Procedure Application no. C 010513 HDM, a disposition of city-owned property, shall be subject to Council review. This application is related to application no. C 010511 ZMM which is subject to Council review pursuant to Section 197-d of the New York City Charter.",https://legistar.council.nyc.gov/LegislationDetail.aspx?ID=436661&GUID=688A50BF-8921-4E46-B006-421A35DD2D2C&Options=ID|Text|&Search=; https://legistar.council.nyc.gov/LegislationDetail.aspx?ID=436662&GUID=F390A757-A9D6-4874-AA04-401A3749B6CC&Options=ID|Text|&Search=; https://legistar.council.nyc.gov/LegislationDetail.aspx?ID=436696&GUID=42EF5ACD-150A-42A0-9F23-556CFF9E6AEA&Options=ID|Text|&Search=; https://legistar.council.nyc.gov/LegislationDetail.aspx?ID=436705&GUID=5C649036-25DC-436A-95E5-2B7B9BC24350&Options=ID|Text|&Search=,https://legistar.council.nyc.gov/HistoryDetail.aspx?ID=2263474&GUID=7753530B-A374-4A2E-87D9-A76908C23F12; https://legistar.council.nyc.gov/HistoryDetail.aspx?ID=2263475&GUID=E66AEF81-2DD9-4D27-BE1C-92079384ED6F; https://legistar.council.nyc.gov/HistoryDetail.aspx?ID=2263476&GUID=ABCC95CB-9741-4AE4-8AD6-BAA5CC1094D9; https://legistar.council.nyc.gov/HistoryDetail.aspx?ID=2263477&GUID=F63B60D2-F6D1-4B8B-91F5-E6122CEAE146
2001,2001-11-29,M 1327-2001,clu_geo_067,2; 3; 5,remaining_queue_ai_review_researcher_adjudicated,medium,promote_with_caveat,official_geography_external_boundary,"Bundled signature contains three distinct project geographies. East River Science Park actions 010712ZSM/010713ZSM/010708PPM/010709ZMM are officially tied to the site generally bounded by the easterly prolongation of East 30th Street, FDR Drive, the easterl...",M 1327-2001; M 1328-2001; M 1329-2001; M 1330-2001; M 1331-2001,010712ZSM; 010709ZMM; 010713ZSM; 010709ZMM; 010708PPM; 010709ZMM; 010548ZSM; 010547ZMM; 010405ZSM; 010404ZRY,P2001M0407; P2001M0310; P2001M0251,EAST RIVER SCIENCE PARK; MEMORIAL SLOAN-KETTERING CANCER CTR; CHELSEA ART MUSEUM,"By the Chair of the Land Use Committee Council Member Eisland Pursuant to Rule 11.20(c) of the Council and Section 197-d (b)(3) of the New York City Charter, the Council hereby resolves that the action of the City Planning Commission on Uniform Land Use Procedure Application Number 010712 ZSM, a special permit shall be subject to Council review. This application is related to application number 010709 ZMM which is subject to Council review pursuant to Section 197-d of the New York City Charter.; By the Chair of the Land Use Committee Council Member Eisland Pursuant to Rule 11.20(c) of the Council and Section 197-d (b)(3) of the New York City Charter, the Council hereby resolves that the action of the City Planning Commission on Uniform Land Use Procedure Application Number 010713 ZSM, a special permit shall be subject to Council review. This application is related to application number 010709 ZMM which is subject to Council review pursuant to Section 197-d of the New York City Charter.; By the Chair of the Land Use Committee Council Member Eisland Pursuant to Rule 11.20(c) of the Council and Section 197-d (b)(3) of the New York City Charter, the Council hereby resolves that the action of the City Planning Commission on Uniform Land Use Procedure Application Number 010708 PPM, a disposition of one City-owned property shall be subject to Council review. This application is related to application number 010709 ZMM which is subject to Council review pursuant to Section 197-d of the New York City Charter.",https://legistar.council.nyc.gov/LegislationDetail.aspx?ID=436810&GUID=0EE244F1-F662-4302-ABD4-98C43DCF53EA&Options=ID|Text|&Search=; https://legistar.council.nyc.gov/LegislationDetail.aspx?ID=436811&GUID=D7303C81-632F-4445-A290-D104FFBBCFA4&Options=ID|Text|&Search=; https://legistar.council.nyc.gov/LegislationDetail.aspx?ID=436812&GUID=1DB8A129-2899-45DA-9EE5-DEC3B1836221&Options=ID|Text|&Search=; https://legistar.council.nyc.gov/LegislationDetail.aspx?ID=436813&GUID=E597F9E2-2232-4896-B4F1-F1BD45D58B91&Options=ID|Text|&Search=; https://legistar.council.nyc.gov/LegislationDetail.aspx?ID=436814&GUID=A67EC728-AFF3-410F-8211-6F73FB4CCCED&Options=ID|Text|&Search=,https://legistar.council.nyc.gov/HistoryDetail.aspx?ID=2264155&GUID=972C2B5C-31E7-4585-9C5A-A36E8469B8C3; https://legistar.council.nyc.gov/HistoryDetail.aspx?ID=2264156&GUID=65C4C544-4C2F-4B76-BF14-8B4B11E3C923; https://legistar.council.nyc.gov/HistoryDetail.aspx?ID=2264157&GUID=915AE3FD-9F67-4EA0-92E0-07E869CD0F0E; https://legistar.council.nyc.gov/HistoryDetail.aspx?ID=2264158&GUID=847113E9-3C42-4E06-A2F4-EB0EA7FE8782; https://legistar.council.nyc.gov/HistoryDetail.aspx?ID=2264159&GUID=9A85E14D-8EE7-434D-A3BC-E84591969F2B
2001,2001-11-29,M 1328-2001,clu_geo_067,2; 3; 5,remaining_queue_ai_review_researcher_adjudicated,medium,promote_with_caveat,official_geography_external_boundary,"Bundled signature contains three distinct project geographies. East River Science Park actions 010712ZSM/010713ZSM/010708PPM/010709ZMM are officially tied to the site generally bounded by the easterly prolongation of East 30th Street, FDR Drive, the easterl...",M 1327-2001; M 1328-2001; M 1329-2001; M 1330-2001; M 1331-2001,010712ZSM; 010709ZMM; 010713ZSM; 010709ZMM; 010708PPM; 010709ZMM; 010548ZSM; 010547ZMM; 010405ZSM; 010404ZRY,P2001M0407; P2001M0310; P2001M0251,EAST RIVER SCIENCE PARK; MEMORIAL SLOAN-KETTERING CANCER CTR; CHELSEA ART MUSEUM,"By the Chair of the Land Use Committee Council Member Eisland Pursuant to Rule 11.20(c) of the Council and Section 197-d (b)(3) of the New York City Charter, the Council hereby resolves that the action of the City Planning Commission on Uniform Land Use Procedure Application Number 010712 ZSM, a special permit shall be subject to Council review. This application is related to application number 010709 ZMM which is subject to Council review pursuant to Section 197-d of the New York City Charter.; By the Chair of the Land Use Committee Council Member Eisland Pursuant to Rule 11.20(c) of the Council and Section 197-d (b)(3) of the New York City Charter, the Council hereby resolves that the action of the City Planning Commission on Uniform Land Use Procedure Application Number 010713 ZSM, a special permit shall be subject to Council review. This application is related to application number 010709 ZMM which is subject to Council review pursuant to Section 197-d of the New York City Charter.; By the Chair of the Land Use Committee Council Member Eisland Pursuant to Rule 11.20(c) of the Council and Section 197-d (b)(3) of the New York City Charter, the Council hereby resolves that the action of the City Planning Commission on Uniform Land Use Procedure Application Number 010708 PPM, a disposition of one City-owned property shall be subject to Council review. This application is related to application number 010709 ZMM which is subject to Council review pursuant to Section 197-d of the New York City Charter.",https://legistar.council.nyc.gov/LegislationDetail.aspx?ID=436810&GUID=0EE244F1-F662-4302-ABD4-98C43DCF53EA&Options=ID|Text|&Search=; https://legistar.council.nyc.gov/LegislationDetail.aspx?ID=436811&GUID=D7303C81-632F-4445-A290-D104FFBBCFA4&Options=ID|Text|&Search=; https://legistar.council.nyc.gov/LegislationDetail.aspx?ID=436812&GUID=1DB8A129-2899-45DA-9EE5-DEC3B1836221&Options=ID|Text|&Search=; https://legistar.council.nyc.gov/LegislationDetail.aspx?ID=436813&GUID=E597F9E2-2232-4896-B4F1-F1BD45D58B91&Options=ID|Text|&Search=; https://legistar.council.nyc.gov/LegislationDetail.aspx?ID=436814&GUID=A67EC728-AFF3-410F-8211-6F73FB4CCCED&Options=ID|Text|&Search=,https://legistar.council.nyc.gov/HistoryDetail.aspx?ID=2264155&GUID=972C2B5C-31E7-4585-9C5A-A36E8469B8C3; https://legistar.council.nyc.gov/HistoryDetail.aspx?ID=2264156&GUID=65C4C544-4C2F-4B76-BF14-8B4B11E3C923; https://legistar.council.nyc.gov/HistoryDetail.aspx?ID=2264157&GUID=915AE3FD-9F67-4EA0-92E0-07E869CD0F0E; https://legistar.council.nyc.gov/HistoryDetail.aspx?ID=2264158&GUID=847113E9-3C42-4E06-A2F4-EB0EA7FE8782; https://legistar.council.nyc.gov/HistoryDetail.aspx?ID=2264159&GUID=9A85E14D-8EE7-434D-A3BC-E84591969F2B
2001,2001-11-29,M 1329-2001,clu_geo_067,2; 3; 5,remaining_queue_ai_review_researcher_adjudicated,medium,promote_with_caveat,official_geography_external_boundary,"Bundled signature contains three distinct project geographies. East River Science Park actions 010712ZSM/010713ZSM/010708PPM/010709ZMM are officially tied to the site generally bounded by the easterly prolongation of East 30th Street, FDR Drive, the easterl...",M 1327-2001; M 1328-2001; M 1329-2001; M 1330-2001; M 1331-2001,010712ZSM; 010709ZMM; 010713ZSM; 010709ZMM; 010708PPM; 010709ZMM; 010548ZSM; 010547ZMM; 010405ZSM; 010404ZRY,P2001M0407; P2001M0310; P2001M0251,EAST RIVER SCIENCE PARK; MEMORIAL SLOAN-KETTERING CANCER CTR; CHELSEA ART MUSEUM,"By the Chair of the Land Use Committee Council Member Eisland Pursuant to Rule 11.20(c) of the Council and Section 197-d (b)(3) of the New York City Charter, the Council hereby resolves that the action of the City Planning Commission on Uniform Land Use Procedure Application Number 010712 ZSM, a special permit shall be subject to Council review. This application is related to application number 010709 ZMM which is subject to Council review pursuant to Section 197-d of the New York City Charter.; By the Chair of the Land Use Committee Council Member Eisland Pursuant to Rule 11.20(c) of the Council and Section 197-d (b)(3) of the New York City Charter, the Council hereby resolves that the action of the City Planning Commission on Uniform Land Use Procedure Application Number 010713 ZSM, a special permit shall be subject to Council review. This application is related to application number 010709 ZMM which is subject to Council review pursuant to Section 197-d of the New York City Charter.; By the Chair of the Land Use Committee Council Member Eisland Pursuant to Rule 11.20(c) of the Council and Section 197-d (b)(3) of the New York City Charter, the Council hereby resolves that the action of the City Planning Commission on Uniform Land Use Procedure Application Number 010708 PPM, a disposition of one City-owned property shall be subject to Council review. This application is related to application number 010709 ZMM which is subject to Council review pursuant to Section 197-d of the New York City Charter.",https://legistar.council.nyc.gov/LegislationDetail.aspx?ID=436810&GUID=0EE244F1-F662-4302-ABD4-98C43DCF53EA&Options=ID|Text|&Search=; https://legistar.council.nyc.gov/LegislationDetail.aspx?ID=436811&GUID=D7303C81-632F-4445-A290-D104FFBBCFA4&Options=ID|Text|&Search=; https://legistar.council.nyc.gov/LegislationDetail.aspx?ID=436812&GUID=1DB8A129-2899-45DA-9EE5-DEC3B1836221&Options=ID|Text|&Search=; https://legistar.council.nyc.gov/LegislationDetail.aspx?ID=436813&GUID=E597F9E2-2232-4896-B4F1-F1BD45D58B91&Options=ID|Text|&Search=; https://legistar.council.nyc.gov/LegislationDetail.aspx?ID=436814&GUID=A67EC728-AFF3-410F-8211-6F73FB4CCCED&Options=ID|Text|&Search=,https://legistar.council.nyc.gov/HistoryDetail.aspx?ID=2264155&GUID=972C2B5C-31E7-4585-9C5A-A36E8469B8C3; https://legistar.council.nyc.gov/HistoryDetail.aspx?ID=2264156&GUID=65C4C544-4C2F-4B76-BF14-8B4B11E3C923; https://legistar.council.nyc.gov/HistoryDetail.aspx?ID=2264157&GUID=915AE3FD-9F67-4EA0-92E0-07E869CD0F0E; https://legistar.council.nyc.gov/HistoryDetail.aspx?ID=2264158&GUID=847113E9-3C42-4E06-A2F4-EB0EA7FE8782; https://legistar.council.nyc.gov/HistoryDetail.aspx?ID=2264159&GUID=9A85E14D-8EE7-434D-A3BC-E84591969F2B
2001,2001-11-29,M 1330-2001,clu_geo_067,2; 3; 5,remaining_queue_ai_review_researcher_adjudicated,medium,promote_with_caveat,official_geography_external_boundary,"Bundled signature contains three distinct project geographies. East River Science Park actions 010712ZSM/010713ZSM/010708PPM/010709ZMM are officially tied to the site generally bounded by the easterly prolongation of East 30th Street, FDR Drive, the easterl...",M 1327-2001; M 1328-2001; M 1329-2001; M 1330-2001; M 1331-2001,010712ZSM; 010709ZMM; 010713ZSM; 010709ZMM; 010708PPM; 010709ZMM; 010548ZSM; 010547ZMM; 010405ZSM; 010404ZRY,P2001M0407; P2001M0310; P2001M0251,EAST RIVER SCIENCE PARK; MEMORIAL SLOAN-KETTERING CANCER CTR; CHELSEA ART MUSEUM,"By the Chair of the Land Use Committee Council Member Eisland Pursuant to Rule 11.20(c) of the Council and Section 197-d (b)(3) of the New York City Charter, the Council hereby resolves that the action of the City Planning Commission on Uniform Land Use Procedure Application Number 010712 ZSM, a special permit shall be subject to Council review. This application is related to application number 010709 ZMM which is subject to Council review pursuant to Section 197-d of the New York City Charter.; By the Chair of the Land Use Committee Council Member Eisland Pursuant to Rule 11.20(c) of the Council and Section 197-d (b)(3) of the New York City Charter, the Council hereby resolves that the action of the City Planning Commission on Uniform Land Use Procedure Application Number 010713 ZSM, a special permit shall be subject to Council review. This application is related to application number 010709 ZMM which is subject to Council review pursuant to Section 197-d of the New York City Charter.; By the Chair of the Land Use Committee Council Member Eisland Pursuant to Rule 11.20(c) of the Council and Section 197-d (b)(3) of the New York City Charter, the Council hereby resolves that the action of the City Planning Commission on Uniform Land Use Procedure Application Number 010708 PPM, a disposition of one City-owned property shall be subject to Council review. This application is related to application number 010709 ZMM which is subject to Council review pursuant to Section 197-d of the New York City Charter.",https://legistar.council.nyc.gov/LegislationDetail.aspx?ID=436810&GUID=0EE244F1-F662-4302-ABD4-98C43DCF53EA&Options=ID|Text|&Search=; https://legistar.council.nyc.gov/LegislationDetail.aspx?ID=436811&GUID=D7303C81-632F-4445-A290-D104FFBBCFA4&Options=ID|Text|&Search=; https://legistar.council.nyc.gov/LegislationDetail.aspx?ID=436812&GUID=1DB8A129-2899-45DA-9EE5-DEC3B1836221&Options=ID|Text|&Search=; https://legistar.council.nyc.gov/LegislationDetail.aspx?ID=436813&GUID=E597F9E2-2232-4896-B4F1-F1BD45D58B91&Options=ID|Text|&Search=; https://legistar.council.nyc.gov/LegislationDetail.aspx?ID=436814&GUID=A67EC728-AFF3-410F-8211-6F73FB4CCCED&Options=ID|Text|&Search=,https://legistar.council.nyc.gov/HistoryDetail.aspx?ID=2264155&GUID=972C2B5C-31E7-4585-9C5A-A36E8469B8C3; https://legistar.council.nyc.gov/HistoryDetail.aspx?ID=2264156&GUID=65C4C544-4C2F-4B76-BF14-8B4B11E3C923; https://legistar.council.nyc.gov/HistoryDetail.aspx?ID=2264157&GUID=915AE3FD-9F67-4EA0-92E0-07E869CD0F0E; https://legistar.council.nyc.gov/HistoryDetail.aspx?ID=2264158&GUID=847113E9-3C42-4E06-A2F4-EB0EA7FE8782; https://legistar.council.nyc.gov/HistoryDetail.aspx?ID=2264159&GUID=9A85E14D-8EE7-434D-A3BC-E84591969F2B
2001,2001-11-29,M 1331-2001,clu_geo_067,2; 3; 5,remaining_queue_ai_review_researcher_adjudicated,medium,promote_with_caveat,official_geography_external_boundary,"Bundled signature contains three distinct project geographies. East River Science Park actions 010712ZSM/010713ZSM/010708PPM/010709ZMM are officially tied to the site generally bounded by the easterly prolongation of East 30th Street, FDR Drive, the easterl...",M 1327-2001; M 1328-2001; M 1329-2001; M 1330-2001; M 1331-2001,010712ZSM; 010709ZMM; 010713ZSM; 010709ZMM; 010708PPM; 010709ZMM; 010548ZSM; 010547ZMM; 010405ZSM; 010404ZRY,P2001M0407; P2001M0310; P2001M0251,EAST RIVER SCIENCE PARK; MEMORIAL SLOAN-KETTERING CANCER CTR; CHELSEA ART MUSEUM,"By the Chair of the Land Use Committee Council Member Eisland Pursuant to Rule 11.20(c) of the Council and Section 197-d (b)(3) of the New York City Charter, the Council hereby resolves that the action of the City Planning Commission on Uniform Land Use Procedure Application Number 010712 ZSM, a special permit shall be subject to Council review. This application is related to application number 010709 ZMM which is subject to Council review pursuant to Section 197-d of the New York City Charter.; By the Chair of the Land Use Committee Council Member Eisland Pursuant to Rule 11.20(c) of the Council and Section 197-d (b)(3) of the New York City Charter, the Council hereby resolves that the action of the City Planning Commission on Uniform Land Use Procedure Application Number 010713 ZSM, a special permit shall be subject to Council review. This application is related to application number 010709 ZMM which is subject to Council review pursuant to Section 197-d of the New York City Charter.; By the Chair of the Land Use Committee Council Member Eisland Pursuant to Rule 11.20(c) of the Council and Section 197-d (b)(3) of the New York City Charter, the Council hereby resolves that the action of the City Planning Commission on Uniform Land Use Procedure Application Number 010708 PPM, a disposition of one City-owned property shall be subject to Council review. This application is related to application number 010709 ZMM which is subject to Council review pursuant to Section 197-d of the New York City Charter.",https://legistar.council.nyc.gov/LegislationDetail.aspx?ID=436810&GUID=0EE244F1-F662-4302-ABD4-98C43DCF53EA&Options=ID|Text|&Search=; https://legistar.council.nyc.gov/LegislationDetail.aspx?ID=436811&GUID=D7303C81-632F-4445-A290-D104FFBBCFA4&Options=ID|Text|&Search=; https://legistar.council.nyc.gov/LegislationDetail.aspx?ID=436812&GUID=1DB8A129-2899-45DA-9EE5-DEC3B1836221&Options=ID|Text|&Search=; https://legistar.council.nyc.gov/LegislationDetail.aspx?ID=436813&GUID=E597F9E2-2232-4896-B4F1-F1BD45D58B91&Options=ID|Text|&Search=; https://legistar.council.nyc.gov/LegislationDetail.aspx?ID=436814&GUID=A67EC728-AFF3-410F-8211-6F73FB4CCCED&Options=ID|Text|&Search=,https://legistar.council.nyc.gov/HistoryDetail.aspx?ID=2264155&GUID=972C2B5C-31E7-4585-9C5A-A36E8469B8C3; https://legistar.council.nyc.gov/HistoryDetail.aspx?ID=2264156&GUID=65C4C544-4C2F-4B76-BF14-8B4B11E3C923; https://legistar.council.nyc.gov/HistoryDetail.aspx?ID=2264157&GUID=915AE3FD-9F67-4EA0-92E0-07E869CD0F0E; https://legistar.council.nyc.gov/HistoryDetail.aspx?ID=2264158&GUID=847113E9-3C42-4E06-A2F4-EB0EA7FE8782; https://legistar.council.nyc.gov/HistoryDetail.aspx?ID=2264159&GUID=9A85E14D-8EE7-434D-A3BC-E84591969F2B
2001,2001-12-11,M 1334-2001,clu_geo_101,3,manual_queue_ai_review_researcher_accepted,medium,promote_with_caveat,official_geography_external_boundary,"Official Council call-ups M 1334-2001 and M 1335-2001 identify the linked 360 West 43rd Street Manhattan special-permit/zoning-text applications, including 010699 ZSM, 010698 ZSM, and related 010696 ZRM. Official ZAP/MapPLUTO project linkage maps the 360 We...",M 1334-2001; M 1335-2001,010699ZSM; 010696ZRM; 010698ZSM; 010696ZRM,P2001M0394,360 WEST 43RD STREET,"By the Chair of the Land Use Committee Council Member Eisland Pursuant to Rule 11.20(c) of the Council and Section 197-d (b)(3) of the New York City Charter, the Council hereby resolves that the action of the City Planning Commission on Uniform Land Use Procedure Application Number 010699 ZSM, a special permit shall be subject to Council review. This application is related to application number 010696 ZRM which is subject to Council review pursuant to Section 197-d of the New York City Charter.; By the Chair of the Land Use Committee Council Member Eisland Pursuant to Rule 11.20(c) of the Council and Section 197-d (b)(3) of the New York City Charter, the Council hereby resolves that the action of the City Planning Commission on Uniform Land Use Procedure Application Number 010698 ZSM, a special permit shall be subject to Council review. This application is related to application number 010696 ZRM which is subject to Council review pursuant to Section 197-d of the New York City Charter.",https://legistar.council.nyc.gov/LegislationDetail.aspx?ID=436831&GUID=72604295-962B-4FDC-B0F7-851D4CEA0171&Options=ID|Text|&Search=; https://legistar.council.nyc.gov/LegislationDetail.aspx?ID=436832&GUID=8BB579BF-55E6-44E9-B49A-7EFC1E4649C8&Options=ID|Text|&Search=,https://legistar.council.nyc.gov/HistoryDetail.aspx?ID=2264561&GUID=9887722B-57E8-4254-BEE9-EF7BF6ECFCF4; https://legistar.council.nyc.gov/HistoryDetail.aspx?ID=2264562&GUID=68AC4D11-9E07-42AF-9099-B58460614D36
2001,2001-12-11,M 1335-2001,clu_geo_101,3,manual_queue_ai_review_researcher_accepted,medium,promote_with_caveat,official_geography_external_boundary,"Official Council call-ups M 1334-2001 and M 1335-2001 identify the linked 360 West 43rd Street Manhattan special-permit/zoning-text applications, including 010699 ZSM, 010698 ZSM, and related 010696 ZRM. Official ZAP/MapPLUTO project linkage maps the 360 We...",M 1334-2001; M 1335-2001,010699ZSM; 010696ZRM; 010698ZSM; 010696ZRM,P2001M0394,360 WEST 43RD STREET,"By the Chair of the Land Use Committee Council Member Eisland Pursuant to Rule 11.20(c) of the Council and Section 197-d (b)(3) of the New York City Charter, the Council hereby resolves that the action of the City Planning Commission on Uniform Land Use Procedure Application Number 010699 ZSM, a special permit shall be subject to Council review. This application is related to application number 010696 ZRM which is subject to Council review pursuant to Section 197-d of the New York City Charter.; By the Chair of the Land Use Committee Council Member Eisland Pursuant to Rule 11.20(c) of the Council and Section 197-d (b)(3) of the New York City Charter, the Council hereby resolves that the action of the City Planning Commission on Uniform Land Use Procedure Application Number 010698 ZSM, a special permit shall be subject to Council review. This application is related to application number 010696 ZRM which is subject to Council review pursuant to Section 197-d of the New York City Charter.",https://legistar.council.nyc.gov/LegislationDetail.aspx?ID=436831&GUID=72604295-962B-4FDC-B0F7-851D4CEA0171&Options=ID|Text|&Search=; https://legistar.council.nyc.gov/LegislationDetail.aspx?ID=436832&GUID=8BB579BF-55E6-44E9-B49A-7EFC1E4649C8&Options=ID|Text|&Search=,https://legistar.council.nyc.gov/HistoryDetail.aspx?ID=2264561&GUID=9887722B-57E8-4254-BEE9-EF7BF6ECFCF4; https://legistar.council.nyc.gov/HistoryDetail.aspx?ID=2264562&GUID=68AC4D11-9E07-42AF-9099-B58460614D36
2002,2002-04-24,M 0071-2002,clu_geo_104,11; 31,remaining_queue_ai_review_researcher_adjudicated,high,promote_with_caveat,explicit_official_district,"The 2002 call-up vote bundled two separate land-use matters. For the Bronx component, official Council LU 0165-2002 states ULURP C 020013 PPX concerned disposition of one city-owned property at 3542 Webster Avenue, Bronx, Council District 11. For the Queens...",M 0071-2002; M 0072-2002,020013PPX; 20020078ZSQ; 020079PSQ,P2002X0008; P2002Q0054,C-O-P; ROCKAWAY FIRE/EMS STATION,"By Council Member Koppell: Pursuant to Rule 11.20(b) of the Council and Section 197-d(b)(3) of the New York City Charter, the Council hereby resolves that the action of the City Planning Commission on Uniform Land Use Procedure Application no. 020013 PPX shall be subject to review by the Council.; By Council Member Sanders: Pursuant to Rule 11.20(b) of the Council and Section 197-d(b)(3) of the New York City Charter, the Council hereby resolves that the action of the City Planning Commission on Uniform Land Use Procedure Application no. 20020078 ZSQ and 020079 PSQ shall be subject to review by the Council.",https://legistar.council.nyc.gov/LegislationDetail.aspx?ID=437728&GUID=C153F370-866F-4E8C-905D-D13579291012&Options=ID|Text|&Search=; https://legistar.council.nyc.gov/LegislationDetail.aspx?ID=437743&GUID=D590F8B2-EE02-4B49-A2A9-1084E22911FB&Options=ID|Text|&Search=,https://legistar.council.nyc.gov/HistoryDetail.aspx?ID=2270025&GUID=CAB0AC2D-DE02-4CB9-9318-77B575E76A01; https://legistar.council.nyc.gov/HistoryDetail.aspx?ID=2270026&GUID=E8C591FA-4C22-40EA-B1A8-0CB578BCD7A5
2002,2002-04-24,M 0072-2002,clu_geo_104,11; 31,remaining_queue_ai_review_researcher_adjudicated,high,promote_with_caveat,explicit_official_district,"The 2002 call-up vote bundled two separate land-use matters. For the Bronx component, official Council LU 0165-2002 states ULURP C 020013 PPX concerned disposition of one city-owned property at 3542 Webster Avenue, Bronx, Council District 11. For the Queens...",M 0071-2002; M 0072-2002,020013PPX; 20020078ZSQ; 020079PSQ,P2002X0008; P2002Q0054,C-O-P; ROCKAWAY FIRE/EMS STATION,"By Council Member Koppell: Pursuant to Rule 11.20(b) of the Council and Section 197-d(b)(3) of the New York City Charter, the Council hereby resolves that the action of the City Planning Commission on Uniform Land Use Procedure Application no. 020013 PPX shall be subject to review by the Council.; By Council Member Sanders: Pursuant to Rule 11.20(b) of the Council and Section 197-d(b)(3) of the New York City Charter, the Council hereby resolves that the action of the City Planning Commission on Uniform Land Use Procedure Application no. 20020078 ZSQ and 020079 PSQ shall be subject to review by the Council.",https://legistar.council.nyc.gov/LegislationDetail.aspx?ID=437728&GUID=C153F370-866F-4E8C-905D-D13579291012&Options=ID|Text|&Search=; https://legistar.council.nyc.gov/LegislationDetail.aspx?ID=437743&GUID=D590F8B2-EE02-4B49-A2A9-1084E22911FB&Options=ID|Text|&Search=,https://legistar.council.nyc.gov/HistoryDetail.aspx?ID=2270025&GUID=CAB0AC2D-DE02-4CB9-9318-77B575E76A01; https://legistar.council.nyc.gov/HistoryDetail.aspx?ID=2270026&GUID=E8C591FA-4C22-40EA-B1A8-0CB578BCD7A5
2002,2002-07-10,M 0285-2002,clu_geo_103,3; 6; 19; 20,remaining_queue_ai_review_researcher_adjudicated,high,promote_with_caveat,explicit_official_district,"Official Legistar matter-level land-use application records identify the individual bundled items as Council District 19 for LU 0218-2002 / 010091 ZSQ, Council Districts 19 and 20 for LU 0219-2002 / C020110 PPQ, Council District 6 for LU 0217-2002 / 020098...",M 0285-2002; M 0286-2002; M 0287-2002; M 0288-2002,20010091ZSQ; 20020110PPQ; 020098ZSK; 020097ZMK; 20025305TCM,P2002K0065,BKLYN LAW SCHOOL,"By Council Member Avella: Pursuant to Rule 11.20(b) of the Council and Section 197-d(b)(3) of the New York City Charter, the Council hereby resolves that the action of the City Planning Commission on Uniform Land Use Procedure Application no. 20010091 ZSQ shall be subject to review by the Council.; By Council Members Avella and Liu: Pursuant to Rule 11.20(b) of the Council and Section 197-d(b)(3) of the New York City Charter, the Council hereby resolves that the action of the City Planning Commission on Uniform Land Use Procedure Application no. 20020110 PPQ shall be subject to review by the Council.; By the Chair of the Land Use Committee Council Member Katz Pursuant to Rule 11.20(c) of the Council and Section 197-d (b)(3) of the New York City Charter, the Council hereby resolves that the action of the City Planning Commission on Uniform Land Use Procedure Application Number 020098 ZSK, a special permit shall be subject to Council review. This application is related to application number 020097 ZMK which is subject to Council review pursuant to Section 197-d of the New York City Charter.",https://legistar.council.nyc.gov/LegislationDetail.aspx?ID=438340&GUID=1C8342F2-3A0C-4C3C-B091-D631E0019521&Options=ID|Text|&Search=; https://legistar.council.nyc.gov/LegislationDetail.aspx?ID=438339&GUID=42792D1B-8C03-4CB8-8DB7-6B8B67FBAB30&Options=ID|Text|&Search=; https://legistar.council.nyc.gov/LegislationDetail.aspx?ID=438273&GUID=A9085435-1B29-400A-B7E2-1381185F69C1&Options=ID|Text|&Search=; https://legistar.council.nyc.gov/LegislationDetail.aspx?ID=438274&GUID=240999F4-EF22-4956-959A-185BF61F591B&Options=ID|Text|&Search=,https://legistar.council.nyc.gov/HistoryDetail.aspx?ID=2272514&GUID=6087831E-EC1B-4B20-BADC-A2FBA7E9FF3F; https://legistar.council.nyc.gov/HistoryDetail.aspx?ID=2272513&GUID=69279950-10CE-44E6-A224-30CB00D53AD6; https://legistar.council.nyc.gov/HistoryDetail.aspx?ID=2272511&GUID=86B5E656-1440-4767-970D-506AFC4662DE; https://legistar.council.nyc.gov/HistoryDetail.aspx?ID=2272512&GUID=1CA56F41-2BED-49E0-9A71-413452ABBD42
2002,2002-07-10,M 0286-2002,clu_geo_103,3; 6; 19; 20,remaining_queue_ai_review_researcher_adjudicated,high,promote_with_caveat,explicit_official_district,"Official Legistar matter-level land-use application records identify the individual bundled items as Council District 19 for LU 0218-2002 / 010091 ZSQ, Council Districts 19 and 20 for LU 0219-2002 / C020110 PPQ, Council District 6 for LU 0217-2002 / 020098...",M 0285-2002; M 0286-2002; M 0287-2002; M 0288-2002,20010091ZSQ; 20020110PPQ; 020098ZSK; 020097ZMK; 20025305TCM,P2002K0065,BKLYN LAW SCHOOL,"By Council Member Avella: Pursuant to Rule 11.20(b) of the Council and Section 197-d(b)(3) of the New York City Charter, the Council hereby resolves that the action of the City Planning Commission on Uniform Land Use Procedure Application no. 20010091 ZSQ shall be subject to review by the Council.; By Council Members Avella and Liu: Pursuant to Rule 11.20(b) of the Council and Section 197-d(b)(3) of the New York City Charter, the Council hereby resolves that the action of the City Planning Commission on Uniform Land Use Procedure Application no. 20020110 PPQ shall be subject to review by the Council.; By the Chair of the Land Use Committee Council Member Katz Pursuant to Rule 11.20(c) of the Council and Section 197-d (b)(3) of the New York City Charter, the Council hereby resolves that the action of the City Planning Commission on Uniform Land Use Procedure Application Number 020098 ZSK, a special permit shall be subject to Council review. This application is related to application number 020097 ZMK which is subject to Council review pursuant to Section 197-d of the New York City Charter.",https://legistar.council.nyc.gov/LegislationDetail.aspx?ID=438340&GUID=1C8342F2-3A0C-4C3C-B091-D631E0019521&Options=ID|Text|&Search=; https://legistar.council.nyc.gov/LegislationDetail.aspx?ID=438339&GUID=42792D1B-8C03-4CB8-8DB7-6B8B67FBAB30&Options=ID|Text|&Search=; https://legistar.council.nyc.gov/LegislationDetail.aspx?ID=438273&GUID=A9085435-1B29-400A-B7E2-1381185F69C1&Options=ID|Text|&Search=; https://legistar.council.nyc.gov/LegislationDetail.aspx?ID=438274&GUID=240999F4-EF22-4956-959A-185BF61F591B&Options=ID|Text|&Search=,https://legistar.council.nyc.gov/HistoryDetail.aspx?ID=2272514&GUID=6087831E-EC1B-4B20-BADC-A2FBA7E9FF3F; https://legistar.council.nyc.gov/HistoryDetail.aspx?ID=2272513&GUID=69279950-10CE-44E6-A224-30CB00D53AD6; https://legistar.council.nyc.gov/HistoryDetail.aspx?ID=2272511&GUID=86B5E656-1440-4767-970D-506AFC4662DE; https://legistar.council.nyc.gov/HistoryDetail.aspx?ID=2272512&GUID=1CA56F41-2BED-49E0-9A71-413452ABBD42
2002,2002-07-10,M 0287-2002,clu_geo_103,3; 6; 19; 20,remaining_queue_ai_review_researcher_adjudicated,high,promote_with_caveat,explicit_official_district,"Official Legistar matter-level land-use application records identify the individual bundled items as Council District 19 for LU 0218-2002 / 010091 ZSQ, Council Districts 19 and 20 for LU 0219-2002 / C020110 PPQ, Council District 6 for LU 0217-2002 / 020098...",M 0285-2002; M 0286-2002; M 0287-2002; M 0288-2002,20010091ZSQ; 20020110PPQ; 020098ZSK; 020097ZMK; 20025305TCM,P2002K0065,BKLYN LAW SCHOOL,"By Council Member Avella: Pursuant to Rule 11.20(b) of the Council and Section 197-d(b)(3) of the New York City Charter, the Council hereby resolves that the action of the City Planning Commission on Uniform Land Use Procedure Application no. 20010091 ZSQ shall be subject to review by the Council.; By Council Members Avella and Liu: Pursuant to Rule 11.20(b) of the Council and Section 197-d(b)(3) of the New York City Charter, the Council hereby resolves that the action of the City Planning Commission on Uniform Land Use Procedure Application no. 20020110 PPQ shall be subject to review by the Council.; By the Chair of the Land Use Committee Council Member Katz Pursuant to Rule 11.20(c) of the Council and Section 197-d (b)(3) of the New York City Charter, the Council hereby resolves that the action of the City Planning Commission on Uniform Land Use Procedure Application Number 020098 ZSK, a special permit shall be subject to Council review. This application is related to application number 020097 ZMK which is subject to Council review pursuant to Section 197-d of the New York City Charter.",https://legistar.council.nyc.gov/LegislationDetail.aspx?ID=438340&GUID=1C8342F2-3A0C-4C3C-B091-D631E0019521&Options=ID|Text|&Search=; https://legistar.council.nyc.gov/LegislationDetail.aspx?ID=438339&GUID=42792D1B-8C03-4CB8-8DB7-6B8B67FBAB30&Options=ID|Text|&Search=; https://legistar.council.nyc.gov/LegislationDetail.aspx?ID=438273&GUID=A9085435-1B29-400A-B7E2-1381185F69C1&Options=ID|Text|&Search=; https://legistar.council.nyc.gov/LegislationDetail.aspx?ID=438274&GUID=240999F4-EF22-4956-959A-185BF61F591B&Options=ID|Text|&Search=,https://legistar.council.nyc.gov/HistoryDetail.aspx?ID=2272514&GUID=6087831E-EC1B-4B20-BADC-A2FBA7E9FF3F; https://legistar.council.nyc.gov/HistoryDetail.aspx?ID=2272513&GUID=69279950-10CE-44E6-A224-30CB00D53AD6; https://legistar.council.nyc.gov/HistoryDetail.aspx?ID=2272511&GUID=86B5E656-1440-4767-970D-506AFC4662DE; https://legistar.council.nyc.gov/HistoryDetail.aspx?ID=2272512&GUID=1CA56F41-2BED-49E0-9A71-413452ABBD42
2002,2002-07-10,M 0288-2002,clu_geo_103,3; 6; 19; 20,remaining_queue_ai_review_researcher_adjudicated,high,promote_with_caveat,explicit_official_district,"Official Legistar matter-level land-use application records identify the individual bundled items as Council District 19 for LU 0218-2002 / 010091 ZSQ, Council Districts 19 and 20 for LU 0219-2002 / C020110 PPQ, Council District 6 for LU 0217-2002 / 020098...",M 0285-2002; M 0286-2002; M 0287-2002; M 0288-2002,20010091ZSQ; 20020110PPQ; 020098ZSK; 020097ZMK; 20025305TCM,P2002K0065,BKLYN LAW SCHOOL,"By Council Member Avella: Pursuant to Rule 11.20(b) of the Council and Section 197-d(b)(3) of the New York City Charter, the Council hereby resolves that the action of the City Planning Commission on Uniform Land Use Procedure Application no. 20010091 ZSQ shall be subject to review by the Council.; By Council Members Avella and Liu: Pursuant to Rule 11.20(b) of the Council and Section 197-d(b)(3) of the New York City Charter, the Council hereby resolves that the action of the City Planning Commission on Uniform Land Use Procedure Application no. 20020110 PPQ shall be subject to review by the Council.; By the Chair of the Land Use Committee Council Member Katz Pursuant to Rule 11.20(c) of the Council and Section 197-d (b)(3) of the New York City Charter, the Council hereby resolves that the action of the City Planning Commission on Uniform Land Use Procedure Application Number 020098 ZSK, a special permit shall be subject to Council review. This application is related to application number 020097 ZMK which is subject to Council review pursuant to Section 197-d of the New York City Charter.",https://legistar.council.nyc.gov/LegislationDetail.aspx?ID=438340&GUID=1C8342F2-3A0C-4C3C-B091-D631E0019521&Options=ID|Text|&Search=; https://legistar.council.nyc.gov/LegislationDetail.aspx?ID=438339&GUID=42792D1B-8C03-4CB8-8DB7-6B8B67FBAB30&Options=ID|Text|&Search=; https://legistar.council.nyc.gov/LegislationDetail.aspx?ID=438273&GUID=A9085435-1B29-400A-B7E2-1381185F69C1&Options=ID|Text|&Search=; https://legistar.council.nyc.gov/LegislationDetail.aspx?ID=438274&GUID=240999F4-EF22-4956-959A-185BF61F591B&Options=ID|Text|&Search=,https://legistar.council.nyc.gov/HistoryDetail.aspx?ID=2272514&GUID=6087831E-EC1B-4B20-BADC-A2FBA7E9FF3F; https://legistar.council.nyc.gov/HistoryDetail.aspx?ID=2272513&GUID=69279950-10CE-44E6-A224-30CB00D53AD6; https://legistar.council.nyc.gov/HistoryDetail.aspx?ID=2272511&GUID=86B5E656-1440-4767-970D-506AFC4662DE; https://legistar.council.nyc.gov/HistoryDetail.aspx?ID=2272512&GUID=1CA56F41-2BED-49E0-9A71-413452ABBD42
2002,2002-09-25,M 0314-2002,clu_geo_105,22; 37,remaining_queue_ai_review_researcher_adjudicated,high,promote,explicit_official_district,The bundled 2002-09-25 call-up vote covers two land-use call-up matters. M 0314-2002 is the call-up for ULURP Application 20010580/C 010580 ZSK; official Council LU 0274-2002 identifies the application as a Brooklyn special permit for Love Fellowship Tabern...,M 0314-2002; M 0316-2002,20010580ZSK; 20025333TCQ,NA,NA,"By Council Member Dilan: Pursuant to Rule 11.20(b) of the Council and Section 197-d(b)(3) of the New York City Charter, the Council hereby resolves that the action of the City Planning Commission on Uniform Land Use Procedure Application no. 20010580 ZSK shall be subject to review by the Council.; Pursuant to Rule 11.20(b) of the Council and Section 20-226(g) of the New York City Administrative Code, the Council resolves that the action of the Department of Transportation approving an enclosed sidewalk café located at 30-95 33rd Street, shall be subject to review by the Council. (Application no. 20025333 TCQ.)",https://legistar.council.nyc.gov/LegislationDetail.aspx?ID=438606&GUID=72C78709-AFF4-4FB2-82A9-2574B1B14496&Options=ID|Text|&Search=; https://legistar.council.nyc.gov/LegislationDetail.aspx?ID=438569&GUID=9F6D0F60-698D-4394-BEF0-9AA2CCA3A061&Options=ID|Text|&Search=,https://legistar.council.nyc.gov/HistoryDetail.aspx?ID=2273978&GUID=D4F7FA58-E0A3-4410-BDEF-EC42B41439F4; https://legistar.council.nyc.gov/HistoryDetail.aspx?ID=2273893&GUID=66B04936-F95B-4B6C-81EE-FBCC860D53C0
2002,2002-09-25,M 0316-2002,clu_geo_105,22; 37,remaining_queue_ai_review_researcher_adjudicated,high,promote,explicit_official_district,The bundled 2002-09-25 call-up vote covers two land-use call-up matters. M 0314-2002 is the call-up for ULURP Application 20010580/C 010580 ZSK; official Council LU 0274-2002 identifies the application as a Brooklyn special permit for Love Fellowship Tabern...,M 0314-2002; M 0316-2002,20010580ZSK; 20025333TCQ,NA,NA,"By Council Member Dilan: Pursuant to Rule 11.20(b) of the Council and Section 197-d(b)(3) of the New York City Charter, the Council hereby resolves that the action of the City Planning Commission on Uniform Land Use Procedure Application no. 20010580 ZSK shall be subject to review by the Council.; Pursuant to Rule 11.20(b) of the Council and Section 20-226(g) of the New York City Administrative Code, the Council resolves that the action of the Department of Transportation approving an enclosed sidewalk café located at 30-95 33rd Street, shall be subject to review by the Council. (Application no. 20025333 TCQ.)",https://legistar.council.nyc.gov/LegislationDetail.aspx?ID=438606&GUID=72C78709-AFF4-4FB2-82A9-2574B1B14496&Options=ID|Text|&Search=; https://legistar.council.nyc.gov/LegislationDetail.aspx?ID=438569&GUID=9F6D0F60-698D-4394-BEF0-9AA2CCA3A061&Options=ID|Text|&Search=,https://legistar.council.nyc.gov/HistoryDetail.aspx?ID=2273978&GUID=D4F7FA58-E0A3-4410-BDEF-EC42B41439F4; https://legistar.council.nyc.gov/HistoryDetail.aspx?ID=2273893&GUID=66B04936-F95B-4B6C-81EE-FBCC860D53C0
2003,2003-06-25,LU 0469-2003,clu_geo_106,2; 28,manual_queue_ai_review_researcher_accepted,medium,promote_with_caveat,official_geography_external_boundary,"Official Legistar evidence identifies a bundled land-use vote with a Queens Habitat for Humanity component at 159-04 and 159-06 110 Avenue, Queens Community District 12, and a Manhattan sidewalk cafe at 363 Third Avenue. Prior source check says District 2 i...",LU 0469-2003; M 0665-2003,20035271TCM,NA,NA,"Habitat for Humanity Program, 159-04 110 Avenue, 159-06 110 Avenue, Queens, Community District 12.; Pursuant to Rule 11.20(b) of the Council and Section 20-226(g) of the New York City Administrative Code, the Council resolves that the action of the Department of Transportation approving an unenclosed sidewalk cafe located at 363 Third Avenue, (Application No. 20035271 TCM), shall be subject to review by the Council.",https://legistar.council.nyc.gov/LegislationDetail.aspx?ID=440172&GUID=618463DB-A9F1-45BA-B62E-ED42D030CFEA&Options=ID|Text|&Search=; https://legistar.council.nyc.gov/LegislationDetail.aspx?ID=440175&GUID=D9623F4B-A46E-487C-85EF-B304FD886497&Options=ID|Text|&Search=,https://legistar.council.nyc.gov/HistoryDetail.aspx?ID=2281094&GUID=51968AEB-6409-4D66-95E1-7656C3E3C68B; https://legistar.council.nyc.gov/HistoryDetail.aspx?ID=2281118&GUID=09E4BB85-5BA5-4E52-B8A0-66B8C646C2E6
2003,2003-06-25,M 0665-2003,clu_geo_106,2; 28,manual_queue_ai_review_researcher_accepted,medium,promote_with_caveat,official_geography_external_boundary,"Official Legistar evidence identifies a bundled land-use vote with a Queens Habitat for Humanity component at 159-04 and 159-06 110 Avenue, Queens Community District 12, and a Manhattan sidewalk cafe at 363 Third Avenue. Prior source check says District 2 i...",LU 0469-2003; M 0665-2003,20035271TCM,NA,NA,"Habitat for Humanity Program, 159-04 110 Avenue, 159-06 110 Avenue, Queens, Community District 12.; Pursuant to Rule 11.20(b) of the Council and Section 20-226(g) of the New York City Administrative Code, the Council resolves that the action of the Department of Transportation approving an unenclosed sidewalk cafe located at 363 Third Avenue, (Application No. 20035271 TCM), shall be subject to review by the Council.",https://legistar.council.nyc.gov/LegislationDetail.aspx?ID=440172&GUID=618463DB-A9F1-45BA-B62E-ED42D030CFEA&Options=ID|Text|&Search=; https://legistar.council.nyc.gov/LegislationDetail.aspx?ID=440175&GUID=D9623F4B-A46E-487C-85EF-B304FD886497&Options=ID|Text|&Search=,https://legistar.council.nyc.gov/HistoryDetail.aspx?ID=2281094&GUID=51968AEB-6409-4D66-95E1-7656C3E3C68B; https://legistar.council.nyc.gov/HistoryDetail.aspx?ID=2281118&GUID=09E4BB85-5BA5-4E52-B8A0-66B8C646C2E6
2004,2004-03-24,M 0094-2004,clu_geo_008,48,manual_queue_ai_review_researcher_accepted,high,promote,explicit_official_district,"Official Council records identify the two related ULURP applications as Kings Highway Public Parking, Brooklyn: M 0094-2004 calls up C 040128 PPK and M 0095-2004 calls up C 040129 ZSK. Official Council LU records found by web search explicitly place LU 0110...",M 0094-2004; M 0095-2004,040128PPK; 040129ZSK,P2004K0091,C-O-P/KINGSWOOD SHOPPING CENTER,"By Council Member Nelson: Pursuant to Rule 11.20(b) of the Council and Section 197-d(b)(3) of the New York City Charter, the Council hereby resolves that the action of the City Planning Commission on Uniform Land Use Procedure Application no. C 040128 PPK shall be subject to review by the Council.; By Council Member Nelson: Pursuant to Rule 11.20(b) of the Council and Section 197-d(b)(3) of the New York City Charter, the Council hereby resolves that the action of the City Planning Commission on Uniform Land Use Procedure Application no. 040129 ZSK shall be subject to review by the Council.",https://legistar.council.nyc.gov/LegislationDetail.aspx?ID=441877&GUID=520383C7-386F-4403-96CF-5EF38EA3E0E1&Options=ID|Text|&Search=; https://legistar.council.nyc.gov/LegislationDetail.aspx?ID=441878&GUID=8458E6CE-4808-4013-90CE-0F218FF8885C&Options=ID|Text|&Search=,https://legistar.council.nyc.gov/HistoryDetail.aspx?ID=2289593&GUID=D3CEF9E9-556F-42E6-BFC4-882A27A5DED4; https://legistar.council.nyc.gov/HistoryDetail.aspx?ID=2289594&GUID=49C82CF3-BFC3-4D1C-B617-D03ACEB31714
2004,2004-03-24,M 0095-2004,clu_geo_008,48,manual_queue_ai_review_researcher_accepted,high,promote,explicit_official_district,"Official Council records identify the two related ULURP applications as Kings Highway Public Parking, Brooklyn: M 0094-2004 calls up C 040128 PPK and M 0095-2004 calls up C 040129 ZSK. Official Council LU records found by web search explicitly place LU 0110...",M 0094-2004; M 0095-2004,040128PPK; 040129ZSK,P2004K0091,C-O-P/KINGSWOOD SHOPPING CENTER,"By Council Member Nelson: Pursuant to Rule 11.20(b) of the Council and Section 197-d(b)(3) of the New York City Charter, the Council hereby resolves that the action of the City Planning Commission on Uniform Land Use Procedure Application no. C 040128 PPK shall be subject to review by the Council.; By Council Member Nelson: Pursuant to Rule 11.20(b) of the Council and Section 197-d(b)(3) of the New York City Charter, the Council hereby resolves that the action of the City Planning Commission on Uniform Land Use Procedure Application no. 040129 ZSK shall be subject to review by the Council.",https://legistar.council.nyc.gov/LegislationDetail.aspx?ID=441877&GUID=520383C7-386F-4403-96CF-5EF38EA3E0E1&Options=ID|Text|&Search=; https://legistar.council.nyc.gov/LegislationDetail.aspx?ID=441878&GUID=8458E6CE-4808-4013-90CE-0F218FF8885C&Options=ID|Text|&Search=,https://legistar.council.nyc.gov/HistoryDetail.aspx?ID=2289593&GUID=D3CEF9E9-556F-42E6-BFC4-882A27A5DED4; https://legistar.council.nyc.gov/HistoryDetail.aspx?ID=2289594&GUID=49C82CF3-BFC3-4D1C-B617-D03ACEB31714
2004,2004-12-15,M 0415-2004,clu_geo_108,34,remaining_queue_ai_review_researcher_adjudicated,medium,promote_with_caveat,official_geography_external_boundary,"Official Council Legistar identifies the matter as ULURP 741 Flushing Ave., Brooklyn (040143PQK), and the companion Council resolution identifies ULURP No. C 040143 PQK / L.U. 363 as acquisition of property at 741 Flushing Avenue, Block 2276/Lot 37, Brookly...",M 0415-2004,NA,NA,NA,"By Council Member Reyna: Pursuant to Rule 11.20(b) of the Council and Section 197-d(b)(3) of the New York City Charter, the Council hereby resolves that the action of the City Planning Commission on Uniform Land Use Procedure Application no. 20040143 shall be subject to review by the Council.",https://legistar.council.nyc.gov/LegislationDetail.aspx?ID=443462&GUID=C02FC424-D76E-451A-9C4A-BD50099D25CA&Options=ID|Text|&Search=,https://legistar.council.nyc.gov/HistoryDetail.aspx?ID=2297082&GUID=13D42E57-9293-413A-A119-73C5C4299A00
2005,2005-06-20,LU 0507-2005,clu_geo_110,18,manual_queue_ai_review_researcher_accepted,medium,promote_with_caveat,official_geography_external_boundary,"Official Council LU 0507-2005 identifies the land-use application as 920 Metcalf Avenue, Bronx, Community District 9. The deterministic exact-address MapPLUTO pass maps 920 Metcalf Avenue / BBL 2036590001 to Council District 18. No official source in this p...",LU 0507-2005,NA,NA,NA,"Land Use Application - 920 Metcalf Avenue, Bronx, Community District 9",https://legistar.council.nyc.gov/LegislationDetail.aspx?ID=444500&GUID=4BE8AEFE-4201-47B6-9B57-F9D182C05E22&Options=ID|Text|&Search=,https://legistar.council.nyc.gov/HistoryDetail.aspx?ID=2302130&GUID=B64E00BA-1210-4851-9099-401B18A6AD02
2005,2005-06-30,M 0640-2005,clu_geo_111,12,remaining_queue_ai_review_researcher_adjudicated,medium,promote_with_caveat,official_geography_external_boundary,"Official Council resolution Res 1113-2005 for LU 518 / C 030136 MMX identifies the action as a City Map amendment eliminating, discontinuing, and closing portions of the New England Thruway within an area bounded by Conner Street, Tillotson Avenue, Hollers...",M 0640-2005,20030136MMX,NA,NA,"By Council Member Seabrook: Pursuant to Rule 11.20(c) of the Council and Section 197-d(b)(3) of the New York City Charter, the Council hereby resolves that the action of the City Planning Commission on Uniform Land Use Procedure Application Number 20030136 MMX, an amendment to the City Map special permit shall be subject to Council review.",https://legistar.council.nyc.gov/LegislationDetail.aspx?ID=444631&GUID=D1B31710-87BC-425B-9035-554C5970EE8E&Options=ID|Text|&Search=,https://legistar.council.nyc.gov/HistoryDetail.aspx?ID=2302697&GUID=9B3BF4CD-45DC-4D89-B758-EBF253C9BE3F
2005,2005-12-21,M 0726-2005,clu_geo_112,17,manual_queue_ai_review_researcher_accepted,high,promote,explicit_official_district,"Prior official-source check reports that related official Legistar LU records for the Bronx Terminal Market Gateway application package expressly identify Borough of the Bronx and Council District 17, with companion resolution support for Bronx Community Di...",M 0726-2005,050074MMX; 050530ZSX; 050532ZSX; 050539PPX; 050529ZMX,P2005X0050; P2005X0399,BR TERMINAL MARKET GATEWAY CENTER; BX TERMINAL MARKET GATEWAY CENTER,"By the Chair of the Land Use Committee Council Member Katz: Pursuant to Rule 11.20(c) of the Council and Section 197-d (b)(3) of the New York City Charter, the Council hereby resolves that the action of the City Planning Commission on Uniform Land Use Procedure Applications no. C 050074 MMX, a change to the city map; C 050530 ZSX, C 050530 ZSX, C 050532 ZSX, special permits; C 050539 PPX, a disposition; and shall be subject to Council review. This application is related to application no. C 050529 ZMX that is subject to Council review pursuant to Section 197-d of the New York City Charter.",https://legistar.council.nyc.gov/LegislationDetail.aspx?ID=445294&GUID=45253589-4534-482F-BF59-A8A38E15F9C7&Options=ID|Text|&Search=,https://legistar.council.nyc.gov/HistoryDetail.aspx?ID=2306554&GUID=F49F923D-2ACF-4B8A-B1F9-F7F9D3D7F068
2006,2006-02-01,Res 0031-2006,clu_geo_009,17,deterministic_geography_verification,high,deterministically_verified_project_geography,text_bbl_or_block_lot,AI-adjudicated geography matched deterministic text_bbl_or_block_lot assignment using DCP Council boundary release 06C.,Res 0031-2006,050531ZSX,P2005X0399,BX TERMINAL MARKET GATEWAY CENTER,"Resolution approving the decision of the City Planning Commission on ULURP No. C 050531 ZSX (L.U. No. 12), the grant of a special permit pursuant to Section 74-743(a) of the Zoning Resolution to modify the height and setback regulations of Section 33-40 and to allow the distribution of the total allowable floor area without regard for zoning lot lines in a C4-4 District.",https://legistar.council.nyc.gov/LegislationDetail.aspx?ID=445369&GUID=3BB7BBA8-6B40-4D8B-89E6-E38F55074512&Options=ID|Text|&Search=,https://legistar.council.nyc.gov/HistoryDetail.aspx?ID=2308119&GUID=F9D7272B-7262-4620-BC94-1D73E51DF39A
2006,2006-05-10,M 0127-2006,clu_geo_113,11; 37; 39,remaining_queue_ai_review_researcher_adjudicated,high,promote_with_caveat,explicit_official_district,"The uploaded packet identifies a bundled 2006-05-10 roll-call/call-up signature containing three distinct matters: M 0127-2006 for 442 Court Street / 20065318TCK, M 0128-2006 for 783 Knickerbocker Avenue / C 050371 PQK, and M 0129-2006 for Netherland Avenue...",M 0127-2006; M 0128-2006; M 0129-2006,20065318TCK; 050371PQK; 20030425MMX,P2005K0276,GRAND ST CHILD & FAMILY CENTER,"By Council Member de Blasio: Pursuant to Rule 11.20 b of the Council and Section 20-225 (g) of the New York City Administrative Code, the Council resolves that the action of the Department of Consumer Affairs approving an enclosed sidewalk café located at 442 Court Street, Community Board No. 6 20065318 TCK, shall be subject to review by the Council.; By Council Member Dilan: Pursuant to Rule 11.20 b of the Council and Section 197-d (b)(3) of the New York City Charter, the Council resolves that the action of the City Planning Commission on Uniform Land Use Procedure Application Number C 050371 PQK, shall be subject to review by the Council.; By Council Member Koppell: Pursuant to Rule 11.20 b of the Council and Section 197-d (b)(3) of the New York City Charter, the Council resolves that the action of the City Planning Commission on Uniform Land Use Procedure Application Number C 20030425 MMX, shall be subject to review by the Council.",https://legistar.council.nyc.gov/LegislationDetail.aspx?ID=445954&GUID=C0607B99-B7F4-4C11-B4E2-EF20FE2EDC8D&Options=ID|Text|&Search=; https://legistar.council.nyc.gov/LegislationDetail.aspx?ID=445955&GUID=D4EA0847-2A85-4337-9BD7-ECB73E236E99&Options=ID|Text|&Search=; https://legistar.council.nyc.gov/LegislationDetail.aspx?ID=445948&GUID=37AC5F2B-5560-4BED-BC81-3104C28DAFAB&Options=ID|Text|&Search=,https://legistar.council.nyc.gov/HistoryDetail.aspx?ID=2310549&GUID=7335ADF8-CFEB-4DD5-9892-2DACA6345EAC; https://legistar.council.nyc.gov/HistoryDetail.aspx?ID=2310550&GUID=3C5D5536-FF33-4196-BBB8-D2BE3EC6EAEC; https://legistar.council.nyc.gov/HistoryDetail.aspx?ID=2310437&GUID=78CE3FC0-4CD8-43BE-AA7D-369418ED04D8
2006,2006-05-10,M 0128-2006,clu_geo_113,11; 37; 39,remaining_queue_ai_review_researcher_adjudicated,high,promote_with_caveat,explicit_official_district,"The uploaded packet identifies a bundled 2006-05-10 roll-call/call-up signature containing three distinct matters: M 0127-2006 for 442 Court Street / 20065318TCK, M 0128-2006 for 783 Knickerbocker Avenue / C 050371 PQK, and M 0129-2006 for Netherland Avenue...",M 0127-2006; M 0128-2006; M 0129-2006,20065318TCK; 050371PQK; 20030425MMX,P2005K0276,GRAND ST CHILD & FAMILY CENTER,"By Council Member de Blasio: Pursuant to Rule 11.20 b of the Council and Section 20-225 (g) of the New York City Administrative Code, the Council resolves that the action of the Department of Consumer Affairs approving an enclosed sidewalk café located at 442 Court Street, Community Board No. 6 20065318 TCK, shall be subject to review by the Council.; By Council Member Dilan: Pursuant to Rule 11.20 b of the Council and Section 197-d (b)(3) of the New York City Charter, the Council resolves that the action of the City Planning Commission on Uniform Land Use Procedure Application Number C 050371 PQK, shall be subject to review by the Council.; By Council Member Koppell: Pursuant to Rule 11.20 b of the Council and Section 197-d (b)(3) of the New York City Charter, the Council resolves that the action of the City Planning Commission on Uniform Land Use Procedure Application Number C 20030425 MMX, shall be subject to review by the Council.",https://legistar.council.nyc.gov/LegislationDetail.aspx?ID=445954&GUID=C0607B99-B7F4-4C11-B4E2-EF20FE2EDC8D&Options=ID|Text|&Search=; https://legistar.council.nyc.gov/LegislationDetail.aspx?ID=445955&GUID=D4EA0847-2A85-4337-9BD7-ECB73E236E99&Options=ID|Text|&Search=; https://legistar.council.nyc.gov/LegislationDetail.aspx?ID=445948&GUID=37AC5F2B-5560-4BED-BC81-3104C28DAFAB&Options=ID|Text|&Search=,https://legistar.council.nyc.gov/HistoryDetail.aspx?ID=2310549&GUID=7335ADF8-CFEB-4DD5-9892-2DACA6345EAC; https://legistar.council.nyc.gov/HistoryDetail.aspx?ID=2310550&GUID=3C5D5536-FF33-4196-BBB8-D2BE3EC6EAEC; https://legistar.council.nyc.gov/HistoryDetail.aspx?ID=2310437&GUID=78CE3FC0-4CD8-43BE-AA7D-369418ED04D8
2006,2006-05-10,M 0129-2006,clu_geo_113,11; 37; 39,remaining_queue_ai_review_researcher_adjudicated,high,promote_with_caveat,explicit_official_district,"The uploaded packet identifies a bundled 2006-05-10 roll-call/call-up signature containing three distinct matters: M 0127-2006 for 442 Court Street / 20065318TCK, M 0128-2006 for 783 Knickerbocker Avenue / C 050371 PQK, and M 0129-2006 for Netherland Avenue...",M 0127-2006; M 0128-2006; M 0129-2006,20065318TCK; 050371PQK; 20030425MMX,P2005K0276,GRAND ST CHILD & FAMILY CENTER,"By Council Member de Blasio: Pursuant to Rule 11.20 b of the Council and Section 20-225 (g) of the New York City Administrative Code, the Council resolves that the action of the Department of Consumer Affairs approving an enclosed sidewalk café located at 442 Court Street, Community Board No. 6 20065318 TCK, shall be subject to review by the Council.; By Council Member Dilan: Pursuant to Rule 11.20 b of the Council and Section 197-d (b)(3) of the New York City Charter, the Council resolves that the action of the City Planning Commission on Uniform Land Use Procedure Application Number C 050371 PQK, shall be subject to review by the Council.; By Council Member Koppell: Pursuant to Rule 11.20 b of the Council and Section 197-d (b)(3) of the New York City Charter, the Council resolves that the action of the City Planning Commission on Uniform Land Use Procedure Application Number C 20030425 MMX, shall be subject to review by the Council.",https://legistar.council.nyc.gov/LegislationDetail.aspx?ID=445954&GUID=C0607B99-B7F4-4C11-B4E2-EF20FE2EDC8D&Options=ID|Text|&Search=; https://legistar.council.nyc.gov/LegislationDetail.aspx?ID=445955&GUID=D4EA0847-2A85-4337-9BD7-ECB73E236E99&Options=ID|Text|&Search=; https://legistar.council.nyc.gov/LegislationDetail.aspx?ID=445948&GUID=37AC5F2B-5560-4BED-BC81-3104C28DAFAB&Options=ID|Text|&Search=,https://legistar.council.nyc.gov/HistoryDetail.aspx?ID=2310549&GUID=7335ADF8-CFEB-4DD5-9892-2DACA6345EAC; https://legistar.council.nyc.gov/HistoryDetail.aspx?ID=2310550&GUID=3C5D5536-FF33-4196-BBB8-D2BE3EC6EAEC; https://legistar.council.nyc.gov/HistoryDetail.aspx?ID=2310437&GUID=78CE3FC0-4CD8-43BE-AA7D-369418ED04D8
2007,2007-08-06,M 0755-2007,clu_geo_117,17,deterministic_geography_verification,high,deterministically_verified_project_geography,zap_bbl,AI-adjudicated geography matched deterministic zap_bbl assignment using DCP Council boundary release 07C.,M 0755-2007; M 0756-2007; M 0757-2007,070008PSX; 070009MMX; 070010MMX,P2007X0008; P2007X0007,HUNTS PT WATER POLLUTION CON PLANT; BARRETTO POINT PARK,"By Council Member Arroyo: Pursuant to Rule 11.20(c) of the Council and Section 197-d(b)(3) of the New York City Charter, the Council resolves that the action of the City Planning Commission on Uniform Land Use Procedure Application no. C 070008 PSX, shall be subject to review by the Council.; By Council Member Arroyo: Pursuant to Rule 11.20(c) of the Council and Section 197-d(b)(3) of the New York City Charter, the Council resolves that the action of the City Planning Commission on Uniform Land Use Procedure Application no. C 070009 MMX, shall be subject to review by the Council.; By Council Member Arroyo: Pursuant to Rule 11.20(c) of the Council and Section 197-d(b)(3) of the New York City Charter, the Council resolves that the action of the City Planning Commission on Uniform Land Use Procedure Application no. C 070010 MMX, shall be subject to review by the Council.",https://legistar.council.nyc.gov/LegislationDetail.aspx?ID=447446&GUID=83E9020C-2280-4CB0-8DDE-6AE4BD1A1999&Options=ID|Text|&Search=; https://legistar.council.nyc.gov/LegislationDetail.aspx?ID=447447&GUID=620B7491-BF4D-4700-9270-5C0FC85A9BC0&Options=ID|Text|&Search=; https://legistar.council.nyc.gov/LegislationDetail.aspx?ID=447448&GUID=9B7B9D8D-633B-4ECD-85DA-98CA642301AA&Options=ID|Text|&Search=,https://legistar.council.nyc.gov/HistoryDetail.aspx?ID=2319120&GUID=894A607F-0321-4523-8686-0D56D883BD3D; https://legistar.council.nyc.gov/HistoryDetail.aspx?ID=2319121&GUID=3FD7B1A4-BB7D-4BEF-B6DF-77815FB48930; https://legistar.council.nyc.gov/HistoryDetail.aspx?ID=2319122&GUID=995690CD-8B83-4E17-AD2A-63771F655E97
2007,2007-08-06,M 0756-2007,clu_geo_117,17,deterministic_geography_verification,high,deterministically_verified_project_geography,zap_bbl,AI-adjudicated geography matched deterministic zap_bbl assignment using DCP Council boundary release 07C.,M 0755-2007; M 0756-2007; M 0757-2007,070008PSX; 070009MMX; 070010MMX,P2007X0008; P2007X0007,HUNTS PT WATER POLLUTION CON PLANT; BARRETTO POINT PARK,"By Council Member Arroyo: Pursuant to Rule 11.20(c) of the Council and Section 197-d(b)(3) of the New York City Charter, the Council resolves that the action of the City Planning Commission on Uniform Land Use Procedure Application no. C 070008 PSX, shall be subject to review by the Council.; By Council Member Arroyo: Pursuant to Rule 11.20(c) of the Council and Section 197-d(b)(3) of the New York City Charter, the Council resolves that the action of the City Planning Commission on Uniform Land Use Procedure Application no. C 070009 MMX, shall be subject to review by the Council.; By Council Member Arroyo: Pursuant to Rule 11.20(c) of the Council and Section 197-d(b)(3) of the New York City Charter, the Council resolves that the action of the City Planning Commission on Uniform Land Use Procedure Application no. C 070010 MMX, shall be subject to review by the Council.",https://legistar.council.nyc.gov/LegislationDetail.aspx?ID=447446&GUID=83E9020C-2280-4CB0-8DDE-6AE4BD1A1999&Options=ID|Text|&Search=; https://legistar.council.nyc.gov/LegislationDetail.aspx?ID=447447&GUID=620B7491-BF4D-4700-9270-5C0FC85A9BC0&Options=ID|Text|&Search=; https://legistar.council.nyc.gov/LegislationDetail.aspx?ID=447448&GUID=9B7B9D8D-633B-4ECD-85DA-98CA642301AA&Options=ID|Text|&Search=,https://legistar.council.nyc.gov/HistoryDetail.aspx?ID=2319120&GUID=894A607F-0321-4523-8686-0D56D883BD3D; https://legistar.council.nyc.gov/HistoryDetail.aspx?ID=2319121&GUID=3FD7B1A4-BB7D-4BEF-B6DF-77815FB48930; https://legistar.council.nyc.gov/HistoryDetail.aspx?ID=2319122&GUID=995690CD-8B83-4E17-AD2A-63771F655E97
2007,2007-08-06,M 0757-2007,clu_geo_117,17,deterministic_geography_verification,high,deterministically_verified_project_geography,zap_bbl,AI-adjudicated geography matched deterministic zap_bbl assignment using DCP Council boundary release 07C.,M 0755-2007; M 0756-2007; M 0757-2007,070008PSX; 070009MMX; 070010MMX,P2007X0008; P2007X0007,HUNTS PT WATER POLLUTION CON PLANT; BARRETTO POINT PARK,"By Council Member Arroyo: Pursuant to Rule 11.20(c) of the Council and Section 197-d(b)(3) of the New York City Charter, the Council resolves that the action of the City Planning Commission on Uniform Land Use Procedure Application no. C 070008 PSX, shall be subject to review by the Council.; By Council Member Arroyo: Pursuant to Rule 11.20(c) of the Council and Section 197-d(b)(3) of the New York City Charter, the Council resolves that the action of the City Planning Commission on Uniform Land Use Procedure Application no. C 070009 MMX, shall be subject to review by the Council.; By Council Member Arroyo: Pursuant to Rule 11.20(c) of the Council and Section 197-d(b)(3) of the New York City Charter, the Council resolves that the action of the City Planning Commission on Uniform Land Use Procedure Application no. C 070010 MMX, shall be subject to review by the Council.",https://legistar.council.nyc.gov/LegislationDetail.aspx?ID=447446&GUID=83E9020C-2280-4CB0-8DDE-6AE4BD1A1999&Options=ID|Text|&Search=; https://legistar.council.nyc.gov/LegislationDetail.aspx?ID=447447&GUID=620B7491-BF4D-4700-9270-5C0FC85A9BC0&Options=ID|Text|&Search=; https://legistar.council.nyc.gov/LegislationDetail.aspx?ID=447448&GUID=9B7B9D8D-633B-4ECD-85DA-98CA642301AA&Options=ID|Text|&Search=,https://legistar.council.nyc.gov/HistoryDetail.aspx?ID=2319120&GUID=894A607F-0321-4523-8686-0D56D883BD3D; https://legistar.council.nyc.gov/HistoryDetail.aspx?ID=2319121&GUID=3FD7B1A4-BB7D-4BEF-B6DF-77815FB48930; https://legistar.council.nyc.gov/HistoryDetail.aspx?ID=2319122&GUID=995690CD-8B83-4E17-AD2A-63771F655E97
2007,2007-08-22,M 0787-2007,clu_geo_116,3; 5; 34,remaining_queue_ai_review_researcher_adjudicated,high,promote_with_caveat,explicit_official_district,"The bundled call-up vote covers four matters. M 0787-2007 / LU 0539-2007 is the Tanti Baci sidewalk cafe at 135 1/2 Seventh Avenue South, Manhattan, explicitly listed in official Council LU records as Council District no. 3. M 0788-2007 / LU 0535-2007 is C...",M 0787-2007; M 0788-2007; M 0789-2007; M 0790-2007,20075440TCM; 070211ZSM; 070434ZSK; 070432ZMK; 070433HAK; 20075497TCM,P2007M0145; P2007K0305,200 11TH AVE PKG GARAGE; COOK STREET,"By The Speaker (Council Member Quinn): Pursuant to Rule 11.20(b) of the Council and Section 20-226(g) of the New York City Administrative Code, the Council resolves that the action of the Department of Consumer Affairs approving an unenclosed sidewalk café located at 135 ½ Seventh Avenue South, Application no. 20075440 TCM shall be subject to review by the Council.; By The Speaker (Council Member Quinn) Pursuant to Rule 11.20(c) of the Council and Section 197-d(b)(3) of the New York City Charter, the Council hereby resolves that the action of the City Planning Commission on Uniform Land Use Procedure Applications no., C 070211 ZSM a special permit to allow an attended public parking garage at 200 11th Avenue, Manhattan, shall be subject to Council review.; By the Chair of the Land Use Committee Council Member Katz Pursuant to Rule 11.20(c) of the Council and Section 197-d(b)(3) of the New York City Charter, the Council hereby resolves that the action of the City Planning Commission on Uniform Land Use Procedure Application no. C 070434 ZSK, a special permit, shall be subject to Council review. This application is related to application nos. C 070432 ZMK and C 070433 HAK that are subject to Council review pursuant to Section 197-d of the New York City Charter.",https://legistar.council.nyc.gov/LegislationDetail.aspx?ID=447503&GUID=32473A28-721D-4652-8C93-8048F647E36E&Options=ID|Text|&Search=; https://legistar.council.nyc.gov/LegislationDetail.aspx?ID=447468&GUID=287218E9-1972-4793-ACA1-76EDBCFF8669&Options=ID|Text|&Search=; https://legistar.council.nyc.gov/LegislationDetail.aspx?ID=447453&GUID=06BC1878-EDCF-4D59-ABBB-AEFD88F2DE8B&Options=ID|Text|&Search=; https://legistar.council.nyc.gov/LegislationDetail.aspx?ID=447471&GUID=BAC0EA2D-D495-41BB-A639-F8BCD55E0587&Options=ID|Text|&Search=,https://legistar.council.nyc.gov/HistoryDetail.aspx?ID=2319415&GUID=EA412A8E-9E4F-46B8-A890-85E0DE281C47; https://legistar.council.nyc.gov/HistoryDetail.aspx?ID=2319413&GUID=4BE5828B-2C50-458E-A0DB-034D3FE3F857; https://legistar.council.nyc.gov/HistoryDetail.aspx?ID=2319412&GUID=6426CFA3-FA96-4F5F-8855-39B163B85DCC; https://legistar.council.nyc.gov/HistoryDetail.aspx?ID=2319414&GUID=B9CD8CA5-D54A-44B4-9677-336160D26120
2007,2007-08-22,M 0788-2007,clu_geo_116,3; 5; 34,remaining_queue_ai_review_researcher_adjudicated,high,promote_with_caveat,explicit_official_district,"The bundled call-up vote covers four matters. M 0787-2007 / LU 0539-2007 is the Tanti Baci sidewalk cafe at 135 1/2 Seventh Avenue South, Manhattan, explicitly listed in official Council LU records as Council District no. 3. M 0788-2007 / LU 0535-2007 is C...",M 0787-2007; M 0788-2007; M 0789-2007; M 0790-2007,20075440TCM; 070211ZSM; 070434ZSK; 070432ZMK; 070433HAK; 20075497TCM,P2007M0145; P2007K0305,200 11TH AVE PKG GARAGE; COOK STREET,"By The Speaker (Council Member Quinn): Pursuant to Rule 11.20(b) of the Council and Section 20-226(g) of the New York City Administrative Code, the Council resolves that the action of the Department of Consumer Affairs approving an unenclosed sidewalk café located at 135 ½ Seventh Avenue South, Application no. 20075440 TCM shall be subject to review by the Council.; By The Speaker (Council Member Quinn) Pursuant to Rule 11.20(c) of the Council and Section 197-d(b)(3) of the New York City Charter, the Council hereby resolves that the action of the City Planning Commission on Uniform Land Use Procedure Applications no., C 070211 ZSM a special permit to allow an attended public parking garage at 200 11th Avenue, Manhattan, shall be subject to Council review.; By the Chair of the Land Use Committee Council Member Katz Pursuant to Rule 11.20(c) of the Council and Section 197-d(b)(3) of the New York City Charter, the Council hereby resolves that the action of the City Planning Commission on Uniform Land Use Procedure Application no. C 070434 ZSK, a special permit, shall be subject to Council review. This application is related to application nos. C 070432 ZMK and C 070433 HAK that are subject to Council review pursuant to Section 197-d of the New York City Charter.",https://legistar.council.nyc.gov/LegislationDetail.aspx?ID=447503&GUID=32473A28-721D-4652-8C93-8048F647E36E&Options=ID|Text|&Search=; https://legistar.council.nyc.gov/LegislationDetail.aspx?ID=447468&GUID=287218E9-1972-4793-ACA1-76EDBCFF8669&Options=ID|Text|&Search=; https://legistar.council.nyc.gov/LegislationDetail.aspx?ID=447453&GUID=06BC1878-EDCF-4D59-ABBB-AEFD88F2DE8B&Options=ID|Text|&Search=; https://legistar.council.nyc.gov/LegislationDetail.aspx?ID=447471&GUID=BAC0EA2D-D495-41BB-A639-F8BCD55E0587&Options=ID|Text|&Search=,https://legistar.council.nyc.gov/HistoryDetail.aspx?ID=2319415&GUID=EA412A8E-9E4F-46B8-A890-85E0DE281C47; https://legistar.council.nyc.gov/HistoryDetail.aspx?ID=2319413&GUID=4BE5828B-2C50-458E-A0DB-034D3FE3F857; https://legistar.council.nyc.gov/HistoryDetail.aspx?ID=2319412&GUID=6426CFA3-FA96-4F5F-8855-39B163B85DCC; https://legistar.council.nyc.gov/HistoryDetail.aspx?ID=2319414&GUID=B9CD8CA5-D54A-44B4-9677-336160D26120
2007,2007-08-22,M 0789-2007,clu_geo_116,3; 5; 34,remaining_queue_ai_review_researcher_adjudicated,high,promote_with_caveat,explicit_official_district,"The bundled call-up vote covers four matters. M 0787-2007 / LU 0539-2007 is the Tanti Baci sidewalk cafe at 135 1/2 Seventh Avenue South, Manhattan, explicitly listed in official Council LU records as Council District no. 3. M 0788-2007 / LU 0535-2007 is C...",M 0787-2007; M 0788-2007; M 0789-2007; M 0790-2007,20075440TCM; 070211ZSM; 070434ZSK; 070432ZMK; 070433HAK; 20075497TCM,P2007M0145; P2007K0305,200 11TH AVE PKG GARAGE; COOK STREET,"By The Speaker (Council Member Quinn): Pursuant to Rule 11.20(b) of the Council and Section 20-226(g) of the New York City Administrative Code, the Council resolves that the action of the Department of Consumer Affairs approving an unenclosed sidewalk café located at 135 ½ Seventh Avenue South, Application no. 20075440 TCM shall be subject to review by the Council.; By The Speaker (Council Member Quinn) Pursuant to Rule 11.20(c) of the Council and Section 197-d(b)(3) of the New York City Charter, the Council hereby resolves that the action of the City Planning Commission on Uniform Land Use Procedure Applications no., C 070211 ZSM a special permit to allow an attended public parking garage at 200 11th Avenue, Manhattan, shall be subject to Council review.; By the Chair of the Land Use Committee Council Member Katz Pursuant to Rule 11.20(c) of the Council and Section 197-d(b)(3) of the New York City Charter, the Council hereby resolves that the action of the City Planning Commission on Uniform Land Use Procedure Application no. C 070434 ZSK, a special permit, shall be subject to Council review. This application is related to application nos. C 070432 ZMK and C 070433 HAK that are subject to Council review pursuant to Section 197-d of the New York City Charter.",https://legistar.council.nyc.gov/LegislationDetail.aspx?ID=447503&GUID=32473A28-721D-4652-8C93-8048F647E36E&Options=ID|Text|&Search=; https://legistar.council.nyc.gov/LegislationDetail.aspx?ID=447468&GUID=287218E9-1972-4793-ACA1-76EDBCFF8669&Options=ID|Text|&Search=; https://legistar.council.nyc.gov/LegislationDetail.aspx?ID=447453&GUID=06BC1878-EDCF-4D59-ABBB-AEFD88F2DE8B&Options=ID|Text|&Search=; https://legistar.council.nyc.gov/LegislationDetail.aspx?ID=447471&GUID=BAC0EA2D-D495-41BB-A639-F8BCD55E0587&Options=ID|Text|&Search=,https://legistar.council.nyc.gov/HistoryDetail.aspx?ID=2319415&GUID=EA412A8E-9E4F-46B8-A890-85E0DE281C47; https://legistar.council.nyc.gov/HistoryDetail.aspx?ID=2319413&GUID=4BE5828B-2C50-458E-A0DB-034D3FE3F857; https://legistar.council.nyc.gov/HistoryDetail.aspx?ID=2319412&GUID=6426CFA3-FA96-4F5F-8855-39B163B85DCC; https://legistar.council.nyc.gov/HistoryDetail.aspx?ID=2319414&GUID=B9CD8CA5-D54A-44B4-9677-336160D26120
2007,2007-08-22,M 0790-2007,clu_geo_116,3; 5; 34,remaining_queue_ai_review_researcher_adjudicated,high,promote_with_caveat,explicit_official_district,"The bundled call-up vote covers four matters. M 0787-2007 / LU 0539-2007 is the Tanti Baci sidewalk cafe at 135 1/2 Seventh Avenue South, Manhattan, explicitly listed in official Council LU records as Council District no. 3. M 0788-2007 / LU 0535-2007 is C...",M 0787-2007; M 0788-2007; M 0789-2007; M 0790-2007,20075440TCM; 070211ZSM; 070434ZSK; 070432ZMK; 070433HAK; 20075497TCM,P2007M0145; P2007K0305,200 11TH AVE PKG GARAGE; COOK STREET,"By The Speaker (Council Member Quinn): Pursuant to Rule 11.20(b) of the Council and Section 20-226(g) of the New York City Administrative Code, the Council resolves that the action of the Department of Consumer Affairs approving an unenclosed sidewalk café located at 135 ½ Seventh Avenue South, Application no. 20075440 TCM shall be subject to review by the Council.; By The Speaker (Council Member Quinn) Pursuant to Rule 11.20(c) of the Council and Section 197-d(b)(3) of the New York City Charter, the Council hereby resolves that the action of the City Planning Commission on Uniform Land Use Procedure Applications no., C 070211 ZSM a special permit to allow an attended public parking garage at 200 11th Avenue, Manhattan, shall be subject to Council review.; By the Chair of the Land Use Committee Council Member Katz Pursuant to Rule 11.20(c) of the Council and Section 197-d(b)(3) of the New York City Charter, the Council hereby resolves that the action of the City Planning Commission on Uniform Land Use Procedure Application no. C 070434 ZSK, a special permit, shall be subject to Council review. This application is related to application nos. C 070432 ZMK and C 070433 HAK that are subject to Council review pursuant to Section 197-d of the New York City Charter.",https://legistar.council.nyc.gov/LegislationDetail.aspx?ID=447503&GUID=32473A28-721D-4652-8C93-8048F647E36E&Options=ID|Text|&Search=; https://legistar.council.nyc.gov/LegislationDetail.aspx?ID=447468&GUID=287218E9-1972-4793-ACA1-76EDBCFF8669&Options=ID|Text|&Search=; https://legistar.council.nyc.gov/LegislationDetail.aspx?ID=447453&GUID=06BC1878-EDCF-4D59-ABBB-AEFD88F2DE8B&Options=ID|Text|&Search=; https://legistar.council.nyc.gov/LegislationDetail.aspx?ID=447471&GUID=BAC0EA2D-D495-41BB-A639-F8BCD55E0587&Options=ID|Text|&Search=,https://legistar.council.nyc.gov/HistoryDetail.aspx?ID=2319415&GUID=EA412A8E-9E4F-46B8-A890-85E0DE281C47; https://legistar.council.nyc.gov/HistoryDetail.aspx?ID=2319413&GUID=4BE5828B-2C50-458E-A0DB-034D3FE3F857; https://legistar.council.nyc.gov/HistoryDetail.aspx?ID=2319412&GUID=6426CFA3-FA96-4F5F-8855-39B163B85DCC; https://legistar.council.nyc.gov/HistoryDetail.aspx?ID=2319414&GUID=B9CD8CA5-D54A-44B4-9677-336160D26120
2007,2007-12-19,LU 0634-2007,clu_geo_010,7,manual_queue_ai_review_researcher_accepted,high,promote,official_geography_external_boundary,Imported from the prior full-document conflict-review pass: official Manhattanville project boundaries plus external geography support Council District 7; a direct Council District line is not required.,LU 0634-2007; LU 0635-2007; Res 1201-2007; Res 1202-2007,070495ZMM; 070496ZRM,P2007M0351,SPEC MANHATTANVILLE DIST,"Uniform Land Use Review Procedure application no. C 070495 ZMM, submitted by Columbia University, pursuant to Sections 197-c and 201 of the New York City Charter, for an amendment of the Zoning Map, Section No. 5c and 6a.; Uniform Land Use Review Procedure application no. N 070496 ZRM, submitted by Columbia University, pursuant to Section 201 of the New York City Charter, for an amendment of the Zoning Resolution of the City of New York, concerning Article X, Chapter 4, (Special Manhattanville Mixed Use District), establishing a special district in Borough of Manhattan, Community District 9, and modifying related regulations.; Resolution approving the decision of the City Planning Commission on ULURP No. C 070495 ZMM, a Zoning Map change (L.U. No. 634).",https://legistar.council.nyc.gov/LegislationDetail.aspx?ID=447818&GUID=BEEFF9B9-CA31-49E5-B4FD-62DFD84E820E&Options=ID|Text|&Search=; https://legistar.council.nyc.gov/LegislationDetail.aspx?ID=447819&GUID=D30D3FF0-8525-4C80-97F0-18B9A6B6DEFD&Options=ID|Text|&Search=; https://legistar.council.nyc.gov/LegislationDetail.aspx?ID=447870&GUID=F2157B9D-A9BD-44D9-AD49-02C155635F2B&Options=ID|Text|&Search=; https://legistar.council.nyc.gov/LegislationDetail.aspx?ID=447871&GUID=C8F31B4C-C79D-48E7-AE2D-DD7ADE9009EA&Options=ID|Text|&Search=,https://legistar.council.nyc.gov/HistoryDetail.aspx?ID=2321802&GUID=9456CDAE-998A-40E8-AB53-DE664FBB3BE1; https://legistar.council.nyc.gov/HistoryDetail.aspx?ID=2321803&GUID=2A26DF31-E23A-4285-A9C9-C3225841757D; https://legistar.council.nyc.gov/HistoryDetail.aspx?ID=2321808&GUID=3A3C5961-C3C3-4234-AC34-15F6846D98B3; https://legistar.council.nyc.gov/HistoryDetail.aspx?ID=2321809&GUID=9171AABA-D85B-4C11-9708-FC7F1CA76AEB
2007,2007-12-19,LU 0635-2007,clu_geo_010,7,manual_queue_ai_review_researcher_accepted,high,promote,official_geography_external_boundary,Imported from the prior full-document conflict-review pass: official Manhattanville project boundaries plus external geography support Council District 7; a direct Council District line is not required.,LU 0634-2007; LU 0635-2007; Res 1201-2007; Res 1202-2007,070495ZMM; 070496ZRM,P2007M0351,SPEC MANHATTANVILLE DIST,"Uniform Land Use Review Procedure application no. C 070495 ZMM, submitted by Columbia University, pursuant to Sections 197-c and 201 of the New York City Charter, for an amendment of the Zoning Map, Section No. 5c and 6a.; Uniform Land Use Review Procedure application no. N 070496 ZRM, submitted by Columbia University, pursuant to Section 201 of the New York City Charter, for an amendment of the Zoning Resolution of the City of New York, concerning Article X, Chapter 4, (Special Manhattanville Mixed Use District), establishing a special district in Borough of Manhattan, Community District 9, and modifying related regulations.; Resolution approving the decision of the City Planning Commission on ULURP No. C 070495 ZMM, a Zoning Map change (L.U. No. 634).",https://legistar.council.nyc.gov/LegislationDetail.aspx?ID=447818&GUID=BEEFF9B9-CA31-49E5-B4FD-62DFD84E820E&Options=ID|Text|&Search=; https://legistar.council.nyc.gov/LegislationDetail.aspx?ID=447819&GUID=D30D3FF0-8525-4C80-97F0-18B9A6B6DEFD&Options=ID|Text|&Search=; https://legistar.council.nyc.gov/LegislationDetail.aspx?ID=447870&GUID=F2157B9D-A9BD-44D9-AD49-02C155635F2B&Options=ID|Text|&Search=; https://legistar.council.nyc.gov/LegislationDetail.aspx?ID=447871&GUID=C8F31B4C-C79D-48E7-AE2D-DD7ADE9009EA&Options=ID|Text|&Search=,https://legistar.council.nyc.gov/HistoryDetail.aspx?ID=2321802&GUID=9456CDAE-998A-40E8-AB53-DE664FBB3BE1; https://legistar.council.nyc.gov/HistoryDetail.aspx?ID=2321803&GUID=2A26DF31-E23A-4285-A9C9-C3225841757D; https://legistar.council.nyc.gov/HistoryDetail.aspx?ID=2321808&GUID=3A3C5961-C3C3-4234-AC34-15F6846D98B3; https://legistar.council.nyc.gov/HistoryDetail.aspx?ID=2321809&GUID=9171AABA-D85B-4C11-9708-FC7F1CA76AEB
2007,2007-12-19,Res 1201-2007,clu_geo_010,7,manual_queue_ai_review_researcher_accepted,high,promote,official_geography_external_boundary,Imported from the prior full-document conflict-review pass: official Manhattanville project boundaries plus external geography support Council District 7; a direct Council District line is not required.,LU 0634-2007; LU 0635-2007; Res 1201-2007; Res 1202-2007,070495ZMM; 070496ZRM,P2007M0351,SPEC MANHATTANVILLE DIST,"Uniform Land Use Review Procedure application no. C 070495 ZMM, submitted by Columbia University, pursuant to Sections 197-c and 201 of the New York City Charter, for an amendment of the Zoning Map, Section No. 5c and 6a.; Uniform Land Use Review Procedure application no. N 070496 ZRM, submitted by Columbia University, pursuant to Section 201 of the New York City Charter, for an amendment of the Zoning Resolution of the City of New York, concerning Article X, Chapter 4, (Special Manhattanville Mixed Use District), establishing a special district in Borough of Manhattan, Community District 9, and modifying related regulations.; Resolution approving the decision of the City Planning Commission on ULURP No. C 070495 ZMM, a Zoning Map change (L.U. No. 634).",https://legistar.council.nyc.gov/LegislationDetail.aspx?ID=447818&GUID=BEEFF9B9-CA31-49E5-B4FD-62DFD84E820E&Options=ID|Text|&Search=; https://legistar.council.nyc.gov/LegislationDetail.aspx?ID=447819&GUID=D30D3FF0-8525-4C80-97F0-18B9A6B6DEFD&Options=ID|Text|&Search=; https://legistar.council.nyc.gov/LegislationDetail.aspx?ID=447870&GUID=F2157B9D-A9BD-44D9-AD49-02C155635F2B&Options=ID|Text|&Search=; https://legistar.council.nyc.gov/LegislationDetail.aspx?ID=447871&GUID=C8F31B4C-C79D-48E7-AE2D-DD7ADE9009EA&Options=ID|Text|&Search=,https://legistar.council.nyc.gov/HistoryDetail.aspx?ID=2321802&GUID=9456CDAE-998A-40E8-AB53-DE664FBB3BE1; https://legistar.council.nyc.gov/HistoryDetail.aspx?ID=2321803&GUID=2A26DF31-E23A-4285-A9C9-C3225841757D; https://legistar.council.nyc.gov/HistoryDetail.aspx?ID=2321808&GUID=3A3C5961-C3C3-4234-AC34-15F6846D98B3; https://legistar.council.nyc.gov/HistoryDetail.aspx?ID=2321809&GUID=9171AABA-D85B-4C11-9708-FC7F1CA76AEB
2007,2007-12-19,Res 1202-2007,clu_geo_010,7,manual_queue_ai_review_researcher_accepted,high,promote,official_geography_external_boundary,Imported from the prior full-document conflict-review pass: official Manhattanville project boundaries plus external geography support Council District 7; a direct Council District line is not required.,LU 0634-2007; LU 0635-2007; Res 1201-2007; Res 1202-2007,070495ZMM; 070496ZRM,P2007M0351,SPEC MANHATTANVILLE DIST,"Uniform Land Use Review Procedure application no. C 070495 ZMM, submitted by Columbia University, pursuant to Sections 197-c and 201 of the New York City Charter, for an amendment of the Zoning Map, Section No. 5c and 6a.; Uniform Land Use Review Procedure application no. N 070496 ZRM, submitted by Columbia University, pursuant to Section 201 of the New York City Charter, for an amendment of the Zoning Resolution of the City of New York, concerning Article X, Chapter 4, (Special Manhattanville Mixed Use District), establishing a special district in Borough of Manhattan, Community District 9, and modifying related regulations.; Resolution approving the decision of the City Planning Commission on ULURP No. C 070495 ZMM, a Zoning Map change (L.U. No. 634).",https://legistar.council.nyc.gov/LegislationDetail.aspx?ID=447818&GUID=BEEFF9B9-CA31-49E5-B4FD-62DFD84E820E&Options=ID|Text|&Search=; https://legistar.council.nyc.gov/LegislationDetail.aspx?ID=447819&GUID=D30D3FF0-8525-4C80-97F0-18B9A6B6DEFD&Options=ID|Text|&Search=; https://legistar.council.nyc.gov/LegislationDetail.aspx?ID=447870&GUID=F2157B9D-A9BD-44D9-AD49-02C155635F2B&Options=ID|Text|&Search=; https://legistar.council.nyc.gov/LegislationDetail.aspx?ID=447871&GUID=C8F31B4C-C79D-48E7-AE2D-DD7ADE9009EA&Options=ID|Text|&Search=,https://legistar.council.nyc.gov/HistoryDetail.aspx?ID=2321802&GUID=9456CDAE-998A-40E8-AB53-DE664FBB3BE1; https://legistar.council.nyc.gov/HistoryDetail.aspx?ID=2321803&GUID=2A26DF31-E23A-4285-A9C9-C3225841757D; https://legistar.council.nyc.gov/HistoryDetail.aspx?ID=2321808&GUID=3A3C5961-C3C3-4234-AC34-15F6846D98B3; https://legistar.council.nyc.gov/HistoryDetail.aspx?ID=2321809&GUID=9171AABA-D85B-4C11-9708-FC7F1CA76AEB
2008,2008-03-26,LU 0688-2008,clu_geo_118,34,manual_queue_ai_review_researcher_accepted,medium,promote_with_caveat,official_geography_external_boundary,"Official Legistar evidence identifies ULURP C 050192 ZMK / 70 Wyckoff Avenue Rezoning in Brooklyn, with a motion to file after withdrawal of the CPC decision. District 34 is retained as project-address/name geography coding.",LU 0688-2008; Res 1333-2008,050192ZMK,NA,NA,"Uniform land use review procedure application no. C 050192 ZMK submitted by 70 Wyckoff Ave LLC, pursuant to Sections 197-c and 201 of the New York City Charter, for an amendment of the Zoning Map, Section No. 13b, changing from an M1-1 District to an R6 District and establishing a C2-4 District within an R6 District..; Resolution approving a motion to file pursuant to withdrawal of the decision of the City Planning Commission on ULURP No. C 050192 ZMK, a Zoning Map change (L.U. No. 688).",https://legistar.council.nyc.gov/LegislationDetail.aspx?ID=448028&GUID=70217E1F-CD23-47B1-8D6C-D2D5D9B3A37B&Options=ID|Text|&Search=; https://legistar.council.nyc.gov/LegislationDetail.aspx?ID=448156&GUID=ED90E83D-D684-43F6-BC54-A6F2A6D3D0AA&Options=ID|Text|&Search=,https://legistar.council.nyc.gov/HistoryDetail.aspx?ID=2323464&GUID=2E9D8837-8EED-4779-8F00-428398A1A044; https://legistar.council.nyc.gov/HistoryDetail.aspx?ID=2323353&GUID=98C8DEF5-5A19-45D3-96DA-E0A3F4D9B05A
2008,2008-03-26,Res 1333-2008,clu_geo_118,34,manual_queue_ai_review_researcher_accepted,medium,promote_with_caveat,official_geography_external_boundary,"Official Legistar evidence identifies ULURP C 050192 ZMK / 70 Wyckoff Avenue Rezoning in Brooklyn, with a motion to file after withdrawal of the CPC decision. District 34 is retained as project-address/name geography coding.",LU 0688-2008; Res 1333-2008,050192ZMK,NA,NA,"Uniform land use review procedure application no. C 050192 ZMK submitted by 70 Wyckoff Ave LLC, pursuant to Sections 197-c and 201 of the New York City Charter, for an amendment of the Zoning Map, Section No. 13b, changing from an M1-1 District to an R6 District and establishing a C2-4 District within an R6 District..; Resolution approving a motion to file pursuant to withdrawal of the decision of the City Planning Commission on ULURP No. C 050192 ZMK, a Zoning Map change (L.U. No. 688).",https://legistar.council.nyc.gov/LegislationDetail.aspx?ID=448028&GUID=70217E1F-CD23-47B1-8D6C-D2D5D9B3A37B&Options=ID|Text|&Search=; https://legistar.council.nyc.gov/LegislationDetail.aspx?ID=448156&GUID=ED90E83D-D684-43F6-BC54-A6F2A6D3D0AA&Options=ID|Text|&Search=,https://legistar.council.nyc.gov/HistoryDetail.aspx?ID=2323464&GUID=2E9D8837-8EED-4779-8F00-428398A1A044; https://legistar.council.nyc.gov/HistoryDetail.aspx?ID=2323353&GUID=98C8DEF5-5A19-45D3-96DA-E0A3F4D9B05A
2008,2008-04-30,LU 0697-2008,clu_geo_012,7; 8; 9,remaining_queue_ai_review_researcher_adjudicated,high,promote_with_caveat,official_geography_external_boundary,"Official Council/Legistar text identifies the action as the 125th Street Corridor/Special 125th Street District zoning map and text amendment, with mapped boundaries from Broadway/Tiemann Place to Second Avenue and Community Districts 9, 10, and 11. DCP's a...",LU 0697-2008; LU 0719-2008; Res 1408-2008; Res 1409-2008,080099AZMM; 080100ZRM; 080100AZRM,P2008M0170,125TH ST CORRIDOR,"Uniform land use review procedure application no. C 080099(A) ZMM, pursuant to Sections 197-c and 201 of the New York City Charter and proposed modification pursuant to Section 2-06 (c) (1) of the Uniform Land Use Procedure, for an amendment of the Zoning Map, Sections Nos. 5c, 6a & 6b.; Application no. N 080100 ZRM submitted by the Department of City Planning pursuant to Section 201 of the New York City Charter, for an amendment of the Zoning Resolution of the City of New York, concerning Article IX, Charter 7 (Special 125th Street District), establishing a special district in the Borough of Manhattan, Community District 9, 10 and 11 and modifying related regulations.; Resolution approving the decision of the City Planning Commission on ULURP No. C 080099 (A) ZMM, a Zoning Map change (L.U. No. 697).",https://legistar.council.nyc.gov/LegislationDetail.aspx?ID=448116&GUID=72F2E86C-533E-4DC6-B78F-A2902DB2766A&Options=ID|Text|&Search=; https://legistar.council.nyc.gov/LegislationDetail.aspx?ID=448148&GUID=E5FFC70D-E7F4-4773-9133-C74D00BE5CE1&Options=ID|Text|&Search=; https://legistar.council.nyc.gov/LegislationDetail.aspx?ID=448254&GUID=5AEE3E9A-D9A2-4AED-9816-97CD4EC4CDF3&Options=ID|Text|&Search=; https://legistar.council.nyc.gov/LegislationDetail.aspx?ID=448255&GUID=244CB90C-0A31-460B-866B-3414E8C9BE89&Options=ID|Text|&Search=,https://legistar.council.nyc.gov/HistoryDetail.aspx?ID=2324238&GUID=6D2CA858-FBBD-4D3C-B50D-4BA9F3EEC452; https://legistar.council.nyc.gov/HistoryDetail.aspx?ID=2324239&GUID=B2EC1097-04F8-43D9-B242-F02EF1DDB641; https://legistar.council.nyc.gov/HistoryDetail.aspx?ID=2324119&GUID=A8DD6521-150B-48D0-82B2-B6249611417B; https://legistar.council.nyc.gov/HistoryDetail.aspx?ID=2324120&GUID=A125285A-A7CE-4760-9911-2188B3402F41
2008,2008-04-30,LU 0719-2008,clu_geo_012,7; 8; 9,remaining_queue_ai_review_researcher_adjudicated,high,promote_with_caveat,official_geography_external_boundary,"Official Council/Legistar text identifies the action as the 125th Street Corridor/Special 125th Street District zoning map and text amendment, with mapped boundaries from Broadway/Tiemann Place to Second Avenue and Community Districts 9, 10, and 11. DCP's a...",LU 0697-2008; LU 0719-2008; Res 1408-2008; Res 1409-2008,080099AZMM; 080100ZRM; 080100AZRM,P2008M0170,125TH ST CORRIDOR,"Uniform land use review procedure application no. C 080099(A) ZMM, pursuant to Sections 197-c and 201 of the New York City Charter and proposed modification pursuant to Section 2-06 (c) (1) of the Uniform Land Use Procedure, for an amendment of the Zoning Map, Sections Nos. 5c, 6a & 6b.; Application no. N 080100 ZRM submitted by the Department of City Planning pursuant to Section 201 of the New York City Charter, for an amendment of the Zoning Resolution of the City of New York, concerning Article IX, Charter 7 (Special 125th Street District), establishing a special district in the Borough of Manhattan, Community District 9, 10 and 11 and modifying related regulations.; Resolution approving the decision of the City Planning Commission on ULURP No. C 080099 (A) ZMM, a Zoning Map change (L.U. No. 697).",https://legistar.council.nyc.gov/LegislationDetail.aspx?ID=448116&GUID=72F2E86C-533E-4DC6-B78F-A2902DB2766A&Options=ID|Text|&Search=; https://legistar.council.nyc.gov/LegislationDetail.aspx?ID=448148&GUID=E5FFC70D-E7F4-4773-9133-C74D00BE5CE1&Options=ID|Text|&Search=; https://legistar.council.nyc.gov/LegislationDetail.aspx?ID=448254&GUID=5AEE3E9A-D9A2-4AED-9816-97CD4EC4CDF3&Options=ID|Text|&Search=; https://legistar.council.nyc.gov/LegislationDetail.aspx?ID=448255&GUID=244CB90C-0A31-460B-866B-3414E8C9BE89&Options=ID|Text|&Search=,https://legistar.council.nyc.gov/HistoryDetail.aspx?ID=2324238&GUID=6D2CA858-FBBD-4D3C-B50D-4BA9F3EEC452; https://legistar.council.nyc.gov/HistoryDetail.aspx?ID=2324239&GUID=B2EC1097-04F8-43D9-B242-F02EF1DDB641; https://legistar.council.nyc.gov/HistoryDetail.aspx?ID=2324119&GUID=A8DD6521-150B-48D0-82B2-B6249611417B; https://legistar.council.nyc.gov/HistoryDetail.aspx?ID=2324120&GUID=A125285A-A7CE-4760-9911-2188B3402F41
2008,2008-04-30,Res 1408-2008,clu_geo_012,7; 8; 9,remaining_queue_ai_review_researcher_adjudicated,high,promote_with_caveat,official_geography_external_boundary,"Official Council/Legistar text identifies the action as the 125th Street Corridor/Special 125th Street District zoning map and text amendment, with mapped boundaries from Broadway/Tiemann Place to Second Avenue and Community Districts 9, 10, and 11. DCP's a...",LU 0697-2008; LU 0719-2008; Res 1408-2008; Res 1409-2008,080099AZMM; 080100ZRM; 080100AZRM,P2008M0170,125TH ST CORRIDOR,"Uniform land use review procedure application no. C 080099(A) ZMM, pursuant to Sections 197-c and 201 of the New York City Charter and proposed modification pursuant to Section 2-06 (c) (1) of the Uniform Land Use Procedure, for an amendment of the Zoning Map, Sections Nos. 5c, 6a & 6b.; Application no. N 080100 ZRM submitted by the Department of City Planning pursuant to Section 201 of the New York City Charter, for an amendment of the Zoning Resolution of the City of New York, concerning Article IX, Charter 7 (Special 125th Street District), establishing a special district in the Borough of Manhattan, Community District 9, 10 and 11 and modifying related regulations.; Resolution approving the decision of the City Planning Commission on ULURP No. C 080099 (A) ZMM, a Zoning Map change (L.U. No. 697).",https://legistar.council.nyc.gov/LegislationDetail.aspx?ID=448116&GUID=72F2E86C-533E-4DC6-B78F-A2902DB2766A&Options=ID|Text|&Search=; https://legistar.council.nyc.gov/LegislationDetail.aspx?ID=448148&GUID=E5FFC70D-E7F4-4773-9133-C74D00BE5CE1&Options=ID|Text|&Search=; https://legistar.council.nyc.gov/LegislationDetail.aspx?ID=448254&GUID=5AEE3E9A-D9A2-4AED-9816-97CD4EC4CDF3&Options=ID|Text|&Search=; https://legistar.council.nyc.gov/LegislationDetail.aspx?ID=448255&GUID=244CB90C-0A31-460B-866B-3414E8C9BE89&Options=ID|Text|&Search=,https://legistar.council.nyc.gov/HistoryDetail.aspx?ID=2324238&GUID=6D2CA858-FBBD-4D3C-B50D-4BA9F3EEC452; https://legistar.council.nyc.gov/HistoryDetail.aspx?ID=2324239&GUID=B2EC1097-04F8-43D9-B242-F02EF1DDB641; https://legistar.council.nyc.gov/HistoryDetail.aspx?ID=2324119&GUID=A8DD6521-150B-48D0-82B2-B6249611417B; https://legistar.council.nyc.gov/HistoryDetail.aspx?ID=2324120&GUID=A125285A-A7CE-4760-9911-2188B3402F41
2008,2008-04-30,Res 1409-2008,clu_geo_012,7; 8; 9,remaining_queue_ai_review_researcher_adjudicated,high,promote_with_caveat,official_geography_external_boundary,"Official Council/Legistar text identifies the action as the 125th Street Corridor/Special 125th Street District zoning map and text amendment, with mapped boundaries from Broadway/Tiemann Place to Second Avenue and Community Districts 9, 10, and 11. DCP's a...",LU 0697-2008; LU 0719-2008; Res 1408-2008; Res 1409-2008,080099AZMM; 080100ZRM; 080100AZRM,P2008M0170,125TH ST CORRIDOR,"Uniform land use review procedure application no. C 080099(A) ZMM, pursuant to Sections 197-c and 201 of the New York City Charter and proposed modification pursuant to Section 2-06 (c) (1) of the Uniform Land Use Procedure, for an amendment of the Zoning Map, Sections Nos. 5c, 6a & 6b.; Application no. N 080100 ZRM submitted by the Department of City Planning pursuant to Section 201 of the New York City Charter, for an amendment of the Zoning Resolution of the City of New York, concerning Article IX, Charter 7 (Special 125th Street District), establishing a special district in the Borough of Manhattan, Community District 9, 10 and 11 and modifying related regulations.; Resolution approving the decision of the City Planning Commission on ULURP No. C 080099 (A) ZMM, a Zoning Map change (L.U. No. 697).",https://legistar.council.nyc.gov/LegislationDetail.aspx?ID=448116&GUID=72F2E86C-533E-4DC6-B78F-A2902DB2766A&Options=ID|Text|&Search=; https://legistar.council.nyc.gov/LegislationDetail.aspx?ID=448148&GUID=E5FFC70D-E7F4-4773-9133-C74D00BE5CE1&Options=ID|Text|&Search=; https://legistar.council.nyc.gov/LegislationDetail.aspx?ID=448254&GUID=5AEE3E9A-D9A2-4AED-9816-97CD4EC4CDF3&Options=ID|Text|&Search=; https://legistar.council.nyc.gov/LegislationDetail.aspx?ID=448255&GUID=244CB90C-0A31-460B-866B-3414E8C9BE89&Options=ID|Text|&Search=,https://legistar.council.nyc.gov/HistoryDetail.aspx?ID=2324238&GUID=6D2CA858-FBBD-4D3C-B50D-4BA9F3EEC452; https://legistar.council.nyc.gov/HistoryDetail.aspx?ID=2324239&GUID=B2EC1097-04F8-43D9-B242-F02EF1DDB641; https://legistar.council.nyc.gov/HistoryDetail.aspx?ID=2324119&GUID=A8DD6521-150B-48D0-82B2-B6249611417B; https://legistar.council.nyc.gov/HistoryDetail.aspx?ID=2324120&GUID=A125285A-A7CE-4760-9911-2188B3402F41
2008,2008-07-23,LU 0818-2008,clu_geo_014,3,remaining_queue_ai_review_researcher_adjudicated,high,promote_with_caveat,official_geography_external_boundary,"Official Council/CPC records identify LU 0818 / Res 1555 / C 070575 ZMM as a Manhattan Community District 2 zoning map amendment for Hudson Square North. The Council resolution and CPC report give a bounded modified rezoning area on Block 602, including Lot...",LU 0818-2008; Res 1555-2008,070575ZMM,P2007M0398,HUDSON SQ NO,"Application no. C 070575 ZMM, submitted by 627 Greenwich LLC and KMG Greenwich LLC pursuant to Sections 197-c and 201 of the New York City Charter for an amendment of the Zoning Map, Section No. 12a, changing from an M1-5 District to an M1-5/R7X District.; Resolution approving the decision of the City Planning Commission on ULURP No. C 070575 ZMM, a Zoning Map amendment (L.U. No. 818).",https://legistar.council.nyc.gov/LegislationDetail.aspx?ID=448541&GUID=0B7B486B-624B-41E5-84FD-8F80B2A8D142&Options=ID|Text|&Search=; https://legistar.council.nyc.gov/LegislationDetail.aspx?ID=448617&GUID=1C6EA473-65C4-45AD-98AA-61F97334E3AA&Options=ID|Text|&Search=,https://legistar.council.nyc.gov/HistoryDetail.aspx?ID=2325923&GUID=4476B079-2A32-4A2D-B840-DE5BC4F5972C; https://legistar.council.nyc.gov/HistoryDetail.aspx?ID=2325879&GUID=8EAD7574-BE9D-4829-8EB8-97EFF5EB3AE4
2008,2008-07-23,Res 1555-2008,clu_geo_014,3,remaining_queue_ai_review_researcher_adjudicated,high,promote_with_caveat,official_geography_external_boundary,"Official Council/CPC records identify LU 0818 / Res 1555 / C 070575 ZMM as a Manhattan Community District 2 zoning map amendment for Hudson Square North. The Council resolution and CPC report give a bounded modified rezoning area on Block 602, including Lot...",LU 0818-2008; Res 1555-2008,070575ZMM,P2007M0398,HUDSON SQ NO,"Application no. C 070575 ZMM, submitted by 627 Greenwich LLC and KMG Greenwich LLC pursuant to Sections 197-c and 201 of the New York City Charter for an amendment of the Zoning Map, Section No. 12a, changing from an M1-5 District to an M1-5/R7X District.; Resolution approving the decision of the City Planning Commission on ULURP No. C 070575 ZMM, a Zoning Map amendment (L.U. No. 818).",https://legistar.council.nyc.gov/LegislationDetail.aspx?ID=448541&GUID=0B7B486B-624B-41E5-84FD-8F80B2A8D142&Options=ID|Text|&Search=; https://legistar.council.nyc.gov/LegislationDetail.aspx?ID=448617&GUID=1C6EA473-65C4-45AD-98AA-61F97334E3AA&Options=ID|Text|&Search=,https://legistar.council.nyc.gov/HistoryDetail.aspx?ID=2325923&GUID=4476B079-2A32-4A2D-B840-DE5BC4F5972C; https://legistar.council.nyc.gov/HistoryDetail.aspx?ID=2325879&GUID=8EAD7574-BE9D-4829-8EB8-97EFF5EB3AE4
2008,2008-11-19,LU 0921-2008,clu_geo_011,3,remaining_queue_ai_review_researcher_adjudicated,medium,promote_with_caveat,official_geography_external_boundary,"Official Council/Legistar resolutions identify the project as a linked DOS garage and salt shed action with precise Manhattan sites: 500 Washington Street, Block 596, Lot 50, for the garage/special permit, and 553 Canal Street/297 West Street, Block 595, Lo...",LU 0921-2008; LU 0925-2008; LU 0926-2008; Res 1713-2008; Res 1717-2008; Res 1718-2008,080281ZSM; 080279PSM; 080280PCM,P2008M0223,DOS GARAGE & SALT SHED,"Application no. C 080281 ZSM submitted by the New York City Department of Sanitation pursuant to Sections 197-c and 201 of the New York City Charter for the grant of a special permit pursuant to Section 74-743 (a) (2) of the Zoning Resolution to modify the requirements of Section 43-40 and Section 43-20 to allow a proposed parking garage at 500 Washington Street (Block 596, Lot 50). This application is subject to review and action by the Land Use Committee only if appealed to the Council pursuant to §197-d (b)(2) of the Charter or called up by vote of the Council pursuant to §197-d (b)(3) of; Application no. C 080279 PSM, pursuant to §197-c of the New York City Charter, for the site selection of property located at 553 Canal Street/297 West Street (Block 595, Lot 87) for use as a salt storage.; Application no. C 080280 PCM, pursuant to §197-c of the New York City Charter, submitted by the Department of Sanitation and the Department of citywide Administrative Services for the site selection of property located at 500 Washington Street (Block 596, Lot 50) for use as a garage.",https://legistar.council.nyc.gov/LegislationDetail.aspx?ID=448844&GUID=03D04D79-25D2-46F7-94CD-5B071838DB7D&Options=ID|Text|&Search=; https://legistar.council.nyc.gov/LegislationDetail.aspx?ID=448848&GUID=769C9622-E8A7-4332-AF14-B676E5609EBD&Options=ID|Text|&Search=; https://legistar.council.nyc.gov/LegislationDetail.aspx?ID=448849&GUID=1E9E993E-1357-4904-BD5E-296884E5ACF6&Options=ID|Text|&Search=; https://legistar.council.nyc.gov/LegislationDetail.aspx?ID=448903&GUID=15647F45-6279-43D8-BB43-712B17DB49D5&Options=ID|Text|&Search=; https://legistar.council.nyc.gov/LegislationDetail.aspx?ID=448904&GUID=B458F2E8-DCB4-4427-BDC1-79784CD61380&Options=ID|Text|&Search=; https://legistar.council.nyc.gov/LegislationDetail.aspx?ID=448905&GUID=6E6E1850-DAB6-4395-B2C7-B8D1CABC6BE5&Options=ID|Text|&Search=,https://legistar.council.nyc.gov/HistoryDetail.aspx?ID=2327650&GUID=F602B454-D72B-463B-BEFA-DFED857B73FE; https://legistar.council.nyc.gov/HistoryDetail.aspx?ID=2327651&GUID=08C2DA8E-F93A-4127-B694-D9FEB025EFD3; https://legistar.council.nyc.gov/HistoryDetail.aspx?ID=2327652&GUID=0792B2EA-00BA-4EEB-B7D6-2A4AABDE66FA; https://legistar.council.nyc.gov/HistoryDetail.aspx?ID=2327698&GUID=FE8BA55E-4759-481B-BB6D-A383877EB739; https://legistar.council.nyc.gov/HistoryDetail.aspx?ID=2327699&GUID=CF6F89B2-B7EF-424B-AEA7-4701A704F60D; https://legistar.council.nyc.gov/HistoryDetail.aspx?ID=2327700&GUID=60DAE84E-C787-43F8-8FEA-DE6E58E4AF81
2008,2008-11-19,LU 0925-2008,clu_geo_011,3,remaining_queue_ai_review_researcher_adjudicated,medium,promote_with_caveat,official_geography_external_boundary,"Official Council/Legistar resolutions identify the project as a linked DOS garage and salt shed action with precise Manhattan sites: 500 Washington Street, Block 596, Lot 50, for the garage/special permit, and 553 Canal Street/297 West Street, Block 595, Lo...",LU 0921-2008; LU 0925-2008; LU 0926-2008; Res 1713-2008; Res 1717-2008; Res 1718-2008,080281ZSM; 080279PSM; 080280PCM,P2008M0223,DOS GARAGE & SALT SHED,"Application no. C 080281 ZSM submitted by the New York City Department of Sanitation pursuant to Sections 197-c and 201 of the New York City Charter for the grant of a special permit pursuant to Section 74-743 (a) (2) of the Zoning Resolution to modify the requirements of Section 43-40 and Section 43-20 to allow a proposed parking garage at 500 Washington Street (Block 596, Lot 50). This application is subject to review and action by the Land Use Committee only if appealed to the Council pursuant to §197-d (b)(2) of the Charter or called up by vote of the Council pursuant to §197-d (b)(3) of; Application no. C 080279 PSM, pursuant to §197-c of the New York City Charter, for the site selection of property located at 553 Canal Street/297 West Street (Block 595, Lot 87) for use as a salt storage.; Application no. C 080280 PCM, pursuant to §197-c of the New York City Charter, submitted by the Department of Sanitation and the Department of citywide Administrative Services for the site selection of property located at 500 Washington Street (Block 596, Lot 50) for use as a garage.",https://legistar.council.nyc.gov/LegislationDetail.aspx?ID=448844&GUID=03D04D79-25D2-46F7-94CD-5B071838DB7D&Options=ID|Text|&Search=; https://legistar.council.nyc.gov/LegislationDetail.aspx?ID=448848&GUID=769C9622-E8A7-4332-AF14-B676E5609EBD&Options=ID|Text|&Search=; https://legistar.council.nyc.gov/LegislationDetail.aspx?ID=448849&GUID=1E9E993E-1357-4904-BD5E-296884E5ACF6&Options=ID|Text|&Search=; https://legistar.council.nyc.gov/LegislationDetail.aspx?ID=448903&GUID=15647F45-6279-43D8-BB43-712B17DB49D5&Options=ID|Text|&Search=; https://legistar.council.nyc.gov/LegislationDetail.aspx?ID=448904&GUID=B458F2E8-DCB4-4427-BDC1-79784CD61380&Options=ID|Text|&Search=; https://legistar.council.nyc.gov/LegislationDetail.aspx?ID=448905&GUID=6E6E1850-DAB6-4395-B2C7-B8D1CABC6BE5&Options=ID|Text|&Search=,https://legistar.council.nyc.gov/HistoryDetail.aspx?ID=2327650&GUID=F602B454-D72B-463B-BEFA-DFED857B73FE; https://legistar.council.nyc.gov/HistoryDetail.aspx?ID=2327651&GUID=08C2DA8E-F93A-4127-B694-D9FEB025EFD3; https://legistar.council.nyc.gov/HistoryDetail.aspx?ID=2327652&GUID=0792B2EA-00BA-4EEB-B7D6-2A4AABDE66FA; https://legistar.council.nyc.gov/HistoryDetail.aspx?ID=2327698&GUID=FE8BA55E-4759-481B-BB6D-A383877EB739; https://legistar.council.nyc.gov/HistoryDetail.aspx?ID=2327699&GUID=CF6F89B2-B7EF-424B-AEA7-4701A704F60D; https://legistar.council.nyc.gov/HistoryDetail.aspx?ID=2327700&GUID=60DAE84E-C787-43F8-8FEA-DE6E58E4AF81
2008,2008-11-19,LU 0926-2008,clu_geo_011,3,remaining_queue_ai_review_researcher_adjudicated,medium,promote_with_caveat,official_geography_external_boundary,"Official Council/Legistar resolutions identify the project as a linked DOS garage and salt shed action with precise Manhattan sites: 500 Washington Street, Block 596, Lot 50, for the garage/special permit, and 553 Canal Street/297 West Street, Block 595, Lo...",LU 0921-2008; LU 0925-2008; LU 0926-2008; Res 1713-2008; Res 1717-2008; Res 1718-2008,080281ZSM; 080279PSM; 080280PCM,P2008M0223,DOS GARAGE & SALT SHED,"Application no. C 080281 ZSM submitted by the New York City Department of Sanitation pursuant to Sections 197-c and 201 of the New York City Charter for the grant of a special permit pursuant to Section 74-743 (a) (2) of the Zoning Resolution to modify the requirements of Section 43-40 and Section 43-20 to allow a proposed parking garage at 500 Washington Street (Block 596, Lot 50). This application is subject to review and action by the Land Use Committee only if appealed to the Council pursuant to §197-d (b)(2) of the Charter or called up by vote of the Council pursuant to §197-d (b)(3) of; Application no. C 080279 PSM, pursuant to §197-c of the New York City Charter, for the site selection of property located at 553 Canal Street/297 West Street (Block 595, Lot 87) for use as a salt storage.; Application no. C 080280 PCM, pursuant to §197-c of the New York City Charter, submitted by the Department of Sanitation and the Department of citywide Administrative Services for the site selection of property located at 500 Washington Street (Block 596, Lot 50) for use as a garage.",https://legistar.council.nyc.gov/LegislationDetail.aspx?ID=448844&GUID=03D04D79-25D2-46F7-94CD-5B071838DB7D&Options=ID|Text|&Search=; https://legistar.council.nyc.gov/LegislationDetail.aspx?ID=448848&GUID=769C9622-E8A7-4332-AF14-B676E5609EBD&Options=ID|Text|&Search=; https://legistar.council.nyc.gov/LegislationDetail.aspx?ID=448849&GUID=1E9E993E-1357-4904-BD5E-296884E5ACF6&Options=ID|Text|&Search=; https://legistar.council.nyc.gov/LegislationDetail.aspx?ID=448903&GUID=15647F45-6279-43D8-BB43-712B17DB49D5&Options=ID|Text|&Search=; https://legistar.council.nyc.gov/LegislationDetail.aspx?ID=448904&GUID=B458F2E8-DCB4-4427-BDC1-79784CD61380&Options=ID|Text|&Search=; https://legistar.council.nyc.gov/LegislationDetail.aspx?ID=448905&GUID=6E6E1850-DAB6-4395-B2C7-B8D1CABC6BE5&Options=ID|Text|&Search=,https://legistar.council.nyc.gov/HistoryDetail.aspx?ID=2327650&GUID=F602B454-D72B-463B-BEFA-DFED857B73FE; https://legistar.council.nyc.gov/HistoryDetail.aspx?ID=2327651&GUID=08C2DA8E-F93A-4127-B694-D9FEB025EFD3; https://legistar.council.nyc.gov/HistoryDetail.aspx?ID=2327652&GUID=0792B2EA-00BA-4EEB-B7D6-2A4AABDE66FA; https://legistar.council.nyc.gov/HistoryDetail.aspx?ID=2327698&GUID=FE8BA55E-4759-481B-BB6D-A383877EB739; https://legistar.council.nyc.gov/HistoryDetail.aspx?ID=2327699&GUID=CF6F89B2-B7EF-424B-AEA7-4701A704F60D; https://legistar.council.nyc.gov/HistoryDetail.aspx?ID=2327700&GUID=60DAE84E-C787-43F8-8FEA-DE6E58E4AF81
2008,2008-11-19,Res 1713-2008,clu_geo_011,3,remaining_queue_ai_review_researcher_adjudicated,medium,promote_with_caveat,official_geography_external_boundary,"Official Council/Legistar resolutions identify the project as a linked DOS garage and salt shed action with precise Manhattan sites: 500 Washington Street, Block 596, Lot 50, for the garage/special permit, and 553 Canal Street/297 West Street, Block 595, Lo...",LU 0921-2008; LU 0925-2008; LU 0926-2008; Res 1713-2008; Res 1717-2008; Res 1718-2008,080281ZSM; 080279PSM; 080280PCM,P2008M0223,DOS GARAGE & SALT SHED,"Application no. C 080281 ZSM submitted by the New York City Department of Sanitation pursuant to Sections 197-c and 201 of the New York City Charter for the grant of a special permit pursuant to Section 74-743 (a) (2) of the Zoning Resolution to modify the requirements of Section 43-40 and Section 43-20 to allow a proposed parking garage at 500 Washington Street (Block 596, Lot 50). This application is subject to review and action by the Land Use Committee only if appealed to the Council pursuant to §197-d (b)(2) of the Charter or called up by vote of the Council pursuant to §197-d (b)(3) of; Application no. C 080279 PSM, pursuant to §197-c of the New York City Charter, for the site selection of property located at 553 Canal Street/297 West Street (Block 595, Lot 87) for use as a salt storage.; Application no. C 080280 PCM, pursuant to §197-c of the New York City Charter, submitted by the Department of Sanitation and the Department of citywide Administrative Services for the site selection of property located at 500 Washington Street (Block 596, Lot 50) for use as a garage.",https://legistar.council.nyc.gov/LegislationDetail.aspx?ID=448844&GUID=03D04D79-25D2-46F7-94CD-5B071838DB7D&Options=ID|Text|&Search=; https://legistar.council.nyc.gov/LegislationDetail.aspx?ID=448848&GUID=769C9622-E8A7-4332-AF14-B676E5609EBD&Options=ID|Text|&Search=; https://legistar.council.nyc.gov/LegislationDetail.aspx?ID=448849&GUID=1E9E993E-1357-4904-BD5E-296884E5ACF6&Options=ID|Text|&Search=; https://legistar.council.nyc.gov/LegislationDetail.aspx?ID=448903&GUID=15647F45-6279-43D8-BB43-712B17DB49D5&Options=ID|Text|&Search=; https://legistar.council.nyc.gov/LegislationDetail.aspx?ID=448904&GUID=B458F2E8-DCB4-4427-BDC1-79784CD61380&Options=ID|Text|&Search=; https://legistar.council.nyc.gov/LegislationDetail.aspx?ID=448905&GUID=6E6E1850-DAB6-4395-B2C7-B8D1CABC6BE5&Options=ID|Text|&Search=,https://legistar.council.nyc.gov/HistoryDetail.aspx?ID=2327650&GUID=F602B454-D72B-463B-BEFA-DFED857B73FE; https://legistar.council.nyc.gov/HistoryDetail.aspx?ID=2327651&GUID=08C2DA8E-F93A-4127-B694-D9FEB025EFD3; https://legistar.council.nyc.gov/HistoryDetail.aspx?ID=2327652&GUID=0792B2EA-00BA-4EEB-B7D6-2A4AABDE66FA; https://legistar.council.nyc.gov/HistoryDetail.aspx?ID=2327698&GUID=FE8BA55E-4759-481B-BB6D-A383877EB739; https://legistar.council.nyc.gov/HistoryDetail.aspx?ID=2327699&GUID=CF6F89B2-B7EF-424B-AEA7-4701A704F60D; https://legistar.council.nyc.gov/HistoryDetail.aspx?ID=2327700&GUID=60DAE84E-C787-43F8-8FEA-DE6E58E4AF81
2008,2008-11-19,Res 1717-2008,clu_geo_011,3,remaining_queue_ai_review_researcher_adjudicated,medium,promote_with_caveat,official_geography_external_boundary,"Official Council/Legistar resolutions identify the project as a linked DOS garage and salt shed action with precise Manhattan sites: 500 Washington Street, Block 596, Lot 50, for the garage/special permit, and 553 Canal Street/297 West Street, Block 595, Lo...",LU 0921-2008; LU 0925-2008; LU 0926-2008; Res 1713-2008; Res 1717-2008; Res 1718-2008,080281ZSM; 080279PSM; 080280PCM,P2008M0223,DOS GARAGE & SALT SHED,"Application no. C 080281 ZSM submitted by the New York City Department of Sanitation pursuant to Sections 197-c and 201 of the New York City Charter for the grant of a special permit pursuant to Section 74-743 (a) (2) of the Zoning Resolution to modify the requirements of Section 43-40 and Section 43-20 to allow a proposed parking garage at 500 Washington Street (Block 596, Lot 50). This application is subject to review and action by the Land Use Committee only if appealed to the Council pursuant to §197-d (b)(2) of the Charter or called up by vote of the Council pursuant to §197-d (b)(3) of; Application no. C 080279 PSM, pursuant to §197-c of the New York City Charter, for the site selection of property located at 553 Canal Street/297 West Street (Block 595, Lot 87) for use as a salt storage.; Application no. C 080280 PCM, pursuant to §197-c of the New York City Charter, submitted by the Department of Sanitation and the Department of citywide Administrative Services for the site selection of property located at 500 Washington Street (Block 596, Lot 50) for use as a garage.",https://legistar.council.nyc.gov/LegislationDetail.aspx?ID=448844&GUID=03D04D79-25D2-46F7-94CD-5B071838DB7D&Options=ID|Text|&Search=; https://legistar.council.nyc.gov/LegislationDetail.aspx?ID=448848&GUID=769C9622-E8A7-4332-AF14-B676E5609EBD&Options=ID|Text|&Search=; https://legistar.council.nyc.gov/LegislationDetail.aspx?ID=448849&GUID=1E9E993E-1357-4904-BD5E-296884E5ACF6&Options=ID|Text|&Search=; https://legistar.council.nyc.gov/LegislationDetail.aspx?ID=448903&GUID=15647F45-6279-43D8-BB43-712B17DB49D5&Options=ID|Text|&Search=; https://legistar.council.nyc.gov/LegislationDetail.aspx?ID=448904&GUID=B458F2E8-DCB4-4427-BDC1-79784CD61380&Options=ID|Text|&Search=; https://legistar.council.nyc.gov/LegislationDetail.aspx?ID=448905&GUID=6E6E1850-DAB6-4395-B2C7-B8D1CABC6BE5&Options=ID|Text|&Search=,https://legistar.council.nyc.gov/HistoryDetail.aspx?ID=2327650&GUID=F602B454-D72B-463B-BEFA-DFED857B73FE; https://legistar.council.nyc.gov/HistoryDetail.aspx?ID=2327651&GUID=08C2DA8E-F93A-4127-B694-D9FEB025EFD3; https://legistar.council.nyc.gov/HistoryDetail.aspx?ID=2327652&GUID=0792B2EA-00BA-4EEB-B7D6-2A4AABDE66FA; https://legistar.council.nyc.gov/HistoryDetail.aspx?ID=2327698&GUID=FE8BA55E-4759-481B-BB6D-A383877EB739; https://legistar.council.nyc.gov/HistoryDetail.aspx?ID=2327699&GUID=CF6F89B2-B7EF-424B-AEA7-4701A704F60D; https://legistar.council.nyc.gov/HistoryDetail.aspx?ID=2327700&GUID=60DAE84E-C787-43F8-8FEA-DE6E58E4AF81
2008,2008-11-19,Res 1718-2008,clu_geo_011,3,remaining_queue_ai_review_researcher_adjudicated,medium,promote_with_caveat,official_geography_external_boundary,"Official Council/Legistar resolutions identify the project as a linked DOS garage and salt shed action with precise Manhattan sites: 500 Washington Street, Block 596, Lot 50, for the garage/special permit, and 553 Canal Street/297 West Street, Block 595, Lo...",LU 0921-2008; LU 0925-2008; LU 0926-2008; Res 1713-2008; Res 1717-2008; Res 1718-2008,080281ZSM; 080279PSM; 080280PCM,P2008M0223,DOS GARAGE & SALT SHED,"Application no. C 080281 ZSM submitted by the New York City Department of Sanitation pursuant to Sections 197-c and 201 of the New York City Charter for the grant of a special permit pursuant to Section 74-743 (a) (2) of the Zoning Resolution to modify the requirements of Section 43-40 and Section 43-20 to allow a proposed parking garage at 500 Washington Street (Block 596, Lot 50). This application is subject to review and action by the Land Use Committee only if appealed to the Council pursuant to §197-d (b)(2) of the Charter or called up by vote of the Council pursuant to §197-d (b)(3) of; Application no. C 080279 PSM, pursuant to §197-c of the New York City Charter, for the site selection of property located at 553 Canal Street/297 West Street (Block 595, Lot 87) for use as a salt storage.; Application no. C 080280 PCM, pursuant to §197-c of the New York City Charter, submitted by the Department of Sanitation and the Department of citywide Administrative Services for the site selection of property located at 500 Washington Street (Block 596, Lot 50) for use as a garage.",https://legistar.council.nyc.gov/LegislationDetail.aspx?ID=448844&GUID=03D04D79-25D2-46F7-94CD-5B071838DB7D&Options=ID|Text|&Search=; https://legistar.council.nyc.gov/LegislationDetail.aspx?ID=448848&GUID=769C9622-E8A7-4332-AF14-B676E5609EBD&Options=ID|Text|&Search=; https://legistar.council.nyc.gov/LegislationDetail.aspx?ID=448849&GUID=1E9E993E-1357-4904-BD5E-296884E5ACF6&Options=ID|Text|&Search=; https://legistar.council.nyc.gov/LegislationDetail.aspx?ID=448903&GUID=15647F45-6279-43D8-BB43-712B17DB49D5&Options=ID|Text|&Search=; https://legistar.council.nyc.gov/LegislationDetail.aspx?ID=448904&GUID=B458F2E8-DCB4-4427-BDC1-79784CD61380&Options=ID|Text|&Search=; https://legistar.council.nyc.gov/LegislationDetail.aspx?ID=448905&GUID=6E6E1850-DAB6-4395-B2C7-B8D1CABC6BE5&Options=ID|Text|&Search=,https://legistar.council.nyc.gov/HistoryDetail.aspx?ID=2327650&GUID=F602B454-D72B-463B-BEFA-DFED857B73FE; https://legistar.council.nyc.gov/HistoryDetail.aspx?ID=2327651&GUID=08C2DA8E-F93A-4127-B694-D9FEB025EFD3; https://legistar.council.nyc.gov/HistoryDetail.aspx?ID=2327652&GUID=0792B2EA-00BA-4EEB-B7D6-2A4AABDE66FA; https://legistar.council.nyc.gov/HistoryDetail.aspx?ID=2327698&GUID=FE8BA55E-4759-481B-BB6D-A383877EB739; https://legistar.council.nyc.gov/HistoryDetail.aspx?ID=2327699&GUID=CF6F89B2-B7EF-424B-AEA7-4701A704F60D; https://legistar.council.nyc.gov/HistoryDetail.aspx?ID=2327700&GUID=60DAE84E-C787-43F8-8FEA-DE6E58E4AF81
2008,2008-12-18,LU 0950-2008,clu_geo_015,2,remaining_queue_ai_review_researcher_adjudicated,high,promote_with_caveat,official_geography_external_boundary,"Official Council resolutions identify two Manhattan landmark sites with precise addresses and tax lots: Public National Bank of New York Building at 106 Avenue C a/k/a 231 East 7th Street, Block 377 Lot 72, Community District 3; and Wheatsworth Bakery Build...",LU 0950-2008; LU 0952-2008; Res 1766-2008; Res 1768-2008,20095184HKM; 090114HKR; 20095186HKM; 090113HKM; 20095184HKM; 090114HKM,P2009M0069; P2009M0070,WHEATSWORTH FACTORY BLDG; PUBLIC NATIONAL BANK OF NY BLDG,"Application no. 20095184 HKM (N 090114 HKR), pursuant to §3020 of the Charter of the City of New York, concerning the designation (List No.405, LP-2263) by the Landmarks Preservation Commission of Public National Bank Building.; Application no. 20095186 HKM (N 090113 HKM), pursuant to §3020 of the Charter of the City of New York, concerning the designation (List No.405, LP-2262) by the Landmarks Preservation Commission of Whetatsworth Building.; Resolution affirming the designation by the Landmarks Preservation Commission of the Public National Bank of New York Building, located at 106 Avenue C (Block 377, Lot 72), Borough of Manhattan, Designation List No. 405, LP-2263 (L.U. No. 950; 20095184 HKM (N 090114 HKM).",https://legistar.council.nyc.gov/LegislationDetail.aspx?ID=448964&GUID=16BF201F-B6A0-424C-BF1F-D3B360C1C238&Options=ID|Text|&Search=; https://legistar.council.nyc.gov/LegislationDetail.aspx?ID=448966&GUID=02175DBE-17C8-44BD-9D40-49AC44AA392B&Options=ID|Text|&Search=; https://legistar.council.nyc.gov/LegislationDetail.aspx?ID=448985&GUID=3D405B21-3373-474C-BF80-D10BA416F6A9&Options=ID|Text|&Search=; https://legistar.council.nyc.gov/LegislationDetail.aspx?ID=448987&GUID=16F9660E-FF75-4317-8791-A75DE786922B&Options=ID|Text|&Search=,https://legistar.council.nyc.gov/HistoryDetail.aspx?ID=2328429&GUID=D85B5E1E-E96B-453F-9FC5-5A1B3FD79A69; https://legistar.council.nyc.gov/HistoryDetail.aspx?ID=2328431&GUID=CFCA8B0B-58EC-4AF0-8647-8CF92EC7A2A8; https://legistar.council.nyc.gov/HistoryDetail.aspx?ID=2328218&GUID=FB6E864B-355F-4E80-8A6C-D4A4E4132BEF; https://legistar.council.nyc.gov/HistoryDetail.aspx?ID=2328220&GUID=A4CC689C-429C-4071-A45C-517BADBF90AB
2008,2008-12-18,LU 0952-2008,clu_geo_015,2,remaining_queue_ai_review_researcher_adjudicated,high,promote_with_caveat,official_geography_external_boundary,"Official Council resolutions identify two Manhattan landmark sites with precise addresses and tax lots: Public National Bank of New York Building at 106 Avenue C a/k/a 231 East 7th Street, Block 377 Lot 72, Community District 3; and Wheatsworth Bakery Build...",LU 0950-2008; LU 0952-2008; Res 1766-2008; Res 1768-2008,20095184HKM; 090114HKR; 20095186HKM; 090113HKM; 20095184HKM; 090114HKM,P2009M0069; P2009M0070,WHEATSWORTH FACTORY BLDG; PUBLIC NATIONAL BANK OF NY BLDG,"Application no. 20095184 HKM (N 090114 HKR), pursuant to §3020 of the Charter of the City of New York, concerning the designation (List No.405, LP-2263) by the Landmarks Preservation Commission of Public National Bank Building.; Application no. 20095186 HKM (N 090113 HKM), pursuant to §3020 of the Charter of the City of New York, concerning the designation (List No.405, LP-2262) by the Landmarks Preservation Commission of Whetatsworth Building.; Resolution affirming the designation by the Landmarks Preservation Commission of the Public National Bank of New York Building, located at 106 Avenue C (Block 377, Lot 72), Borough of Manhattan, Designation List No. 405, LP-2263 (L.U. No. 950; 20095184 HKM (N 090114 HKM).",https://legistar.council.nyc.gov/LegislationDetail.aspx?ID=448964&GUID=16BF201F-B6A0-424C-BF1F-D3B360C1C238&Options=ID|Text|&Search=; https://legistar.council.nyc.gov/LegislationDetail.aspx?ID=448966&GUID=02175DBE-17C8-44BD-9D40-49AC44AA392B&Options=ID|Text|&Search=; https://legistar.council.nyc.gov/LegislationDetail.aspx?ID=448985&GUID=3D405B21-3373-474C-BF80-D10BA416F6A9&Options=ID|Text|&Search=; https://legistar.council.nyc.gov/LegislationDetail.aspx?ID=448987&GUID=16F9660E-FF75-4317-8791-A75DE786922B&Options=ID|Text|&Search=,https://legistar.council.nyc.gov/HistoryDetail.aspx?ID=2328429&GUID=D85B5E1E-E96B-453F-9FC5-5A1B3FD79A69; https://legistar.council.nyc.gov/HistoryDetail.aspx?ID=2328431&GUID=CFCA8B0B-58EC-4AF0-8647-8CF92EC7A2A8; https://legistar.council.nyc.gov/HistoryDetail.aspx?ID=2328218&GUID=FB6E864B-355F-4E80-8A6C-D4A4E4132BEF; https://legistar.council.nyc.gov/HistoryDetail.aspx?ID=2328220&GUID=A4CC689C-429C-4071-A45C-517BADBF90AB
2008,2008-12-18,M 1262-2008,clu_geo_017,1,deterministic_geography_verification,high,deterministically_verified_project_geography,zap_bbl,AI-adjudicated geography matched deterministic zap_bbl assignment using DCP Council boundary release 08C.,M 1262-2008,080505ZSM,P2008M0352,CROSBY STREET HOTEL,"By Council Member Gerson: Pursuant to rule 11.20 b of the Council and Section 197-d (b) (3) of the New York city Charter, the Council resolves that action of the City Planning Commission on Uniform Land Use Review Procedure Application Number C 080505 ZSM shall be subject to review by the Council.",https://legistar.council.nyc.gov/LegislationDetail.aspx?ID=449020&GUID=A1C49AD2-E3DA-4977-B8CC-0BB6A6F1B5BD&Options=ID|Text|&Search=,https://legistar.council.nyc.gov/HistoryDetail.aspx?ID=2328523&GUID=E8C18776-8056-4C0E-B71A-D3631A01C4E2
2008,2008-12-18,Res 1766-2008,clu_geo_015,2,remaining_queue_ai_review_researcher_adjudicated,high,promote_with_caveat,official_geography_external_boundary,"Official Council resolutions identify two Manhattan landmark sites with precise addresses and tax lots: Public National Bank of New York Building at 106 Avenue C a/k/a 231 East 7th Street, Block 377 Lot 72, Community District 3; and Wheatsworth Bakery Build...",LU 0950-2008; LU 0952-2008; Res 1766-2008; Res 1768-2008,20095184HKM; 090114HKR; 20095186HKM; 090113HKM; 20095184HKM; 090114HKM,P2009M0069; P2009M0070,WHEATSWORTH FACTORY BLDG; PUBLIC NATIONAL BANK OF NY BLDG,"Application no. 20095184 HKM (N 090114 HKR), pursuant to §3020 of the Charter of the City of New York, concerning the designation (List No.405, LP-2263) by the Landmarks Preservation Commission of Public National Bank Building.; Application no. 20095186 HKM (N 090113 HKM), pursuant to §3020 of the Charter of the City of New York, concerning the designation (List No.405, LP-2262) by the Landmarks Preservation Commission of Whetatsworth Building.; Resolution affirming the designation by the Landmarks Preservation Commission of the Public National Bank of New York Building, located at 106 Avenue C (Block 377, Lot 72), Borough of Manhattan, Designation List No. 405, LP-2263 (L.U. No. 950; 20095184 HKM (N 090114 HKM).",https://legistar.council.nyc.gov/LegislationDetail.aspx?ID=448964&GUID=16BF201F-B6A0-424C-BF1F-D3B360C1C238&Options=ID|Text|&Search=; https://legistar.council.nyc.gov/LegislationDetail.aspx?ID=448966&GUID=02175DBE-17C8-44BD-9D40-49AC44AA392B&Options=ID|Text|&Search=; https://legistar.council.nyc.gov/LegislationDetail.aspx?ID=448985&GUID=3D405B21-3373-474C-BF80-D10BA416F6A9&Options=ID|Text|&Search=; https://legistar.council.nyc.gov/LegislationDetail.aspx?ID=448987&GUID=16F9660E-FF75-4317-8791-A75DE786922B&Options=ID|Text|&Search=,https://legistar.council.nyc.gov/HistoryDetail.aspx?ID=2328429&GUID=D85B5E1E-E96B-453F-9FC5-5A1B3FD79A69; https://legistar.council.nyc.gov/HistoryDetail.aspx?ID=2328431&GUID=CFCA8B0B-58EC-4AF0-8647-8CF92EC7A2A8; https://legistar.council.nyc.gov/HistoryDetail.aspx?ID=2328218&GUID=FB6E864B-355F-4E80-8A6C-D4A4E4132BEF; https://legistar.council.nyc.gov/HistoryDetail.aspx?ID=2328220&GUID=A4CC689C-429C-4071-A45C-517BADBF90AB
2008,2008-12-18,Res 1768-2008,clu_geo_015,2,remaining_queue_ai_review_researcher_adjudicated,high,promote_with_caveat,official_geography_external_boundary,"Official Council resolutions identify two Manhattan landmark sites with precise addresses and tax lots: Public National Bank of New York Building at 106 Avenue C a/k/a 231 East 7th Street, Block 377 Lot 72, Community District 3; and Wheatsworth Bakery Build...",LU 0950-2008; LU 0952-2008; Res 1766-2008; Res 1768-2008,20095184HKM; 090114HKR; 20095186HKM; 090113HKM; 20095184HKM; 090114HKM,P2009M0069; P2009M0070,WHEATSWORTH FACTORY BLDG; PUBLIC NATIONAL BANK OF NY BLDG,"Application no. 20095184 HKM (N 090114 HKR), pursuant to §3020 of the Charter of the City of New York, concerning the designation (List No.405, LP-2263) by the Landmarks Preservation Commission of Public National Bank Building.; Application no. 20095186 HKM (N 090113 HKM), pursuant to §3020 of the Charter of the City of New York, concerning the designation (List No.405, LP-2262) by the Landmarks Preservation Commission of Whetatsworth Building.; Resolution affirming the designation by the Landmarks Preservation Commission of the Public National Bank of New York Building, located at 106 Avenue C (Block 377, Lot 72), Borough of Manhattan, Designation List No. 405, LP-2263 (L.U. No. 950; 20095184 HKM (N 090114 HKM).",https://legistar.council.nyc.gov/LegislationDetail.aspx?ID=448964&GUID=16BF201F-B6A0-424C-BF1F-D3B360C1C238&Options=ID|Text|&Search=; https://legistar.council.nyc.gov/LegislationDetail.aspx?ID=448966&GUID=02175DBE-17C8-44BD-9D40-49AC44AA392B&Options=ID|Text|&Search=; https://legistar.council.nyc.gov/LegislationDetail.aspx?ID=448985&GUID=3D405B21-3373-474C-BF80-D10BA416F6A9&Options=ID|Text|&Search=; https://legistar.council.nyc.gov/LegislationDetail.aspx?ID=448987&GUID=16F9660E-FF75-4317-8791-A75DE786922B&Options=ID|Text|&Search=,https://legistar.council.nyc.gov/HistoryDetail.aspx?ID=2328429&GUID=D85B5E1E-E96B-453F-9FC5-5A1B3FD79A69; https://legistar.council.nyc.gov/HistoryDetail.aspx?ID=2328431&GUID=CFCA8B0B-58EC-4AF0-8647-8CF92EC7A2A8; https://legistar.council.nyc.gov/HistoryDetail.aspx?ID=2328218&GUID=FB6E864B-355F-4E80-8A6C-D4A4E4132BEF; https://legistar.council.nyc.gov/HistoryDetail.aspx?ID=2328220&GUID=A4CC689C-429C-4071-A45C-517BADBF90AB
2009,2009-01-28,LU 0957-2009,clu_geo_019,31,remaining_queue_ai_review_researcher_adjudicated,high,promote_with_caveat,official_geography_external_boundary,"Official 2009 Council/CPC records identify ULURP C 090087 PSQ / LU 0957-2009 as site selection for an NYPD evidence vehicle storage facility on property generally bounded by Rockaway Boulevard and North Boundary Road, Block 14260, part of Lot 1, Community D...",LU 0957-2009,0900087PSQ,NA,NA,"Application no. C 0900087 PSQ submitted by the Police Department and the Department of Citywide Administrative Services, pursuant to Section 197-c of the New York City Charter for the site selection of property generally bounded by Rockaway Boulevard and North Boundary Road (Block 14260, p/o Lot 1) for use as evidence vehicle storage, Community District 13, Borough of Queens.",https://legistar.council.nyc.gov/LegislationDetail.aspx?ID=449028&GUID=03A2117E-249D-4A21-9EB7-6DAF16E3C2BC&Options=ID|Text|&Search=,https://legistar.council.nyc.gov/HistoryDetail.aspx?ID=2329034&GUID=12A22002-7EE7-490B-B093-EAB7093E6BC2
2009,2009-06-10,LU 1073-2009,clu_geo_018,33,remaining_queue_ai_review_researcher_adjudicated,medium,promote_with_caveat,official_geography_external_boundary,"Official Council Legistar LU/resolution records define the Dock Street-DUMBO geography as a Brooklyn Community District 2 project on the easterly side of Dock Street between Front Street and Water Street, with Block 36 Lots 1, 3, 14, 49/52/53 and related ge...",LU 1073-2009; LU 1074-2009; LU 1075-2009; Res 2018-2009; Res 2019-2009; Res 2020-2009,090181ZMK; 090183ZSK; 090184ZSK,P2009K0113; P2009K0112,DOCK STREET DUMBO,"Application no. C 090181 ZMK submitted by Two Trees Management Company pursuant to Sections 197-c and 201 of the New York City Charter for an amendment of the Zoning Map, Section No. 12d changing from an M1-2 District to an M1-2/R8and establishing a Special Mixed Use District (MX-2).; Application no. C 090183 ZSK submitted by Two Trees Management Company pursuant to Sections 197-c and 201 of the New York City Charter for the grant of a special permit pursuant to Section 74-512 of the Zoning Resolution to allow a public parking garage with a maximum capacity of 465 spaces including 129 accessory spaces, and to allow 37,599 square feet of floor space up to a height of 23 feet above base plane level to be exempted from the definition of floor area as set forth in Section 12-10. This application is subject to review and action by the Land Use Committee only if called-up by vot; Application no. C 090184 ZSK submitted by Two Trees Management Company pursuant to Sections 197-c and 201 of the New York City Charter for the grant of a special permit pursuant to Section 74-743** of the Zoning Resolution to modify the regulations of Section 23, Section 23-86 , Section 25-533, Section 43-28 and Section 123-66 to facilitate a mixed use development on property located on the easterly side of Dock Street between Front Street and Water Street (Block 36, Lots 1, 3, 14, 49, 52 & 53), in an M1-2/R8 (MX-2) District*, within a general large scale development (Block 36, Lots 1, 3, 14,",https://legistar.council.nyc.gov/LegislationDetail.aspx?ID=449406&GUID=9913AA69-47BE-424E-B7D9-40571C92E4F2&Options=ID|Text|&Search=; https://legistar.council.nyc.gov/LegislationDetail.aspx?ID=449407&GUID=81C9B50D-0A56-408C-AD69-22D6FEC04A45&Options=ID|Text|&Search=; https://legistar.council.nyc.gov/LegislationDetail.aspx?ID=449408&GUID=F4616F2B-C165-4DB1-A4C4-D58054B8383B&Options=ID|Text|&Search=; https://legistar.council.nyc.gov/LegislationDetail.aspx?ID=449592&GUID=9CDDC101-AA16-46A1-AEDA-D694E3EC2070&Options=ID|Text|&Search=; https://legistar.council.nyc.gov/LegislationDetail.aspx?ID=449593&GUID=31A06F8F-529D-4845-97DD-8E0462371802&Options=ID|Text|&Search=; https://legistar.council.nyc.gov/LegislationDetail.aspx?ID=449594&GUID=DB0F9A58-35C1-424F-97E3-44B99AD28041&Options=ID|Text|&Search=,https://legistar.council.nyc.gov/HistoryDetail.aspx?ID=2331761&GUID=9ACB51E9-A3B8-4AE7-A434-144DA88A7613; https://legistar.council.nyc.gov/HistoryDetail.aspx?ID=2331762&GUID=EF319873-D8E2-4F97-B2FB-785311BC5103; https://legistar.council.nyc.gov/HistoryDetail.aspx?ID=2331763&GUID=8773BB88-29D9-4790-B589-FCC5AE8C2C31; https://legistar.council.nyc.gov/HistoryDetail.aspx?ID=2331698&GUID=6EBC1193-C00F-4547-AEAF-0547F23AE291; https://legistar.council.nyc.gov/HistoryDetail.aspx?ID=2331699&GUID=7075CF39-8B96-4D47-85A7-5ED26C353654; https://legistar.council.nyc.gov/HistoryDetail.aspx?ID=2331700&GUID=F06E8D40-111E-4442-8073-A0FA00DEF9C2
2009,2009-06-10,LU 1074-2009,clu_geo_018,33,remaining_queue_ai_review_researcher_adjudicated,medium,promote_with_caveat,official_geography_external_boundary,"Official Council Legistar LU/resolution records define the Dock Street-DUMBO geography as a Brooklyn Community District 2 project on the easterly side of Dock Street between Front Street and Water Street, with Block 36 Lots 1, 3, 14, 49/52/53 and related ge...",LU 1073-2009; LU 1074-2009; LU 1075-2009; Res 2018-2009; Res 2019-2009; Res 2020-2009,090181ZMK; 090183ZSK; 090184ZSK,P2009K0113; P2009K0112,DOCK STREET DUMBO,"Application no. C 090181 ZMK submitted by Two Trees Management Company pursuant to Sections 197-c and 201 of the New York City Charter for an amendment of the Zoning Map, Section No. 12d changing from an M1-2 District to an M1-2/R8and establishing a Special Mixed Use District (MX-2).; Application no. C 090183 ZSK submitted by Two Trees Management Company pursuant to Sections 197-c and 201 of the New York City Charter for the grant of a special permit pursuant to Section 74-512 of the Zoning Resolution to allow a public parking garage with a maximum capacity of 465 spaces including 129 accessory spaces, and to allow 37,599 square feet of floor space up to a height of 23 feet above base plane level to be exempted from the definition of floor area as set forth in Section 12-10. This application is subject to review and action by the Land Use Committee only if called-up by vot; Application no. C 090184 ZSK submitted by Two Trees Management Company pursuant to Sections 197-c and 201 of the New York City Charter for the grant of a special permit pursuant to Section 74-743** of the Zoning Resolution to modify the regulations of Section 23, Section 23-86 , Section 25-533, Section 43-28 and Section 123-66 to facilitate a mixed use development on property located on the easterly side of Dock Street between Front Street and Water Street (Block 36, Lots 1, 3, 14, 49, 52 & 53), in an M1-2/R8 (MX-2) District*, within a general large scale development (Block 36, Lots 1, 3, 14,",https://legistar.council.nyc.gov/LegislationDetail.aspx?ID=449406&GUID=9913AA69-47BE-424E-B7D9-40571C92E4F2&Options=ID|Text|&Search=; https://legistar.council.nyc.gov/LegislationDetail.aspx?ID=449407&GUID=81C9B50D-0A56-408C-AD69-22D6FEC04A45&Options=ID|Text|&Search=; https://legistar.council.nyc.gov/LegislationDetail.aspx?ID=449408&GUID=F4616F2B-C165-4DB1-A4C4-D58054B8383B&Options=ID|Text|&Search=; https://legistar.council.nyc.gov/LegislationDetail.aspx?ID=449592&GUID=9CDDC101-AA16-46A1-AEDA-D694E3EC2070&Options=ID|Text|&Search=; https://legistar.council.nyc.gov/LegislationDetail.aspx?ID=449593&GUID=31A06F8F-529D-4845-97DD-8E0462371802&Options=ID|Text|&Search=; https://legistar.council.nyc.gov/LegislationDetail.aspx?ID=449594&GUID=DB0F9A58-35C1-424F-97E3-44B99AD28041&Options=ID|Text|&Search=,https://legistar.council.nyc.gov/HistoryDetail.aspx?ID=2331761&GUID=9ACB51E9-A3B8-4AE7-A434-144DA88A7613; https://legistar.council.nyc.gov/HistoryDetail.aspx?ID=2331762&GUID=EF319873-D8E2-4F97-B2FB-785311BC5103; https://legistar.council.nyc.gov/HistoryDetail.aspx?ID=2331763&GUID=8773BB88-29D9-4790-B589-FCC5AE8C2C31; https://legistar.council.nyc.gov/HistoryDetail.aspx?ID=2331698&GUID=6EBC1193-C00F-4547-AEAF-0547F23AE291; https://legistar.council.nyc.gov/HistoryDetail.aspx?ID=2331699&GUID=7075CF39-8B96-4D47-85A7-5ED26C353654; https://legistar.council.nyc.gov/HistoryDetail.aspx?ID=2331700&GUID=F06E8D40-111E-4442-8073-A0FA00DEF9C2
2009,2009-06-10,LU 1075-2009,clu_geo_018,33,remaining_queue_ai_review_researcher_adjudicated,medium,promote_with_caveat,official_geography_external_boundary,"Official Council Legistar LU/resolution records define the Dock Street-DUMBO geography as a Brooklyn Community District 2 project on the easterly side of Dock Street between Front Street and Water Street, with Block 36 Lots 1, 3, 14, 49/52/53 and related ge...",LU 1073-2009; LU 1074-2009; LU 1075-2009; Res 2018-2009; Res 2019-2009; Res 2020-2009,090181ZMK; 090183ZSK; 090184ZSK,P2009K0113; P2009K0112,DOCK STREET DUMBO,"Application no. C 090181 ZMK submitted by Two Trees Management Company pursuant to Sections 197-c and 201 of the New York City Charter for an amendment of the Zoning Map, Section No. 12d changing from an M1-2 District to an M1-2/R8and establishing a Special Mixed Use District (MX-2).; Application no. C 090183 ZSK submitted by Two Trees Management Company pursuant to Sections 197-c and 201 of the New York City Charter for the grant of a special permit pursuant to Section 74-512 of the Zoning Resolution to allow a public parking garage with a maximum capacity of 465 spaces including 129 accessory spaces, and to allow 37,599 square feet of floor space up to a height of 23 feet above base plane level to be exempted from the definition of floor area as set forth in Section 12-10. This application is subject to review and action by the Land Use Committee only if called-up by vot; Application no. C 090184 ZSK submitted by Two Trees Management Company pursuant to Sections 197-c and 201 of the New York City Charter for the grant of a special permit pursuant to Section 74-743** of the Zoning Resolution to modify the regulations of Section 23, Section 23-86 , Section 25-533, Section 43-28 and Section 123-66 to facilitate a mixed use development on property located on the easterly side of Dock Street between Front Street and Water Street (Block 36, Lots 1, 3, 14, 49, 52 & 53), in an M1-2/R8 (MX-2) District*, within a general large scale development (Block 36, Lots 1, 3, 14,",https://legistar.council.nyc.gov/LegislationDetail.aspx?ID=449406&GUID=9913AA69-47BE-424E-B7D9-40571C92E4F2&Options=ID|Text|&Search=; https://legistar.council.nyc.gov/LegislationDetail.aspx?ID=449407&GUID=81C9B50D-0A56-408C-AD69-22D6FEC04A45&Options=ID|Text|&Search=; https://legistar.council.nyc.gov/LegislationDetail.aspx?ID=449408&GUID=F4616F2B-C165-4DB1-A4C4-D58054B8383B&Options=ID|Text|&Search=; https://legistar.council.nyc.gov/LegislationDetail.aspx?ID=449592&GUID=9CDDC101-AA16-46A1-AEDA-D694E3EC2070&Options=ID|Text|&Search=; https://legistar.council.nyc.gov/LegislationDetail.aspx?ID=449593&GUID=31A06F8F-529D-4845-97DD-8E0462371802&Options=ID|Text|&Search=; https://legistar.council.nyc.gov/LegislationDetail.aspx?ID=449594&GUID=DB0F9A58-35C1-424F-97E3-44B99AD28041&Options=ID|Text|&Search=,https://legistar.council.nyc.gov/HistoryDetail.aspx?ID=2331761&GUID=9ACB51E9-A3B8-4AE7-A434-144DA88A7613; https://legistar.council.nyc.gov/HistoryDetail.aspx?ID=2331762&GUID=EF319873-D8E2-4F97-B2FB-785311BC5103; https://legistar.council.nyc.gov/HistoryDetail.aspx?ID=2331763&GUID=8773BB88-29D9-4790-B589-FCC5AE8C2C31; https://legistar.council.nyc.gov/HistoryDetail.aspx?ID=2331698&GUID=6EBC1193-C00F-4547-AEAF-0547F23AE291; https://legistar.council.nyc.gov/HistoryDetail.aspx?ID=2331699&GUID=7075CF39-8B96-4D47-85A7-5ED26C353654; https://legistar.council.nyc.gov/HistoryDetail.aspx?ID=2331700&GUID=F06E8D40-111E-4442-8073-A0FA00DEF9C2
2009,2009-06-10,Res 2018-2009,clu_geo_018,33,remaining_queue_ai_review_researcher_adjudicated,medium,promote_with_caveat,official_geography_external_boundary,"Official Council Legistar LU/resolution records define the Dock Street-DUMBO geography as a Brooklyn Community District 2 project on the easterly side of Dock Street between Front Street and Water Street, with Block 36 Lots 1, 3, 14, 49/52/53 and related ge...",LU 1073-2009; LU 1074-2009; LU 1075-2009; Res 2018-2009; Res 2019-2009; Res 2020-2009,090181ZMK; 090183ZSK; 090184ZSK,P2009K0113; P2009K0112,DOCK STREET DUMBO,"Application no. C 090181 ZMK submitted by Two Trees Management Company pursuant to Sections 197-c and 201 of the New York City Charter for an amendment of the Zoning Map, Section No. 12d changing from an M1-2 District to an M1-2/R8and establishing a Special Mixed Use District (MX-2).; Application no. C 090183 ZSK submitted by Two Trees Management Company pursuant to Sections 197-c and 201 of the New York City Charter for the grant of a special permit pursuant to Section 74-512 of the Zoning Resolution to allow a public parking garage with a maximum capacity of 465 spaces including 129 accessory spaces, and to allow 37,599 square feet of floor space up to a height of 23 feet above base plane level to be exempted from the definition of floor area as set forth in Section 12-10. This application is subject to review and action by the Land Use Committee only if called-up by vot; Application no. C 090184 ZSK submitted by Two Trees Management Company pursuant to Sections 197-c and 201 of the New York City Charter for the grant of a special permit pursuant to Section 74-743** of the Zoning Resolution to modify the regulations of Section 23, Section 23-86 , Section 25-533, Section 43-28 and Section 123-66 to facilitate a mixed use development on property located on the easterly side of Dock Street between Front Street and Water Street (Block 36, Lots 1, 3, 14, 49, 52 & 53), in an M1-2/R8 (MX-2) District*, within a general large scale development (Block 36, Lots 1, 3, 14,",https://legistar.council.nyc.gov/LegislationDetail.aspx?ID=449406&GUID=9913AA69-47BE-424E-B7D9-40571C92E4F2&Options=ID|Text|&Search=; https://legistar.council.nyc.gov/LegislationDetail.aspx?ID=449407&GUID=81C9B50D-0A56-408C-AD69-22D6FEC04A45&Options=ID|Text|&Search=; https://legistar.council.nyc.gov/LegislationDetail.aspx?ID=449408&GUID=F4616F2B-C165-4DB1-A4C4-D58054B8383B&Options=ID|Text|&Search=; https://legistar.council.nyc.gov/LegislationDetail.aspx?ID=449592&GUID=9CDDC101-AA16-46A1-AEDA-D694E3EC2070&Options=ID|Text|&Search=; https://legistar.council.nyc.gov/LegislationDetail.aspx?ID=449593&GUID=31A06F8F-529D-4845-97DD-8E0462371802&Options=ID|Text|&Search=; https://legistar.council.nyc.gov/LegislationDetail.aspx?ID=449594&GUID=DB0F9A58-35C1-424F-97E3-44B99AD28041&Options=ID|Text|&Search=,https://legistar.council.nyc.gov/HistoryDetail.aspx?ID=2331761&GUID=9ACB51E9-A3B8-4AE7-A434-144DA88A7613; https://legistar.council.nyc.gov/HistoryDetail.aspx?ID=2331762&GUID=EF319873-D8E2-4F97-B2FB-785311BC5103; https://legistar.council.nyc.gov/HistoryDetail.aspx?ID=2331763&GUID=8773BB88-29D9-4790-B589-FCC5AE8C2C31; https://legistar.council.nyc.gov/HistoryDetail.aspx?ID=2331698&GUID=6EBC1193-C00F-4547-AEAF-0547F23AE291; https://legistar.council.nyc.gov/HistoryDetail.aspx?ID=2331699&GUID=7075CF39-8B96-4D47-85A7-5ED26C353654; https://legistar.council.nyc.gov/HistoryDetail.aspx?ID=2331700&GUID=F06E8D40-111E-4442-8073-A0FA00DEF9C2
2009,2009-06-10,Res 2019-2009,clu_geo_018,33,remaining_queue_ai_review_researcher_adjudicated,medium,promote_with_caveat,official_geography_external_boundary,"Official Council Legistar LU/resolution records define the Dock Street-DUMBO geography as a Brooklyn Community District 2 project on the easterly side of Dock Street between Front Street and Water Street, with Block 36 Lots 1, 3, 14, 49/52/53 and related ge...",LU 1073-2009; LU 1074-2009; LU 1075-2009; Res 2018-2009; Res 2019-2009; Res 2020-2009,090181ZMK; 090183ZSK; 090184ZSK,P2009K0113; P2009K0112,DOCK STREET DUMBO,"Application no. C 090181 ZMK submitted by Two Trees Management Company pursuant to Sections 197-c and 201 of the New York City Charter for an amendment of the Zoning Map, Section No. 12d changing from an M1-2 District to an M1-2/R8and establishing a Special Mixed Use District (MX-2).; Application no. C 090183 ZSK submitted by Two Trees Management Company pursuant to Sections 197-c and 201 of the New York City Charter for the grant of a special permit pursuant to Section 74-512 of the Zoning Resolution to allow a public parking garage with a maximum capacity of 465 spaces including 129 accessory spaces, and to allow 37,599 square feet of floor space up to a height of 23 feet above base plane level to be exempted from the definition of floor area as set forth in Section 12-10. This application is subject to review and action by the Land Use Committee only if called-up by vot; Application no. C 090184 ZSK submitted by Two Trees Management Company pursuant to Sections 197-c and 201 of the New York City Charter for the grant of a special permit pursuant to Section 74-743** of the Zoning Resolution to modify the regulations of Section 23, Section 23-86 , Section 25-533, Section 43-28 and Section 123-66 to facilitate a mixed use development on property located on the easterly side of Dock Street between Front Street and Water Street (Block 36, Lots 1, 3, 14, 49, 52 & 53), in an M1-2/R8 (MX-2) District*, within a general large scale development (Block 36, Lots 1, 3, 14,",https://legistar.council.nyc.gov/LegislationDetail.aspx?ID=449406&GUID=9913AA69-47BE-424E-B7D9-40571C92E4F2&Options=ID|Text|&Search=; https://legistar.council.nyc.gov/LegislationDetail.aspx?ID=449407&GUID=81C9B50D-0A56-408C-AD69-22D6FEC04A45&Options=ID|Text|&Search=; https://legistar.council.nyc.gov/LegislationDetail.aspx?ID=449408&GUID=F4616F2B-C165-4DB1-A4C4-D58054B8383B&Options=ID|Text|&Search=; https://legistar.council.nyc.gov/LegislationDetail.aspx?ID=449592&GUID=9CDDC101-AA16-46A1-AEDA-D694E3EC2070&Options=ID|Text|&Search=; https://legistar.council.nyc.gov/LegislationDetail.aspx?ID=449593&GUID=31A06F8F-529D-4845-97DD-8E0462371802&Options=ID|Text|&Search=; https://legistar.council.nyc.gov/LegislationDetail.aspx?ID=449594&GUID=DB0F9A58-35C1-424F-97E3-44B99AD28041&Options=ID|Text|&Search=,https://legistar.council.nyc.gov/HistoryDetail.aspx?ID=2331761&GUID=9ACB51E9-A3B8-4AE7-A434-144DA88A7613; https://legistar.council.nyc.gov/HistoryDetail.aspx?ID=2331762&GUID=EF319873-D8E2-4F97-B2FB-785311BC5103; https://legistar.council.nyc.gov/HistoryDetail.aspx?ID=2331763&GUID=8773BB88-29D9-4790-B589-FCC5AE8C2C31; https://legistar.council.nyc.gov/HistoryDetail.aspx?ID=2331698&GUID=6EBC1193-C00F-4547-AEAF-0547F23AE291; https://legistar.council.nyc.gov/HistoryDetail.aspx?ID=2331699&GUID=7075CF39-8B96-4D47-85A7-5ED26C353654; https://legistar.council.nyc.gov/HistoryDetail.aspx?ID=2331700&GUID=F06E8D40-111E-4442-8073-A0FA00DEF9C2
2009,2009-06-10,Res 2020-2009,clu_geo_018,33,remaining_queue_ai_review_researcher_adjudicated,medium,promote_with_caveat,official_geography_external_boundary,"Official Council Legistar LU/resolution records define the Dock Street-DUMBO geography as a Brooklyn Community District 2 project on the easterly side of Dock Street between Front Street and Water Street, with Block 36 Lots 1, 3, 14, 49/52/53 and related ge...",LU 1073-2009; LU 1074-2009; LU 1075-2009; Res 2018-2009; Res 2019-2009; Res 2020-2009,090181ZMK; 090183ZSK; 090184ZSK,P2009K0113; P2009K0112,DOCK STREET DUMBO,"Application no. C 090181 ZMK submitted by Two Trees Management Company pursuant to Sections 197-c and 201 of the New York City Charter for an amendment of the Zoning Map, Section No. 12d changing from an M1-2 District to an M1-2/R8and establishing a Special Mixed Use District (MX-2).; Application no. C 090183 ZSK submitted by Two Trees Management Company pursuant to Sections 197-c and 201 of the New York City Charter for the grant of a special permit pursuant to Section 74-512 of the Zoning Resolution to allow a public parking garage with a maximum capacity of 465 spaces including 129 accessory spaces, and to allow 37,599 square feet of floor space up to a height of 23 feet above base plane level to be exempted from the definition of floor area as set forth in Section 12-10. This application is subject to review and action by the Land Use Committee only if called-up by vot; Application no. C 090184 ZSK submitted by Two Trees Management Company pursuant to Sections 197-c and 201 of the New York City Charter for the grant of a special permit pursuant to Section 74-743** of the Zoning Resolution to modify the regulations of Section 23, Section 23-86 , Section 25-533, Section 43-28 and Section 123-66 to facilitate a mixed use development on property located on the easterly side of Dock Street between Front Street and Water Street (Block 36, Lots 1, 3, 14, 49, 52 & 53), in an M1-2/R8 (MX-2) District*, within a general large scale development (Block 36, Lots 1, 3, 14,",https://legistar.council.nyc.gov/LegislationDetail.aspx?ID=449406&GUID=9913AA69-47BE-424E-B7D9-40571C92E4F2&Options=ID|Text|&Search=; https://legistar.council.nyc.gov/LegislationDetail.aspx?ID=449407&GUID=81C9B50D-0A56-408C-AD69-22D6FEC04A45&Options=ID|Text|&Search=; https://legistar.council.nyc.gov/LegislationDetail.aspx?ID=449408&GUID=F4616F2B-C165-4DB1-A4C4-D58054B8383B&Options=ID|Text|&Search=; https://legistar.council.nyc.gov/LegislationDetail.aspx?ID=449592&GUID=9CDDC101-AA16-46A1-AEDA-D694E3EC2070&Options=ID|Text|&Search=; https://legistar.council.nyc.gov/LegislationDetail.aspx?ID=449593&GUID=31A06F8F-529D-4845-97DD-8E0462371802&Options=ID|Text|&Search=; https://legistar.council.nyc.gov/LegislationDetail.aspx?ID=449594&GUID=DB0F9A58-35C1-424F-97E3-44B99AD28041&Options=ID|Text|&Search=,https://legistar.council.nyc.gov/HistoryDetail.aspx?ID=2331761&GUID=9ACB51E9-A3B8-4AE7-A434-144DA88A7613; https://legistar.council.nyc.gov/HistoryDetail.aspx?ID=2331762&GUID=EF319873-D8E2-4F97-B2FB-785311BC5103; https://legistar.council.nyc.gov/HistoryDetail.aspx?ID=2331763&GUID=8773BB88-29D9-4790-B589-FCC5AE8C2C31; https://legistar.council.nyc.gov/HistoryDetail.aspx?ID=2331698&GUID=6EBC1193-C00F-4547-AEAF-0547F23AE291; https://legistar.council.nyc.gov/HistoryDetail.aspx?ID=2331699&GUID=7075CF39-8B96-4D47-85A7-5ED26C353654; https://legistar.council.nyc.gov/HistoryDetail.aspx?ID=2331700&GUID=F06E8D40-111E-4442-8073-A0FA00DEF9C2
2009,2009-06-19,LU 1085-2009,clu_geo_119,21,manual_queue_ai_review_researcher_accepted,medium,promote_with_caveat,official_geography_external_boundary,"Imported from the prior full-document conflict-review pass: ChatGPT's later web pass found District 20 from later exact-BBL evidence, but the project is a 2009 action. Official records fix Queens Block 1791 Lots 52 and 68; ZAP BBL 4017910052 with archived 2...",LU 1085-2009; Res 2043-2009,090366PCQ,P2009Q0249,GRACE ASPHALT PLANT,"Application no. C 090366 PCQ submitted by the Department of Transportation and the Department of Citywide Administrative Services, pursuant to Section 197-c of the New York City Charter, for the site selection and acquisition of property located at 130-31 Northern Boulevard (Block 1791, Lots 52 and 68) , for use as an asphalt plant.; Resolution approving the decision of the City Planning Commission on ULURP No. C 090366 PCQ (L.U. No. 1085), for the site selection and acquisition of property located at 130-31 Northern Boulevard (Block 1791, Lots 52 and 68), Borough of Queens, to facilitate the use of an asphalt plant.",https://legistar.council.nyc.gov/LegislationDetail.aspx?ID=449417&GUID=D316F464-DAA4-4B7C-BA39-387ECEFEF1CE&Options=ID|Text|&Search=; https://legistar.council.nyc.gov/LegislationDetail.aspx?ID=449661&GUID=F5E3A2AC-829D-4969-B926-628CF792DFF8&Options=ID|Text|&Search=,https://legistar.council.nyc.gov/HistoryDetail.aspx?ID=2332122&GUID=498234B5-AF51-43E7-8602-E17B7E3ACB75; https://legistar.council.nyc.gov/HistoryDetail.aspx?ID=2332024&GUID=BC027E27-883F-45E7-B315-C9EA66903AEB
2009,2009-06-19,Res 2043-2009,clu_geo_119,21,manual_queue_ai_review_researcher_accepted,medium,promote_with_caveat,official_geography_external_boundary,"Imported from the prior full-document conflict-review pass: ChatGPT's later web pass found District 20 from later exact-BBL evidence, but the project is a 2009 action. Official records fix Queens Block 1791 Lots 52 and 68; ZAP BBL 4017910052 with archived 2...",LU 1085-2009; Res 2043-2009,090366PCQ,P2009Q0249,GRACE ASPHALT PLANT,"Application no. C 090366 PCQ submitted by the Department of Transportation and the Department of Citywide Administrative Services, pursuant to Section 197-c of the New York City Charter, for the site selection and acquisition of property located at 130-31 Northern Boulevard (Block 1791, Lots 52 and 68) , for use as an asphalt plant.; Resolution approving the decision of the City Planning Commission on ULURP No. C 090366 PCQ (L.U. No. 1085), for the site selection and acquisition of property located at 130-31 Northern Boulevard (Block 1791, Lots 52 and 68), Borough of Queens, to facilitate the use of an asphalt plant.",https://legistar.council.nyc.gov/LegislationDetail.aspx?ID=449417&GUID=D316F464-DAA4-4B7C-BA39-387ECEFEF1CE&Options=ID|Text|&Search=; https://legistar.council.nyc.gov/LegislationDetail.aspx?ID=449661&GUID=F5E3A2AC-829D-4969-B926-628CF792DFF8&Options=ID|Text|&Search=,https://legistar.council.nyc.gov/HistoryDetail.aspx?ID=2332122&GUID=498234B5-AF51-43E7-8602-E17B7E3ACB75; https://legistar.council.nyc.gov/HistoryDetail.aspx?ID=2332024&GUID=BC027E27-883F-45E7-B315-C9EA66903AEB
2009,2009-07-29,LU 1136-2009,clu_geo_021,47,deterministic_geography_verification,high,deterministically_verified_project_geography,zap_bbl,AI-adjudicated geography matched deterministic zap_bbl assignment using DCP Council boundary release 09C.,LU 1136-2009; LU 1137-2009; LU 1138-2009; LU 1139-2009; LU 1140-2009; LU 1141-2009; LU 1142-2009; Res 2132-2009; Res 2133-2009; Res 2134-2009; Res 2135-2009; Res 2136-2009; Res 2137-2009; Res 2138-2009,090272ZMK; 090273AZRK; 090274PQK; 090275PQK; 090276HAK; 090277PPK; 090107MMK,P2009K0185; P2009K0264; P2009K0065,CONEY ISLAND COMPREHENSIVE PLAN; CONEY ISLAND MAPPING,"Application no. C 090272 ZMK submitted by the Department of City Planning pursuant to Sections 197-c and 201 of the New York City Charter for an amendment of the Zoning Map, Section No. 28d.; Application no. N 090273 (A) ZRK submitted by the Department of City Planning, pursuant to Section 201 of the New York City Charter, and proposed for modification pursuant to Section 2-06(c) (1) of the Uniform Land Use Review Procedure, for an amendment of the Zoning Resolution of the City of New York, relating to the creation of the Special Coney Island District (Article XIII, Chapter 1), Borough of Brooklyn, Community District 13.; Application no. C 090274 PQK submitted by the Department of Citywide Administrative Services (DCAS) and the Department of Small Business Services (SBS), pursuant to Section 197-c of the New York City Charter, for the acquisition of property located at Block 7074, Lots 4, 6, p/o 23, 89, p/o 105, 254, p/o 310, 340, 348 and p/o 360, Block 8694, Lot 1, 5, 11, 12, 14, 16, 18, 25, 30, 33, and 421, Block 8695, Lot 61, 64, p/o 72, p/o 120, and p/o 433, and Block 8696, Lots 35, 37, 44, 47, 48, 49, 50, 53, p/o 70, p/o 140, p/o 145, p/o 212.",https://legistar.council.nyc.gov/LegislationDetail.aspx?ID=452685&GUID=73658135-8AAD-4567-B71C-3D4D21DD395C&Options=ID|Text|&Search=; https://legistar.council.nyc.gov/LegislationDetail.aspx?ID=452686&GUID=C94C22C2-D87D-4417-AF88-BA5055924E73&Options=ID|Text|&Search=; https://legistar.council.nyc.gov/LegislationDetail.aspx?ID=452687&GUID=B5FC8C7C-0E9D-4D36-9D9B-17B036F479BB&Options=ID|Text|&Search=; https://legistar.council.nyc.gov/LegislationDetail.aspx?ID=452688&GUID=F7A8AE3B-1B2A-4D9F-BC81-A924F040EB3F&Options=ID|Text|&Search=; https://legistar.council.nyc.gov/LegislationDetail.aspx?ID=452689&GUID=7866A3F2-9C82-4E4D-B073-61EEBA4A3376&Options=ID|Text|&Search=; https://legistar.council.nyc.gov/LegislationDetail.aspx?ID=452690&GUID=25AB5E19-529F-4D4D-A831-2781AD541935&Options=ID|Text|&Search=; https://legistar.council.nyc.gov/LegislationDetail.aspx?ID=452691&GUID=8B68AB2F-DFC5-4532-8FF8-5DD43103E5D6&Options=ID|Text|&Search=; https://legistar.council.nyc.gov/LegislationDetail.aspx?ID=546696&GUID=14B3A580-2729-4111-95C4-A0ADF23A7188&Options=ID|Text|&Search=; https://legistar.council.nyc.gov/LegislationDetail.aspx?ID=546697&GUID=E9981FBD-E23E-4D9F-8C10-8A2EBB713FC0&Options=ID|Text|&Search=; https://legistar.council.nyc.gov/LegislationDetail.aspx?ID=546698&GUID=FB06CC53-501F-437E-A0C1-4389631598C8&Options=ID|Text|&Search=; https://legistar.council.nyc.gov/LegislationDetail.aspx?ID=546702&GUID=63B515FF-84BC-424C-9E9A-4DB66A091B9C&Options=ID|Text|&Search=; https://legistar.council.nyc.gov/LegislationDetail.aspx?ID=546699&GUID=97EF517D-AFCE-4DE1-BD06-BF0870E05BD4&Options=ID|Text|&Search=; https://legistar.council.nyc.gov/LegislationDetail.aspx?ID=546700&GUID=E1925015-CBA5-4786-BAFA-17EC34915B7E&Options=ID|Text|&Search=; https://legistar.council.nyc.gov/LegislationDetail.aspx?ID=546701&GUID=90AF1B01-A725-406C-9116-1AADB454F15E&Options=ID|Text|&Search=,https://legistar.council.nyc.gov/HistoryDetail.aspx?ID=2366279&GUID=04844E1D-A7E8-4A0F-8A60-8A1FBBE6C676; https://legistar.council.nyc.gov/HistoryDetail.aspx?ID=2366280&GUID=F05B6044-FF39-4295-9FB2-4C37B521908D; https://legistar.council.nyc.gov/HistoryDetail.aspx?ID=2366281&GUID=02F173A0-E4CD-4B50-B4B1-5A7FB822F8DF; https://legistar.council.nyc.gov/HistoryDetail.aspx?ID=2366282&GUID=9979959D-2CDA-4BB1-981E-C892F05AF280; https://legistar.council.nyc.gov/HistoryDetail.aspx?ID=2366283&GUID=2EA5151B-C826-43F8-86D9-95C7B6409854; https://legistar.council.nyc.gov/HistoryDetail.aspx?ID=2366284&GUID=3C2A4900-1410-48D2-A0BD-B65A11885549; https://legistar.council.nyc.gov/HistoryDetail.aspx?ID=2366285&GUID=670A06A2-2CD2-4008-A997-9E58C61B7444; https://legistar.council.nyc.gov/HistoryDetail.aspx?ID=2365685&GUID=1739D511-F22A-4D07-B0B7-5E8E2D2CE068; https://legistar.council.nyc.gov/HistoryDetail.aspx?ID=2365686&GUID=650A43CB-54E1-47C8-9170-0F69F8A31AFA; https://legistar.council.nyc.gov/HistoryDetail.aspx?ID=2365687&GUID=0DCAB69F-6A4A-4DB8-9CA4-9B0F3F9B23C1; https://legistar.council.nyc.gov/HistoryDetail.aspx?ID=2365691&GUID=C0E42723-6A56-4A54-B08E-443F9111D192; https://legistar.council.nyc.gov/HistoryDetail.aspx?ID=2365688&GUID=31E6784B-E858-47D8-92A0-3EDC0FED63AD; https://legistar.council.nyc.gov/HistoryDetail.aspx?ID=2365689&GUID=70A59790-6E45-44E1-AA97-F44194089134; https://legistar.council.nyc.gov/HistoryDetail.aspx?ID=2365690&GUID=70370A70-BE85-4272-8CDA-6FC0E828380D
2009,2009-07-29,LU 1137-2009,clu_geo_021,47,deterministic_geography_verification,high,deterministically_verified_project_geography,zap_bbl,AI-adjudicated geography matched deterministic zap_bbl assignment using DCP Council boundary release 09C.,LU 1136-2009; LU 1137-2009; LU 1138-2009; LU 1139-2009; LU 1140-2009; LU 1141-2009; LU 1142-2009; Res 2132-2009; Res 2133-2009; Res 2134-2009; Res 2135-2009; Res 2136-2009; Res 2137-2009; Res 2138-2009,090272ZMK; 090273AZRK; 090274PQK; 090275PQK; 090276HAK; 090277PPK; 090107MMK,P2009K0185; P2009K0264; P2009K0065,CONEY ISLAND COMPREHENSIVE PLAN; CONEY ISLAND MAPPING,"Application no. C 090272 ZMK submitted by the Department of City Planning pursuant to Sections 197-c and 201 of the New York City Charter for an amendment of the Zoning Map, Section No. 28d.; Application no. N 090273 (A) ZRK submitted by the Department of City Planning, pursuant to Section 201 of the New York City Charter, and proposed for modification pursuant to Section 2-06(c) (1) of the Uniform Land Use Review Procedure, for an amendment of the Zoning Resolution of the City of New York, relating to the creation of the Special Coney Island District (Article XIII, Chapter 1), Borough of Brooklyn, Community District 13.; Application no. C 090274 PQK submitted by the Department of Citywide Administrative Services (DCAS) and the Department of Small Business Services (SBS), pursuant to Section 197-c of the New York City Charter, for the acquisition of property located at Block 7074, Lots 4, 6, p/o 23, 89, p/o 105, 254, p/o 310, 340, 348 and p/o 360, Block 8694, Lot 1, 5, 11, 12, 14, 16, 18, 25, 30, 33, and 421, Block 8695, Lot 61, 64, p/o 72, p/o 120, and p/o 433, and Block 8696, Lots 35, 37, 44, 47, 48, 49, 50, 53, p/o 70, p/o 140, p/o 145, p/o 212.",https://legistar.council.nyc.gov/LegislationDetail.aspx?ID=452685&GUID=73658135-8AAD-4567-B71C-3D4D21DD395C&Options=ID|Text|&Search=; https://legistar.council.nyc.gov/LegislationDetail.aspx?ID=452686&GUID=C94C22C2-D87D-4417-AF88-BA5055924E73&Options=ID|Text|&Search=; https://legistar.council.nyc.gov/LegislationDetail.aspx?ID=452687&GUID=B5FC8C7C-0E9D-4D36-9D9B-17B036F479BB&Options=ID|Text|&Search=; https://legistar.council.nyc.gov/LegislationDetail.aspx?ID=452688&GUID=F7A8AE3B-1B2A-4D9F-BC81-A924F040EB3F&Options=ID|Text|&Search=; https://legistar.council.nyc.gov/LegislationDetail.aspx?ID=452689&GUID=7866A3F2-9C82-4E4D-B073-61EEBA4A3376&Options=ID|Text|&Search=; https://legistar.council.nyc.gov/LegislationDetail.aspx?ID=452690&GUID=25AB5E19-529F-4D4D-A831-2781AD541935&Options=ID|Text|&Search=; https://legistar.council.nyc.gov/LegislationDetail.aspx?ID=452691&GUID=8B68AB2F-DFC5-4532-8FF8-5DD43103E5D6&Options=ID|Text|&Search=; https://legistar.council.nyc.gov/LegislationDetail.aspx?ID=546696&GUID=14B3A580-2729-4111-95C4-A0ADF23A7188&Options=ID|Text|&Search=; https://legistar.council.nyc.gov/LegislationDetail.aspx?ID=546697&GUID=E9981FBD-E23E-4D9F-8C10-8A2EBB713FC0&Options=ID|Text|&Search=; https://legistar.council.nyc.gov/LegislationDetail.aspx?ID=546698&GUID=FB06CC53-501F-437E-A0C1-4389631598C8&Options=ID|Text|&Search=; https://legistar.council.nyc.gov/LegislationDetail.aspx?ID=546702&GUID=63B515FF-84BC-424C-9E9A-4DB66A091B9C&Options=ID|Text|&Search=; https://legistar.council.nyc.gov/LegislationDetail.aspx?ID=546699&GUID=97EF517D-AFCE-4DE1-BD06-BF0870E05BD4&Options=ID|Text|&Search=; https://legistar.council.nyc.gov/LegislationDetail.aspx?ID=546700&GUID=E1925015-CBA5-4786-BAFA-17EC34915B7E&Options=ID|Text|&Search=; https://legistar.council.nyc.gov/LegislationDetail.aspx?ID=546701&GUID=90AF1B01-A725-406C-9116-1AADB454F15E&Options=ID|Text|&Search=,https://legistar.council.nyc.gov/HistoryDetail.aspx?ID=2366279&GUID=04844E1D-A7E8-4A0F-8A60-8A1FBBE6C676; https://legistar.council.nyc.gov/HistoryDetail.aspx?ID=2366280&GUID=F05B6044-FF39-4295-9FB2-4C37B521908D; https://legistar.council.nyc.gov/HistoryDetail.aspx?ID=2366281&GUID=02F173A0-E4CD-4B50-B4B1-5A7FB822F8DF; https://legistar.council.nyc.gov/HistoryDetail.aspx?ID=2366282&GUID=9979959D-2CDA-4BB1-981E-C892F05AF280; https://legistar.council.nyc.gov/HistoryDetail.aspx?ID=2366283&GUID=2EA5151B-C826-43F8-86D9-95C7B6409854; https://legistar.council.nyc.gov/HistoryDetail.aspx?ID=2366284&GUID=3C2A4900-1410-48D2-A0BD-B65A11885549; https://legistar.council.nyc.gov/HistoryDetail.aspx?ID=2366285&GUID=670A06A2-2CD2-4008-A997-9E58C61B7444; https://legistar.council.nyc.gov/HistoryDetail.aspx?ID=2365685&GUID=1739D511-F22A-4D07-B0B7-5E8E2D2CE068; https://legistar.council.nyc.gov/HistoryDetail.aspx?ID=2365686&GUID=650A43CB-54E1-47C8-9170-0F69F8A31AFA; https://legistar.council.nyc.gov/HistoryDetail.aspx?ID=2365687&GUID=0DCAB69F-6A4A-4DB8-9CA4-9B0F3F9B23C1; https://legistar.council.nyc.gov/HistoryDetail.aspx?ID=2365691&GUID=C0E42723-6A56-4A54-B08E-443F9111D192; https://legistar.council.nyc.gov/HistoryDetail.aspx?ID=2365688&GUID=31E6784B-E858-47D8-92A0-3EDC0FED63AD; https://legistar.council.nyc.gov/HistoryDetail.aspx?ID=2365689&GUID=70A59790-6E45-44E1-AA97-F44194089134; https://legistar.council.nyc.gov/HistoryDetail.aspx?ID=2365690&GUID=70370A70-BE85-4272-8CDA-6FC0E828380D
2009,2009-07-29,LU 1138-2009,clu_geo_021,47,deterministic_geography_verification,high,deterministically_verified_project_geography,zap_bbl,AI-adjudicated geography matched deterministic zap_bbl assignment using DCP Council boundary release 09C.,LU 1136-2009; LU 1137-2009; LU 1138-2009; LU 1139-2009; LU 1140-2009; LU 1141-2009; LU 1142-2009; Res 2132-2009; Res 2133-2009; Res 2134-2009; Res 2135-2009; Res 2136-2009; Res 2137-2009; Res 2138-2009,090272ZMK; 090273AZRK; 090274PQK; 090275PQK; 090276HAK; 090277PPK; 090107MMK,P2009K0185; P2009K0264; P2009K0065,CONEY ISLAND COMPREHENSIVE PLAN; CONEY ISLAND MAPPING,"Application no. C 090272 ZMK submitted by the Department of City Planning pursuant to Sections 197-c and 201 of the New York City Charter for an amendment of the Zoning Map, Section No. 28d.; Application no. N 090273 (A) ZRK submitted by the Department of City Planning, pursuant to Section 201 of the New York City Charter, and proposed for modification pursuant to Section 2-06(c) (1) of the Uniform Land Use Review Procedure, for an amendment of the Zoning Resolution of the City of New York, relating to the creation of the Special Coney Island District (Article XIII, Chapter 1), Borough of Brooklyn, Community District 13.; Application no. C 090274 PQK submitted by the Department of Citywide Administrative Services (DCAS) and the Department of Small Business Services (SBS), pursuant to Section 197-c of the New York City Charter, for the acquisition of property located at Block 7074, Lots 4, 6, p/o 23, 89, p/o 105, 254, p/o 310, 340, 348 and p/o 360, Block 8694, Lot 1, 5, 11, 12, 14, 16, 18, 25, 30, 33, and 421, Block 8695, Lot 61, 64, p/o 72, p/o 120, and p/o 433, and Block 8696, Lots 35, 37, 44, 47, 48, 49, 50, 53, p/o 70, p/o 140, p/o 145, p/o 212.",https://legistar.council.nyc.gov/LegislationDetail.aspx?ID=452685&GUID=73658135-8AAD-4567-B71C-3D4D21DD395C&Options=ID|Text|&Search=; https://legistar.council.nyc.gov/LegislationDetail.aspx?ID=452686&GUID=C94C22C2-D87D-4417-AF88-BA5055924E73&Options=ID|Text|&Search=; https://legistar.council.nyc.gov/LegislationDetail.aspx?ID=452687&GUID=B5FC8C7C-0E9D-4D36-9D9B-17B036F479BB&Options=ID|Text|&Search=; https://legistar.council.nyc.gov/LegislationDetail.aspx?ID=452688&GUID=F7A8AE3B-1B2A-4D9F-BC81-A924F040EB3F&Options=ID|Text|&Search=; https://legistar.council.nyc.gov/LegislationDetail.aspx?ID=452689&GUID=7866A3F2-9C82-4E4D-B073-61EEBA4A3376&Options=ID|Text|&Search=; https://legistar.council.nyc.gov/LegislationDetail.aspx?ID=452690&GUID=25AB5E19-529F-4D4D-A831-2781AD541935&Options=ID|Text|&Search=; https://legistar.council.nyc.gov/LegislationDetail.aspx?ID=452691&GUID=8B68AB2F-DFC5-4532-8FF8-5DD43103E5D6&Options=ID|Text|&Search=; https://legistar.council.nyc.gov/LegislationDetail.aspx?ID=546696&GUID=14B3A580-2729-4111-95C4-A0ADF23A7188&Options=ID|Text|&Search=; https://legistar.council.nyc.gov/LegislationDetail.aspx?ID=546697&GUID=E9981FBD-E23E-4D9F-8C10-8A2EBB713FC0&Options=ID|Text|&Search=; https://legistar.council.nyc.gov/LegislationDetail.aspx?ID=546698&GUID=FB06CC53-501F-437E-A0C1-4389631598C8&Options=ID|Text|&Search=; https://legistar.council.nyc.gov/LegislationDetail.aspx?ID=546702&GUID=63B515FF-84BC-424C-9E9A-4DB66A091B9C&Options=ID|Text|&Search=; https://legistar.council.nyc.gov/LegislationDetail.aspx?ID=546699&GUID=97EF517D-AFCE-4DE1-BD06-BF0870E05BD4&Options=ID|Text|&Search=; https://legistar.council.nyc.gov/LegislationDetail.aspx?ID=546700&GUID=E1925015-CBA5-4786-BAFA-17EC34915B7E&Options=ID|Text|&Search=; https://legistar.council.nyc.gov/LegislationDetail.aspx?ID=546701&GUID=90AF1B01-A725-406C-9116-1AADB454F15E&Options=ID|Text|&Search=,https://legistar.council.nyc.gov/HistoryDetail.aspx?ID=2366279&GUID=04844E1D-A7E8-4A0F-8A60-8A1FBBE6C676; https://legistar.council.nyc.gov/HistoryDetail.aspx?ID=2366280&GUID=F05B6044-FF39-4295-9FB2-4C37B521908D; https://legistar.council.nyc.gov/HistoryDetail.aspx?ID=2366281&GUID=02F173A0-E4CD-4B50-B4B1-5A7FB822F8DF; https://legistar.council.nyc.gov/HistoryDetail.aspx?ID=2366282&GUID=9979959D-2CDA-4BB1-981E-C892F05AF280; https://legistar.council.nyc.gov/HistoryDetail.aspx?ID=2366283&GUID=2EA5151B-C826-43F8-86D9-95C7B6409854; https://legistar.council.nyc.gov/HistoryDetail.aspx?ID=2366284&GUID=3C2A4900-1410-48D2-A0BD-B65A11885549; https://legistar.council.nyc.gov/HistoryDetail.aspx?ID=2366285&GUID=670A06A2-2CD2-4008-A997-9E58C61B7444; https://legistar.council.nyc.gov/HistoryDetail.aspx?ID=2365685&GUID=1739D511-F22A-4D07-B0B7-5E8E2D2CE068; https://legistar.council.nyc.gov/HistoryDetail.aspx?ID=2365686&GUID=650A43CB-54E1-47C8-9170-0F69F8A31AFA; https://legistar.council.nyc.gov/HistoryDetail.aspx?ID=2365687&GUID=0DCAB69F-6A4A-4DB8-9CA4-9B0F3F9B23C1; https://legistar.council.nyc.gov/HistoryDetail.aspx?ID=2365691&GUID=C0E42723-6A56-4A54-B08E-443F9111D192; https://legistar.council.nyc.gov/HistoryDetail.aspx?ID=2365688&GUID=31E6784B-E858-47D8-92A0-3EDC0FED63AD; https://legistar.council.nyc.gov/HistoryDetail.aspx?ID=2365689&GUID=70A59790-6E45-44E1-AA97-F44194089134; https://legistar.council.nyc.gov/HistoryDetail.aspx?ID=2365690&GUID=70370A70-BE85-4272-8CDA-6FC0E828380D
2009,2009-07-29,LU 1139-2009,clu_geo_021,47,deterministic_geography_verification,high,deterministically_verified_project_geography,zap_bbl,AI-adjudicated geography matched deterministic zap_bbl assignment using DCP Council boundary release 09C.,LU 1136-2009; LU 1137-2009; LU 1138-2009; LU 1139-2009; LU 1140-2009; LU 1141-2009; LU 1142-2009; Res 2132-2009; Res 2133-2009; Res 2134-2009; Res 2135-2009; Res 2136-2009; Res 2137-2009; Res 2138-2009,090272ZMK; 090273AZRK; 090274PQK; 090275PQK; 090276HAK; 090277PPK; 090107MMK,P2009K0185; P2009K0264; P2009K0065,CONEY ISLAND COMPREHENSIVE PLAN; CONEY ISLAND MAPPING,"Application no. C 090272 ZMK submitted by the Department of City Planning pursuant to Sections 197-c and 201 of the New York City Charter for an amendment of the Zoning Map, Section No. 28d.; Application no. N 090273 (A) ZRK submitted by the Department of City Planning, pursuant to Section 201 of the New York City Charter, and proposed for modification pursuant to Section 2-06(c) (1) of the Uniform Land Use Review Procedure, for an amendment of the Zoning Resolution of the City of New York, relating to the creation of the Special Coney Island District (Article XIII, Chapter 1), Borough of Brooklyn, Community District 13.; Application no. C 090274 PQK submitted by the Department of Citywide Administrative Services (DCAS) and the Department of Small Business Services (SBS), pursuant to Section 197-c of the New York City Charter, for the acquisition of property located at Block 7074, Lots 4, 6, p/o 23, 89, p/o 105, 254, p/o 310, 340, 348 and p/o 360, Block 8694, Lot 1, 5, 11, 12, 14, 16, 18, 25, 30, 33, and 421, Block 8695, Lot 61, 64, p/o 72, p/o 120, and p/o 433, and Block 8696, Lots 35, 37, 44, 47, 48, 49, 50, 53, p/o 70, p/o 140, p/o 145, p/o 212.",https://legistar.council.nyc.gov/LegislationDetail.aspx?ID=452685&GUID=73658135-8AAD-4567-B71C-3D4D21DD395C&Options=ID|Text|&Search=; https://legistar.council.nyc.gov/LegislationDetail.aspx?ID=452686&GUID=C94C22C2-D87D-4417-AF88-BA5055924E73&Options=ID|Text|&Search=; https://legistar.council.nyc.gov/LegislationDetail.aspx?ID=452687&GUID=B5FC8C7C-0E9D-4D36-9D9B-17B036F479BB&Options=ID|Text|&Search=; https://legistar.council.nyc.gov/LegislationDetail.aspx?ID=452688&GUID=F7A8AE3B-1B2A-4D9F-BC81-A924F040EB3F&Options=ID|Text|&Search=; https://legistar.council.nyc.gov/LegislationDetail.aspx?ID=452689&GUID=7866A3F2-9C82-4E4D-B073-61EEBA4A3376&Options=ID|Text|&Search=; https://legistar.council.nyc.gov/LegislationDetail.aspx?ID=452690&GUID=25AB5E19-529F-4D4D-A831-2781AD541935&Options=ID|Text|&Search=; https://legistar.council.nyc.gov/LegislationDetail.aspx?ID=452691&GUID=8B68AB2F-DFC5-4532-8FF8-5DD43103E5D6&Options=ID|Text|&Search=; https://legistar.council.nyc.gov/LegislationDetail.aspx?ID=546696&GUID=14B3A580-2729-4111-95C4-A0ADF23A7188&Options=ID|Text|&Search=; https://legistar.council.nyc.gov/LegislationDetail.aspx?ID=546697&GUID=E9981FBD-E23E-4D9F-8C10-8A2EBB713FC0&Options=ID|Text|&Search=; https://legistar.council.nyc.gov/LegislationDetail.aspx?ID=546698&GUID=FB06CC53-501F-437E-A0C1-4389631598C8&Options=ID|Text|&Search=; https://legistar.council.nyc.gov/LegislationDetail.aspx?ID=546702&GUID=63B515FF-84BC-424C-9E9A-4DB66A091B9C&Options=ID|Text|&Search=; https://legistar.council.nyc.gov/LegislationDetail.aspx?ID=546699&GUID=97EF517D-AFCE-4DE1-BD06-BF0870E05BD4&Options=ID|Text|&Search=; https://legistar.council.nyc.gov/LegislationDetail.aspx?ID=546700&GUID=E1925015-CBA5-4786-BAFA-17EC34915B7E&Options=ID|Text|&Search=; https://legistar.council.nyc.gov/LegislationDetail.aspx?ID=546701&GUID=90AF1B01-A725-406C-9116-1AADB454F15E&Options=ID|Text|&Search=,https://legistar.council.nyc.gov/HistoryDetail.aspx?ID=2366279&GUID=04844E1D-A7E8-4A0F-8A60-8A1FBBE6C676; https://legistar.council.nyc.gov/HistoryDetail.aspx?ID=2366280&GUID=F05B6044-FF39-4295-9FB2-4C37B521908D; https://legistar.council.nyc.gov/HistoryDetail.aspx?ID=2366281&GUID=02F173A0-E4CD-4B50-B4B1-5A7FB822F8DF; https://legistar.council.nyc.gov/HistoryDetail.aspx?ID=2366282&GUID=9979959D-2CDA-4BB1-981E-C892F05AF280; https://legistar.council.nyc.gov/HistoryDetail.aspx?ID=2366283&GUID=2EA5151B-C826-43F8-86D9-95C7B6409854; https://legistar.council.nyc.gov/HistoryDetail.aspx?ID=2366284&GUID=3C2A4900-1410-48D2-A0BD-B65A11885549; https://legistar.council.nyc.gov/HistoryDetail.aspx?ID=2366285&GUID=670A06A2-2CD2-4008-A997-9E58C61B7444; https://legistar.council.nyc.gov/HistoryDetail.aspx?ID=2365685&GUID=1739D511-F22A-4D07-B0B7-5E8E2D2CE068; https://legistar.council.nyc.gov/HistoryDetail.aspx?ID=2365686&GUID=650A43CB-54E1-47C8-9170-0F69F8A31AFA; https://legistar.council.nyc.gov/HistoryDetail.aspx?ID=2365687&GUID=0DCAB69F-6A4A-4DB8-9CA4-9B0F3F9B23C1; https://legistar.council.nyc.gov/HistoryDetail.aspx?ID=2365691&GUID=C0E42723-6A56-4A54-B08E-443F9111D192; https://legistar.council.nyc.gov/HistoryDetail.aspx?ID=2365688&GUID=31E6784B-E858-47D8-92A0-3EDC0FED63AD; https://legistar.council.nyc.gov/HistoryDetail.aspx?ID=2365689&GUID=70A59790-6E45-44E1-AA97-F44194089134; https://legistar.council.nyc.gov/HistoryDetail.aspx?ID=2365690&GUID=70370A70-BE85-4272-8CDA-6FC0E828380D
2009,2009-07-29,LU 1140-2009,clu_geo_021,47,deterministic_geography_verification,high,deterministically_verified_project_geography,zap_bbl,AI-adjudicated geography matched deterministic zap_bbl assignment using DCP Council boundary release 09C.,LU 1136-2009; LU 1137-2009; LU 1138-2009; LU 1139-2009; LU 1140-2009; LU 1141-2009; LU 1142-2009; Res 2132-2009; Res 2133-2009; Res 2134-2009; Res 2135-2009; Res 2136-2009; Res 2137-2009; Res 2138-2009,090272ZMK; 090273AZRK; 090274PQK; 090275PQK; 090276HAK; 090277PPK; 090107MMK,P2009K0185; P2009K0264; P2009K0065,CONEY ISLAND COMPREHENSIVE PLAN; CONEY ISLAND MAPPING,"Application no. C 090272 ZMK submitted by the Department of City Planning pursuant to Sections 197-c and 201 of the New York City Charter for an amendment of the Zoning Map, Section No. 28d.; Application no. N 090273 (A) ZRK submitted by the Department of City Planning, pursuant to Section 201 of the New York City Charter, and proposed for modification pursuant to Section 2-06(c) (1) of the Uniform Land Use Review Procedure, for an amendment of the Zoning Resolution of the City of New York, relating to the creation of the Special Coney Island District (Article XIII, Chapter 1), Borough of Brooklyn, Community District 13.; Application no. C 090274 PQK submitted by the Department of Citywide Administrative Services (DCAS) and the Department of Small Business Services (SBS), pursuant to Section 197-c of the New York City Charter, for the acquisition of property located at Block 7074, Lots 4, 6, p/o 23, 89, p/o 105, 254, p/o 310, 340, 348 and p/o 360, Block 8694, Lot 1, 5, 11, 12, 14, 16, 18, 25, 30, 33, and 421, Block 8695, Lot 61, 64, p/o 72, p/o 120, and p/o 433, and Block 8696, Lots 35, 37, 44, 47, 48, 49, 50, 53, p/o 70, p/o 140, p/o 145, p/o 212.",https://legistar.council.nyc.gov/LegislationDetail.aspx?ID=452685&GUID=73658135-8AAD-4567-B71C-3D4D21DD395C&Options=ID|Text|&Search=; https://legistar.council.nyc.gov/LegislationDetail.aspx?ID=452686&GUID=C94C22C2-D87D-4417-AF88-BA5055924E73&Options=ID|Text|&Search=; https://legistar.council.nyc.gov/LegislationDetail.aspx?ID=452687&GUID=B5FC8C7C-0E9D-4D36-9D9B-17B036F479BB&Options=ID|Text|&Search=; https://legistar.council.nyc.gov/LegislationDetail.aspx?ID=452688&GUID=F7A8AE3B-1B2A-4D9F-BC81-A924F040EB3F&Options=ID|Text|&Search=; https://legistar.council.nyc.gov/LegislationDetail.aspx?ID=452689&GUID=7866A3F2-9C82-4E4D-B073-61EEBA4A3376&Options=ID|Text|&Search=; https://legistar.council.nyc.gov/LegislationDetail.aspx?ID=452690&GUID=25AB5E19-529F-4D4D-A831-2781AD541935&Options=ID|Text|&Search=; https://legistar.council.nyc.gov/LegislationDetail.aspx?ID=452691&GUID=8B68AB2F-DFC5-4532-8FF8-5DD43103E5D6&Options=ID|Text|&Search=; https://legistar.council.nyc.gov/LegislationDetail.aspx?ID=546696&GUID=14B3A580-2729-4111-95C4-A0ADF23A7188&Options=ID|Text|&Search=; https://legistar.council.nyc.gov/LegislationDetail.aspx?ID=546697&GUID=E9981FBD-E23E-4D9F-8C10-8A2EBB713FC0&Options=ID|Text|&Search=; https://legistar.council.nyc.gov/LegislationDetail.aspx?ID=546698&GUID=FB06CC53-501F-437E-A0C1-4389631598C8&Options=ID|Text|&Search=; https://legistar.council.nyc.gov/LegislationDetail.aspx?ID=546702&GUID=63B515FF-84BC-424C-9E9A-4DB66A091B9C&Options=ID|Text|&Search=; https://legistar.council.nyc.gov/LegislationDetail.aspx?ID=546699&GUID=97EF517D-AFCE-4DE1-BD06-BF0870E05BD4&Options=ID|Text|&Search=; https://legistar.council.nyc.gov/LegislationDetail.aspx?ID=546700&GUID=E1925015-CBA5-4786-BAFA-17EC34915B7E&Options=ID|Text|&Search=; https://legistar.council.nyc.gov/LegislationDetail.aspx?ID=546701&GUID=90AF1B01-A725-406C-9116-1AADB454F15E&Options=ID|Text|&Search=,https://legistar.council.nyc.gov/HistoryDetail.aspx?ID=2366279&GUID=04844E1D-A7E8-4A0F-8A60-8A1FBBE6C676; https://legistar.council.nyc.gov/HistoryDetail.aspx?ID=2366280&GUID=F05B6044-FF39-4295-9FB2-4C37B521908D; https://legistar.council.nyc.gov/HistoryDetail.aspx?ID=2366281&GUID=02F173A0-E4CD-4B50-B4B1-5A7FB822F8DF; https://legistar.council.nyc.gov/HistoryDetail.aspx?ID=2366282&GUID=9979959D-2CDA-4BB1-981E-C892F05AF280; https://legistar.council.nyc.gov/HistoryDetail.aspx?ID=2366283&GUID=2EA5151B-C826-43F8-86D9-95C7B6409854; https://legistar.council.nyc.gov/HistoryDetail.aspx?ID=2366284&GUID=3C2A4900-1410-48D2-A0BD-B65A11885549; https://legistar.council.nyc.gov/HistoryDetail.aspx?ID=2366285&GUID=670A06A2-2CD2-4008-A997-9E58C61B7444; https://legistar.council.nyc.gov/HistoryDetail.aspx?ID=2365685&GUID=1739D511-F22A-4D07-B0B7-5E8E2D2CE068; https://legistar.council.nyc.gov/HistoryDetail.aspx?ID=2365686&GUID=650A43CB-54E1-47C8-9170-0F69F8A31AFA; https://legistar.council.nyc.gov/HistoryDetail.aspx?ID=2365687&GUID=0DCAB69F-6A4A-4DB8-9CA4-9B0F3F9B23C1; https://legistar.council.nyc.gov/HistoryDetail.aspx?ID=2365691&GUID=C0E42723-6A56-4A54-B08E-443F9111D192; https://legistar.council.nyc.gov/HistoryDetail.aspx?ID=2365688&GUID=31E6784B-E858-47D8-92A0-3EDC0FED63AD; https://legistar.council.nyc.gov/HistoryDetail.aspx?ID=2365689&GUID=70A59790-6E45-44E1-AA97-F44194089134; https://legistar.council.nyc.gov/HistoryDetail.aspx?ID=2365690&GUID=70370A70-BE85-4272-8CDA-6FC0E828380D
2009,2009-07-29,LU 1141-2009,clu_geo_021,47,deterministic_geography_verification,high,deterministically_verified_project_geography,zap_bbl,AI-adjudicated geography matched deterministic zap_bbl assignment using DCP Council boundary release 09C.,LU 1136-2009; LU 1137-2009; LU 1138-2009; LU 1139-2009; LU 1140-2009; LU 1141-2009; LU 1142-2009; Res 2132-2009; Res 2133-2009; Res 2134-2009; Res 2135-2009; Res 2136-2009; Res 2137-2009; Res 2138-2009,090272ZMK; 090273AZRK; 090274PQK; 090275PQK; 090276HAK; 090277PPK; 090107MMK,P2009K0185; P2009K0264; P2009K0065,CONEY ISLAND COMPREHENSIVE PLAN; CONEY ISLAND MAPPING,"Application no. C 090272 ZMK submitted by the Department of City Planning pursuant to Sections 197-c and 201 of the New York City Charter for an amendment of the Zoning Map, Section No. 28d.; Application no. N 090273 (A) ZRK submitted by the Department of City Planning, pursuant to Section 201 of the New York City Charter, and proposed for modification pursuant to Section 2-06(c) (1) of the Uniform Land Use Review Procedure, for an amendment of the Zoning Resolution of the City of New York, relating to the creation of the Special Coney Island District (Article XIII, Chapter 1), Borough of Brooklyn, Community District 13.; Application no. C 090274 PQK submitted by the Department of Citywide Administrative Services (DCAS) and the Department of Small Business Services (SBS), pursuant to Section 197-c of the New York City Charter, for the acquisition of property located at Block 7074, Lots 4, 6, p/o 23, 89, p/o 105, 254, p/o 310, 340, 348 and p/o 360, Block 8694, Lot 1, 5, 11, 12, 14, 16, 18, 25, 30, 33, and 421, Block 8695, Lot 61, 64, p/o 72, p/o 120, and p/o 433, and Block 8696, Lots 35, 37, 44, 47, 48, 49, 50, 53, p/o 70, p/o 140, p/o 145, p/o 212.",https://legistar.council.nyc.gov/LegislationDetail.aspx?ID=452685&GUID=73658135-8AAD-4567-B71C-3D4D21DD395C&Options=ID|Text|&Search=; https://legistar.council.nyc.gov/LegislationDetail.aspx?ID=452686&GUID=C94C22C2-D87D-4417-AF88-BA5055924E73&Options=ID|Text|&Search=; https://legistar.council.nyc.gov/LegislationDetail.aspx?ID=452687&GUID=B5FC8C7C-0E9D-4D36-9D9B-17B036F479BB&Options=ID|Text|&Search=; https://legistar.council.nyc.gov/LegislationDetail.aspx?ID=452688&GUID=F7A8AE3B-1B2A-4D9F-BC81-A924F040EB3F&Options=ID|Text|&Search=; https://legistar.council.nyc.gov/LegislationDetail.aspx?ID=452689&GUID=7866A3F2-9C82-4E4D-B073-61EEBA4A3376&Options=ID|Text|&Search=; https://legistar.council.nyc.gov/LegislationDetail.aspx?ID=452690&GUID=25AB5E19-529F-4D4D-A831-2781AD541935&Options=ID|Text|&Search=; https://legistar.council.nyc.gov/LegislationDetail.aspx?ID=452691&GUID=8B68AB2F-DFC5-4532-8FF8-5DD43103E5D6&Options=ID|Text|&Search=; https://legistar.council.nyc.gov/LegislationDetail.aspx?ID=546696&GUID=14B3A580-2729-4111-95C4-A0ADF23A7188&Options=ID|Text|&Search=; https://legistar.council.nyc.gov/LegislationDetail.aspx?ID=546697&GUID=E9981FBD-E23E-4D9F-8C10-8A2EBB713FC0&Options=ID|Text|&Search=; https://legistar.council.nyc.gov/LegislationDetail.aspx?ID=546698&GUID=FB06CC53-501F-437E-A0C1-4389631598C8&Options=ID|Text|&Search=; https://legistar.council.nyc.gov/LegislationDetail.aspx?ID=546702&GUID=63B515FF-84BC-424C-9E9A-4DB66A091B9C&Options=ID|Text|&Search=; https://legistar.council.nyc.gov/LegislationDetail.aspx?ID=546699&GUID=97EF517D-AFCE-4DE1-BD06-BF0870E05BD4&Options=ID|Text|&Search=; https://legistar.council.nyc.gov/LegislationDetail.aspx?ID=546700&GUID=E1925015-CBA5-4786-BAFA-17EC34915B7E&Options=ID|Text|&Search=; https://legistar.council.nyc.gov/LegislationDetail.aspx?ID=546701&GUID=90AF1B01-A725-406C-9116-1AADB454F15E&Options=ID|Text|&Search=,https://legistar.council.nyc.gov/HistoryDetail.aspx?ID=2366279&GUID=04844E1D-A7E8-4A0F-8A60-8A1FBBE6C676; https://legistar.council.nyc.gov/HistoryDetail.aspx?ID=2366280&GUID=F05B6044-FF39-4295-9FB2-4C37B521908D; https://legistar.council.nyc.gov/HistoryDetail.aspx?ID=2366281&GUID=02F173A0-E4CD-4B50-B4B1-5A7FB822F8DF; https://legistar.council.nyc.gov/HistoryDetail.aspx?ID=2366282&GUID=9979959D-2CDA-4BB1-981E-C892F05AF280; https://legistar.council.nyc.gov/HistoryDetail.aspx?ID=2366283&GUID=2EA5151B-C826-43F8-86D9-95C7B6409854; https://legistar.council.nyc.gov/HistoryDetail.aspx?ID=2366284&GUID=3C2A4900-1410-48D2-A0BD-B65A11885549; https://legistar.council.nyc.gov/HistoryDetail.aspx?ID=2366285&GUID=670A06A2-2CD2-4008-A997-9E58C61B7444; https://legistar.council.nyc.gov/HistoryDetail.aspx?ID=2365685&GUID=1739D511-F22A-4D07-B0B7-5E8E2D2CE068; https://legistar.council.nyc.gov/HistoryDetail.aspx?ID=2365686&GUID=650A43CB-54E1-47C8-9170-0F69F8A31AFA; https://legistar.council.nyc.gov/HistoryDetail.aspx?ID=2365687&GUID=0DCAB69F-6A4A-4DB8-9CA4-9B0F3F9B23C1; https://legistar.council.nyc.gov/HistoryDetail.aspx?ID=2365691&GUID=C0E42723-6A56-4A54-B08E-443F9111D192; https://legistar.council.nyc.gov/HistoryDetail.aspx?ID=2365688&GUID=31E6784B-E858-47D8-92A0-3EDC0FED63AD; https://legistar.council.nyc.gov/HistoryDetail.aspx?ID=2365689&GUID=70A59790-6E45-44E1-AA97-F44194089134; https://legistar.council.nyc.gov/HistoryDetail.aspx?ID=2365690&GUID=70370A70-BE85-4272-8CDA-6FC0E828380D
2009,2009-07-29,LU 1142-2009,clu_geo_021,47,deterministic_geography_verification,high,deterministically_verified_project_geography,zap_bbl,AI-adjudicated geography matched deterministic zap_bbl assignment using DCP Council boundary release 09C.,LU 1136-2009; LU 1137-2009; LU 1138-2009; LU 1139-2009; LU 1140-2009; LU 1141-2009; LU 1142-2009; Res 2132-2009; Res 2133-2009; Res 2134-2009; Res 2135-2009; Res 2136-2009; Res 2137-2009; Res 2138-2009,090272ZMK; 090273AZRK; 090274PQK; 090275PQK; 090276HAK; 090277PPK; 090107MMK,P2009K0185; P2009K0264; P2009K0065,CONEY ISLAND COMPREHENSIVE PLAN; CONEY ISLAND MAPPING,"Application no. C 090272 ZMK submitted by the Department of City Planning pursuant to Sections 197-c and 201 of the New York City Charter for an amendment of the Zoning Map, Section No. 28d.; Application no. N 090273 (A) ZRK submitted by the Department of City Planning, pursuant to Section 201 of the New York City Charter, and proposed for modification pursuant to Section 2-06(c) (1) of the Uniform Land Use Review Procedure, for an amendment of the Zoning Resolution of the City of New York, relating to the creation of the Special Coney Island District (Article XIII, Chapter 1), Borough of Brooklyn, Community District 13.; Application no. C 090274 PQK submitted by the Department of Citywide Administrative Services (DCAS) and the Department of Small Business Services (SBS), pursuant to Section 197-c of the New York City Charter, for the acquisition of property located at Block 7074, Lots 4, 6, p/o 23, 89, p/o 105, 254, p/o 310, 340, 348 and p/o 360, Block 8694, Lot 1, 5, 11, 12, 14, 16, 18, 25, 30, 33, and 421, Block 8695, Lot 61, 64, p/o 72, p/o 120, and p/o 433, and Block 8696, Lots 35, 37, 44, 47, 48, 49, 50, 53, p/o 70, p/o 140, p/o 145, p/o 212.",https://legistar.council.nyc.gov/LegislationDetail.aspx?ID=452685&GUID=73658135-8AAD-4567-B71C-3D4D21DD395C&Options=ID|Text|&Search=; https://legistar.council.nyc.gov/LegislationDetail.aspx?ID=452686&GUID=C94C22C2-D87D-4417-AF88-BA5055924E73&Options=ID|Text|&Search=; https://legistar.council.nyc.gov/LegislationDetail.aspx?ID=452687&GUID=B5FC8C7C-0E9D-4D36-9D9B-17B036F479BB&Options=ID|Text|&Search=; https://legistar.council.nyc.gov/LegislationDetail.aspx?ID=452688&GUID=F7A8AE3B-1B2A-4D9F-BC81-A924F040EB3F&Options=ID|Text|&Search=; https://legistar.council.nyc.gov/LegislationDetail.aspx?ID=452689&GUID=7866A3F2-9C82-4E4D-B073-61EEBA4A3376&Options=ID|Text|&Search=; https://legistar.council.nyc.gov/LegislationDetail.aspx?ID=452690&GUID=25AB5E19-529F-4D4D-A831-2781AD541935&Options=ID|Text|&Search=; https://legistar.council.nyc.gov/LegislationDetail.aspx?ID=452691&GUID=8B68AB2F-DFC5-4532-8FF8-5DD43103E5D6&Options=ID|Text|&Search=; https://legistar.council.nyc.gov/LegislationDetail.aspx?ID=546696&GUID=14B3A580-2729-4111-95C4-A0ADF23A7188&Options=ID|Text|&Search=; https://legistar.council.nyc.gov/LegislationDetail.aspx?ID=546697&GUID=E9981FBD-E23E-4D9F-8C10-8A2EBB713FC0&Options=ID|Text|&Search=; https://legistar.council.nyc.gov/LegislationDetail.aspx?ID=546698&GUID=FB06CC53-501F-437E-A0C1-4389631598C8&Options=ID|Text|&Search=; https://legistar.council.nyc.gov/LegislationDetail.aspx?ID=546702&GUID=63B515FF-84BC-424C-9E9A-4DB66A091B9C&Options=ID|Text|&Search=; https://legistar.council.nyc.gov/LegislationDetail.aspx?ID=546699&GUID=97EF517D-AFCE-4DE1-BD06-BF0870E05BD4&Options=ID|Text|&Search=; https://legistar.council.nyc.gov/LegislationDetail.aspx?ID=546700&GUID=E1925015-CBA5-4786-BAFA-17EC34915B7E&Options=ID|Text|&Search=; https://legistar.council.nyc.gov/LegislationDetail.aspx?ID=546701&GUID=90AF1B01-A725-406C-9116-1AADB454F15E&Options=ID|Text|&Search=,https://legistar.council.nyc.gov/HistoryDetail.aspx?ID=2366279&GUID=04844E1D-A7E8-4A0F-8A60-8A1FBBE6C676; https://legistar.council.nyc.gov/HistoryDetail.aspx?ID=2366280&GUID=F05B6044-FF39-4295-9FB2-4C37B521908D; https://legistar.council.nyc.gov/HistoryDetail.aspx?ID=2366281&GUID=02F173A0-E4CD-4B50-B4B1-5A7FB822F8DF; https://legistar.council.nyc.gov/HistoryDetail.aspx?ID=2366282&GUID=9979959D-2CDA-4BB1-981E-C892F05AF280; https://legistar.council.nyc.gov/HistoryDetail.aspx?ID=2366283&GUID=2EA5151B-C826-43F8-86D9-95C7B6409854; https://legistar.council.nyc.gov/HistoryDetail.aspx?ID=2366284&GUID=3C2A4900-1410-48D2-A0BD-B65A11885549; https://legistar.council.nyc.gov/HistoryDetail.aspx?ID=2366285&GUID=670A06A2-2CD2-4008-A997-9E58C61B7444; https://legistar.council.nyc.gov/HistoryDetail.aspx?ID=2365685&GUID=1739D511-F22A-4D07-B0B7-5E8E2D2CE068; https://legistar.council.nyc.gov/HistoryDetail.aspx?ID=2365686&GUID=650A43CB-54E1-47C8-9170-0F69F8A31AFA; https://legistar.council.nyc.gov/HistoryDetail.aspx?ID=2365687&GUID=0DCAB69F-6A4A-4DB8-9CA4-9B0F3F9B23C1; https://legistar.council.nyc.gov/HistoryDetail.aspx?ID=2365691&GUID=C0E42723-6A56-4A54-B08E-443F9111D192; https://legistar.council.nyc.gov/HistoryDetail.aspx?ID=2365688&GUID=31E6784B-E858-47D8-92A0-3EDC0FED63AD; https://legistar.council.nyc.gov/HistoryDetail.aspx?ID=2365689&GUID=70A59790-6E45-44E1-AA97-F44194089134; https://legistar.council.nyc.gov/HistoryDetail.aspx?ID=2365690&GUID=70370A70-BE85-4272-8CDA-6FC0E828380D
2009,2009-07-29,LU 1165-2009,clu_geo_024,33,manual_queue_ai_review_researcher_accepted,medium,promote_with_caveat,official_geography_external_boundary,"Official Legistar/CPC materials identify the DUMBO rezoning area bounded generally by Adams Street, John Street, Bridge Street, and Plymouth Street in Brooklyn Community District 2. District 33 is retained as project-area geography coding.",LU 1165-2009; LU 1166-2009; Res 2124-2009; Res 2125-2009,090309ZRK; 090310ZMK,P2009K0209,DUMBO REZONING,"Application no. N 0 090309 ZRK by the Department of City Planning, pursuant to Section 201 of the New York City Charter, for an amendment of the Zoning Resolution of the City of New York, Section 23-90, inclusive, relating to the application of the Inclusionary Housing Program to proposed R7A and R8A districts, and Section 123-90, relating to the establishment of Special Mixed Use District #2 in DUMBO.; Application no. C 090310 ZMK by the Department of City Planning, pursuant to Sections 197-c and 201 of the New York City Charter, for an amendment of the Zoning Map, Section No. 12d.; Resolution approving the decision of the City Planning Commission on Application No. N 090309 ZRK, for an amendment to the Zoning Resolution of the City of New York, Section 23-90, inclusive, relating to the application of the Inclusionary Housing Program to proposed R7A and R8A districts, and Section 123-90, relating to the establishment of Special Mixed Use District #2 in DUMBO in the Borough of Brooklyn (Preconsidered L.U. No. 1165).",https://legistar.council.nyc.gov/LegislationDetail.aspx?ID=452921&GUID=CA0D27FB-96ED-441C-AD23-C11156228655&Options=ID|Text|&Search=; https://legistar.council.nyc.gov/LegislationDetail.aspx?ID=452922&GUID=5EFEED4E-FA2C-4DC1-AB32-EA388D7BB26E&Options=ID|Text|&Search=; https://legistar.council.nyc.gov/LegislationDetail.aspx?ID=546734&GUID=859FAE15-AA04-47C0-827C-9E250D55AE7E&Options=ID|Text|&Search=; https://legistar.council.nyc.gov/LegislationDetail.aspx?ID=546733&GUID=4F33A2B1-E132-4817-87CF-239D4852449B&Options=ID|Text|&Search=,https://legistar.council.nyc.gov/HistoryDetail.aspx?ID=2361358&GUID=49D47DD5-6914-447D-A37F-2DA9DECEF311; https://legistar.council.nyc.gov/HistoryDetail.aspx?ID=2361365&GUID=D2B888FE-B3FE-43C0-9CE6-744752B46766; https://legistar.council.nyc.gov/HistoryDetail.aspx?ID=2365679&GUID=BD0E5012-162A-4A70-9307-7424024E0B7C; https://legistar.council.nyc.gov/HistoryDetail.aspx?ID=2365678&GUID=073FEF9A-3368-4191-B448-F50DED69C96F
2009,2009-07-29,LU 1166-2009,clu_geo_024,33,manual_queue_ai_review_researcher_accepted,medium,promote_with_caveat,official_geography_external_boundary,"Official Legistar/CPC materials identify the DUMBO rezoning area bounded generally by Adams Street, John Street, Bridge Street, and Plymouth Street in Brooklyn Community District 2. District 33 is retained as project-area geography coding.",LU 1165-2009; LU 1166-2009; Res 2124-2009; Res 2125-2009,090309ZRK; 090310ZMK,P2009K0209,DUMBO REZONING,"Application no. N 0 090309 ZRK by the Department of City Planning, pursuant to Section 201 of the New York City Charter, for an amendment of the Zoning Resolution of the City of New York, Section 23-90, inclusive, relating to the application of the Inclusionary Housing Program to proposed R7A and R8A districts, and Section 123-90, relating to the establishment of Special Mixed Use District #2 in DUMBO.; Application no. C 090310 ZMK by the Department of City Planning, pursuant to Sections 197-c and 201 of the New York City Charter, for an amendment of the Zoning Map, Section No. 12d.; Resolution approving the decision of the City Planning Commission on Application No. N 090309 ZRK, for an amendment to the Zoning Resolution of the City of New York, Section 23-90, inclusive, relating to the application of the Inclusionary Housing Program to proposed R7A and R8A districts, and Section 123-90, relating to the establishment of Special Mixed Use District #2 in DUMBO in the Borough of Brooklyn (Preconsidered L.U. No. 1165).",https://legistar.council.nyc.gov/LegislationDetail.aspx?ID=452921&GUID=CA0D27FB-96ED-441C-AD23-C11156228655&Options=ID|Text|&Search=; https://legistar.council.nyc.gov/LegislationDetail.aspx?ID=452922&GUID=5EFEED4E-FA2C-4DC1-AB32-EA388D7BB26E&Options=ID|Text|&Search=; https://legistar.council.nyc.gov/LegislationDetail.aspx?ID=546734&GUID=859FAE15-AA04-47C0-827C-9E250D55AE7E&Options=ID|Text|&Search=; https://legistar.council.nyc.gov/LegislationDetail.aspx?ID=546733&GUID=4F33A2B1-E132-4817-87CF-239D4852449B&Options=ID|Text|&Search=,https://legistar.council.nyc.gov/HistoryDetail.aspx?ID=2361358&GUID=49D47DD5-6914-447D-A37F-2DA9DECEF311; https://legistar.council.nyc.gov/HistoryDetail.aspx?ID=2361365&GUID=D2B888FE-B3FE-43C0-9CE6-744752B46766; https://legistar.council.nyc.gov/HistoryDetail.aspx?ID=2365679&GUID=BD0E5012-162A-4A70-9307-7424024E0B7C; https://legistar.council.nyc.gov/HistoryDetail.aspx?ID=2365678&GUID=073FEF9A-3368-4191-B448-F50DED69C96F
2009,2009-07-29,Res 2124-2009,clu_geo_024,33,manual_queue_ai_review_researcher_accepted,medium,promote_with_caveat,official_geography_external_boundary,"Official Legistar/CPC materials identify the DUMBO rezoning area bounded generally by Adams Street, John Street, Bridge Street, and Plymouth Street in Brooklyn Community District 2. District 33 is retained as project-area geography coding.",LU 1165-2009; LU 1166-2009; Res 2124-2009; Res 2125-2009,090309ZRK; 090310ZMK,P2009K0209,DUMBO REZONING,"Application no. N 0 090309 ZRK by the Department of City Planning, pursuant to Section 201 of the New York City Charter, for an amendment of the Zoning Resolution of the City of New York, Section 23-90, inclusive, relating to the application of the Inclusionary Housing Program to proposed R7A and R8A districts, and Section 123-90, relating to the establishment of Special Mixed Use District #2 in DUMBO.; Application no. C 090310 ZMK by the Department of City Planning, pursuant to Sections 197-c and 201 of the New York City Charter, for an amendment of the Zoning Map, Section No. 12d.; Resolution approving the decision of the City Planning Commission on Application No. N 090309 ZRK, for an amendment to the Zoning Resolution of the City of New York, Section 23-90, inclusive, relating to the application of the Inclusionary Housing Program to proposed R7A and R8A districts, and Section 123-90, relating to the establishment of Special Mixed Use District #2 in DUMBO in the Borough of Brooklyn (Preconsidered L.U. No. 1165).",https://legistar.council.nyc.gov/LegislationDetail.aspx?ID=452921&GUID=CA0D27FB-96ED-441C-AD23-C11156228655&Options=ID|Text|&Search=; https://legistar.council.nyc.gov/LegislationDetail.aspx?ID=452922&GUID=5EFEED4E-FA2C-4DC1-AB32-EA388D7BB26E&Options=ID|Text|&Search=; https://legistar.council.nyc.gov/LegislationDetail.aspx?ID=546734&GUID=859FAE15-AA04-47C0-827C-9E250D55AE7E&Options=ID|Text|&Search=; https://legistar.council.nyc.gov/LegislationDetail.aspx?ID=546733&GUID=4F33A2B1-E132-4817-87CF-239D4852449B&Options=ID|Text|&Search=,https://legistar.council.nyc.gov/HistoryDetail.aspx?ID=2361358&GUID=49D47DD5-6914-447D-A37F-2DA9DECEF311; https://legistar.council.nyc.gov/HistoryDetail.aspx?ID=2361365&GUID=D2B888FE-B3FE-43C0-9CE6-744752B46766; https://legistar.council.nyc.gov/HistoryDetail.aspx?ID=2365679&GUID=BD0E5012-162A-4A70-9307-7424024E0B7C; https://legistar.council.nyc.gov/HistoryDetail.aspx?ID=2365678&GUID=073FEF9A-3368-4191-B448-F50DED69C96F
2009,2009-07-29,Res 2125-2009,clu_geo_024,33,manual_queue_ai_review_researcher_accepted,medium,promote_with_caveat,official_geography_external_boundary,"Official Legistar/CPC materials identify the DUMBO rezoning area bounded generally by Adams Street, John Street, Bridge Street, and Plymouth Street in Brooklyn Community District 2. District 33 is retained as project-area geography coding.",LU 1165-2009; LU 1166-2009; Res 2124-2009; Res 2125-2009,090309ZRK; 090310ZMK,P2009K0209,DUMBO REZONING,"Application no. N 0 090309 ZRK by the Department of City Planning, pursuant to Section 201 of the New York City Charter, for an amendment of the Zoning Resolution of the City of New York, Section 23-90, inclusive, relating to the application of the Inclusionary Housing Program to proposed R7A and R8A districts, and Section 123-90, relating to the establishment of Special Mixed Use District #2 in DUMBO.; Application no. C 090310 ZMK by the Department of City Planning, pursuant to Sections 197-c and 201 of the New York City Charter, for an amendment of the Zoning Map, Section No. 12d.; Resolution approving the decision of the City Planning Commission on Application No. N 090309 ZRK, for an amendment to the Zoning Resolution of the City of New York, Section 23-90, inclusive, relating to the application of the Inclusionary Housing Program to proposed R7A and R8A districts, and Section 123-90, relating to the establishment of Special Mixed Use District #2 in DUMBO in the Borough of Brooklyn (Preconsidered L.U. No. 1165).",https://legistar.council.nyc.gov/LegislationDetail.aspx?ID=452921&GUID=CA0D27FB-96ED-441C-AD23-C11156228655&Options=ID|Text|&Search=; https://legistar.council.nyc.gov/LegislationDetail.aspx?ID=452922&GUID=5EFEED4E-FA2C-4DC1-AB32-EA388D7BB26E&Options=ID|Text|&Search=; https://legistar.council.nyc.gov/LegislationDetail.aspx?ID=546734&GUID=859FAE15-AA04-47C0-827C-9E250D55AE7E&Options=ID|Text|&Search=; https://legistar.council.nyc.gov/LegislationDetail.aspx?ID=546733&GUID=4F33A2B1-E132-4817-87CF-239D4852449B&Options=ID|Text|&Search=,https://legistar.council.nyc.gov/HistoryDetail.aspx?ID=2361358&GUID=49D47DD5-6914-447D-A37F-2DA9DECEF311; https://legistar.council.nyc.gov/HistoryDetail.aspx?ID=2361365&GUID=D2B888FE-B3FE-43C0-9CE6-744752B46766; https://legistar.council.nyc.gov/HistoryDetail.aspx?ID=2365679&GUID=BD0E5012-162A-4A70-9307-7424024E0B7C; https://legistar.council.nyc.gov/HistoryDetail.aspx?ID=2365678&GUID=073FEF9A-3368-4191-B448-F50DED69C96F
2009,2009-07-29,Res 2132-2009,clu_geo_021,47,deterministic_geography_verification,high,deterministically_verified_project_geography,zap_bbl,AI-adjudicated geography matched deterministic zap_bbl assignment using DCP Council boundary release 09C.,LU 1136-2009; LU 1137-2009; LU 1138-2009; LU 1139-2009; LU 1140-2009; LU 1141-2009; LU 1142-2009; Res 2132-2009; Res 2133-2009; Res 2134-2009; Res 2135-2009; Res 2136-2009; Res 2137-2009; Res 2138-2009,090272ZMK; 090273AZRK; 090274PQK; 090275PQK; 090276HAK; 090277PPK; 090107MMK,P2009K0185; P2009K0264; P2009K0065,CONEY ISLAND COMPREHENSIVE PLAN; CONEY ISLAND MAPPING,"Application no. C 090272 ZMK submitted by the Department of City Planning pursuant to Sections 197-c and 201 of the New York City Charter for an amendment of the Zoning Map, Section No. 28d.; Application no. N 090273 (A) ZRK submitted by the Department of City Planning, pursuant to Section 201 of the New York City Charter, and proposed for modification pursuant to Section 2-06(c) (1) of the Uniform Land Use Review Procedure, for an amendment of the Zoning Resolution of the City of New York, relating to the creation of the Special Coney Island District (Article XIII, Chapter 1), Borough of Brooklyn, Community District 13.; Application no. C 090274 PQK submitted by the Department of Citywide Administrative Services (DCAS) and the Department of Small Business Services (SBS), pursuant to Section 197-c of the New York City Charter, for the acquisition of property located at Block 7074, Lots 4, 6, p/o 23, 89, p/o 105, 254, p/o 310, 340, 348 and p/o 360, Block 8694, Lot 1, 5, 11, 12, 14, 16, 18, 25, 30, 33, and 421, Block 8695, Lot 61, 64, p/o 72, p/o 120, and p/o 433, and Block 8696, Lots 35, 37, 44, 47, 48, 49, 50, 53, p/o 70, p/o 140, p/o 145, p/o 212.",https://legistar.council.nyc.gov/LegislationDetail.aspx?ID=452685&GUID=73658135-8AAD-4567-B71C-3D4D21DD395C&Options=ID|Text|&Search=; https://legistar.council.nyc.gov/LegislationDetail.aspx?ID=452686&GUID=C94C22C2-D87D-4417-AF88-BA5055924E73&Options=ID|Text|&Search=; https://legistar.council.nyc.gov/LegislationDetail.aspx?ID=452687&GUID=B5FC8C7C-0E9D-4D36-9D9B-17B036F479BB&Options=ID|Text|&Search=; https://legistar.council.nyc.gov/LegislationDetail.aspx?ID=452688&GUID=F7A8AE3B-1B2A-4D9F-BC81-A924F040EB3F&Options=ID|Text|&Search=; https://legistar.council.nyc.gov/LegislationDetail.aspx?ID=452689&GUID=7866A3F2-9C82-4E4D-B073-61EEBA4A3376&Options=ID|Text|&Search=; https://legistar.council.nyc.gov/LegislationDetail.aspx?ID=452690&GUID=25AB5E19-529F-4D4D-A831-2781AD541935&Options=ID|Text|&Search=; https://legistar.council.nyc.gov/LegislationDetail.aspx?ID=452691&GUID=8B68AB2F-DFC5-4532-8FF8-5DD43103E5D6&Options=ID|Text|&Search=; https://legistar.council.nyc.gov/LegislationDetail.aspx?ID=546696&GUID=14B3A580-2729-4111-95C4-A0ADF23A7188&Options=ID|Text|&Search=; https://legistar.council.nyc.gov/LegislationDetail.aspx?ID=546697&GUID=E9981FBD-E23E-4D9F-8C10-8A2EBB713FC0&Options=ID|Text|&Search=; https://legistar.council.nyc.gov/LegislationDetail.aspx?ID=546698&GUID=FB06CC53-501F-437E-A0C1-4389631598C8&Options=ID|Text|&Search=; https://legistar.council.nyc.gov/LegislationDetail.aspx?ID=546702&GUID=63B515FF-84BC-424C-9E9A-4DB66A091B9C&Options=ID|Text|&Search=; https://legistar.council.nyc.gov/LegislationDetail.aspx?ID=546699&GUID=97EF517D-AFCE-4DE1-BD06-BF0870E05BD4&Options=ID|Text|&Search=; https://legistar.council.nyc.gov/LegislationDetail.aspx?ID=546700&GUID=E1925015-CBA5-4786-BAFA-17EC34915B7E&Options=ID|Text|&Search=; https://legistar.council.nyc.gov/LegislationDetail.aspx?ID=546701&GUID=90AF1B01-A725-406C-9116-1AADB454F15E&Options=ID|Text|&Search=,https://legistar.council.nyc.gov/HistoryDetail.aspx?ID=2366279&GUID=04844E1D-A7E8-4A0F-8A60-8A1FBBE6C676; https://legistar.council.nyc.gov/HistoryDetail.aspx?ID=2366280&GUID=F05B6044-FF39-4295-9FB2-4C37B521908D; https://legistar.council.nyc.gov/HistoryDetail.aspx?ID=2366281&GUID=02F173A0-E4CD-4B50-B4B1-5A7FB822F8DF; https://legistar.council.nyc.gov/HistoryDetail.aspx?ID=2366282&GUID=9979959D-2CDA-4BB1-981E-C892F05AF280; https://legistar.council.nyc.gov/HistoryDetail.aspx?ID=2366283&GUID=2EA5151B-C826-43F8-86D9-95C7B6409854; https://legistar.council.nyc.gov/HistoryDetail.aspx?ID=2366284&GUID=3C2A4900-1410-48D2-A0BD-B65A11885549; https://legistar.council.nyc.gov/HistoryDetail.aspx?ID=2366285&GUID=670A06A2-2CD2-4008-A997-9E58C61B7444; https://legistar.council.nyc.gov/HistoryDetail.aspx?ID=2365685&GUID=1739D511-F22A-4D07-B0B7-5E8E2D2CE068; https://legistar.council.nyc.gov/HistoryDetail.aspx?ID=2365686&GUID=650A43CB-54E1-47C8-9170-0F69F8A31AFA; https://legistar.council.nyc.gov/HistoryDetail.aspx?ID=2365687&GUID=0DCAB69F-6A4A-4DB8-9CA4-9B0F3F9B23C1; https://legistar.council.nyc.gov/HistoryDetail.aspx?ID=2365691&GUID=C0E42723-6A56-4A54-B08E-443F9111D192; https://legistar.council.nyc.gov/HistoryDetail.aspx?ID=2365688&GUID=31E6784B-E858-47D8-92A0-3EDC0FED63AD; https://legistar.council.nyc.gov/HistoryDetail.aspx?ID=2365689&GUID=70A59790-6E45-44E1-AA97-F44194089134; https://legistar.council.nyc.gov/HistoryDetail.aspx?ID=2365690&GUID=70370A70-BE85-4272-8CDA-6FC0E828380D
2009,2009-07-29,Res 2133-2009,clu_geo_021,47,deterministic_geography_verification,high,deterministically_verified_project_geography,zap_bbl,AI-adjudicated geography matched deterministic zap_bbl assignment using DCP Council boundary release 09C.,LU 1136-2009; LU 1137-2009; LU 1138-2009; LU 1139-2009; LU 1140-2009; LU 1141-2009; LU 1142-2009; Res 2132-2009; Res 2133-2009; Res 2134-2009; Res 2135-2009; Res 2136-2009; Res 2137-2009; Res 2138-2009,090272ZMK; 090273AZRK; 090274PQK; 090275PQK; 090276HAK; 090277PPK; 090107MMK,P2009K0185; P2009K0264; P2009K0065,CONEY ISLAND COMPREHENSIVE PLAN; CONEY ISLAND MAPPING,"Application no. C 090272 ZMK submitted by the Department of City Planning pursuant to Sections 197-c and 201 of the New York City Charter for an amendment of the Zoning Map, Section No. 28d.; Application no. N 090273 (A) ZRK submitted by the Department of City Planning, pursuant to Section 201 of the New York City Charter, and proposed for modification pursuant to Section 2-06(c) (1) of the Uniform Land Use Review Procedure, for an amendment of the Zoning Resolution of the City of New York, relating to the creation of the Special Coney Island District (Article XIII, Chapter 1), Borough of Brooklyn, Community District 13.; Application no. C 090274 PQK submitted by the Department of Citywide Administrative Services (DCAS) and the Department of Small Business Services (SBS), pursuant to Section 197-c of the New York City Charter, for the acquisition of property located at Block 7074, Lots 4, 6, p/o 23, 89, p/o 105, 254, p/o 310, 340, 348 and p/o 360, Block 8694, Lot 1, 5, 11, 12, 14, 16, 18, 25, 30, 33, and 421, Block 8695, Lot 61, 64, p/o 72, p/o 120, and p/o 433, and Block 8696, Lots 35, 37, 44, 47, 48, 49, 50, 53, p/o 70, p/o 140, p/o 145, p/o 212.",https://legistar.council.nyc.gov/LegislationDetail.aspx?ID=452685&GUID=73658135-8AAD-4567-B71C-3D4D21DD395C&Options=ID|Text|&Search=; https://legistar.council.nyc.gov/LegislationDetail.aspx?ID=452686&GUID=C94C22C2-D87D-4417-AF88-BA5055924E73&Options=ID|Text|&Search=; https://legistar.council.nyc.gov/LegislationDetail.aspx?ID=452687&GUID=B5FC8C7C-0E9D-4D36-9D9B-17B036F479BB&Options=ID|Text|&Search=; https://legistar.council.nyc.gov/LegislationDetail.aspx?ID=452688&GUID=F7A8AE3B-1B2A-4D9F-BC81-A924F040EB3F&Options=ID|Text|&Search=; https://legistar.council.nyc.gov/LegislationDetail.aspx?ID=452689&GUID=7866A3F2-9C82-4E4D-B073-61EEBA4A3376&Options=ID|Text|&Search=; https://legistar.council.nyc.gov/LegislationDetail.aspx?ID=452690&GUID=25AB5E19-529F-4D4D-A831-2781AD541935&Options=ID|Text|&Search=; https://legistar.council.nyc.gov/LegislationDetail.aspx?ID=452691&GUID=8B68AB2F-DFC5-4532-8FF8-5DD43103E5D6&Options=ID|Text|&Search=; https://legistar.council.nyc.gov/LegislationDetail.aspx?ID=546696&GUID=14B3A580-2729-4111-95C4-A0ADF23A7188&Options=ID|Text|&Search=; https://legistar.council.nyc.gov/LegislationDetail.aspx?ID=546697&GUID=E9981FBD-E23E-4D9F-8C10-8A2EBB713FC0&Options=ID|Text|&Search=; https://legistar.council.nyc.gov/LegislationDetail.aspx?ID=546698&GUID=FB06CC53-501F-437E-A0C1-4389631598C8&Options=ID|Text|&Search=; https://legistar.council.nyc.gov/LegislationDetail.aspx?ID=546702&GUID=63B515FF-84BC-424C-9E9A-4DB66A091B9C&Options=ID|Text|&Search=; https://legistar.council.nyc.gov/LegislationDetail.aspx?ID=546699&GUID=97EF517D-AFCE-4DE1-BD06-BF0870E05BD4&Options=ID|Text|&Search=; https://legistar.council.nyc.gov/LegislationDetail.aspx?ID=546700&GUID=E1925015-CBA5-4786-BAFA-17EC34915B7E&Options=ID|Text|&Search=; https://legistar.council.nyc.gov/LegislationDetail.aspx?ID=546701&GUID=90AF1B01-A725-406C-9116-1AADB454F15E&Options=ID|Text|&Search=,https://legistar.council.nyc.gov/HistoryDetail.aspx?ID=2366279&GUID=04844E1D-A7E8-4A0F-8A60-8A1FBBE6C676; https://legistar.council.nyc.gov/HistoryDetail.aspx?ID=2366280&GUID=F05B6044-FF39-4295-9FB2-4C37B521908D; https://legistar.council.nyc.gov/HistoryDetail.aspx?ID=2366281&GUID=02F173A0-E4CD-4B50-B4B1-5A7FB822F8DF; https://legistar.council.nyc.gov/HistoryDetail.aspx?ID=2366282&GUID=9979959D-2CDA-4BB1-981E-C892F05AF280; https://legistar.council.nyc.gov/HistoryDetail.aspx?ID=2366283&GUID=2EA5151B-C826-43F8-86D9-95C7B6409854; https://legistar.council.nyc.gov/HistoryDetail.aspx?ID=2366284&GUID=3C2A4900-1410-48D2-A0BD-B65A11885549; https://legistar.council.nyc.gov/HistoryDetail.aspx?ID=2366285&GUID=670A06A2-2CD2-4008-A997-9E58C61B7444; https://legistar.council.nyc.gov/HistoryDetail.aspx?ID=2365685&GUID=1739D511-F22A-4D07-B0B7-5E8E2D2CE068; https://legistar.council.nyc.gov/HistoryDetail.aspx?ID=2365686&GUID=650A43CB-54E1-47C8-9170-0F69F8A31AFA; https://legistar.council.nyc.gov/HistoryDetail.aspx?ID=2365687&GUID=0DCAB69F-6A4A-4DB8-9CA4-9B0F3F9B23C1; https://legistar.council.nyc.gov/HistoryDetail.aspx?ID=2365691&GUID=C0E42723-6A56-4A54-B08E-443F9111D192; https://legistar.council.nyc.gov/HistoryDetail.aspx?ID=2365688&GUID=31E6784B-E858-47D8-92A0-3EDC0FED63AD; https://legistar.council.nyc.gov/HistoryDetail.aspx?ID=2365689&GUID=70A59790-6E45-44E1-AA97-F44194089134; https://legistar.council.nyc.gov/HistoryDetail.aspx?ID=2365690&GUID=70370A70-BE85-4272-8CDA-6FC0E828380D
2009,2009-07-29,Res 2134-2009,clu_geo_021,47,deterministic_geography_verification,high,deterministically_verified_project_geography,zap_bbl,AI-adjudicated geography matched deterministic zap_bbl assignment using DCP Council boundary release 09C.,LU 1136-2009; LU 1137-2009; LU 1138-2009; LU 1139-2009; LU 1140-2009; LU 1141-2009; LU 1142-2009; Res 2132-2009; Res 2133-2009; Res 2134-2009; Res 2135-2009; Res 2136-2009; Res 2137-2009; Res 2138-2009,090272ZMK; 090273AZRK; 090274PQK; 090275PQK; 090276HAK; 090277PPK; 090107MMK,P2009K0185; P2009K0264; P2009K0065,CONEY ISLAND COMPREHENSIVE PLAN; CONEY ISLAND MAPPING,"Application no. C 090272 ZMK submitted by the Department of City Planning pursuant to Sections 197-c and 201 of the New York City Charter for an amendment of the Zoning Map, Section No. 28d.; Application no. N 090273 (A) ZRK submitted by the Department of City Planning, pursuant to Section 201 of the New York City Charter, and proposed for modification pursuant to Section 2-06(c) (1) of the Uniform Land Use Review Procedure, for an amendment of the Zoning Resolution of the City of New York, relating to the creation of the Special Coney Island District (Article XIII, Chapter 1), Borough of Brooklyn, Community District 13.; Application no. C 090274 PQK submitted by the Department of Citywide Administrative Services (DCAS) and the Department of Small Business Services (SBS), pursuant to Section 197-c of the New York City Charter, for the acquisition of property located at Block 7074, Lots 4, 6, p/o 23, 89, p/o 105, 254, p/o 310, 340, 348 and p/o 360, Block 8694, Lot 1, 5, 11, 12, 14, 16, 18, 25, 30, 33, and 421, Block 8695, Lot 61, 64, p/o 72, p/o 120, and p/o 433, and Block 8696, Lots 35, 37, 44, 47, 48, 49, 50, 53, p/o 70, p/o 140, p/o 145, p/o 212.",https://legistar.council.nyc.gov/LegislationDetail.aspx?ID=452685&GUID=73658135-8AAD-4567-B71C-3D4D21DD395C&Options=ID|Text|&Search=; https://legistar.council.nyc.gov/LegislationDetail.aspx?ID=452686&GUID=C94C22C2-D87D-4417-AF88-BA5055924E73&Options=ID|Text|&Search=; https://legistar.council.nyc.gov/LegislationDetail.aspx?ID=452687&GUID=B5FC8C7C-0E9D-4D36-9D9B-17B036F479BB&Options=ID|Text|&Search=; https://legistar.council.nyc.gov/LegislationDetail.aspx?ID=452688&GUID=F7A8AE3B-1B2A-4D9F-BC81-A924F040EB3F&Options=ID|Text|&Search=; https://legistar.council.nyc.gov/LegislationDetail.aspx?ID=452689&GUID=7866A3F2-9C82-4E4D-B073-61EEBA4A3376&Options=ID|Text|&Search=; https://legistar.council.nyc.gov/LegislationDetail.aspx?ID=452690&GUID=25AB5E19-529F-4D4D-A831-2781AD541935&Options=ID|Text|&Search=; https://legistar.council.nyc.gov/LegislationDetail.aspx?ID=452691&GUID=8B68AB2F-DFC5-4532-8FF8-5DD43103E5D6&Options=ID|Text|&Search=; https://legistar.council.nyc.gov/LegislationDetail.aspx?ID=546696&GUID=14B3A580-2729-4111-95C4-A0ADF23A7188&Options=ID|Text|&Search=; https://legistar.council.nyc.gov/LegislationDetail.aspx?ID=546697&GUID=E9981FBD-E23E-4D9F-8C10-8A2EBB713FC0&Options=ID|Text|&Search=; https://legistar.council.nyc.gov/LegislationDetail.aspx?ID=546698&GUID=FB06CC53-501F-437E-A0C1-4389631598C8&Options=ID|Text|&Search=; https://legistar.council.nyc.gov/LegislationDetail.aspx?ID=546702&GUID=63B515FF-84BC-424C-9E9A-4DB66A091B9C&Options=ID|Text|&Search=; https://legistar.council.nyc.gov/LegislationDetail.aspx?ID=546699&GUID=97EF517D-AFCE-4DE1-BD06-BF0870E05BD4&Options=ID|Text|&Search=; https://legistar.council.nyc.gov/LegislationDetail.aspx?ID=546700&GUID=E1925015-CBA5-4786-BAFA-17EC34915B7E&Options=ID|Text|&Search=; https://legistar.council.nyc.gov/LegislationDetail.aspx?ID=546701&GUID=90AF1B01-A725-406C-9116-1AADB454F15E&Options=ID|Text|&Search=,https://legistar.council.nyc.gov/HistoryDetail.aspx?ID=2366279&GUID=04844E1D-A7E8-4A0F-8A60-8A1FBBE6C676; https://legistar.council.nyc.gov/HistoryDetail.aspx?ID=2366280&GUID=F05B6044-FF39-4295-9FB2-4C37B521908D; https://legistar.council.nyc.gov/HistoryDetail.aspx?ID=2366281&GUID=02F173A0-E4CD-4B50-B4B1-5A7FB822F8DF; https://legistar.council.nyc.gov/HistoryDetail.aspx?ID=2366282&GUID=9979959D-2CDA-4BB1-981E-C892F05AF280; https://legistar.council.nyc.gov/HistoryDetail.aspx?ID=2366283&GUID=2EA5151B-C826-43F8-86D9-95C7B6409854; https://legistar.council.nyc.gov/HistoryDetail.aspx?ID=2366284&GUID=3C2A4900-1410-48D2-A0BD-B65A11885549; https://legistar.council.nyc.gov/HistoryDetail.aspx?ID=2366285&GUID=670A06A2-2CD2-4008-A997-9E58C61B7444; https://legistar.council.nyc.gov/HistoryDetail.aspx?ID=2365685&GUID=1739D511-F22A-4D07-B0B7-5E8E2D2CE068; https://legistar.council.nyc.gov/HistoryDetail.aspx?ID=2365686&GUID=650A43CB-54E1-47C8-9170-0F69F8A31AFA; https://legistar.council.nyc.gov/HistoryDetail.aspx?ID=2365687&GUID=0DCAB69F-6A4A-4DB8-9CA4-9B0F3F9B23C1; https://legistar.council.nyc.gov/HistoryDetail.aspx?ID=2365691&GUID=C0E42723-6A56-4A54-B08E-443F9111D192; https://legistar.council.nyc.gov/HistoryDetail.aspx?ID=2365688&GUID=31E6784B-E858-47D8-92A0-3EDC0FED63AD; https://legistar.council.nyc.gov/HistoryDetail.aspx?ID=2365689&GUID=70A59790-6E45-44E1-AA97-F44194089134; https://legistar.council.nyc.gov/HistoryDetail.aspx?ID=2365690&GUID=70370A70-BE85-4272-8CDA-6FC0E828380D
2009,2009-07-29,Res 2135-2009,clu_geo_021,47,deterministic_geography_verification,high,deterministically_verified_project_geography,zap_bbl,AI-adjudicated geography matched deterministic zap_bbl assignment using DCP Council boundary release 09C.,LU 1136-2009; LU 1137-2009; LU 1138-2009; LU 1139-2009; LU 1140-2009; LU 1141-2009; LU 1142-2009; Res 2132-2009; Res 2133-2009; Res 2134-2009; Res 2135-2009; Res 2136-2009; Res 2137-2009; Res 2138-2009,090272ZMK; 090273AZRK; 090274PQK; 090275PQK; 090276HAK; 090277PPK; 090107MMK,P2009K0185; P2009K0264; P2009K0065,CONEY ISLAND COMPREHENSIVE PLAN; CONEY ISLAND MAPPING,"Application no. C 090272 ZMK submitted by the Department of City Planning pursuant to Sections 197-c and 201 of the New York City Charter for an amendment of the Zoning Map, Section No. 28d.; Application no. N 090273 (A) ZRK submitted by the Department of City Planning, pursuant to Section 201 of the New York City Charter, and proposed for modification pursuant to Section 2-06(c) (1) of the Uniform Land Use Review Procedure, for an amendment of the Zoning Resolution of the City of New York, relating to the creation of the Special Coney Island District (Article XIII, Chapter 1), Borough of Brooklyn, Community District 13.; Application no. C 090274 PQK submitted by the Department of Citywide Administrative Services (DCAS) and the Department of Small Business Services (SBS), pursuant to Section 197-c of the New York City Charter, for the acquisition of property located at Block 7074, Lots 4, 6, p/o 23, 89, p/o 105, 254, p/o 310, 340, 348 and p/o 360, Block 8694, Lot 1, 5, 11, 12, 14, 16, 18, 25, 30, 33, and 421, Block 8695, Lot 61, 64, p/o 72, p/o 120, and p/o 433, and Block 8696, Lots 35, 37, 44, 47, 48, 49, 50, 53, p/o 70, p/o 140, p/o 145, p/o 212.",https://legistar.council.nyc.gov/LegislationDetail.aspx?ID=452685&GUID=73658135-8AAD-4567-B71C-3D4D21DD395C&Options=ID|Text|&Search=; https://legistar.council.nyc.gov/LegislationDetail.aspx?ID=452686&GUID=C94C22C2-D87D-4417-AF88-BA5055924E73&Options=ID|Text|&Search=; https://legistar.council.nyc.gov/LegislationDetail.aspx?ID=452687&GUID=B5FC8C7C-0E9D-4D36-9D9B-17B036F479BB&Options=ID|Text|&Search=; https://legistar.council.nyc.gov/LegislationDetail.aspx?ID=452688&GUID=F7A8AE3B-1B2A-4D9F-BC81-A924F040EB3F&Options=ID|Text|&Search=; https://legistar.council.nyc.gov/LegislationDetail.aspx?ID=452689&GUID=7866A3F2-9C82-4E4D-B073-61EEBA4A3376&Options=ID|Text|&Search=; https://legistar.council.nyc.gov/LegislationDetail.aspx?ID=452690&GUID=25AB5E19-529F-4D4D-A831-2781AD541935&Options=ID|Text|&Search=; https://legistar.council.nyc.gov/LegislationDetail.aspx?ID=452691&GUID=8B68AB2F-DFC5-4532-8FF8-5DD43103E5D6&Options=ID|Text|&Search=; https://legistar.council.nyc.gov/LegislationDetail.aspx?ID=546696&GUID=14B3A580-2729-4111-95C4-A0ADF23A7188&Options=ID|Text|&Search=; https://legistar.council.nyc.gov/LegislationDetail.aspx?ID=546697&GUID=E9981FBD-E23E-4D9F-8C10-8A2EBB713FC0&Options=ID|Text|&Search=; https://legistar.council.nyc.gov/LegislationDetail.aspx?ID=546698&GUID=FB06CC53-501F-437E-A0C1-4389631598C8&Options=ID|Text|&Search=; https://legistar.council.nyc.gov/LegislationDetail.aspx?ID=546702&GUID=63B515FF-84BC-424C-9E9A-4DB66A091B9C&Options=ID|Text|&Search=; https://legistar.council.nyc.gov/LegislationDetail.aspx?ID=546699&GUID=97EF517D-AFCE-4DE1-BD06-BF0870E05BD4&Options=ID|Text|&Search=; https://legistar.council.nyc.gov/LegislationDetail.aspx?ID=546700&GUID=E1925015-CBA5-4786-BAFA-17EC34915B7E&Options=ID|Text|&Search=; https://legistar.council.nyc.gov/LegislationDetail.aspx?ID=546701&GUID=90AF1B01-A725-406C-9116-1AADB454F15E&Options=ID|Text|&Search=,https://legistar.council.nyc.gov/HistoryDetail.aspx?ID=2366279&GUID=04844E1D-A7E8-4A0F-8A60-8A1FBBE6C676; https://legistar.council.nyc.gov/HistoryDetail.aspx?ID=2366280&GUID=F05B6044-FF39-4295-9FB2-4C37B521908D; https://legistar.council.nyc.gov/HistoryDetail.aspx?ID=2366281&GUID=02F173A0-E4CD-4B50-B4B1-5A7FB822F8DF; https://legistar.council.nyc.gov/HistoryDetail.aspx?ID=2366282&GUID=9979959D-2CDA-4BB1-981E-C892F05AF280; https://legistar.council.nyc.gov/HistoryDetail.aspx?ID=2366283&GUID=2EA5151B-C826-43F8-86D9-95C7B6409854; https://legistar.council.nyc.gov/HistoryDetail.aspx?ID=2366284&GUID=3C2A4900-1410-48D2-A0BD-B65A11885549; https://legistar.council.nyc.gov/HistoryDetail.aspx?ID=2366285&GUID=670A06A2-2CD2-4008-A997-9E58C61B7444; https://legistar.council.nyc.gov/HistoryDetail.aspx?ID=2365685&GUID=1739D511-F22A-4D07-B0B7-5E8E2D2CE068; https://legistar.council.nyc.gov/HistoryDetail.aspx?ID=2365686&GUID=650A43CB-54E1-47C8-9170-0F69F8A31AFA; https://legistar.council.nyc.gov/HistoryDetail.aspx?ID=2365687&GUID=0DCAB69F-6A4A-4DB8-9CA4-9B0F3F9B23C1; https://legistar.council.nyc.gov/HistoryDetail.aspx?ID=2365691&GUID=C0E42723-6A56-4A54-B08E-443F9111D192; https://legistar.council.nyc.gov/HistoryDetail.aspx?ID=2365688&GUID=31E6784B-E858-47D8-92A0-3EDC0FED63AD; https://legistar.council.nyc.gov/HistoryDetail.aspx?ID=2365689&GUID=70A59790-6E45-44E1-AA97-F44194089134; https://legistar.council.nyc.gov/HistoryDetail.aspx?ID=2365690&GUID=70370A70-BE85-4272-8CDA-6FC0E828380D
2009,2009-07-29,Res 2136-2009,clu_geo_021,47,deterministic_geography_verification,high,deterministically_verified_project_geography,zap_bbl,AI-adjudicated geography matched deterministic zap_bbl assignment using DCP Council boundary release 09C.,LU 1136-2009; LU 1137-2009; LU 1138-2009; LU 1139-2009; LU 1140-2009; LU 1141-2009; LU 1142-2009; Res 2132-2009; Res 2133-2009; Res 2134-2009; Res 2135-2009; Res 2136-2009; Res 2137-2009; Res 2138-2009,090272ZMK; 090273AZRK; 090274PQK; 090275PQK; 090276HAK; 090277PPK; 090107MMK,P2009K0185; P2009K0264; P2009K0065,CONEY ISLAND COMPREHENSIVE PLAN; CONEY ISLAND MAPPING,"Application no. C 090272 ZMK submitted by the Department of City Planning pursuant to Sections 197-c and 201 of the New York City Charter for an amendment of the Zoning Map, Section No. 28d.; Application no. N 090273 (A) ZRK submitted by the Department of City Planning, pursuant to Section 201 of the New York City Charter, and proposed for modification pursuant to Section 2-06(c) (1) of the Uniform Land Use Review Procedure, for an amendment of the Zoning Resolution of the City of New York, relating to the creation of the Special Coney Island District (Article XIII, Chapter 1), Borough of Brooklyn, Community District 13.; Application no. C 090274 PQK submitted by the Department of Citywide Administrative Services (DCAS) and the Department of Small Business Services (SBS), pursuant to Section 197-c of the New York City Charter, for the acquisition of property located at Block 7074, Lots 4, 6, p/o 23, 89, p/o 105, 254, p/o 310, 340, 348 and p/o 360, Block 8694, Lot 1, 5, 11, 12, 14, 16, 18, 25, 30, 33, and 421, Block 8695, Lot 61, 64, p/o 72, p/o 120, and p/o 433, and Block 8696, Lots 35, 37, 44, 47, 48, 49, 50, 53, p/o 70, p/o 140, p/o 145, p/o 212.",https://legistar.council.nyc.gov/LegislationDetail.aspx?ID=452685&GUID=73658135-8AAD-4567-B71C-3D4D21DD395C&Options=ID|Text|&Search=; https://legistar.council.nyc.gov/LegislationDetail.aspx?ID=452686&GUID=C94C22C2-D87D-4417-AF88-BA5055924E73&Options=ID|Text|&Search=; https://legistar.council.nyc.gov/LegislationDetail.aspx?ID=452687&GUID=B5FC8C7C-0E9D-4D36-9D9B-17B036F479BB&Options=ID|Text|&Search=; https://legistar.council.nyc.gov/LegislationDetail.aspx?ID=452688&GUID=F7A8AE3B-1B2A-4D9F-BC81-A924F040EB3F&Options=ID|Text|&Search=; https://legistar.council.nyc.gov/LegislationDetail.aspx?ID=452689&GUID=7866A3F2-9C82-4E4D-B073-61EEBA4A3376&Options=ID|Text|&Search=; https://legistar.council.nyc.gov/LegislationDetail.aspx?ID=452690&GUID=25AB5E19-529F-4D4D-A831-2781AD541935&Options=ID|Text|&Search=; https://legistar.council.nyc.gov/LegislationDetail.aspx?ID=452691&GUID=8B68AB2F-DFC5-4532-8FF8-5DD43103E5D6&Options=ID|Text|&Search=; https://legistar.council.nyc.gov/LegislationDetail.aspx?ID=546696&GUID=14B3A580-2729-4111-95C4-A0ADF23A7188&Options=ID|Text|&Search=; https://legistar.council.nyc.gov/LegislationDetail.aspx?ID=546697&GUID=E9981FBD-E23E-4D9F-8C10-8A2EBB713FC0&Options=ID|Text|&Search=; https://legistar.council.nyc.gov/LegislationDetail.aspx?ID=546698&GUID=FB06CC53-501F-437E-A0C1-4389631598C8&Options=ID|Text|&Search=; https://legistar.council.nyc.gov/LegislationDetail.aspx?ID=546702&GUID=63B515FF-84BC-424C-9E9A-4DB66A091B9C&Options=ID|Text|&Search=; https://legistar.council.nyc.gov/LegislationDetail.aspx?ID=546699&GUID=97EF517D-AFCE-4DE1-BD06-BF0870E05BD4&Options=ID|Text|&Search=; https://legistar.council.nyc.gov/LegislationDetail.aspx?ID=546700&GUID=E1925015-CBA5-4786-BAFA-17EC34915B7E&Options=ID|Text|&Search=; https://legistar.council.nyc.gov/LegislationDetail.aspx?ID=546701&GUID=90AF1B01-A725-406C-9116-1AADB454F15E&Options=ID|Text|&Search=,https://legistar.council.nyc.gov/HistoryDetail.aspx?ID=2366279&GUID=04844E1D-A7E8-4A0F-8A60-8A1FBBE6C676; https://legistar.council.nyc.gov/HistoryDetail.aspx?ID=2366280&GUID=F05B6044-FF39-4295-9FB2-4C37B521908D; https://legistar.council.nyc.gov/HistoryDetail.aspx?ID=2366281&GUID=02F173A0-E4CD-4B50-B4B1-5A7FB822F8DF; https://legistar.council.nyc.gov/HistoryDetail.aspx?ID=2366282&GUID=9979959D-2CDA-4BB1-981E-C892F05AF280; https://legistar.council.nyc.gov/HistoryDetail.aspx?ID=2366283&GUID=2EA5151B-C826-43F8-86D9-95C7B6409854; https://legistar.council.nyc.gov/HistoryDetail.aspx?ID=2366284&GUID=3C2A4900-1410-48D2-A0BD-B65A11885549; https://legistar.council.nyc.gov/HistoryDetail.aspx?ID=2366285&GUID=670A06A2-2CD2-4008-A997-9E58C61B7444; https://legistar.council.nyc.gov/HistoryDetail.aspx?ID=2365685&GUID=1739D511-F22A-4D07-B0B7-5E8E2D2CE068; https://legistar.council.nyc.gov/HistoryDetail.aspx?ID=2365686&GUID=650A43CB-54E1-47C8-9170-0F69F8A31AFA; https://legistar.council.nyc.gov/HistoryDetail.aspx?ID=2365687&GUID=0DCAB69F-6A4A-4DB8-9CA4-9B0F3F9B23C1; https://legistar.council.nyc.gov/HistoryDetail.aspx?ID=2365691&GUID=C0E42723-6A56-4A54-B08E-443F9111D192; https://legistar.council.nyc.gov/HistoryDetail.aspx?ID=2365688&GUID=31E6784B-E858-47D8-92A0-3EDC0FED63AD; https://legistar.council.nyc.gov/HistoryDetail.aspx?ID=2365689&GUID=70A59790-6E45-44E1-AA97-F44194089134; https://legistar.council.nyc.gov/HistoryDetail.aspx?ID=2365690&GUID=70370A70-BE85-4272-8CDA-6FC0E828380D
2009,2009-07-29,Res 2137-2009,clu_geo_021,47,deterministic_geography_verification,high,deterministically_verified_project_geography,zap_bbl,AI-adjudicated geography matched deterministic zap_bbl assignment using DCP Council boundary release 09C.,LU 1136-2009; LU 1137-2009; LU 1138-2009; LU 1139-2009; LU 1140-2009; LU 1141-2009; LU 1142-2009; Res 2132-2009; Res 2133-2009; Res 2134-2009; Res 2135-2009; Res 2136-2009; Res 2137-2009; Res 2138-2009,090272ZMK; 090273AZRK; 090274PQK; 090275PQK; 090276HAK; 090277PPK; 090107MMK,P2009K0185; P2009K0264; P2009K0065,CONEY ISLAND COMPREHENSIVE PLAN; CONEY ISLAND MAPPING,"Application no. C 090272 ZMK submitted by the Department of City Planning pursuant to Sections 197-c and 201 of the New York City Charter for an amendment of the Zoning Map, Section No. 28d.; Application no. N 090273 (A) ZRK submitted by the Department of City Planning, pursuant to Section 201 of the New York City Charter, and proposed for modification pursuant to Section 2-06(c) (1) of the Uniform Land Use Review Procedure, for an amendment of the Zoning Resolution of the City of New York, relating to the creation of the Special Coney Island District (Article XIII, Chapter 1), Borough of Brooklyn, Community District 13.; Application no. C 090274 PQK submitted by the Department of Citywide Administrative Services (DCAS) and the Department of Small Business Services (SBS), pursuant to Section 197-c of the New York City Charter, for the acquisition of property located at Block 7074, Lots 4, 6, p/o 23, 89, p/o 105, 254, p/o 310, 340, 348 and p/o 360, Block 8694, Lot 1, 5, 11, 12, 14, 16, 18, 25, 30, 33, and 421, Block 8695, Lot 61, 64, p/o 72, p/o 120, and p/o 433, and Block 8696, Lots 35, 37, 44, 47, 48, 49, 50, 53, p/o 70, p/o 140, p/o 145, p/o 212.",https://legistar.council.nyc.gov/LegislationDetail.aspx?ID=452685&GUID=73658135-8AAD-4567-B71C-3D4D21DD395C&Options=ID|Text|&Search=; https://legistar.council.nyc.gov/LegislationDetail.aspx?ID=452686&GUID=C94C22C2-D87D-4417-AF88-BA5055924E73&Options=ID|Text|&Search=; https://legistar.council.nyc.gov/LegislationDetail.aspx?ID=452687&GUID=B5FC8C7C-0E9D-4D36-9D9B-17B036F479BB&Options=ID|Text|&Search=; https://legistar.council.nyc.gov/LegislationDetail.aspx?ID=452688&GUID=F7A8AE3B-1B2A-4D9F-BC81-A924F040EB3F&Options=ID|Text|&Search=; https://legistar.council.nyc.gov/LegislationDetail.aspx?ID=452689&GUID=7866A3F2-9C82-4E4D-B073-61EEBA4A3376&Options=ID|Text|&Search=; https://legistar.council.nyc.gov/LegislationDetail.aspx?ID=452690&GUID=25AB5E19-529F-4D4D-A831-2781AD541935&Options=ID|Text|&Search=; https://legistar.council.nyc.gov/LegislationDetail.aspx?ID=452691&GUID=8B68AB2F-DFC5-4532-8FF8-5DD43103E5D6&Options=ID|Text|&Search=; https://legistar.council.nyc.gov/LegislationDetail.aspx?ID=546696&GUID=14B3A580-2729-4111-95C4-A0ADF23A7188&Options=ID|Text|&Search=; https://legistar.council.nyc.gov/LegislationDetail.aspx?ID=546697&GUID=E9981FBD-E23E-4D9F-8C10-8A2EBB713FC0&Options=ID|Text|&Search=; https://legistar.council.nyc.gov/LegislationDetail.aspx?ID=546698&GUID=FB06CC53-501F-437E-A0C1-4389631598C8&Options=ID|Text|&Search=; https://legistar.council.nyc.gov/LegislationDetail.aspx?ID=546702&GUID=63B515FF-84BC-424C-9E9A-4DB66A091B9C&Options=ID|Text|&Search=; https://legistar.council.nyc.gov/LegislationDetail.aspx?ID=546699&GUID=97EF517D-AFCE-4DE1-BD06-BF0870E05BD4&Options=ID|Text|&Search=; https://legistar.council.nyc.gov/LegislationDetail.aspx?ID=546700&GUID=E1925015-CBA5-4786-BAFA-17EC34915B7E&Options=ID|Text|&Search=; https://legistar.council.nyc.gov/LegislationDetail.aspx?ID=546701&GUID=90AF1B01-A725-406C-9116-1AADB454F15E&Options=ID|Text|&Search=,https://legistar.council.nyc.gov/HistoryDetail.aspx?ID=2366279&GUID=04844E1D-A7E8-4A0F-8A60-8A1FBBE6C676; https://legistar.council.nyc.gov/HistoryDetail.aspx?ID=2366280&GUID=F05B6044-FF39-4295-9FB2-4C37B521908D; https://legistar.council.nyc.gov/HistoryDetail.aspx?ID=2366281&GUID=02F173A0-E4CD-4B50-B4B1-5A7FB822F8DF; https://legistar.council.nyc.gov/HistoryDetail.aspx?ID=2366282&GUID=9979959D-2CDA-4BB1-981E-C892F05AF280; https://legistar.council.nyc.gov/HistoryDetail.aspx?ID=2366283&GUID=2EA5151B-C826-43F8-86D9-95C7B6409854; https://legistar.council.nyc.gov/HistoryDetail.aspx?ID=2366284&GUID=3C2A4900-1410-48D2-A0BD-B65A11885549; https://legistar.council.nyc.gov/HistoryDetail.aspx?ID=2366285&GUID=670A06A2-2CD2-4008-A997-9E58C61B7444; https://legistar.council.nyc.gov/HistoryDetail.aspx?ID=2365685&GUID=1739D511-F22A-4D07-B0B7-5E8E2D2CE068; https://legistar.council.nyc.gov/HistoryDetail.aspx?ID=2365686&GUID=650A43CB-54E1-47C8-9170-0F69F8A31AFA; https://legistar.council.nyc.gov/HistoryDetail.aspx?ID=2365687&GUID=0DCAB69F-6A4A-4DB8-9CA4-9B0F3F9B23C1; https://legistar.council.nyc.gov/HistoryDetail.aspx?ID=2365691&GUID=C0E42723-6A56-4A54-B08E-443F9111D192; https://legistar.council.nyc.gov/HistoryDetail.aspx?ID=2365688&GUID=31E6784B-E858-47D8-92A0-3EDC0FED63AD; https://legistar.council.nyc.gov/HistoryDetail.aspx?ID=2365689&GUID=70A59790-6E45-44E1-AA97-F44194089134; https://legistar.council.nyc.gov/HistoryDetail.aspx?ID=2365690&GUID=70370A70-BE85-4272-8CDA-6FC0E828380D
2009,2009-07-29,Res 2138-2009,clu_geo_021,47,deterministic_geography_verification,high,deterministically_verified_project_geography,zap_bbl,AI-adjudicated geography matched deterministic zap_bbl assignment using DCP Council boundary release 09C.,LU 1136-2009; LU 1137-2009; LU 1138-2009; LU 1139-2009; LU 1140-2009; LU 1141-2009; LU 1142-2009; Res 2132-2009; Res 2133-2009; Res 2134-2009; Res 2135-2009; Res 2136-2009; Res 2137-2009; Res 2138-2009,090272ZMK; 090273AZRK; 090274PQK; 090275PQK; 090276HAK; 090277PPK; 090107MMK,P2009K0185; P2009K0264; P2009K0065,CONEY ISLAND COMPREHENSIVE PLAN; CONEY ISLAND MAPPING,"Application no. C 090272 ZMK submitted by the Department of City Planning pursuant to Sections 197-c and 201 of the New York City Charter for an amendment of the Zoning Map, Section No. 28d.; Application no. N 090273 (A) ZRK submitted by the Department of City Planning, pursuant to Section 201 of the New York City Charter, and proposed for modification pursuant to Section 2-06(c) (1) of the Uniform Land Use Review Procedure, for an amendment of the Zoning Resolution of the City of New York, relating to the creation of the Special Coney Island District (Article XIII, Chapter 1), Borough of Brooklyn, Community District 13.; Application no. C 090274 PQK submitted by the Department of Citywide Administrative Services (DCAS) and the Department of Small Business Services (SBS), pursuant to Section 197-c of the New York City Charter, for the acquisition of property located at Block 7074, Lots 4, 6, p/o 23, 89, p/o 105, 254, p/o 310, 340, 348 and p/o 360, Block 8694, Lot 1, 5, 11, 12, 14, 16, 18, 25, 30, 33, and 421, Block 8695, Lot 61, 64, p/o 72, p/o 120, and p/o 433, and Block 8696, Lots 35, 37, 44, 47, 48, 49, 50, 53, p/o 70, p/o 140, p/o 145, p/o 212.",https://legistar.council.nyc.gov/LegislationDetail.aspx?ID=452685&GUID=73658135-8AAD-4567-B71C-3D4D21DD395C&Options=ID|Text|&Search=; https://legistar.council.nyc.gov/LegislationDetail.aspx?ID=452686&GUID=C94C22C2-D87D-4417-AF88-BA5055924E73&Options=ID|Text|&Search=; https://legistar.council.nyc.gov/LegislationDetail.aspx?ID=452687&GUID=B5FC8C7C-0E9D-4D36-9D9B-17B036F479BB&Options=ID|Text|&Search=; https://legistar.council.nyc.gov/LegislationDetail.aspx?ID=452688&GUID=F7A8AE3B-1B2A-4D9F-BC81-A924F040EB3F&Options=ID|Text|&Search=; https://legistar.council.nyc.gov/LegislationDetail.aspx?ID=452689&GUID=7866A3F2-9C82-4E4D-B073-61EEBA4A3376&Options=ID|Text|&Search=; https://legistar.council.nyc.gov/LegislationDetail.aspx?ID=452690&GUID=25AB5E19-529F-4D4D-A831-2781AD541935&Options=ID|Text|&Search=; https://legistar.council.nyc.gov/LegislationDetail.aspx?ID=452691&GUID=8B68AB2F-DFC5-4532-8FF8-5DD43103E5D6&Options=ID|Text|&Search=; https://legistar.council.nyc.gov/LegislationDetail.aspx?ID=546696&GUID=14B3A580-2729-4111-95C4-A0ADF23A7188&Options=ID|Text|&Search=; https://legistar.council.nyc.gov/LegislationDetail.aspx?ID=546697&GUID=E9981FBD-E23E-4D9F-8C10-8A2EBB713FC0&Options=ID|Text|&Search=; https://legistar.council.nyc.gov/LegislationDetail.aspx?ID=546698&GUID=FB06CC53-501F-437E-A0C1-4389631598C8&Options=ID|Text|&Search=; https://legistar.council.nyc.gov/LegislationDetail.aspx?ID=546702&GUID=63B515FF-84BC-424C-9E9A-4DB66A091B9C&Options=ID|Text|&Search=; https://legistar.council.nyc.gov/LegislationDetail.aspx?ID=546699&GUID=97EF517D-AFCE-4DE1-BD06-BF0870E05BD4&Options=ID|Text|&Search=; https://legistar.council.nyc.gov/LegislationDetail.aspx?ID=546700&GUID=E1925015-CBA5-4786-BAFA-17EC34915B7E&Options=ID|Text|&Search=; https://legistar.council.nyc.gov/LegislationDetail.aspx?ID=546701&GUID=90AF1B01-A725-406C-9116-1AADB454F15E&Options=ID|Text|&Search=,https://legistar.council.nyc.gov/HistoryDetail.aspx?ID=2366279&GUID=04844E1D-A7E8-4A0F-8A60-8A1FBBE6C676; https://legistar.council.nyc.gov/HistoryDetail.aspx?ID=2366280&GUID=F05B6044-FF39-4295-9FB2-4C37B521908D; https://legistar.council.nyc.gov/HistoryDetail.aspx?ID=2366281&GUID=02F173A0-E4CD-4B50-B4B1-5A7FB822F8DF; https://legistar.council.nyc.gov/HistoryDetail.aspx?ID=2366282&GUID=9979959D-2CDA-4BB1-981E-C892F05AF280; https://legistar.council.nyc.gov/HistoryDetail.aspx?ID=2366283&GUID=2EA5151B-C826-43F8-86D9-95C7B6409854; https://legistar.council.nyc.gov/HistoryDetail.aspx?ID=2366284&GUID=3C2A4900-1410-48D2-A0BD-B65A11885549; https://legistar.council.nyc.gov/HistoryDetail.aspx?ID=2366285&GUID=670A06A2-2CD2-4008-A997-9E58C61B7444; https://legistar.council.nyc.gov/HistoryDetail.aspx?ID=2365685&GUID=1739D511-F22A-4D07-B0B7-5E8E2D2CE068; https://legistar.council.nyc.gov/HistoryDetail.aspx?ID=2365686&GUID=650A43CB-54E1-47C8-9170-0F69F8A31AFA; https://legistar.council.nyc.gov/HistoryDetail.aspx?ID=2365687&GUID=0DCAB69F-6A4A-4DB8-9CA4-9B0F3F9B23C1; https://legistar.council.nyc.gov/HistoryDetail.aspx?ID=2365691&GUID=C0E42723-6A56-4A54-B08E-443F9111D192; https://legistar.council.nyc.gov/HistoryDetail.aspx?ID=2365688&GUID=31E6784B-E858-47D8-92A0-3EDC0FED63AD; https://legistar.council.nyc.gov/HistoryDetail.aspx?ID=2365689&GUID=70A59790-6E45-44E1-AA97-F44194089134; https://legistar.council.nyc.gov/HistoryDetail.aspx?ID=2365690&GUID=70370A70-BE85-4272-8CDA-6FC0E828380D
2009,2009-08-20,LU 1182-2009,clu_geo_026,3,deterministic_geography_verification,high,deterministically_verified_project_geography,zap_bbl,AI-adjudicated geography matched deterministic zap_bbl assignment using DCP Council boundary release 09C.,LU 1182-2009; Res 2158-2009,080012PCM,P2008M0007,THE CLINTON PARK,"Uniform land use review procedure application no. C 080012 PCM submitted by the Police Department and the Department of Citywide Services, pursuant to Section 197-c of the New York City Charter, for the site selection and acquisition of property located at 770 Eleventh Avenue (Block 1082, p/o Lot 1), for use as a police mounted unit facility and stables.; Resolution approving the decision of the City Planning Commission on ULURP No. C 080012 PCM (L.U. No. 1182), for the site selection and acquisition of property located at 770 Eleventh Avenue (Block 1082, p/o Lot 1), Borough of Manhattan, for use as a police mounted unit facility and stables.",https://legistar.council.nyc.gov/LegislationDetail.aspx?ID=453237&GUID=B0D89D0C-0D9A-4497-8A35-978F084005D7&Options=ID|Text|&Search=; https://legistar.council.nyc.gov/LegislationDetail.aspx?ID=546645&GUID=1E405F7B-BB03-4576-930D-146982B2146E&Options=ID|Text|&Search=,https://legistar.council.nyc.gov/HistoryDetail.aspx?ID=2406305&GUID=3B9B69B4-AEF8-4757-9C5E-637339F05AC3; https://legistar.council.nyc.gov/HistoryDetail.aspx?ID=2405792&GUID=1BE43294-F20B-4DBF-B3BA-E78C37B8950D
2009,2009-08-20,Res 2158-2009,clu_geo_026,3,deterministic_geography_verification,high,deterministically_verified_project_geography,zap_bbl,AI-adjudicated geography matched deterministic zap_bbl assignment using DCP Council boundary release 09C.,LU 1182-2009; Res 2158-2009,080012PCM,P2008M0007,THE CLINTON PARK,"Uniform land use review procedure application no. C 080012 PCM submitted by the Police Department and the Department of Citywide Services, pursuant to Section 197-c of the New York City Charter, for the site selection and acquisition of property located at 770 Eleventh Avenue (Block 1082, p/o Lot 1), for use as a police mounted unit facility and stables.; Resolution approving the decision of the City Planning Commission on ULURP No. C 080012 PCM (L.U. No. 1182), for the site selection and acquisition of property located at 770 Eleventh Avenue (Block 1082, p/o Lot 1), Borough of Manhattan, for use as a police mounted unit facility and stables.",https://legistar.council.nyc.gov/LegislationDetail.aspx?ID=453237&GUID=B0D89D0C-0D9A-4497-8A35-978F084005D7&Options=ID|Text|&Search=; https://legistar.council.nyc.gov/LegislationDetail.aspx?ID=546645&GUID=1E405F7B-BB03-4576-930D-146982B2146E&Options=ID|Text|&Search=,https://legistar.council.nyc.gov/HistoryDetail.aspx?ID=2406305&GUID=3B9B69B4-AEF8-4757-9C5E-637339F05AC3; https://legistar.council.nyc.gov/HistoryDetail.aspx?ID=2405792&GUID=1BE43294-F20B-4DBF-B3BA-E78C37B8950D
2009,2009-09-30,LU 1190-2009,clu_geo_022,38,manual_queue_ai_review_researcher_accepted,medium,promote_with_caveat,official_geography_external_boundary,"Official Legistar/CPC sources confirm the 128-block Sunset Park Rezoning in Brooklyn Community District 7. Prior transcript evidence places the project in Council Member Gonzalez's district, corresponding to District 38.",LU 1190-2009; LU 1191-2009; Res 2204-2009; Res 2205-2009,090386ZRK; 090387ZMK,P2009K0269,SUNSET PARK REZONING,"Application no. C 090386 ZRK, submitted by the Department of City Planning, pursuant to Section 201 of the New York City Charter, for an amendment of the Zoning Resolution of the City of New York, relating to Article II, Chapter 3 (Bulk regulations for Residential Buildings in Residence Districts), Section 23-90, relating to the extension of the Inclusionary Housing Program to proposed R7A districts.; Application no. C 090387 ZMK, submitted by the Department of City Planning, pursuant to Sections 197-c and 201 of the New York City Charter, for an amendment of the Zoning Map, Section Nos. 16b, 16d, 22a and 22c.; Resolution approving the decision of the City Planning Commission on Application No. N 090386 ZRK, for an amendment of the Zoning Resolution of the City of New York, relating to Article II, Chapter 3 (Bulk regulations for Residential Buildings in Residence Districts), Section 23-90, inclusive, relating to the extension of the Inclusionary Housing Program to proposed R7A districts, Borough of Brooklyn (L.U. No. 1190).",https://legistar.council.nyc.gov/LegislationDetail.aspx?ID=464542&GUID=60352482-EA5B-4E73-9123-5C9D48A5CEB3&Options=ID|Text|&Search=; https://legistar.council.nyc.gov/LegislationDetail.aspx?ID=464543&GUID=35925BF6-755B-4155-A9D3-33D5E02B8DD4&Options=ID|Text|&Search=; https://legistar.council.nyc.gov/LegislationDetail.aspx?ID=546658&GUID=8A091492-0B5F-4652-9C5E-B8C8482D3F83&Options=ID|Text|&Search=; https://legistar.council.nyc.gov/LegislationDetail.aspx?ID=546659&GUID=939B02A9-E813-4011-B4AE-3597FBD89B8C&Options=ID|Text|&Search=,https://legistar.council.nyc.gov/HistoryDetail.aspx?ID=2588216&GUID=4CFE069B-710C-41E9-9EE1-BC7ABFE2994C; https://legistar.council.nyc.gov/HistoryDetail.aspx?ID=2588217&GUID=D9D1062F-31E1-4BEA-B464-3E5A1E8972E8; https://legistar.council.nyc.gov/HistoryDetail.aspx?ID=2587704&GUID=4C57788D-F837-4097-BDBE-B47C9A6029C8; https://legistar.council.nyc.gov/HistoryDetail.aspx?ID=2587705&GUID=147204A0-CDA3-4352-BABD-F68BFF8E7BBC
2009,2009-09-30,LU 1191-2009,clu_geo_022,38,manual_queue_ai_review_researcher_accepted,medium,promote_with_caveat,official_geography_external_boundary,"Official Legistar/CPC sources confirm the 128-block Sunset Park Rezoning in Brooklyn Community District 7. Prior transcript evidence places the project in Council Member Gonzalez's district, corresponding to District 38.",LU 1190-2009; LU 1191-2009; Res 2204-2009; Res 2205-2009,090386ZRK; 090387ZMK,P2009K0269,SUNSET PARK REZONING,"Application no. C 090386 ZRK, submitted by the Department of City Planning, pursuant to Section 201 of the New York City Charter, for an amendment of the Zoning Resolution of the City of New York, relating to Article II, Chapter 3 (Bulk regulations for Residential Buildings in Residence Districts), Section 23-90, relating to the extension of the Inclusionary Housing Program to proposed R7A districts.; Application no. C 090387 ZMK, submitted by the Department of City Planning, pursuant to Sections 197-c and 201 of the New York City Charter, for an amendment of the Zoning Map, Section Nos. 16b, 16d, 22a and 22c.; Resolution approving the decision of the City Planning Commission on Application No. N 090386 ZRK, for an amendment of the Zoning Resolution of the City of New York, relating to Article II, Chapter 3 (Bulk regulations for Residential Buildings in Residence Districts), Section 23-90, inclusive, relating to the extension of the Inclusionary Housing Program to proposed R7A districts, Borough of Brooklyn (L.U. No. 1190).",https://legistar.council.nyc.gov/LegislationDetail.aspx?ID=464542&GUID=60352482-EA5B-4E73-9123-5C9D48A5CEB3&Options=ID|Text|&Search=; https://legistar.council.nyc.gov/LegislationDetail.aspx?ID=464543&GUID=35925BF6-755B-4155-A9D3-33D5E02B8DD4&Options=ID|Text|&Search=; https://legistar.council.nyc.gov/LegislationDetail.aspx?ID=546658&GUID=8A091492-0B5F-4652-9C5E-B8C8482D3F83&Options=ID|Text|&Search=; https://legistar.council.nyc.gov/LegislationDetail.aspx?ID=546659&GUID=939B02A9-E813-4011-B4AE-3597FBD89B8C&Options=ID|Text|&Search=,https://legistar.council.nyc.gov/HistoryDetail.aspx?ID=2588216&GUID=4CFE069B-710C-41E9-9EE1-BC7ABFE2994C; https://legistar.council.nyc.gov/HistoryDetail.aspx?ID=2588217&GUID=D9D1062F-31E1-4BEA-B464-3E5A1E8972E8; https://legistar.council.nyc.gov/HistoryDetail.aspx?ID=2587704&GUID=4C57788D-F837-4097-BDBE-B47C9A6029C8; https://legistar.council.nyc.gov/HistoryDetail.aspx?ID=2587705&GUID=147204A0-CDA3-4352-BABD-F68BFF8E7BBC
2009,2009-09-30,Res 2204-2009,clu_geo_022,38,manual_queue_ai_review_researcher_accepted,medium,promote_with_caveat,official_geography_external_boundary,"Official Legistar/CPC sources confirm the 128-block Sunset Park Rezoning in Brooklyn Community District 7. Prior transcript evidence places the project in Council Member Gonzalez's district, corresponding to District 38.",LU 1190-2009; LU 1191-2009; Res 2204-2009; Res 2205-2009,090386ZRK; 090387ZMK,P2009K0269,SUNSET PARK REZONING,"Application no. C 090386 ZRK, submitted by the Department of City Planning, pursuant to Section 201 of the New York City Charter, for an amendment of the Zoning Resolution of the City of New York, relating to Article II, Chapter 3 (Bulk regulations for Residential Buildings in Residence Districts), Section 23-90, relating to the extension of the Inclusionary Housing Program to proposed R7A districts.; Application no. C 090387 ZMK, submitted by the Department of City Planning, pursuant to Sections 197-c and 201 of the New York City Charter, for an amendment of the Zoning Map, Section Nos. 16b, 16d, 22a and 22c.; Resolution approving the decision of the City Planning Commission on Application No. N 090386 ZRK, for an amendment of the Zoning Resolution of the City of New York, relating to Article II, Chapter 3 (Bulk regulations for Residential Buildings in Residence Districts), Section 23-90, inclusive, relating to the extension of the Inclusionary Housing Program to proposed R7A districts, Borough of Brooklyn (L.U. No. 1190).",https://legistar.council.nyc.gov/LegislationDetail.aspx?ID=464542&GUID=60352482-EA5B-4E73-9123-5C9D48A5CEB3&Options=ID|Text|&Search=; https://legistar.council.nyc.gov/LegislationDetail.aspx?ID=464543&GUID=35925BF6-755B-4155-A9D3-33D5E02B8DD4&Options=ID|Text|&Search=; https://legistar.council.nyc.gov/LegislationDetail.aspx?ID=546658&GUID=8A091492-0B5F-4652-9C5E-B8C8482D3F83&Options=ID|Text|&Search=; https://legistar.council.nyc.gov/LegislationDetail.aspx?ID=546659&GUID=939B02A9-E813-4011-B4AE-3597FBD89B8C&Options=ID|Text|&Search=,https://legistar.council.nyc.gov/HistoryDetail.aspx?ID=2588216&GUID=4CFE069B-710C-41E9-9EE1-BC7ABFE2994C; https://legistar.council.nyc.gov/HistoryDetail.aspx?ID=2588217&GUID=D9D1062F-31E1-4BEA-B464-3E5A1E8972E8; https://legistar.council.nyc.gov/HistoryDetail.aspx?ID=2587704&GUID=4C57788D-F837-4097-BDBE-B47C9A6029C8; https://legistar.council.nyc.gov/HistoryDetail.aspx?ID=2587705&GUID=147204A0-CDA3-4352-BABD-F68BFF8E7BBC
2009,2009-09-30,Res 2205-2009,clu_geo_022,38,manual_queue_ai_review_researcher_accepted,medium,promote_with_caveat,official_geography_external_boundary,"Official Legistar/CPC sources confirm the 128-block Sunset Park Rezoning in Brooklyn Community District 7. Prior transcript evidence places the project in Council Member Gonzalez's district, corresponding to District 38.",LU 1190-2009; LU 1191-2009; Res 2204-2009; Res 2205-2009,090386ZRK; 090387ZMK,P2009K0269,SUNSET PARK REZONING,"Application no. C 090386 ZRK, submitted by the Department of City Planning, pursuant to Section 201 of the New York City Charter, for an amendment of the Zoning Resolution of the City of New York, relating to Article II, Chapter 3 (Bulk regulations for Residential Buildings in Residence Districts), Section 23-90, relating to the extension of the Inclusionary Housing Program to proposed R7A districts.; Application no. C 090387 ZMK, submitted by the Department of City Planning, pursuant to Sections 197-c and 201 of the New York City Charter, for an amendment of the Zoning Map, Section Nos. 16b, 16d, 22a and 22c.; Resolution approving the decision of the City Planning Commission on Application No. N 090386 ZRK, for an amendment of the Zoning Resolution of the City of New York, relating to Article II, Chapter 3 (Bulk regulations for Residential Buildings in Residence Districts), Section 23-90, inclusive, relating to the extension of the Inclusionary Housing Program to proposed R7A districts, Borough of Brooklyn (L.U. No. 1190).",https://legistar.council.nyc.gov/LegislationDetail.aspx?ID=464542&GUID=60352482-EA5B-4E73-9123-5C9D48A5CEB3&Options=ID|Text|&Search=; https://legistar.council.nyc.gov/LegislationDetail.aspx?ID=464543&GUID=35925BF6-755B-4155-A9D3-33D5E02B8DD4&Options=ID|Text|&Search=; https://legistar.council.nyc.gov/LegislationDetail.aspx?ID=546658&GUID=8A091492-0B5F-4652-9C5E-B8C8482D3F83&Options=ID|Text|&Search=; https://legistar.council.nyc.gov/LegislationDetail.aspx?ID=546659&GUID=939B02A9-E813-4011-B4AE-3597FBD89B8C&Options=ID|Text|&Search=,https://legistar.council.nyc.gov/HistoryDetail.aspx?ID=2588216&GUID=4CFE069B-710C-41E9-9EE1-BC7ABFE2994C; https://legistar.council.nyc.gov/HistoryDetail.aspx?ID=2588217&GUID=D9D1062F-31E1-4BEA-B464-3E5A1E8972E8; https://legistar.council.nyc.gov/HistoryDetail.aspx?ID=2587704&GUID=4C57788D-F837-4097-BDBE-B47C9A6029C8; https://legistar.council.nyc.gov/HistoryDetail.aspx?ID=2587705&GUID=147204A0-CDA3-4352-BABD-F68BFF8E7BBC
2009,2009-11-16,M 1655-2009,clu_geo_121,3,deterministic_geography_verification,high,deterministically_verified_project_geography,mappluto_address_exact,AI-adjudicated geography matched deterministic mappluto_address_exact assignment using DCP Council boundary release 09C.,M 1655-2009,20095499TCM,NA,NA,"By The Speaker (Council Member Quinn): Pursuant to Rule 11.20(b) of the Council and Section 20-226(g) of the New York City Administrative Code, the Council resolves that the action of the Department of Consumer Affairs approving an unenclosed sidewalk café located at 119 7th Avenue, Community Board 4, Application 20095499 TCM shall be subject to review by the Council.",https://legistar.council.nyc.gov/LegislationDetail.aspx?ID=546142&GUID=A17AD74A-3B32-4CF1-90DC-57F4EC4B8679&Options=ID|Text|&Search=,https://legistar.council.nyc.gov/HistoryDetail.aspx?ID=2727416&GUID=B7FD3A59-CC85-44A7-BD10-C3E8097F9294
2009,2009-11-30,M 1686-2009,clu_geo_120,3; 11,manual_queue_ai_review_researcher_accepted,medium,promote_with_caveat,official_geography_external_boundary,"Official Legistar evidence identifies a bundled roll-call with sidewalk cafes at 800 Seventh Avenue, Manhattan Community Board 5, and 5693 Riverdale Avenue, Bronx Community Board 8. Districts 3 and 11 are retained as address/community-board/local-member inf...",M 1686-2009; M 1687-2009,20105193TCM; 20095681TCX,NA,NA,"By The Speaker (Council Member Quinn): Pursuant to Rule 11.20(b) of the Council and Section 20-226(g) of the New York City Administrative Code, the Council resolves that the action of the Department of Consumer Affairs approving an unenclosed sidewalk café located at 800 Seventh Avenue, Community Board 5, Application 20105193 TCM shall be subject to review by the Council.; By Council Member Koppell: Pursuant to Rule 11.20(b) of the Council and Section 20-226(g) of the New York City Administrative Code, the Council resolves that the action of the Department of Consumer Affairs approving an unenclosed sidewalk café located at 5693 Riverdale Avenue, Community Board 8, Application 20095681 TCX shall be subject to review by the Council.",https://legistar.council.nyc.gov/LegislationDetail.aspx?ID=548411&GUID=91477FFF-E4E1-457F-B7D3-1A8F0E9DEAE6&Options=ID|Text|&Search=; https://legistar.council.nyc.gov/LegislationDetail.aspx?ID=548394&GUID=CD93ACEB-82C2-4799-9F77-0BBDA4DA2143&Options=ID|Text|&Search=,https://legistar.council.nyc.gov/HistoryDetail.aspx?ID=2758745&GUID=142D4FDC-258C-4A5B-9633-1319175B90A2; https://legistar.council.nyc.gov/HistoryDetail.aspx?ID=2758574&GUID=7F7EA875-3C46-4CF9-AA60-EE7D7287B054
2009,2009-11-30,M 1687-2009,clu_geo_120,3; 11,manual_queue_ai_review_researcher_accepted,medium,promote_with_caveat,official_geography_external_boundary,"Official Legistar evidence identifies a bundled roll-call with sidewalk cafes at 800 Seventh Avenue, Manhattan Community Board 5, and 5693 Riverdale Avenue, Bronx Community Board 8. Districts 3 and 11 are retained as address/community-board/local-member inf...",M 1686-2009; M 1687-2009,20105193TCM; 20095681TCX,NA,NA,"By The Speaker (Council Member Quinn): Pursuant to Rule 11.20(b) of the Council and Section 20-226(g) of the New York City Administrative Code, the Council resolves that the action of the Department of Consumer Affairs approving an unenclosed sidewalk café located at 800 Seventh Avenue, Community Board 5, Application 20105193 TCM shall be subject to review by the Council.; By Council Member Koppell: Pursuant to Rule 11.20(b) of the Council and Section 20-226(g) of the New York City Administrative Code, the Council resolves that the action of the Department of Consumer Affairs approving an unenclosed sidewalk café located at 5693 Riverdale Avenue, Community Board 8, Application 20095681 TCX shall be subject to review by the Council.",https://legistar.council.nyc.gov/LegislationDetail.aspx?ID=548411&GUID=91477FFF-E4E1-457F-B7D3-1A8F0E9DEAE6&Options=ID|Text|&Search=; https://legistar.council.nyc.gov/LegislationDetail.aspx?ID=548394&GUID=CD93ACEB-82C2-4799-9F77-0BBDA4DA2143&Options=ID|Text|&Search=,https://legistar.council.nyc.gov/HistoryDetail.aspx?ID=2758745&GUID=142D4FDC-258C-4A5B-9633-1319175B90A2; https://legistar.council.nyc.gov/HistoryDetail.aspx?ID=2758574&GUID=7F7EA875-3C46-4CF9-AA60-EE7D7287B054
2009,2009-12-21,LU 1260-2009,clu_geo_020,3,deterministic_geography_verification,high,deterministically_verified_project_geography,zap_bbl,AI-adjudicated geography matched deterministic zap_bbl assignment using DCP Council boundary release 09C.,LU 1260-2009; LU 1261-2009; LU 1262-2009; LU 1263-2009; LU 1264-2009; LU 1265-2009; LU 1266-2009; LU 1267-2009; LU 1268-2009; Res 2323-2009; Res 2324-2009; Res 2325-2009; Res 2326-2009; Res 2327-2009; Res 2328-2009; Res 2329-2009; Res 2330-2009; Res 2331-2009,090408MMM; 090422HAM; 090423HAM; 090429ZRM; 090430ZMM; 090433ZMM; 090434ZRM; 090435ZSM; 090436ZSM,P2009M0287; P2009M0289; P2009M0290; P2009M0294,WESTER RAIL YARDS; WESTERN RAIL YARDS/MTA SITE; WESTERN RAIL YARDS,"Application no C 090408 MMM. submitted by the Department of City Planning pursuant to Sections 197-c and 199 of the New York City Charter, for an amendment to the City Map involving a change in grade on West 33rd Street, between Eleventh and Twelfth Avenues. This application is subject to review and action by the Land Use Committee only if appealed to the Council pursuant to §197-d (b)(2) of the Charter or called up by vote of the Council pursuant to §197-d (b)(3) of the Charter.; Application no. C 090422 HAM submitted by the Department of Housing Preservation and Development (HPD) pursuant to Article 16 of the General Municipal Law of New York State for: the designation of property located at West 48th and West 49th streets, west of 10th Avenue (Block 1077, part of Lot 29), as an Urban Development Action Area; and an Urban Development Action Area Project for such area; and pursuant to Section 197-c of the New York City Charter for the disposition of such property to a developer to be selected by HPD; to facilitate the development of a mixed-use building, tentatively; Application no. C 090423 HAM submitted by the Department of Housing Preservation and Development (HPD):1) pursuant to Article 16 of the General Municipal Law of New York State for: a. the designation of property located at 806 Ninth Avenue (Block 1044, p/o Lot 3); as an Urban Development Action Area; and an Urban Development Action Area Project for such area; and pursuant to Section 197-c of the New York City Charter for the disposition of such property to a developer to be selected by HPD; to facilitate the development of a mixed-use building, tentatively known as the Westside Rail Yard/MTA",https://legistar.council.nyc.gov/LegislationDetail.aspx?ID=535134&GUID=FCF3E716-7DD9-4C32-95A7-26CD7BE79C36&Options=ID|Text|&Search=; https://legistar.council.nyc.gov/LegislationDetail.aspx?ID=535137&GUID=8C427EEB-D0C5-4668-B580-DD00AE8104C2&Options=ID|Text|&Search=; https://legistar.council.nyc.gov/LegislationDetail.aspx?ID=535139&GUID=2B90673A-448A-44C0-A4FF-25514E705DAD&Options=ID|Text|&Search=; https://legistar.council.nyc.gov/LegislationDetail.aspx?ID=535151&GUID=CBF67258-EC2F-4FEA-9479-F355CE53E0C6&Options=ID|Text|&Search=; https://legistar.council.nyc.gov/LegislationDetail.aspx?ID=535154&GUID=E7DA13FA-16FD-4A5C-931E-C667A95E75E7&Options=ID|Text|&Search=; https://legistar.council.nyc.gov/LegislationDetail.aspx?ID=535142&GUID=0F3750B9-8F2C-4858-95C6-42711031FCE0&Options=ID|Text|&Search=; https://legistar.council.nyc.gov/LegislationDetail.aspx?ID=535144&GUID=D40D2E40-9B20-4036-9FEB-0E968E25F6C2&Options=ID|Text|&Search=; https://legistar.council.nyc.gov/LegislationDetail.aspx?ID=535146&GUID=2CCECEE3-1806-4CC3-87B6-481F744E00D5&Options=ID|Text|&Search=; https://legistar.council.nyc.gov/LegislationDetail.aspx?ID=535148&GUID=477A47B2-2150-4A0E-AA0E-C276FB41E1EA&Options=ID|Text|&Search=; https://legistar.council.nyc.gov/LegislationDetail.aspx?ID=558536&GUID=A69FFD61-04C3-435A-A67C-437C046AAEEE&Options=ID|Text|&Search=; https://legistar.council.nyc.gov/LegislationDetail.aspx?ID=558537&GUID=9A77A90A-5506-444D-B562-8C4D01EC04F6&Options=ID|Text|&Search=; https://legistar.council.nyc.gov/LegislationDetail.aspx?ID=558538&GUID=633C0C41-684A-4DA0-B044-A30DCB53C7E0&Options=ID|Text|&Search=; https://legistar.council.nyc.gov/LegislationDetail.aspx?ID=558539&GUID=93009A0A-67C3-4F43-9C8C-C50CB8DD0939&Options=ID|Text|&Search=; https://legistar.council.nyc.gov/LegislationDetail.aspx?ID=558540&GUID=09E18898-B5D7-4BDB-B6EC-3159BD9B9A6A&Options=ID|Text|&Search=; https://legistar.council.nyc.gov/LegislationDetail.aspx?ID=558541&GUID=336DC350-A992-4277-ADB7-A8E03BB75CAA&Options=ID|Text|&Search=; https://legistar.council.nyc.gov/LegislationDetail.aspx?ID=558542&GUID=4DB7EBBE-0504-4B8C-BEE2-CD3BBE79ACFD&Options=ID|Text|&Search=; https://legistar.council.nyc.gov/LegislationDetail.aspx?ID=558543&GUID=51D0CE8E-8817-4A6C-9A9D-81AC6DEEA37E&Options=ID|Text|&Search=; https://legistar.council.nyc.gov/LegislationDetail.aspx?ID=558544&GUID=31775FB5-CDE2-447D-A159-F5CEA86AEB74&Options=ID|Text|&Search=,https://legistar.council.nyc.gov/HistoryDetail.aspx?ID=2830913&GUID=F7B91500-FFB8-4984-B3F7-FC545A083124; https://legistar.council.nyc.gov/HistoryDetail.aspx?ID=2830914&GUID=6B4E9292-43FB-4FCF-B925-B9E50499F44E; https://legistar.council.nyc.gov/HistoryDetail.aspx?ID=2830915&GUID=40499509-84B0-40E2-A90B-DBA85BB572E8; https://legistar.council.nyc.gov/HistoryDetail.aspx?ID=2830916&GUID=B093695D-5AEE-4B9F-BFAA-A00AF2ED87A5; https://legistar.council.nyc.gov/HistoryDetail.aspx?ID=2830917&GUID=CB2BF1BF-1453-4443-8E67-01D8DA49A27F; https://legistar.council.nyc.gov/HistoryDetail.aspx?ID=2830918&GUID=2D87B1F6-77EA-4267-8377-2CF9BF00A766; https://legistar.council.nyc.gov/HistoryDetail.aspx?ID=2830919&GUID=7DDDBC7A-606F-4C60-9894-BA9AE0172F49; https://legistar.council.nyc.gov/HistoryDetail.aspx?ID=2830920&GUID=12F24A42-F42C-4374-AC1C-9C3BCB34054A; https://legistar.council.nyc.gov/HistoryDetail.aspx?ID=2830921&GUID=3D5369B2-7675-4476-A987-09B4BCDC8F6E; https://legistar.council.nyc.gov/HistoryDetail.aspx?ID=2830589&GUID=2A1CB295-A029-43A0-810A-49A5A6D7BD5E; https://legistar.council.nyc.gov/HistoryDetail.aspx?ID=2830590&GUID=24E3B29F-B7A8-4523-9657-CD610B157719; https://legistar.council.nyc.gov/HistoryDetail.aspx?ID=2830591&GUID=05A58B72-4395-4AEB-A724-EBFBEA0F5BCB; https://legistar.council.nyc.gov/HistoryDetail.aspx?ID=2830592&GUID=850280FC-BC15-4B23-B686-36210B3C5666; https://legistar.council.nyc.gov/HistoryDetail.aspx?ID=2830593&GUID=8F6F7C1E-2197-49B3-9821-88BFB1B0E39D; https://legistar.council.nyc.gov/HistoryDetail.aspx?ID=2830594&GUID=CEE12BDC-4420-42E5-91CC-FFB9CA8ADCA9; https://legistar.council.nyc.gov/HistoryDetail.aspx?ID=2830595&GUID=CFF06293-88AB-4EE1-B523-AA19E3B2EFCD; https://legistar.council.nyc.gov/HistoryDetail.aspx?ID=2830596&GUID=3C155B1E-96AD-4190-B8FA-286B8FF5C9BE; https://legistar.council.nyc.gov/HistoryDetail.aspx?ID=2830597&GUID=80ACD3CA-7834-462E-BFA6-F3FA6375A84B
2009,2009-12-21,LU 1261-2009,clu_geo_020,3,deterministic_geography_verification,high,deterministically_verified_project_geography,zap_bbl,AI-adjudicated geography matched deterministic zap_bbl assignment using DCP Council boundary release 09C.,LU 1260-2009; LU 1261-2009; LU 1262-2009; LU 1263-2009; LU 1264-2009; LU 1265-2009; LU 1266-2009; LU 1267-2009; LU 1268-2009; Res 2323-2009; Res 2324-2009; Res 2325-2009; Res 2326-2009; Res 2327-2009; Res 2328-2009; Res 2329-2009; Res 2330-2009; Res 2331-2009,090408MMM; 090422HAM; 090423HAM; 090429ZRM; 090430ZMM; 090433ZMM; 090434ZRM; 090435ZSM; 090436ZSM,P2009M0287; P2009M0289; P2009M0290; P2009M0294,WESTER RAIL YARDS; WESTERN RAIL YARDS/MTA SITE; WESTERN RAIL YARDS,"Application no C 090408 MMM. submitted by the Department of City Planning pursuant to Sections 197-c and 199 of the New York City Charter, for an amendment to the City Map involving a change in grade on West 33rd Street, between Eleventh and Twelfth Avenues. This application is subject to review and action by the Land Use Committee only if appealed to the Council pursuant to §197-d (b)(2) of the Charter or called up by vote of the Council pursuant to §197-d (b)(3) of the Charter.; Application no. C 090422 HAM submitted by the Department of Housing Preservation and Development (HPD) pursuant to Article 16 of the General Municipal Law of New York State for: the designation of property located at West 48th and West 49th streets, west of 10th Avenue (Block 1077, part of Lot 29), as an Urban Development Action Area; and an Urban Development Action Area Project for such area; and pursuant to Section 197-c of the New York City Charter for the disposition of such property to a developer to be selected by HPD; to facilitate the development of a mixed-use building, tentatively; Application no. C 090423 HAM submitted by the Department of Housing Preservation and Development (HPD):1) pursuant to Article 16 of the General Municipal Law of New York State for: a. the designation of property located at 806 Ninth Avenue (Block 1044, p/o Lot 3); as an Urban Development Action Area; and an Urban Development Action Area Project for such area; and pursuant to Section 197-c of the New York City Charter for the disposition of such property to a developer to be selected by HPD; to facilitate the development of a mixed-use building, tentatively known as the Westside Rail Yard/MTA",https://legistar.council.nyc.gov/LegislationDetail.aspx?ID=535134&GUID=FCF3E716-7DD9-4C32-95A7-26CD7BE79C36&Options=ID|Text|&Search=; https://legistar.council.nyc.gov/LegislationDetail.aspx?ID=535137&GUID=8C427EEB-D0C5-4668-B580-DD00AE8104C2&Options=ID|Text|&Search=; https://legistar.council.nyc.gov/LegislationDetail.aspx?ID=535139&GUID=2B90673A-448A-44C0-A4FF-25514E705DAD&Options=ID|Text|&Search=; https://legistar.council.nyc.gov/LegislationDetail.aspx?ID=535151&GUID=CBF67258-EC2F-4FEA-9479-F355CE53E0C6&Options=ID|Text|&Search=; https://legistar.council.nyc.gov/LegislationDetail.aspx?ID=535154&GUID=E7DA13FA-16FD-4A5C-931E-C667A95E75E7&Options=ID|Text|&Search=; https://legistar.council.nyc.gov/LegislationDetail.aspx?ID=535142&GUID=0F3750B9-8F2C-4858-95C6-42711031FCE0&Options=ID|Text|&Search=; https://legistar.council.nyc.gov/LegislationDetail.aspx?ID=535144&GUID=D40D2E40-9B20-4036-9FEB-0E968E25F6C2&Options=ID|Text|&Search=; https://legistar.council.nyc.gov/LegislationDetail.aspx?ID=535146&GUID=2CCECEE3-1806-4CC3-87B6-481F744E00D5&Options=ID|Text|&Search=; https://legistar.council.nyc.gov/LegislationDetail.aspx?ID=535148&GUID=477A47B2-2150-4A0E-AA0E-C276FB41E1EA&Options=ID|Text|&Search=; https://legistar.council.nyc.gov/LegislationDetail.aspx?ID=558536&GUID=A69FFD61-04C3-435A-A67C-437C046AAEEE&Options=ID|Text|&Search=; https://legistar.council.nyc.gov/LegislationDetail.aspx?ID=558537&GUID=9A77A90A-5506-444D-B562-8C4D01EC04F6&Options=ID|Text|&Search=; https://legistar.council.nyc.gov/LegislationDetail.aspx?ID=558538&GUID=633C0C41-684A-4DA0-B044-A30DCB53C7E0&Options=ID|Text|&Search=; https://legistar.council.nyc.gov/LegislationDetail.aspx?ID=558539&GUID=93009A0A-67C3-4F43-9C8C-C50CB8DD0939&Options=ID|Text|&Search=; https://legistar.council.nyc.gov/LegislationDetail.aspx?ID=558540&GUID=09E18898-B5D7-4BDB-B6EC-3159BD9B9A6A&Options=ID|Text|&Search=; https://legistar.council.nyc.gov/LegislationDetail.aspx?ID=558541&GUID=336DC350-A992-4277-ADB7-A8E03BB75CAA&Options=ID|Text|&Search=; https://legistar.council.nyc.gov/LegislationDetail.aspx?ID=558542&GUID=4DB7EBBE-0504-4B8C-BEE2-CD3BBE79ACFD&Options=ID|Text|&Search=; https://legistar.council.nyc.gov/LegislationDetail.aspx?ID=558543&GUID=51D0CE8E-8817-4A6C-9A9D-81AC6DEEA37E&Options=ID|Text|&Search=; https://legistar.council.nyc.gov/LegislationDetail.aspx?ID=558544&GUID=31775FB5-CDE2-447D-A159-F5CEA86AEB74&Options=ID|Text|&Search=,https://legistar.council.nyc.gov/HistoryDetail.aspx?ID=2830913&GUID=F7B91500-FFB8-4984-B3F7-FC545A083124; https://legistar.council.nyc.gov/HistoryDetail.aspx?ID=2830914&GUID=6B4E9292-43FB-4FCF-B925-B9E50499F44E; https://legistar.council.nyc.gov/HistoryDetail.aspx?ID=2830915&GUID=40499509-84B0-40E2-A90B-DBA85BB572E8; https://legistar.council.nyc.gov/HistoryDetail.aspx?ID=2830916&GUID=B093695D-5AEE-4B9F-BFAA-A00AF2ED87A5; https://legistar.council.nyc.gov/HistoryDetail.aspx?ID=2830917&GUID=CB2BF1BF-1453-4443-8E67-01D8DA49A27F; https://legistar.council.nyc.gov/HistoryDetail.aspx?ID=2830918&GUID=2D87B1F6-77EA-4267-8377-2CF9BF00A766; https://legistar.council.nyc.gov/HistoryDetail.aspx?ID=2830919&GUID=7DDDBC7A-606F-4C60-9894-BA9AE0172F49; https://legistar.council.nyc.gov/HistoryDetail.aspx?ID=2830920&GUID=12F24A42-F42C-4374-AC1C-9C3BCB34054A; https://legistar.council.nyc.gov/HistoryDetail.aspx?ID=2830921&GUID=3D5369B2-7675-4476-A987-09B4BCDC8F6E; https://legistar.council.nyc.gov/HistoryDetail.aspx?ID=2830589&GUID=2A1CB295-A029-43A0-810A-49A5A6D7BD5E; https://legistar.council.nyc.gov/HistoryDetail.aspx?ID=2830590&GUID=24E3B29F-B7A8-4523-9657-CD610B157719; https://legistar.council.nyc.gov/HistoryDetail.aspx?ID=2830591&GUID=05A58B72-4395-4AEB-A724-EBFBEA0F5BCB; https://legistar.council.nyc.gov/HistoryDetail.aspx?ID=2830592&GUID=850280FC-BC15-4B23-B686-36210B3C5666; https://legistar.council.nyc.gov/HistoryDetail.aspx?ID=2830593&GUID=8F6F7C1E-2197-49B3-9821-88BFB1B0E39D; https://legistar.council.nyc.gov/HistoryDetail.aspx?ID=2830594&GUID=CEE12BDC-4420-42E5-91CC-FFB9CA8ADCA9; https://legistar.council.nyc.gov/HistoryDetail.aspx?ID=2830595&GUID=CFF06293-88AB-4EE1-B523-AA19E3B2EFCD; https://legistar.council.nyc.gov/HistoryDetail.aspx?ID=2830596&GUID=3C155B1E-96AD-4190-B8FA-286B8FF5C9BE; https://legistar.council.nyc.gov/HistoryDetail.aspx?ID=2830597&GUID=80ACD3CA-7834-462E-BFA6-F3FA6375A84B
2009,2009-12-21,LU 1262-2009,clu_geo_020,3,deterministic_geography_verification,high,deterministically_verified_project_geography,zap_bbl,AI-adjudicated geography matched deterministic zap_bbl assignment using DCP Council boundary release 09C.,LU 1260-2009; LU 1261-2009; LU 1262-2009; LU 1263-2009; LU 1264-2009; LU 1265-2009; LU 1266-2009; LU 1267-2009; LU 1268-2009; Res 2323-2009; Res 2324-2009; Res 2325-2009; Res 2326-2009; Res 2327-2009; Res 2328-2009; Res 2329-2009; Res 2330-2009; Res 2331-2009,090408MMM; 090422HAM; 090423HAM; 090429ZRM; 090430ZMM; 090433ZMM; 090434ZRM; 090435ZSM; 090436ZSM,P2009M0287; P2009M0289; P2009M0290; P2009M0294,WESTER RAIL YARDS; WESTERN RAIL YARDS/MTA SITE; WESTERN RAIL YARDS,"Application no C 090408 MMM. submitted by the Department of City Planning pursuant to Sections 197-c and 199 of the New York City Charter, for an amendment to the City Map involving a change in grade on West 33rd Street, between Eleventh and Twelfth Avenues. This application is subject to review and action by the Land Use Committee only if appealed to the Council pursuant to §197-d (b)(2) of the Charter or called up by vote of the Council pursuant to §197-d (b)(3) of the Charter.; Application no. C 090422 HAM submitted by the Department of Housing Preservation and Development (HPD) pursuant to Article 16 of the General Municipal Law of New York State for: the designation of property located at West 48th and West 49th streets, west of 10th Avenue (Block 1077, part of Lot 29), as an Urban Development Action Area; and an Urban Development Action Area Project for such area; and pursuant to Section 197-c of the New York City Charter for the disposition of such property to a developer to be selected by HPD; to facilitate the development of a mixed-use building, tentatively; Application no. C 090423 HAM submitted by the Department of Housing Preservation and Development (HPD):1) pursuant to Article 16 of the General Municipal Law of New York State for: a. the designation of property located at 806 Ninth Avenue (Block 1044, p/o Lot 3); as an Urban Development Action Area; and an Urban Development Action Area Project for such area; and pursuant to Section 197-c of the New York City Charter for the disposition of such property to a developer to be selected by HPD; to facilitate the development of a mixed-use building, tentatively known as the Westside Rail Yard/MTA",https://legistar.council.nyc.gov/LegislationDetail.aspx?ID=535134&GUID=FCF3E716-7DD9-4C32-95A7-26CD7BE79C36&Options=ID|Text|&Search=; https://legistar.council.nyc.gov/LegislationDetail.aspx?ID=535137&GUID=8C427EEB-D0C5-4668-B580-DD00AE8104C2&Options=ID|Text|&Search=; https://legistar.council.nyc.gov/LegislationDetail.aspx?ID=535139&GUID=2B90673A-448A-44C0-A4FF-25514E705DAD&Options=ID|Text|&Search=; https://legistar.council.nyc.gov/LegislationDetail.aspx?ID=535151&GUID=CBF67258-EC2F-4FEA-9479-F355CE53E0C6&Options=ID|Text|&Search=; https://legistar.council.nyc.gov/LegislationDetail.aspx?ID=535154&GUID=E7DA13FA-16FD-4A5C-931E-C667A95E75E7&Options=ID|Text|&Search=; https://legistar.council.nyc.gov/LegislationDetail.aspx?ID=535142&GUID=0F3750B9-8F2C-4858-95C6-42711031FCE0&Options=ID|Text|&Search=; https://legistar.council.nyc.gov/LegislationDetail.aspx?ID=535144&GUID=D40D2E40-9B20-4036-9FEB-0E968E25F6C2&Options=ID|Text|&Search=; https://legistar.council.nyc.gov/LegislationDetail.aspx?ID=535146&GUID=2CCECEE3-1806-4CC3-87B6-481F744E00D5&Options=ID|Text|&Search=; https://legistar.council.nyc.gov/LegislationDetail.aspx?ID=535148&GUID=477A47B2-2150-4A0E-AA0E-C276FB41E1EA&Options=ID|Text|&Search=; https://legistar.council.nyc.gov/LegislationDetail.aspx?ID=558536&GUID=A69FFD61-04C3-435A-A67C-437C046AAEEE&Options=ID|Text|&Search=; https://legistar.council.nyc.gov/LegislationDetail.aspx?ID=558537&GUID=9A77A90A-5506-444D-B562-8C4D01EC04F6&Options=ID|Text|&Search=; https://legistar.council.nyc.gov/LegislationDetail.aspx?ID=558538&GUID=633C0C41-684A-4DA0-B044-A30DCB53C7E0&Options=ID|Text|&Search=; https://legistar.council.nyc.gov/LegislationDetail.aspx?ID=558539&GUID=93009A0A-67C3-4F43-9C8C-C50CB8DD0939&Options=ID|Text|&Search=; https://legistar.council.nyc.gov/LegislationDetail.aspx?ID=558540&GUID=09E18898-B5D7-4BDB-B6EC-3159BD9B9A6A&Options=ID|Text|&Search=; https://legistar.council.nyc.gov/LegislationDetail.aspx?ID=558541&GUID=336DC350-A992-4277-ADB7-A8E03BB75CAA&Options=ID|Text|&Search=; https://legistar.council.nyc.gov/LegislationDetail.aspx?ID=558542&GUID=4DB7EBBE-0504-4B8C-BEE2-CD3BBE79ACFD&Options=ID|Text|&Search=; https://legistar.council.nyc.gov/LegislationDetail.aspx?ID=558543&GUID=51D0CE8E-8817-4A6C-9A9D-81AC6DEEA37E&Options=ID|Text|&Search=; https://legistar.council.nyc.gov/LegislationDetail.aspx?ID=558544&GUID=31775FB5-CDE2-447D-A159-F5CEA86AEB74&Options=ID|Text|&Search=,https://legistar.council.nyc.gov/HistoryDetail.aspx?ID=2830913&GUID=F7B91500-FFB8-4984-B3F7-FC545A083124; https://legistar.council.nyc.gov/HistoryDetail.aspx?ID=2830914&GUID=6B4E9292-43FB-4FCF-B925-B9E50499F44E; https://legistar.council.nyc.gov/HistoryDetail.aspx?ID=2830915&GUID=40499509-84B0-40E2-A90B-DBA85BB572E8; https://legistar.council.nyc.gov/HistoryDetail.aspx?ID=2830916&GUID=B093695D-5AEE-4B9F-BFAA-A00AF2ED87A5; https://legistar.council.nyc.gov/HistoryDetail.aspx?ID=2830917&GUID=CB2BF1BF-1453-4443-8E67-01D8DA49A27F; https://legistar.council.nyc.gov/HistoryDetail.aspx?ID=2830918&GUID=2D87B1F6-77EA-4267-8377-2CF9BF00A766; https://legistar.council.nyc.gov/HistoryDetail.aspx?ID=2830919&GUID=7DDDBC7A-606F-4C60-9894-BA9AE0172F49; https://legistar.council.nyc.gov/HistoryDetail.aspx?ID=2830920&GUID=12F24A42-F42C-4374-AC1C-9C3BCB34054A; https://legistar.council.nyc.gov/HistoryDetail.aspx?ID=2830921&GUID=3D5369B2-7675-4476-A987-09B4BCDC8F6E; https://legistar.council.nyc.gov/HistoryDetail.aspx?ID=2830589&GUID=2A1CB295-A029-43A0-810A-49A5A6D7BD5E; https://legistar.council.nyc.gov/HistoryDetail.aspx?ID=2830590&GUID=24E3B29F-B7A8-4523-9657-CD610B157719; https://legistar.council.nyc.gov/HistoryDetail.aspx?ID=2830591&GUID=05A58B72-4395-4AEB-A724-EBFBEA0F5BCB; https://legistar.council.nyc.gov/HistoryDetail.aspx?ID=2830592&GUID=850280FC-BC15-4B23-B686-36210B3C5666; https://legistar.council.nyc.gov/HistoryDetail.aspx?ID=2830593&GUID=8F6F7C1E-2197-49B3-9821-88BFB1B0E39D; https://legistar.council.nyc.gov/HistoryDetail.aspx?ID=2830594&GUID=CEE12BDC-4420-42E5-91CC-FFB9CA8ADCA9; https://legistar.council.nyc.gov/HistoryDetail.aspx?ID=2830595&GUID=CFF06293-88AB-4EE1-B523-AA19E3B2EFCD; https://legistar.council.nyc.gov/HistoryDetail.aspx?ID=2830596&GUID=3C155B1E-96AD-4190-B8FA-286B8FF5C9BE; https://legistar.council.nyc.gov/HistoryDetail.aspx?ID=2830597&GUID=80ACD3CA-7834-462E-BFA6-F3FA6375A84B
2009,2009-12-21,LU 1263-2009,clu_geo_020,3,deterministic_geography_verification,high,deterministically_verified_project_geography,zap_bbl,AI-adjudicated geography matched deterministic zap_bbl assignment using DCP Council boundary release 09C.,LU 1260-2009; LU 1261-2009; LU 1262-2009; LU 1263-2009; LU 1264-2009; LU 1265-2009; LU 1266-2009; LU 1267-2009; LU 1268-2009; Res 2323-2009; Res 2324-2009; Res 2325-2009; Res 2326-2009; Res 2327-2009; Res 2328-2009; Res 2329-2009; Res 2330-2009; Res 2331-2009,090408MMM; 090422HAM; 090423HAM; 090429ZRM; 090430ZMM; 090433ZMM; 090434ZRM; 090435ZSM; 090436ZSM,P2009M0287; P2009M0289; P2009M0290; P2009M0294,WESTER RAIL YARDS; WESTERN RAIL YARDS/MTA SITE; WESTERN RAIL YARDS,"Application no C 090408 MMM. submitted by the Department of City Planning pursuant to Sections 197-c and 199 of the New York City Charter, for an amendment to the City Map involving a change in grade on West 33rd Street, between Eleventh and Twelfth Avenues. This application is subject to review and action by the Land Use Committee only if appealed to the Council pursuant to §197-d (b)(2) of the Charter or called up by vote of the Council pursuant to §197-d (b)(3) of the Charter.; Application no. C 090422 HAM submitted by the Department of Housing Preservation and Development (HPD) pursuant to Article 16 of the General Municipal Law of New York State for: the designation of property located at West 48th and West 49th streets, west of 10th Avenue (Block 1077, part of Lot 29), as an Urban Development Action Area; and an Urban Development Action Area Project for such area; and pursuant to Section 197-c of the New York City Charter for the disposition of such property to a developer to be selected by HPD; to facilitate the development of a mixed-use building, tentatively; Application no. C 090423 HAM submitted by the Department of Housing Preservation and Development (HPD):1) pursuant to Article 16 of the General Municipal Law of New York State for: a. the designation of property located at 806 Ninth Avenue (Block 1044, p/o Lot 3); as an Urban Development Action Area; and an Urban Development Action Area Project for such area; and pursuant to Section 197-c of the New York City Charter for the disposition of such property to a developer to be selected by HPD; to facilitate the development of a mixed-use building, tentatively known as the Westside Rail Yard/MTA",https://legistar.council.nyc.gov/LegislationDetail.aspx?ID=535134&GUID=FCF3E716-7DD9-4C32-95A7-26CD7BE79C36&Options=ID|Text|&Search=; https://legistar.council.nyc.gov/LegislationDetail.aspx?ID=535137&GUID=8C427EEB-D0C5-4668-B580-DD00AE8104C2&Options=ID|Text|&Search=; https://legistar.council.nyc.gov/LegislationDetail.aspx?ID=535139&GUID=2B90673A-448A-44C0-A4FF-25514E705DAD&Options=ID|Text|&Search=; https://legistar.council.nyc.gov/LegislationDetail.aspx?ID=535151&GUID=CBF67258-EC2F-4FEA-9479-F355CE53E0C6&Options=ID|Text|&Search=; https://legistar.council.nyc.gov/LegislationDetail.aspx?ID=535154&GUID=E7DA13FA-16FD-4A5C-931E-C667A95E75E7&Options=ID|Text|&Search=; https://legistar.council.nyc.gov/LegislationDetail.aspx?ID=535142&GUID=0F3750B9-8F2C-4858-95C6-42711031FCE0&Options=ID|Text|&Search=; https://legistar.council.nyc.gov/LegislationDetail.aspx?ID=535144&GUID=D40D2E40-9B20-4036-9FEB-0E968E25F6C2&Options=ID|Text|&Search=; https://legistar.council.nyc.gov/LegislationDetail.aspx?ID=535146&GUID=2CCECEE3-1806-4CC3-87B6-481F744E00D5&Options=ID|Text|&Search=; https://legistar.council.nyc.gov/LegislationDetail.aspx?ID=535148&GUID=477A47B2-2150-4A0E-AA0E-C276FB41E1EA&Options=ID|Text|&Search=; https://legistar.council.nyc.gov/LegislationDetail.aspx?ID=558536&GUID=A69FFD61-04C3-435A-A67C-437C046AAEEE&Options=ID|Text|&Search=; https://legistar.council.nyc.gov/LegislationDetail.aspx?ID=558537&GUID=9A77A90A-5506-444D-B562-8C4D01EC04F6&Options=ID|Text|&Search=; https://legistar.council.nyc.gov/LegislationDetail.aspx?ID=558538&GUID=633C0C41-684A-4DA0-B044-A30DCB53C7E0&Options=ID|Text|&Search=; https://legistar.council.nyc.gov/LegislationDetail.aspx?ID=558539&GUID=93009A0A-67C3-4F43-9C8C-C50CB8DD0939&Options=ID|Text|&Search=; https://legistar.council.nyc.gov/LegislationDetail.aspx?ID=558540&GUID=09E18898-B5D7-4BDB-B6EC-3159BD9B9A6A&Options=ID|Text|&Search=; https://legistar.council.nyc.gov/LegislationDetail.aspx?ID=558541&GUID=336DC350-A992-4277-ADB7-A8E03BB75CAA&Options=ID|Text|&Search=; https://legistar.council.nyc.gov/LegislationDetail.aspx?ID=558542&GUID=4DB7EBBE-0504-4B8C-BEE2-CD3BBE79ACFD&Options=ID|Text|&Search=; https://legistar.council.nyc.gov/LegislationDetail.aspx?ID=558543&GUID=51D0CE8E-8817-4A6C-9A9D-81AC6DEEA37E&Options=ID|Text|&Search=; https://legistar.council.nyc.gov/LegislationDetail.aspx?ID=558544&GUID=31775FB5-CDE2-447D-A159-F5CEA86AEB74&Options=ID|Text|&Search=,https://legistar.council.nyc.gov/HistoryDetail.aspx?ID=2830913&GUID=F7B91500-FFB8-4984-B3F7-FC545A083124; https://legistar.council.nyc.gov/HistoryDetail.aspx?ID=2830914&GUID=6B4E9292-43FB-4FCF-B925-B9E50499F44E; https://legistar.council.nyc.gov/HistoryDetail.aspx?ID=2830915&GUID=40499509-84B0-40E2-A90B-DBA85BB572E8; https://legistar.council.nyc.gov/HistoryDetail.aspx?ID=2830916&GUID=B093695D-5AEE-4B9F-BFAA-A00AF2ED87A5; https://legistar.council.nyc.gov/HistoryDetail.aspx?ID=2830917&GUID=CB2BF1BF-1453-4443-8E67-01D8DA49A27F; https://legistar.council.nyc.gov/HistoryDetail.aspx?ID=2830918&GUID=2D87B1F6-77EA-4267-8377-2CF9BF00A766; https://legistar.council.nyc.gov/HistoryDetail.aspx?ID=2830919&GUID=7DDDBC7A-606F-4C60-9894-BA9AE0172F49; https://legistar.council.nyc.gov/HistoryDetail.aspx?ID=2830920&GUID=12F24A42-F42C-4374-AC1C-9C3BCB34054A; https://legistar.council.nyc.gov/HistoryDetail.aspx?ID=2830921&GUID=3D5369B2-7675-4476-A987-09B4BCDC8F6E; https://legistar.council.nyc.gov/HistoryDetail.aspx?ID=2830589&GUID=2A1CB295-A029-43A0-810A-49A5A6D7BD5E; https://legistar.council.nyc.gov/HistoryDetail.aspx?ID=2830590&GUID=24E3B29F-B7A8-4523-9657-CD610B157719; https://legistar.council.nyc.gov/HistoryDetail.aspx?ID=2830591&GUID=05A58B72-4395-4AEB-A724-EBFBEA0F5BCB; https://legistar.council.nyc.gov/HistoryDetail.aspx?ID=2830592&GUID=850280FC-BC15-4B23-B686-36210B3C5666; https://legistar.council.nyc.gov/HistoryDetail.aspx?ID=2830593&GUID=8F6F7C1E-2197-49B3-9821-88BFB1B0E39D; https://legistar.council.nyc.gov/HistoryDetail.aspx?ID=2830594&GUID=CEE12BDC-4420-42E5-91CC-FFB9CA8ADCA9; https://legistar.council.nyc.gov/HistoryDetail.aspx?ID=2830595&GUID=CFF06293-88AB-4EE1-B523-AA19E3B2EFCD; https://legistar.council.nyc.gov/HistoryDetail.aspx?ID=2830596&GUID=3C155B1E-96AD-4190-B8FA-286B8FF5C9BE; https://legistar.council.nyc.gov/HistoryDetail.aspx?ID=2830597&GUID=80ACD3CA-7834-462E-BFA6-F3FA6375A84B
2009,2009-12-21,LU 1264-2009,clu_geo_020,3,deterministic_geography_verification,high,deterministically_verified_project_geography,zap_bbl,AI-adjudicated geography matched deterministic zap_bbl assignment using DCP Council boundary release 09C.,LU 1260-2009; LU 1261-2009; LU 1262-2009; LU 1263-2009; LU 1264-2009; LU 1265-2009; LU 1266-2009; LU 1267-2009; LU 1268-2009; Res 2323-2009; Res 2324-2009; Res 2325-2009; Res 2326-2009; Res 2327-2009; Res 2328-2009; Res 2329-2009; Res 2330-2009; Res 2331-2009,090408MMM; 090422HAM; 090423HAM; 090429ZRM; 090430ZMM; 090433ZMM; 090434ZRM; 090435ZSM; 090436ZSM,P2009M0287; P2009M0289; P2009M0290; P2009M0294,WESTER RAIL YARDS; WESTERN RAIL YARDS/MTA SITE; WESTERN RAIL YARDS,"Application no C 090408 MMM. submitted by the Department of City Planning pursuant to Sections 197-c and 199 of the New York City Charter, for an amendment to the City Map involving a change in grade on West 33rd Street, between Eleventh and Twelfth Avenues. This application is subject to review and action by the Land Use Committee only if appealed to the Council pursuant to §197-d (b)(2) of the Charter or called up by vote of the Council pursuant to §197-d (b)(3) of the Charter.; Application no. C 090422 HAM submitted by the Department of Housing Preservation and Development (HPD) pursuant to Article 16 of the General Municipal Law of New York State for: the designation of property located at West 48th and West 49th streets, west of 10th Avenue (Block 1077, part of Lot 29), as an Urban Development Action Area; and an Urban Development Action Area Project for such area; and pursuant to Section 197-c of the New York City Charter for the disposition of such property to a developer to be selected by HPD; to facilitate the development of a mixed-use building, tentatively; Application no. C 090423 HAM submitted by the Department of Housing Preservation and Development (HPD):1) pursuant to Article 16 of the General Municipal Law of New York State for: a. the designation of property located at 806 Ninth Avenue (Block 1044, p/o Lot 3); as an Urban Development Action Area; and an Urban Development Action Area Project for such area; and pursuant to Section 197-c of the New York City Charter for the disposition of such property to a developer to be selected by HPD; to facilitate the development of a mixed-use building, tentatively known as the Westside Rail Yard/MTA",https://legistar.council.nyc.gov/LegislationDetail.aspx?ID=535134&GUID=FCF3E716-7DD9-4C32-95A7-26CD7BE79C36&Options=ID|Text|&Search=; https://legistar.council.nyc.gov/LegislationDetail.aspx?ID=535137&GUID=8C427EEB-D0C5-4668-B580-DD00AE8104C2&Options=ID|Text|&Search=; https://legistar.council.nyc.gov/LegislationDetail.aspx?ID=535139&GUID=2B90673A-448A-44C0-A4FF-25514E705DAD&Options=ID|Text|&Search=; https://legistar.council.nyc.gov/LegislationDetail.aspx?ID=535151&GUID=CBF67258-EC2F-4FEA-9479-F355CE53E0C6&Options=ID|Text|&Search=; https://legistar.council.nyc.gov/LegislationDetail.aspx?ID=535154&GUID=E7DA13FA-16FD-4A5C-931E-C667A95E75E7&Options=ID|Text|&Search=; https://legistar.council.nyc.gov/LegislationDetail.aspx?ID=535142&GUID=0F3750B9-8F2C-4858-95C6-42711031FCE0&Options=ID|Text|&Search=; https://legistar.council.nyc.gov/LegislationDetail.aspx?ID=535144&GUID=D40D2E40-9B20-4036-9FEB-0E968E25F6C2&Options=ID|Text|&Search=; https://legistar.council.nyc.gov/LegislationDetail.aspx?ID=535146&GUID=2CCECEE3-1806-4CC3-87B6-481F744E00D5&Options=ID|Text|&Search=; https://legistar.council.nyc.gov/LegislationDetail.aspx?ID=535148&GUID=477A47B2-2150-4A0E-AA0E-C276FB41E1EA&Options=ID|Text|&Search=; https://legistar.council.nyc.gov/LegislationDetail.aspx?ID=558536&GUID=A69FFD61-04C3-435A-A67C-437C046AAEEE&Options=ID|Text|&Search=; https://legistar.council.nyc.gov/LegislationDetail.aspx?ID=558537&GUID=9A77A90A-5506-444D-B562-8C4D01EC04F6&Options=ID|Text|&Search=; https://legistar.council.nyc.gov/LegislationDetail.aspx?ID=558538&GUID=633C0C41-684A-4DA0-B044-A30DCB53C7E0&Options=ID|Text|&Search=; https://legistar.council.nyc.gov/LegislationDetail.aspx?ID=558539&GUID=93009A0A-67C3-4F43-9C8C-C50CB8DD0939&Options=ID|Text|&Search=; https://legistar.council.nyc.gov/LegislationDetail.aspx?ID=558540&GUID=09E18898-B5D7-4BDB-B6EC-3159BD9B9A6A&Options=ID|Text|&Search=; https://legistar.council.nyc.gov/LegislationDetail.aspx?ID=558541&GUID=336DC350-A992-4277-ADB7-A8E03BB75CAA&Options=ID|Text|&Search=; https://legistar.council.nyc.gov/LegislationDetail.aspx?ID=558542&GUID=4DB7EBBE-0504-4B8C-BEE2-CD3BBE79ACFD&Options=ID|Text|&Search=; https://legistar.council.nyc.gov/LegislationDetail.aspx?ID=558543&GUID=51D0CE8E-8817-4A6C-9A9D-81AC6DEEA37E&Options=ID|Text|&Search=; https://legistar.council.nyc.gov/LegislationDetail.aspx?ID=558544&GUID=31775FB5-CDE2-447D-A159-F5CEA86AEB74&Options=ID|Text|&Search=,https://legistar.council.nyc.gov/HistoryDetail.aspx?ID=2830913&GUID=F7B91500-FFB8-4984-B3F7-FC545A083124; https://legistar.council.nyc.gov/HistoryDetail.aspx?ID=2830914&GUID=6B4E9292-43FB-4FCF-B925-B9E50499F44E; https://legistar.council.nyc.gov/HistoryDetail.aspx?ID=2830915&GUID=40499509-84B0-40E2-A90B-DBA85BB572E8; https://legistar.council.nyc.gov/HistoryDetail.aspx?ID=2830916&GUID=B093695D-5AEE-4B9F-BFAA-A00AF2ED87A5; https://legistar.council.nyc.gov/HistoryDetail.aspx?ID=2830917&GUID=CB2BF1BF-1453-4443-8E67-01D8DA49A27F; https://legistar.council.nyc.gov/HistoryDetail.aspx?ID=2830918&GUID=2D87B1F6-77EA-4267-8377-2CF9BF00A766; https://legistar.council.nyc.gov/HistoryDetail.aspx?ID=2830919&GUID=7DDDBC7A-606F-4C60-9894-BA9AE0172F49; https://legistar.council.nyc.gov/HistoryDetail.aspx?ID=2830920&GUID=12F24A42-F42C-4374-AC1C-9C3BCB34054A; https://legistar.council.nyc.gov/HistoryDetail.aspx?ID=2830921&GUID=3D5369B2-7675-4476-A987-09B4BCDC8F6E; https://legistar.council.nyc.gov/HistoryDetail.aspx?ID=2830589&GUID=2A1CB295-A029-43A0-810A-49A5A6D7BD5E; https://legistar.council.nyc.gov/HistoryDetail.aspx?ID=2830590&GUID=24E3B29F-B7A8-4523-9657-CD610B157719; https://legistar.council.nyc.gov/HistoryDetail.aspx?ID=2830591&GUID=05A58B72-4395-4AEB-A724-EBFBEA0F5BCB; https://legistar.council.nyc.gov/HistoryDetail.aspx?ID=2830592&GUID=850280FC-BC15-4B23-B686-36210B3C5666; https://legistar.council.nyc.gov/HistoryDetail.aspx?ID=2830593&GUID=8F6F7C1E-2197-49B3-9821-88BFB1B0E39D; https://legistar.council.nyc.gov/HistoryDetail.aspx?ID=2830594&GUID=CEE12BDC-4420-42E5-91CC-FFB9CA8ADCA9; https://legistar.council.nyc.gov/HistoryDetail.aspx?ID=2830595&GUID=CFF06293-88AB-4EE1-B523-AA19E3B2EFCD; https://legistar.council.nyc.gov/HistoryDetail.aspx?ID=2830596&GUID=3C155B1E-96AD-4190-B8FA-286B8FF5C9BE; https://legistar.council.nyc.gov/HistoryDetail.aspx?ID=2830597&GUID=80ACD3CA-7834-462E-BFA6-F3FA6375A84B
2009,2009-12-21,LU 1265-2009,clu_geo_020,3,deterministic_geography_verification,high,deterministically_verified_project_geography,zap_bbl,AI-adjudicated geography matched deterministic zap_bbl assignment using DCP Council boundary release 09C.,LU 1260-2009; LU 1261-2009; LU 1262-2009; LU 1263-2009; LU 1264-2009; LU 1265-2009; LU 1266-2009; LU 1267-2009; LU 1268-2009; Res 2323-2009; Res 2324-2009; Res 2325-2009; Res 2326-2009; Res 2327-2009; Res 2328-2009; Res 2329-2009; Res 2330-2009; Res 2331-2009,090408MMM; 090422HAM; 090423HAM; 090429ZRM; 090430ZMM; 090433ZMM; 090434ZRM; 090435ZSM; 090436ZSM,P2009M0287; P2009M0289; P2009M0290; P2009M0294,WESTER RAIL YARDS; WESTERN RAIL YARDS/MTA SITE; WESTERN RAIL YARDS,"Application no C 090408 MMM. submitted by the Department of City Planning pursuant to Sections 197-c and 199 of the New York City Charter, for an amendment to the City Map involving a change in grade on West 33rd Street, between Eleventh and Twelfth Avenues. This application is subject to review and action by the Land Use Committee only if appealed to the Council pursuant to §197-d (b)(2) of the Charter or called up by vote of the Council pursuant to §197-d (b)(3) of the Charter.; Application no. C 090422 HAM submitted by the Department of Housing Preservation and Development (HPD) pursuant to Article 16 of the General Municipal Law of New York State for: the designation of property located at West 48th and West 49th streets, west of 10th Avenue (Block 1077, part of Lot 29), as an Urban Development Action Area; and an Urban Development Action Area Project for such area; and pursuant to Section 197-c of the New York City Charter for the disposition of such property to a developer to be selected by HPD; to facilitate the development of a mixed-use building, tentatively; Application no. C 090423 HAM submitted by the Department of Housing Preservation and Development (HPD):1) pursuant to Article 16 of the General Municipal Law of New York State for: a. the designation of property located at 806 Ninth Avenue (Block 1044, p/o Lot 3); as an Urban Development Action Area; and an Urban Development Action Area Project for such area; and pursuant to Section 197-c of the New York City Charter for the disposition of such property to a developer to be selected by HPD; to facilitate the development of a mixed-use building, tentatively known as the Westside Rail Yard/MTA",https://legistar.council.nyc.gov/LegislationDetail.aspx?ID=535134&GUID=FCF3E716-7DD9-4C32-95A7-26CD7BE79C36&Options=ID|Text|&Search=; https://legistar.council.nyc.gov/LegislationDetail.aspx?ID=535137&GUID=8C427EEB-D0C5-4668-B580-DD00AE8104C2&Options=ID|Text|&Search=; https://legistar.council.nyc.gov/LegislationDetail.aspx?ID=535139&GUID=2B90673A-448A-44C0-A4FF-25514E705DAD&Options=ID|Text|&Search=; https://legistar.council.nyc.gov/LegislationDetail.aspx?ID=535151&GUID=CBF67258-EC2F-4FEA-9479-F355CE53E0C6&Options=ID|Text|&Search=; https://legistar.council.nyc.gov/LegislationDetail.aspx?ID=535154&GUID=E7DA13FA-16FD-4A5C-931E-C667A95E75E7&Options=ID|Text|&Search=; https://legistar.council.nyc.gov/LegislationDetail.aspx?ID=535142&GUID=0F3750B9-8F2C-4858-95C6-42711031FCE0&Options=ID|Text|&Search=; https://legistar.council.nyc.gov/LegislationDetail.aspx?ID=535144&GUID=D40D2E40-9B20-4036-9FEB-0E968E25F6C2&Options=ID|Text|&Search=; https://legistar.council.nyc.gov/LegislationDetail.aspx?ID=535146&GUID=2CCECEE3-1806-4CC3-87B6-481F744E00D5&Options=ID|Text|&Search=; https://legistar.council.nyc.gov/LegislationDetail.aspx?ID=535148&GUID=477A47B2-2150-4A0E-AA0E-C276FB41E1EA&Options=ID|Text|&Search=; https://legistar.council.nyc.gov/LegislationDetail.aspx?ID=558536&GUID=A69FFD61-04C3-435A-A67C-437C046AAEEE&Options=ID|Text|&Search=; https://legistar.council.nyc.gov/LegislationDetail.aspx?ID=558537&GUID=9A77A90A-5506-444D-B562-8C4D01EC04F6&Options=ID|Text|&Search=; https://legistar.council.nyc.gov/LegislationDetail.aspx?ID=558538&GUID=633C0C41-684A-4DA0-B044-A30DCB53C7E0&Options=ID|Text|&Search=; https://legistar.council.nyc.gov/LegislationDetail.aspx?ID=558539&GUID=93009A0A-67C3-4F43-9C8C-C50CB8DD0939&Options=ID|Text|&Search=; https://legistar.council.nyc.gov/LegislationDetail.aspx?ID=558540&GUID=09E18898-B5D7-4BDB-B6EC-3159BD9B9A6A&Options=ID|Text|&Search=; https://legistar.council.nyc.gov/LegislationDetail.aspx?ID=558541&GUID=336DC350-A992-4277-ADB7-A8E03BB75CAA&Options=ID|Text|&Search=; https://legistar.council.nyc.gov/LegislationDetail.aspx?ID=558542&GUID=4DB7EBBE-0504-4B8C-BEE2-CD3BBE79ACFD&Options=ID|Text|&Search=; https://legistar.council.nyc.gov/LegislationDetail.aspx?ID=558543&GUID=51D0CE8E-8817-4A6C-9A9D-81AC6DEEA37E&Options=ID|Text|&Search=; https://legistar.council.nyc.gov/LegislationDetail.aspx?ID=558544&GUID=31775FB5-CDE2-447D-A159-F5CEA86AEB74&Options=ID|Text|&Search=,https://legistar.council.nyc.gov/HistoryDetail.aspx?ID=2830913&GUID=F7B91500-FFB8-4984-B3F7-FC545A083124; https://legistar.council.nyc.gov/HistoryDetail.aspx?ID=2830914&GUID=6B4E9292-43FB-4FCF-B925-B9E50499F44E; https://legistar.council.nyc.gov/HistoryDetail.aspx?ID=2830915&GUID=40499509-84B0-40E2-A90B-DBA85BB572E8; https://legistar.council.nyc.gov/HistoryDetail.aspx?ID=2830916&GUID=B093695D-5AEE-4B9F-BFAA-A00AF2ED87A5; https://legistar.council.nyc.gov/HistoryDetail.aspx?ID=2830917&GUID=CB2BF1BF-1453-4443-8E67-01D8DA49A27F; https://legistar.council.nyc.gov/HistoryDetail.aspx?ID=2830918&GUID=2D87B1F6-77EA-4267-8377-2CF9BF00A766; https://legistar.council.nyc.gov/HistoryDetail.aspx?ID=2830919&GUID=7DDDBC7A-606F-4C60-9894-BA9AE0172F49; https://legistar.council.nyc.gov/HistoryDetail.aspx?ID=2830920&GUID=12F24A42-F42C-4374-AC1C-9C3BCB34054A; https://legistar.council.nyc.gov/HistoryDetail.aspx?ID=2830921&GUID=3D5369B2-7675-4476-A987-09B4BCDC8F6E; https://legistar.council.nyc.gov/HistoryDetail.aspx?ID=2830589&GUID=2A1CB295-A029-43A0-810A-49A5A6D7BD5E; https://legistar.council.nyc.gov/HistoryDetail.aspx?ID=2830590&GUID=24E3B29F-B7A8-4523-9657-CD610B157719; https://legistar.council.nyc.gov/HistoryDetail.aspx?ID=2830591&GUID=05A58B72-4395-4AEB-A724-EBFBEA0F5BCB; https://legistar.council.nyc.gov/HistoryDetail.aspx?ID=2830592&GUID=850280FC-BC15-4B23-B686-36210B3C5666; https://legistar.council.nyc.gov/HistoryDetail.aspx?ID=2830593&GUID=8F6F7C1E-2197-49B3-9821-88BFB1B0E39D; https://legistar.council.nyc.gov/HistoryDetail.aspx?ID=2830594&GUID=CEE12BDC-4420-42E5-91CC-FFB9CA8ADCA9; https://legistar.council.nyc.gov/HistoryDetail.aspx?ID=2830595&GUID=CFF06293-88AB-4EE1-B523-AA19E3B2EFCD; https://legistar.council.nyc.gov/HistoryDetail.aspx?ID=2830596&GUID=3C155B1E-96AD-4190-B8FA-286B8FF5C9BE; https://legistar.council.nyc.gov/HistoryDetail.aspx?ID=2830597&GUID=80ACD3CA-7834-462E-BFA6-F3FA6375A84B
2009,2009-12-21,LU 1266-2009,clu_geo_020,3,deterministic_geography_verification,high,deterministically_verified_project_geography,zap_bbl,AI-adjudicated geography matched deterministic zap_bbl assignment using DCP Council boundary release 09C.,LU 1260-2009; LU 1261-2009; LU 1262-2009; LU 1263-2009; LU 1264-2009; LU 1265-2009; LU 1266-2009; LU 1267-2009; LU 1268-2009; Res 2323-2009; Res 2324-2009; Res 2325-2009; Res 2326-2009; Res 2327-2009; Res 2328-2009; Res 2329-2009; Res 2330-2009; Res 2331-2009,090408MMM; 090422HAM; 090423HAM; 090429ZRM; 090430ZMM; 090433ZMM; 090434ZRM; 090435ZSM; 090436ZSM,P2009M0287; P2009M0289; P2009M0290; P2009M0294,WESTER RAIL YARDS; WESTERN RAIL YARDS/MTA SITE; WESTERN RAIL YARDS,"Application no C 090408 MMM. submitted by the Department of City Planning pursuant to Sections 197-c and 199 of the New York City Charter, for an amendment to the City Map involving a change in grade on West 33rd Street, between Eleventh and Twelfth Avenues. This application is subject to review and action by the Land Use Committee only if appealed to the Council pursuant to §197-d (b)(2) of the Charter or called up by vote of the Council pursuant to §197-d (b)(3) of the Charter.; Application no. C 090422 HAM submitted by the Department of Housing Preservation and Development (HPD) pursuant to Article 16 of the General Municipal Law of New York State for: the designation of property located at West 48th and West 49th streets, west of 10th Avenue (Block 1077, part of Lot 29), as an Urban Development Action Area; and an Urban Development Action Area Project for such area; and pursuant to Section 197-c of the New York City Charter for the disposition of such property to a developer to be selected by HPD; to facilitate the development of a mixed-use building, tentatively; Application no. C 090423 HAM submitted by the Department of Housing Preservation and Development (HPD):1) pursuant to Article 16 of the General Municipal Law of New York State for: a. the designation of property located at 806 Ninth Avenue (Block 1044, p/o Lot 3); as an Urban Development Action Area; and an Urban Development Action Area Project for such area; and pursuant to Section 197-c of the New York City Charter for the disposition of such property to a developer to be selected by HPD; to facilitate the development of a mixed-use building, tentatively known as the Westside Rail Yard/MTA",https://legistar.council.nyc.gov/LegislationDetail.aspx?ID=535134&GUID=FCF3E716-7DD9-4C32-95A7-26CD7BE79C36&Options=ID|Text|&Search=; https://legistar.council.nyc.gov/LegislationDetail.aspx?ID=535137&GUID=8C427EEB-D0C5-4668-B580-DD00AE8104C2&Options=ID|Text|&Search=; https://legistar.council.nyc.gov/LegislationDetail.aspx?ID=535139&GUID=2B90673A-448A-44C0-A4FF-25514E705DAD&Options=ID|Text|&Search=; https://legistar.council.nyc.gov/LegislationDetail.aspx?ID=535151&GUID=CBF67258-EC2F-4FEA-9479-F355CE53E0C6&Options=ID|Text|&Search=; https://legistar.council.nyc.gov/LegislationDetail.aspx?ID=535154&GUID=E7DA13FA-16FD-4A5C-931E-C667A95E75E7&Options=ID|Text|&Search=; https://legistar.council.nyc.gov/LegislationDetail.aspx?ID=535142&GUID=0F3750B9-8F2C-4858-95C6-42711031FCE0&Options=ID|Text|&Search=; https://legistar.council.nyc.gov/LegislationDetail.aspx?ID=535144&GUID=D40D2E40-9B20-4036-9FEB-0E968E25F6C2&Options=ID|Text|&Search=; https://legistar.council.nyc.gov/LegislationDetail.aspx?ID=535146&GUID=2CCECEE3-1806-4CC3-87B6-481F744E00D5&Options=ID|Text|&Search=; https://legistar.council.nyc.gov/LegislationDetail.aspx?ID=535148&GUID=477A47B2-2150-4A0E-AA0E-C276FB41E1EA&Options=ID|Text|&Search=; https://legistar.council.nyc.gov/LegislationDetail.aspx?ID=558536&GUID=A69FFD61-04C3-435A-A67C-437C046AAEEE&Options=ID|Text|&Search=; https://legistar.council.nyc.gov/LegislationDetail.aspx?ID=558537&GUID=9A77A90A-5506-444D-B562-8C4D01EC04F6&Options=ID|Text|&Search=; https://legistar.council.nyc.gov/LegislationDetail.aspx?ID=558538&GUID=633C0C41-684A-4DA0-B044-A30DCB53C7E0&Options=ID|Text|&Search=; https://legistar.council.nyc.gov/LegislationDetail.aspx?ID=558539&GUID=93009A0A-67C3-4F43-9C8C-C50CB8DD0939&Options=ID|Text|&Search=; https://legistar.council.nyc.gov/LegislationDetail.aspx?ID=558540&GUID=09E18898-B5D7-4BDB-B6EC-3159BD9B9A6A&Options=ID|Text|&Search=; https://legistar.council.nyc.gov/LegislationDetail.aspx?ID=558541&GUID=336DC350-A992-4277-ADB7-A8E03BB75CAA&Options=ID|Text|&Search=; https://legistar.council.nyc.gov/LegislationDetail.aspx?ID=558542&GUID=4DB7EBBE-0504-4B8C-BEE2-CD3BBE79ACFD&Options=ID|Text|&Search=; https://legistar.council.nyc.gov/LegislationDetail.aspx?ID=558543&GUID=51D0CE8E-8817-4A6C-9A9D-81AC6DEEA37E&Options=ID|Text|&Search=; https://legistar.council.nyc.gov/LegislationDetail.aspx?ID=558544&GUID=31775FB5-CDE2-447D-A159-F5CEA86AEB74&Options=ID|Text|&Search=,https://legistar.council.nyc.gov/HistoryDetail.aspx?ID=2830913&GUID=F7B91500-FFB8-4984-B3F7-FC545A083124; https://legistar.council.nyc.gov/HistoryDetail.aspx?ID=2830914&GUID=6B4E9292-43FB-4FCF-B925-B9E50499F44E; https://legistar.council.nyc.gov/HistoryDetail.aspx?ID=2830915&GUID=40499509-84B0-40E2-A90B-DBA85BB572E8; https://legistar.council.nyc.gov/HistoryDetail.aspx?ID=2830916&GUID=B093695D-5AEE-4B9F-BFAA-A00AF2ED87A5; https://legistar.council.nyc.gov/HistoryDetail.aspx?ID=2830917&GUID=CB2BF1BF-1453-4443-8E67-01D8DA49A27F; https://legistar.council.nyc.gov/HistoryDetail.aspx?ID=2830918&GUID=2D87B1F6-77EA-4267-8377-2CF9BF00A766; https://legistar.council.nyc.gov/HistoryDetail.aspx?ID=2830919&GUID=7DDDBC7A-606F-4C60-9894-BA9AE0172F49; https://legistar.council.nyc.gov/HistoryDetail.aspx?ID=2830920&GUID=12F24A42-F42C-4374-AC1C-9C3BCB34054A; https://legistar.council.nyc.gov/HistoryDetail.aspx?ID=2830921&GUID=3D5369B2-7675-4476-A987-09B4BCDC8F6E; https://legistar.council.nyc.gov/HistoryDetail.aspx?ID=2830589&GUID=2A1CB295-A029-43A0-810A-49A5A6D7BD5E; https://legistar.council.nyc.gov/HistoryDetail.aspx?ID=2830590&GUID=24E3B29F-B7A8-4523-9657-CD610B157719; https://legistar.council.nyc.gov/HistoryDetail.aspx?ID=2830591&GUID=05A58B72-4395-4AEB-A724-EBFBEA0F5BCB; https://legistar.council.nyc.gov/HistoryDetail.aspx?ID=2830592&GUID=850280FC-BC15-4B23-B686-36210B3C5666; https://legistar.council.nyc.gov/HistoryDetail.aspx?ID=2830593&GUID=8F6F7C1E-2197-49B3-9821-88BFB1B0E39D; https://legistar.council.nyc.gov/HistoryDetail.aspx?ID=2830594&GUID=CEE12BDC-4420-42E5-91CC-FFB9CA8ADCA9; https://legistar.council.nyc.gov/HistoryDetail.aspx?ID=2830595&GUID=CFF06293-88AB-4EE1-B523-AA19E3B2EFCD; https://legistar.council.nyc.gov/HistoryDetail.aspx?ID=2830596&GUID=3C155B1E-96AD-4190-B8FA-286B8FF5C9BE; https://legistar.council.nyc.gov/HistoryDetail.aspx?ID=2830597&GUID=80ACD3CA-7834-462E-BFA6-F3FA6375A84B
2009,2009-12-21,LU 1267-2009,clu_geo_020,3,deterministic_geography_verification,high,deterministically_verified_project_geography,zap_bbl,AI-adjudicated geography matched deterministic zap_bbl assignment using DCP Council boundary release 09C.,LU 1260-2009; LU 1261-2009; LU 1262-2009; LU 1263-2009; LU 1264-2009; LU 1265-2009; LU 1266-2009; LU 1267-2009; LU 1268-2009; Res 2323-2009; Res 2324-2009; Res 2325-2009; Res 2326-2009; Res 2327-2009; Res 2328-2009; Res 2329-2009; Res 2330-2009; Res 2331-2009,090408MMM; 090422HAM; 090423HAM; 090429ZRM; 090430ZMM; 090433ZMM; 090434ZRM; 090435ZSM; 090436ZSM,P2009M0287; P2009M0289; P2009M0290; P2009M0294,WESTER RAIL YARDS; WESTERN RAIL YARDS/MTA SITE; WESTERN RAIL YARDS,"Application no C 090408 MMM. submitted by the Department of City Planning pursuant to Sections 197-c and 199 of the New York City Charter, for an amendment to the City Map involving a change in grade on West 33rd Street, between Eleventh and Twelfth Avenues. This application is subject to review and action by the Land Use Committee only if appealed to the Council pursuant to §197-d (b)(2) of the Charter or called up by vote of the Council pursuant to §197-d (b)(3) of the Charter.; Application no. C 090422 HAM submitted by the Department of Housing Preservation and Development (HPD) pursuant to Article 16 of the General Municipal Law of New York State for: the designation of property located at West 48th and West 49th streets, west of 10th Avenue (Block 1077, part of Lot 29), as an Urban Development Action Area; and an Urban Development Action Area Project for such area; and pursuant to Section 197-c of the New York City Charter for the disposition of such property to a developer to be selected by HPD; to facilitate the development of a mixed-use building, tentatively; Application no. C 090423 HAM submitted by the Department of Housing Preservation and Development (HPD):1) pursuant to Article 16 of the General Municipal Law of New York State for: a. the designation of property located at 806 Ninth Avenue (Block 1044, p/o Lot 3); as an Urban Development Action Area; and an Urban Development Action Area Project for such area; and pursuant to Section 197-c of the New York City Charter for the disposition of such property to a developer to be selected by HPD; to facilitate the development of a mixed-use building, tentatively known as the Westside Rail Yard/MTA",https://legistar.council.nyc.gov/LegislationDetail.aspx?ID=535134&GUID=FCF3E716-7DD9-4C32-95A7-26CD7BE79C36&Options=ID|Text|&Search=; https://legistar.council.nyc.gov/LegislationDetail.aspx?ID=535137&GUID=8C427EEB-D0C5-4668-B580-DD00AE8104C2&Options=ID|Text|&Search=; https://legistar.council.nyc.gov/LegislationDetail.aspx?ID=535139&GUID=2B90673A-448A-44C0-A4FF-25514E705DAD&Options=ID|Text|&Search=; https://legistar.council.nyc.gov/LegislationDetail.aspx?ID=535151&GUID=CBF67258-EC2F-4FEA-9479-F355CE53E0C6&Options=ID|Text|&Search=; https://legistar.council.nyc.gov/LegislationDetail.aspx?ID=535154&GUID=E7DA13FA-16FD-4A5C-931E-C667A95E75E7&Options=ID|Text|&Search=; https://legistar.council.nyc.gov/LegislationDetail.aspx?ID=535142&GUID=0F3750B9-8F2C-4858-95C6-42711031FCE0&Options=ID|Text|&Search=; https://legistar.council.nyc.gov/LegislationDetail.aspx?ID=535144&GUID=D40D2E40-9B20-4036-9FEB-0E968E25F6C2&Options=ID|Text|&Search=; https://legistar.council.nyc.gov/LegislationDetail.aspx?ID=535146&GUID=2CCECEE3-1806-4CC3-87B6-481F744E00D5&Options=ID|Text|&Search=; https://legistar.council.nyc.gov/LegislationDetail.aspx?ID=535148&GUID=477A47B2-2150-4A0E-AA0E-C276FB41E1EA&Options=ID|Text|&Search=; https://legistar.council.nyc.gov/LegislationDetail.aspx?ID=558536&GUID=A69FFD61-04C3-435A-A67C-437C046AAEEE&Options=ID|Text|&Search=; https://legistar.council.nyc.gov/LegislationDetail.aspx?ID=558537&GUID=9A77A90A-5506-444D-B562-8C4D01EC04F6&Options=ID|Text|&Search=; https://legistar.council.nyc.gov/LegislationDetail.aspx?ID=558538&GUID=633C0C41-684A-4DA0-B044-A30DCB53C7E0&Options=ID|Text|&Search=; https://legistar.council.nyc.gov/LegislationDetail.aspx?ID=558539&GUID=93009A0A-67C3-4F43-9C8C-C50CB8DD0939&Options=ID|Text|&Search=; https://legistar.council.nyc.gov/LegislationDetail.aspx?ID=558540&GUID=09E18898-B5D7-4BDB-B6EC-3159BD9B9A6A&Options=ID|Text|&Search=; https://legistar.council.nyc.gov/LegislationDetail.aspx?ID=558541&GUID=336DC350-A992-4277-ADB7-A8E03BB75CAA&Options=ID|Text|&Search=; https://legistar.council.nyc.gov/LegislationDetail.aspx?ID=558542&GUID=4DB7EBBE-0504-4B8C-BEE2-CD3BBE79ACFD&Options=ID|Text|&Search=; https://legistar.council.nyc.gov/LegislationDetail.aspx?ID=558543&GUID=51D0CE8E-8817-4A6C-9A9D-81AC6DEEA37E&Options=ID|Text|&Search=; https://legistar.council.nyc.gov/LegislationDetail.aspx?ID=558544&GUID=31775FB5-CDE2-447D-A159-F5CEA86AEB74&Options=ID|Text|&Search=,https://legistar.council.nyc.gov/HistoryDetail.aspx?ID=2830913&GUID=F7B91500-FFB8-4984-B3F7-FC545A083124; https://legistar.council.nyc.gov/HistoryDetail.aspx?ID=2830914&GUID=6B4E9292-43FB-4FCF-B925-B9E50499F44E; https://legistar.council.nyc.gov/HistoryDetail.aspx?ID=2830915&GUID=40499509-84B0-40E2-A90B-DBA85BB572E8; https://legistar.council.nyc.gov/HistoryDetail.aspx?ID=2830916&GUID=B093695D-5AEE-4B9F-BFAA-A00AF2ED87A5; https://legistar.council.nyc.gov/HistoryDetail.aspx?ID=2830917&GUID=CB2BF1BF-1453-4443-8E67-01D8DA49A27F; https://legistar.council.nyc.gov/HistoryDetail.aspx?ID=2830918&GUID=2D87B1F6-77EA-4267-8377-2CF9BF00A766; https://legistar.council.nyc.gov/HistoryDetail.aspx?ID=2830919&GUID=7DDDBC7A-606F-4C60-9894-BA9AE0172F49; https://legistar.council.nyc.gov/HistoryDetail.aspx?ID=2830920&GUID=12F24A42-F42C-4374-AC1C-9C3BCB34054A; https://legistar.council.nyc.gov/HistoryDetail.aspx?ID=2830921&GUID=3D5369B2-7675-4476-A987-09B4BCDC8F6E; https://legistar.council.nyc.gov/HistoryDetail.aspx?ID=2830589&GUID=2A1CB295-A029-43A0-810A-49A5A6D7BD5E; https://legistar.council.nyc.gov/HistoryDetail.aspx?ID=2830590&GUID=24E3B29F-B7A8-4523-9657-CD610B157719; https://legistar.council.nyc.gov/HistoryDetail.aspx?ID=2830591&GUID=05A58B72-4395-4AEB-A724-EBFBEA0F5BCB; https://legistar.council.nyc.gov/HistoryDetail.aspx?ID=2830592&GUID=850280FC-BC15-4B23-B686-36210B3C5666; https://legistar.council.nyc.gov/HistoryDetail.aspx?ID=2830593&GUID=8F6F7C1E-2197-49B3-9821-88BFB1B0E39D; https://legistar.council.nyc.gov/HistoryDetail.aspx?ID=2830594&GUID=CEE12BDC-4420-42E5-91CC-FFB9CA8ADCA9; https://legistar.council.nyc.gov/HistoryDetail.aspx?ID=2830595&GUID=CFF06293-88AB-4EE1-B523-AA19E3B2EFCD; https://legistar.council.nyc.gov/HistoryDetail.aspx?ID=2830596&GUID=3C155B1E-96AD-4190-B8FA-286B8FF5C9BE; https://legistar.council.nyc.gov/HistoryDetail.aspx?ID=2830597&GUID=80ACD3CA-7834-462E-BFA6-F3FA6375A84B
2009,2009-12-21,LU 1268-2009,clu_geo_020,3,deterministic_geography_verification,high,deterministically_verified_project_geography,zap_bbl,AI-adjudicated geography matched deterministic zap_bbl assignment using DCP Council boundary release 09C.,LU 1260-2009; LU 1261-2009; LU 1262-2009; LU 1263-2009; LU 1264-2009; LU 1265-2009; LU 1266-2009; LU 1267-2009; LU 1268-2009; Res 2323-2009; Res 2324-2009; Res 2325-2009; Res 2326-2009; Res 2327-2009; Res 2328-2009; Res 2329-2009; Res 2330-2009; Res 2331-2009,090408MMM; 090422HAM; 090423HAM; 090429ZRM; 090430ZMM; 090433ZMM; 090434ZRM; 090435ZSM; 090436ZSM,P2009M0287; P2009M0289; P2009M0290; P2009M0294,WESTER RAIL YARDS; WESTERN RAIL YARDS/MTA SITE; WESTERN RAIL YARDS,"Application no C 090408 MMM. submitted by the Department of City Planning pursuant to Sections 197-c and 199 of the New York City Charter, for an amendment to the City Map involving a change in grade on West 33rd Street, between Eleventh and Twelfth Avenues. This application is subject to review and action by the Land Use Committee only if appealed to the Council pursuant to §197-d (b)(2) of the Charter or called up by vote of the Council pursuant to §197-d (b)(3) of the Charter.; Application no. C 090422 HAM submitted by the Department of Housing Preservation and Development (HPD) pursuant to Article 16 of the General Municipal Law of New York State for: the designation of property located at West 48th and West 49th streets, west of 10th Avenue (Block 1077, part of Lot 29), as an Urban Development Action Area; and an Urban Development Action Area Project for such area; and pursuant to Section 197-c of the New York City Charter for the disposition of such property to a developer to be selected by HPD; to facilitate the development of a mixed-use building, tentatively; Application no. C 090423 HAM submitted by the Department of Housing Preservation and Development (HPD):1) pursuant to Article 16 of the General Municipal Law of New York State for: a. the designation of property located at 806 Ninth Avenue (Block 1044, p/o Lot 3); as an Urban Development Action Area; and an Urban Development Action Area Project for such area; and pursuant to Section 197-c of the New York City Charter for the disposition of such property to a developer to be selected by HPD; to facilitate the development of a mixed-use building, tentatively known as the Westside Rail Yard/MTA",https://legistar.council.nyc.gov/LegislationDetail.aspx?ID=535134&GUID=FCF3E716-7DD9-4C32-95A7-26CD7BE79C36&Options=ID|Text|&Search=; https://legistar.council.nyc.gov/LegislationDetail.aspx?ID=535137&GUID=8C427EEB-D0C5-4668-B580-DD00AE8104C2&Options=ID|Text|&Search=; https://legistar.council.nyc.gov/LegislationDetail.aspx?ID=535139&GUID=2B90673A-448A-44C0-A4FF-25514E705DAD&Options=ID|Text|&Search=; https://legistar.council.nyc.gov/LegislationDetail.aspx?ID=535151&GUID=CBF67258-EC2F-4FEA-9479-F355CE53E0C6&Options=ID|Text|&Search=; https://legistar.council.nyc.gov/LegislationDetail.aspx?ID=535154&GUID=E7DA13FA-16FD-4A5C-931E-C667A95E75E7&Options=ID|Text|&Search=; https://legistar.council.nyc.gov/LegislationDetail.aspx?ID=535142&GUID=0F3750B9-8F2C-4858-95C6-42711031FCE0&Options=ID|Text|&Search=; https://legistar.council.nyc.gov/LegislationDetail.aspx?ID=535144&GUID=D40D2E40-9B20-4036-9FEB-0E968E25F6C2&Options=ID|Text|&Search=; https://legistar.council.nyc.gov/LegislationDetail.aspx?ID=535146&GUID=2CCECEE3-1806-4CC3-87B6-481F744E00D5&Options=ID|Text|&Search=; https://legistar.council.nyc.gov/LegislationDetail.aspx?ID=535148&GUID=477A47B2-2150-4A0E-AA0E-C276FB41E1EA&Options=ID|Text|&Search=; https://legistar.council.nyc.gov/LegislationDetail.aspx?ID=558536&GUID=A69FFD61-04C3-435A-A67C-437C046AAEEE&Options=ID|Text|&Search=; https://legistar.council.nyc.gov/LegislationDetail.aspx?ID=558537&GUID=9A77A90A-5506-444D-B562-8C4D01EC04F6&Options=ID|Text|&Search=; https://legistar.council.nyc.gov/LegislationDetail.aspx?ID=558538&GUID=633C0C41-684A-4DA0-B044-A30DCB53C7E0&Options=ID|Text|&Search=; https://legistar.council.nyc.gov/LegislationDetail.aspx?ID=558539&GUID=93009A0A-67C3-4F43-9C8C-C50CB8DD0939&Options=ID|Text|&Search=; https://legistar.council.nyc.gov/LegislationDetail.aspx?ID=558540&GUID=09E18898-B5D7-4BDB-B6EC-3159BD9B9A6A&Options=ID|Text|&Search=; https://legistar.council.nyc.gov/LegislationDetail.aspx?ID=558541&GUID=336DC350-A992-4277-ADB7-A8E03BB75CAA&Options=ID|Text|&Search=; https://legistar.council.nyc.gov/LegislationDetail.aspx?ID=558542&GUID=4DB7EBBE-0504-4B8C-BEE2-CD3BBE79ACFD&Options=ID|Text|&Search=; https://legistar.council.nyc.gov/LegislationDetail.aspx?ID=558543&GUID=51D0CE8E-8817-4A6C-9A9D-81AC6DEEA37E&Options=ID|Text|&Search=; https://legistar.council.nyc.gov/LegislationDetail.aspx?ID=558544&GUID=31775FB5-CDE2-447D-A159-F5CEA86AEB74&Options=ID|Text|&Search=,https://legistar.council.nyc.gov/HistoryDetail.aspx?ID=2830913&GUID=F7B91500-FFB8-4984-B3F7-FC545A083124; https://legistar.council.nyc.gov/HistoryDetail.aspx?ID=2830914&GUID=6B4E9292-43FB-4FCF-B925-B9E50499F44E; https://legistar.council.nyc.gov/HistoryDetail.aspx?ID=2830915&GUID=40499509-84B0-40E2-A90B-DBA85BB572E8; https://legistar.council.nyc.gov/HistoryDetail.aspx?ID=2830916&GUID=B093695D-5AEE-4B9F-BFAA-A00AF2ED87A5; https://legistar.council.nyc.gov/HistoryDetail.aspx?ID=2830917&GUID=CB2BF1BF-1453-4443-8E67-01D8DA49A27F; https://legistar.council.nyc.gov/HistoryDetail.aspx?ID=2830918&GUID=2D87B1F6-77EA-4267-8377-2CF9BF00A766; https://legistar.council.nyc.gov/HistoryDetail.aspx?ID=2830919&GUID=7DDDBC7A-606F-4C60-9894-BA9AE0172F49; https://legistar.council.nyc.gov/HistoryDetail.aspx?ID=2830920&GUID=12F24A42-F42C-4374-AC1C-9C3BCB34054A; https://legistar.council.nyc.gov/HistoryDetail.aspx?ID=2830921&GUID=3D5369B2-7675-4476-A987-09B4BCDC8F6E; https://legistar.council.nyc.gov/HistoryDetail.aspx?ID=2830589&GUID=2A1CB295-A029-43A0-810A-49A5A6D7BD5E; https://legistar.council.nyc.gov/HistoryDetail.aspx?ID=2830590&GUID=24E3B29F-B7A8-4523-9657-CD610B157719; https://legistar.council.nyc.gov/HistoryDetail.aspx?ID=2830591&GUID=05A58B72-4395-4AEB-A724-EBFBEA0F5BCB; https://legistar.council.nyc.gov/HistoryDetail.aspx?ID=2830592&GUID=850280FC-BC15-4B23-B686-36210B3C5666; https://legistar.council.nyc.gov/HistoryDetail.aspx?ID=2830593&GUID=8F6F7C1E-2197-49B3-9821-88BFB1B0E39D; https://legistar.council.nyc.gov/HistoryDetail.aspx?ID=2830594&GUID=CEE12BDC-4420-42E5-91CC-FFB9CA8ADCA9; https://legistar.council.nyc.gov/HistoryDetail.aspx?ID=2830595&GUID=CFF06293-88AB-4EE1-B523-AA19E3B2EFCD; https://legistar.council.nyc.gov/HistoryDetail.aspx?ID=2830596&GUID=3C155B1E-96AD-4190-B8FA-286B8FF5C9BE; https://legistar.council.nyc.gov/HistoryDetail.aspx?ID=2830597&GUID=80ACD3CA-7834-462E-BFA6-F3FA6375A84B
2009,2009-12-21,LU 1273-2009,clu_geo_023,1,deterministic_geography_verification,high,deterministically_verified_project_geography,zap_bbl,AI-adjudicated geography matched deterministic zap_bbl assignment using DCP Council boundary release 09C.,LU 1273-2009,090293ZRM,P2009M0193,WILLIAM BEAVER HOUSE,"Application no. N 090293 ZRM by the Department of City Planning, pursuant to Section 201 of the New York City Charter, for an amendment of the Zoning Resolution of the City of New York concerning the Special Lower Manhattan District (Article IX, Chapter 1), Appendix A, Map 5, relating to curb cut prohibitions, Community Board 1, Borough of Manhattan.",https://legistar.council.nyc.gov/LegislationDetail.aspx?ID=546128&GUID=03831C1F-7099-4FA6-8098-E4F7869DC513&Options=ID|Text|&Search=,https://legistar.council.nyc.gov/HistoryDetail.aspx?ID=2830922&GUID=F2467D2E-CE73-40CA-B647-06A50800FACA
2009,2009-12-21,Res 2323-2009,clu_geo_020,3,deterministic_geography_verification,high,deterministically_verified_project_geography,zap_bbl,AI-adjudicated geography matched deterministic zap_bbl assignment using DCP Council boundary release 09C.,LU 1260-2009; LU 1261-2009; LU 1262-2009; LU 1263-2009; LU 1264-2009; LU 1265-2009; LU 1266-2009; LU 1267-2009; LU 1268-2009; Res 2323-2009; Res 2324-2009; Res 2325-2009; Res 2326-2009; Res 2327-2009; Res 2328-2009; Res 2329-2009; Res 2330-2009; Res 2331-2009,090408MMM; 090422HAM; 090423HAM; 090429ZRM; 090430ZMM; 090433ZMM; 090434ZRM; 090435ZSM; 090436ZSM,P2009M0287; P2009M0289; P2009M0290; P2009M0294,WESTER RAIL YARDS; WESTERN RAIL YARDS/MTA SITE; WESTERN RAIL YARDS,"Application no C 090408 MMM. submitted by the Department of City Planning pursuant to Sections 197-c and 199 of the New York City Charter, for an amendment to the City Map involving a change in grade on West 33rd Street, between Eleventh and Twelfth Avenues. This application is subject to review and action by the Land Use Committee only if appealed to the Council pursuant to §197-d (b)(2) of the Charter or called up by vote of the Council pursuant to §197-d (b)(3) of the Charter.; Application no. C 090422 HAM submitted by the Department of Housing Preservation and Development (HPD) pursuant to Article 16 of the General Municipal Law of New York State for: the designation of property located at West 48th and West 49th streets, west of 10th Avenue (Block 1077, part of Lot 29), as an Urban Development Action Area; and an Urban Development Action Area Project for such area; and pursuant to Section 197-c of the New York City Charter for the disposition of such property to a developer to be selected by HPD; to facilitate the development of a mixed-use building, tentatively; Application no. C 090423 HAM submitted by the Department of Housing Preservation and Development (HPD):1) pursuant to Article 16 of the General Municipal Law of New York State for: a. the designation of property located at 806 Ninth Avenue (Block 1044, p/o Lot 3); as an Urban Development Action Area; and an Urban Development Action Area Project for such area; and pursuant to Section 197-c of the New York City Charter for the disposition of such property to a developer to be selected by HPD; to facilitate the development of a mixed-use building, tentatively known as the Westside Rail Yard/MTA",https://legistar.council.nyc.gov/LegislationDetail.aspx?ID=535134&GUID=FCF3E716-7DD9-4C32-95A7-26CD7BE79C36&Options=ID|Text|&Search=; https://legistar.council.nyc.gov/LegislationDetail.aspx?ID=535137&GUID=8C427EEB-D0C5-4668-B580-DD00AE8104C2&Options=ID|Text|&Search=; https://legistar.council.nyc.gov/LegislationDetail.aspx?ID=535139&GUID=2B90673A-448A-44C0-A4FF-25514E705DAD&Options=ID|Text|&Search=; https://legistar.council.nyc.gov/LegislationDetail.aspx?ID=535151&GUID=CBF67258-EC2F-4FEA-9479-F355CE53E0C6&Options=ID|Text|&Search=; https://legistar.council.nyc.gov/LegislationDetail.aspx?ID=535154&GUID=E7DA13FA-16FD-4A5C-931E-C667A95E75E7&Options=ID|Text|&Search=; https://legistar.council.nyc.gov/LegislationDetail.aspx?ID=535142&GUID=0F3750B9-8F2C-4858-95C6-42711031FCE0&Options=ID|Text|&Search=; https://legistar.council.nyc.gov/LegislationDetail.aspx?ID=535144&GUID=D40D2E40-9B20-4036-9FEB-0E968E25F6C2&Options=ID|Text|&Search=; https://legistar.council.nyc.gov/LegislationDetail.aspx?ID=535146&GUID=2CCECEE3-1806-4CC3-87B6-481F744E00D5&Options=ID|Text|&Search=; https://legistar.council.nyc.gov/LegislationDetail.aspx?ID=535148&GUID=477A47B2-2150-4A0E-AA0E-C276FB41E1EA&Options=ID|Text|&Search=; https://legistar.council.nyc.gov/LegislationDetail.aspx?ID=558536&GUID=A69FFD61-04C3-435A-A67C-437C046AAEEE&Options=ID|Text|&Search=; https://legistar.council.nyc.gov/LegislationDetail.aspx?ID=558537&GUID=9A77A90A-5506-444D-B562-8C4D01EC04F6&Options=ID|Text|&Search=; https://legistar.council.nyc.gov/LegislationDetail.aspx?ID=558538&GUID=633C0C41-684A-4DA0-B044-A30DCB53C7E0&Options=ID|Text|&Search=; https://legistar.council.nyc.gov/LegislationDetail.aspx?ID=558539&GUID=93009A0A-67C3-4F43-9C8C-C50CB8DD0939&Options=ID|Text|&Search=; https://legistar.council.nyc.gov/LegislationDetail.aspx?ID=558540&GUID=09E18898-B5D7-4BDB-B6EC-3159BD9B9A6A&Options=ID|Text|&Search=; https://legistar.council.nyc.gov/LegislationDetail.aspx?ID=558541&GUID=336DC350-A992-4277-ADB7-A8E03BB75CAA&Options=ID|Text|&Search=; https://legistar.council.nyc.gov/LegislationDetail.aspx?ID=558542&GUID=4DB7EBBE-0504-4B8C-BEE2-CD3BBE79ACFD&Options=ID|Text|&Search=; https://legistar.council.nyc.gov/LegislationDetail.aspx?ID=558543&GUID=51D0CE8E-8817-4A6C-9A9D-81AC6DEEA37E&Options=ID|Text|&Search=; https://legistar.council.nyc.gov/LegislationDetail.aspx?ID=558544&GUID=31775FB5-CDE2-447D-A159-F5CEA86AEB74&Options=ID|Text|&Search=,https://legistar.council.nyc.gov/HistoryDetail.aspx?ID=2830913&GUID=F7B91500-FFB8-4984-B3F7-FC545A083124; https://legistar.council.nyc.gov/HistoryDetail.aspx?ID=2830914&GUID=6B4E9292-43FB-4FCF-B925-B9E50499F44E; https://legistar.council.nyc.gov/HistoryDetail.aspx?ID=2830915&GUID=40499509-84B0-40E2-A90B-DBA85BB572E8; https://legistar.council.nyc.gov/HistoryDetail.aspx?ID=2830916&GUID=B093695D-5AEE-4B9F-BFAA-A00AF2ED87A5; https://legistar.council.nyc.gov/HistoryDetail.aspx?ID=2830917&GUID=CB2BF1BF-1453-4443-8E67-01D8DA49A27F; https://legistar.council.nyc.gov/HistoryDetail.aspx?ID=2830918&GUID=2D87B1F6-77EA-4267-8377-2CF9BF00A766; https://legistar.council.nyc.gov/HistoryDetail.aspx?ID=2830919&GUID=7DDDBC7A-606F-4C60-9894-BA9AE0172F49; https://legistar.council.nyc.gov/HistoryDetail.aspx?ID=2830920&GUID=12F24A42-F42C-4374-AC1C-9C3BCB34054A; https://legistar.council.nyc.gov/HistoryDetail.aspx?ID=2830921&GUID=3D5369B2-7675-4476-A987-09B4BCDC8F6E; https://legistar.council.nyc.gov/HistoryDetail.aspx?ID=2830589&GUID=2A1CB295-A029-43A0-810A-49A5A6D7BD5E; https://legistar.council.nyc.gov/HistoryDetail.aspx?ID=2830590&GUID=24E3B29F-B7A8-4523-9657-CD610B157719; https://legistar.council.nyc.gov/HistoryDetail.aspx?ID=2830591&GUID=05A58B72-4395-4AEB-A724-EBFBEA0F5BCB; https://legistar.council.nyc.gov/HistoryDetail.aspx?ID=2830592&GUID=850280FC-BC15-4B23-B686-36210B3C5666; https://legistar.council.nyc.gov/HistoryDetail.aspx?ID=2830593&GUID=8F6F7C1E-2197-49B3-9821-88BFB1B0E39D; https://legistar.council.nyc.gov/HistoryDetail.aspx?ID=2830594&GUID=CEE12BDC-4420-42E5-91CC-FFB9CA8ADCA9; https://legistar.council.nyc.gov/HistoryDetail.aspx?ID=2830595&GUID=CFF06293-88AB-4EE1-B523-AA19E3B2EFCD; https://legistar.council.nyc.gov/HistoryDetail.aspx?ID=2830596&GUID=3C155B1E-96AD-4190-B8FA-286B8FF5C9BE; https://legistar.council.nyc.gov/HistoryDetail.aspx?ID=2830597&GUID=80ACD3CA-7834-462E-BFA6-F3FA6375A84B
2009,2009-12-21,Res 2324-2009,clu_geo_020,3,deterministic_geography_verification,high,deterministically_verified_project_geography,zap_bbl,AI-adjudicated geography matched deterministic zap_bbl assignment using DCP Council boundary release 09C.,LU 1260-2009; LU 1261-2009; LU 1262-2009; LU 1263-2009; LU 1264-2009; LU 1265-2009; LU 1266-2009; LU 1267-2009; LU 1268-2009; Res 2323-2009; Res 2324-2009; Res 2325-2009; Res 2326-2009; Res 2327-2009; Res 2328-2009; Res 2329-2009; Res 2330-2009; Res 2331-2009,090408MMM; 090422HAM; 090423HAM; 090429ZRM; 090430ZMM; 090433ZMM; 090434ZRM; 090435ZSM; 090436ZSM,P2009M0287; P2009M0289; P2009M0290; P2009M0294,WESTER RAIL YARDS; WESTERN RAIL YARDS/MTA SITE; WESTERN RAIL YARDS,"Application no C 090408 MMM. submitted by the Department of City Planning pursuant to Sections 197-c and 199 of the New York City Charter, for an amendment to the City Map involving a change in grade on West 33rd Street, between Eleventh and Twelfth Avenues. This application is subject to review and action by the Land Use Committee only if appealed to the Council pursuant to §197-d (b)(2) of the Charter or called up by vote of the Council pursuant to §197-d (b)(3) of the Charter.; Application no. C 090422 HAM submitted by the Department of Housing Preservation and Development (HPD) pursuant to Article 16 of the General Municipal Law of New York State for: the designation of property located at West 48th and West 49th streets, west of 10th Avenue (Block 1077, part of Lot 29), as an Urban Development Action Area; and an Urban Development Action Area Project for such area; and pursuant to Section 197-c of the New York City Charter for the disposition of such property to a developer to be selected by HPD; to facilitate the development of a mixed-use building, tentatively; Application no. C 090423 HAM submitted by the Department of Housing Preservation and Development (HPD):1) pursuant to Article 16 of the General Municipal Law of New York State for: a. the designation of property located at 806 Ninth Avenue (Block 1044, p/o Lot 3); as an Urban Development Action Area; and an Urban Development Action Area Project for such area; and pursuant to Section 197-c of the New York City Charter for the disposition of such property to a developer to be selected by HPD; to facilitate the development of a mixed-use building, tentatively known as the Westside Rail Yard/MTA",https://legistar.council.nyc.gov/LegislationDetail.aspx?ID=535134&GUID=FCF3E716-7DD9-4C32-95A7-26CD7BE79C36&Options=ID|Text|&Search=; https://legistar.council.nyc.gov/LegislationDetail.aspx?ID=535137&GUID=8C427EEB-D0C5-4668-B580-DD00AE8104C2&Options=ID|Text|&Search=; https://legistar.council.nyc.gov/LegislationDetail.aspx?ID=535139&GUID=2B90673A-448A-44C0-A4FF-25514E705DAD&Options=ID|Text|&Search=; https://legistar.council.nyc.gov/LegislationDetail.aspx?ID=535151&GUID=CBF67258-EC2F-4FEA-9479-F355CE53E0C6&Options=ID|Text|&Search=; https://legistar.council.nyc.gov/LegislationDetail.aspx?ID=535154&GUID=E7DA13FA-16FD-4A5C-931E-C667A95E75E7&Options=ID|Text|&Search=; https://legistar.council.nyc.gov/LegislationDetail.aspx?ID=535142&GUID=0F3750B9-8F2C-4858-95C6-42711031FCE0&Options=ID|Text|&Search=; https://legistar.council.nyc.gov/LegislationDetail.aspx?ID=535144&GUID=D40D2E40-9B20-4036-9FEB-0E968E25F6C2&Options=ID|Text|&Search=; https://legistar.council.nyc.gov/LegislationDetail.aspx?ID=535146&GUID=2CCECEE3-1806-4CC3-87B6-481F744E00D5&Options=ID|Text|&Search=; https://legistar.council.nyc.gov/LegislationDetail.aspx?ID=535148&GUID=477A47B2-2150-4A0E-AA0E-C276FB41E1EA&Options=ID|Text|&Search=; https://legistar.council.nyc.gov/LegislationDetail.aspx?ID=558536&GUID=A69FFD61-04C3-435A-A67C-437C046AAEEE&Options=ID|Text|&Search=; https://legistar.council.nyc.gov/LegislationDetail.aspx?ID=558537&GUID=9A77A90A-5506-444D-B562-8C4D01EC04F6&Options=ID|Text|&Search=; https://legistar.council.nyc.gov/LegislationDetail.aspx?ID=558538&GUID=633C0C41-684A-4DA0-B044-A30DCB53C7E0&Options=ID|Text|&Search=; https://legistar.council.nyc.gov/LegislationDetail.aspx?ID=558539&GUID=93009A0A-67C3-4F43-9C8C-C50CB8DD0939&Options=ID|Text|&Search=; https://legistar.council.nyc.gov/LegislationDetail.aspx?ID=558540&GUID=09E18898-B5D7-4BDB-B6EC-3159BD9B9A6A&Options=ID|Text|&Search=; https://legistar.council.nyc.gov/LegislationDetail.aspx?ID=558541&GUID=336DC350-A992-4277-ADB7-A8E03BB75CAA&Options=ID|Text|&Search=; https://legistar.council.nyc.gov/LegislationDetail.aspx?ID=558542&GUID=4DB7EBBE-0504-4B8C-BEE2-CD3BBE79ACFD&Options=ID|Text|&Search=; https://legistar.council.nyc.gov/LegislationDetail.aspx?ID=558543&GUID=51D0CE8E-8817-4A6C-9A9D-81AC6DEEA37E&Options=ID|Text|&Search=; https://legistar.council.nyc.gov/LegislationDetail.aspx?ID=558544&GUID=31775FB5-CDE2-447D-A159-F5CEA86AEB74&Options=ID|Text|&Search=,https://legistar.council.nyc.gov/HistoryDetail.aspx?ID=2830913&GUID=F7B91500-FFB8-4984-B3F7-FC545A083124; https://legistar.council.nyc.gov/HistoryDetail.aspx?ID=2830914&GUID=6B4E9292-43FB-4FCF-B925-B9E50499F44E; https://legistar.council.nyc.gov/HistoryDetail.aspx?ID=2830915&GUID=40499509-84B0-40E2-A90B-DBA85BB572E8; https://legistar.council.nyc.gov/HistoryDetail.aspx?ID=2830916&GUID=B093695D-5AEE-4B9F-BFAA-A00AF2ED87A5; https://legistar.council.nyc.gov/HistoryDetail.aspx?ID=2830917&GUID=CB2BF1BF-1453-4443-8E67-01D8DA49A27F; https://legistar.council.nyc.gov/HistoryDetail.aspx?ID=2830918&GUID=2D87B1F6-77EA-4267-8377-2CF9BF00A766; https://legistar.council.nyc.gov/HistoryDetail.aspx?ID=2830919&GUID=7DDDBC7A-606F-4C60-9894-BA9AE0172F49; https://legistar.council.nyc.gov/HistoryDetail.aspx?ID=2830920&GUID=12F24A42-F42C-4374-AC1C-9C3BCB34054A; https://legistar.council.nyc.gov/HistoryDetail.aspx?ID=2830921&GUID=3D5369B2-7675-4476-A987-09B4BCDC8F6E; https://legistar.council.nyc.gov/HistoryDetail.aspx?ID=2830589&GUID=2A1CB295-A029-43A0-810A-49A5A6D7BD5E; https://legistar.council.nyc.gov/HistoryDetail.aspx?ID=2830590&GUID=24E3B29F-B7A8-4523-9657-CD610B157719; https://legistar.council.nyc.gov/HistoryDetail.aspx?ID=2830591&GUID=05A58B72-4395-4AEB-A724-EBFBEA0F5BCB; https://legistar.council.nyc.gov/HistoryDetail.aspx?ID=2830592&GUID=850280FC-BC15-4B23-B686-36210B3C5666; https://legistar.council.nyc.gov/HistoryDetail.aspx?ID=2830593&GUID=8F6F7C1E-2197-49B3-9821-88BFB1B0E39D; https://legistar.council.nyc.gov/HistoryDetail.aspx?ID=2830594&GUID=CEE12BDC-4420-42E5-91CC-FFB9CA8ADCA9; https://legistar.council.nyc.gov/HistoryDetail.aspx?ID=2830595&GUID=CFF06293-88AB-4EE1-B523-AA19E3B2EFCD; https://legistar.council.nyc.gov/HistoryDetail.aspx?ID=2830596&GUID=3C155B1E-96AD-4190-B8FA-286B8FF5C9BE; https://legistar.council.nyc.gov/HistoryDetail.aspx?ID=2830597&GUID=80ACD3CA-7834-462E-BFA6-F3FA6375A84B
2009,2009-12-21,Res 2325-2009,clu_geo_020,3,deterministic_geography_verification,high,deterministically_verified_project_geography,zap_bbl,AI-adjudicated geography matched deterministic zap_bbl assignment using DCP Council boundary release 09C.,LU 1260-2009; LU 1261-2009; LU 1262-2009; LU 1263-2009; LU 1264-2009; LU 1265-2009; LU 1266-2009; LU 1267-2009; LU 1268-2009; Res 2323-2009; Res 2324-2009; Res 2325-2009; Res 2326-2009; Res 2327-2009; Res 2328-2009; Res 2329-2009; Res 2330-2009; Res 2331-2009,090408MMM; 090422HAM; 090423HAM; 090429ZRM; 090430ZMM; 090433ZMM; 090434ZRM; 090435ZSM; 090436ZSM,P2009M0287; P2009M0289; P2009M0290; P2009M0294,WESTER RAIL YARDS; WESTERN RAIL YARDS/MTA SITE; WESTERN RAIL YARDS,"Application no C 090408 MMM. submitted by the Department of City Planning pursuant to Sections 197-c and 199 of the New York City Charter, for an amendment to the City Map involving a change in grade on West 33rd Street, between Eleventh and Twelfth Avenues. This application is subject to review and action by the Land Use Committee only if appealed to the Council pursuant to §197-d (b)(2) of the Charter or called up by vote of the Council pursuant to §197-d (b)(3) of the Charter.; Application no. C 090422 HAM submitted by the Department of Housing Preservation and Development (HPD) pursuant to Article 16 of the General Municipal Law of New York State for: the designation of property located at West 48th and West 49th streets, west of 10th Avenue (Block 1077, part of Lot 29), as an Urban Development Action Area; and an Urban Development Action Area Project for such area; and pursuant to Section 197-c of the New York City Charter for the disposition of such property to a developer to be selected by HPD; to facilitate the development of a mixed-use building, tentatively; Application no. C 090423 HAM submitted by the Department of Housing Preservation and Development (HPD):1) pursuant to Article 16 of the General Municipal Law of New York State for: a. the designation of property located at 806 Ninth Avenue (Block 1044, p/o Lot 3); as an Urban Development Action Area; and an Urban Development Action Area Project for such area; and pursuant to Section 197-c of the New York City Charter for the disposition of such property to a developer to be selected by HPD; to facilitate the development of a mixed-use building, tentatively known as the Westside Rail Yard/MTA",https://legistar.council.nyc.gov/LegislationDetail.aspx?ID=535134&GUID=FCF3E716-7DD9-4C32-95A7-26CD7BE79C36&Options=ID|Text|&Search=; https://legistar.council.nyc.gov/LegislationDetail.aspx?ID=535137&GUID=8C427EEB-D0C5-4668-B580-DD00AE8104C2&Options=ID|Text|&Search=; https://legistar.council.nyc.gov/LegislationDetail.aspx?ID=535139&GUID=2B90673A-448A-44C0-A4FF-25514E705DAD&Options=ID|Text|&Search=; https://legistar.council.nyc.gov/LegislationDetail.aspx?ID=535151&GUID=CBF67258-EC2F-4FEA-9479-F355CE53E0C6&Options=ID|Text|&Search=; https://legistar.council.nyc.gov/LegislationDetail.aspx?ID=535154&GUID=E7DA13FA-16FD-4A5C-931E-C667A95E75E7&Options=ID|Text|&Search=; https://legistar.council.nyc.gov/LegislationDetail.aspx?ID=535142&GUID=0F3750B9-8F2C-4858-95C6-42711031FCE0&Options=ID|Text|&Search=; https://legistar.council.nyc.gov/LegislationDetail.aspx?ID=535144&GUID=D40D2E40-9B20-4036-9FEB-0E968E25F6C2&Options=ID|Text|&Search=; https://legistar.council.nyc.gov/LegislationDetail.aspx?ID=535146&GUID=2CCECEE3-1806-4CC3-87B6-481F744E00D5&Options=ID|Text|&Search=; https://legistar.council.nyc.gov/LegislationDetail.aspx?ID=535148&GUID=477A47B2-2150-4A0E-AA0E-C276FB41E1EA&Options=ID|Text|&Search=; https://legistar.council.nyc.gov/LegislationDetail.aspx?ID=558536&GUID=A69FFD61-04C3-435A-A67C-437C046AAEEE&Options=ID|Text|&Search=; https://legistar.council.nyc.gov/LegislationDetail.aspx?ID=558537&GUID=9A77A90A-5506-444D-B562-8C4D01EC04F6&Options=ID|Text|&Search=; https://legistar.council.nyc.gov/LegislationDetail.aspx?ID=558538&GUID=633C0C41-684A-4DA0-B044-A30DCB53C7E0&Options=ID|Text|&Search=; https://legistar.council.nyc.gov/LegislationDetail.aspx?ID=558539&GUID=93009A0A-67C3-4F43-9C8C-C50CB8DD0939&Options=ID|Text|&Search=; https://legistar.council.nyc.gov/LegislationDetail.aspx?ID=558540&GUID=09E18898-B5D7-4BDB-B6EC-3159BD9B9A6A&Options=ID|Text|&Search=; https://legistar.council.nyc.gov/LegislationDetail.aspx?ID=558541&GUID=336DC350-A992-4277-ADB7-A8E03BB75CAA&Options=ID|Text|&Search=; https://legistar.council.nyc.gov/LegislationDetail.aspx?ID=558542&GUID=4DB7EBBE-0504-4B8C-BEE2-CD3BBE79ACFD&Options=ID|Text|&Search=; https://legistar.council.nyc.gov/LegislationDetail.aspx?ID=558543&GUID=51D0CE8E-8817-4A6C-9A9D-81AC6DEEA37E&Options=ID|Text|&Search=; https://legistar.council.nyc.gov/LegislationDetail.aspx?ID=558544&GUID=31775FB5-CDE2-447D-A159-F5CEA86AEB74&Options=ID|Text|&Search=,https://legistar.council.nyc.gov/HistoryDetail.aspx?ID=2830913&GUID=F7B91500-FFB8-4984-B3F7-FC545A083124; https://legistar.council.nyc.gov/HistoryDetail.aspx?ID=2830914&GUID=6B4E9292-43FB-4FCF-B925-B9E50499F44E; https://legistar.council.nyc.gov/HistoryDetail.aspx?ID=2830915&GUID=40499509-84B0-40E2-A90B-DBA85BB572E8; https://legistar.council.nyc.gov/HistoryDetail.aspx?ID=2830916&GUID=B093695D-5AEE-4B9F-BFAA-A00AF2ED87A5; https://legistar.council.nyc.gov/HistoryDetail.aspx?ID=2830917&GUID=CB2BF1BF-1453-4443-8E67-01D8DA49A27F; https://legistar.council.nyc.gov/HistoryDetail.aspx?ID=2830918&GUID=2D87B1F6-77EA-4267-8377-2CF9BF00A766; https://legistar.council.nyc.gov/HistoryDetail.aspx?ID=2830919&GUID=7DDDBC7A-606F-4C60-9894-BA9AE0172F49; https://legistar.council.nyc.gov/HistoryDetail.aspx?ID=2830920&GUID=12F24A42-F42C-4374-AC1C-9C3BCB34054A; https://legistar.council.nyc.gov/HistoryDetail.aspx?ID=2830921&GUID=3D5369B2-7675-4476-A987-09B4BCDC8F6E; https://legistar.council.nyc.gov/HistoryDetail.aspx?ID=2830589&GUID=2A1CB295-A029-43A0-810A-49A5A6D7BD5E; https://legistar.council.nyc.gov/HistoryDetail.aspx?ID=2830590&GUID=24E3B29F-B7A8-4523-9657-CD610B157719; https://legistar.council.nyc.gov/HistoryDetail.aspx?ID=2830591&GUID=05A58B72-4395-4AEB-A724-EBFBEA0F5BCB; https://legistar.council.nyc.gov/HistoryDetail.aspx?ID=2830592&GUID=850280FC-BC15-4B23-B686-36210B3C5666; https://legistar.council.nyc.gov/HistoryDetail.aspx?ID=2830593&GUID=8F6F7C1E-2197-49B3-9821-88BFB1B0E39D; https://legistar.council.nyc.gov/HistoryDetail.aspx?ID=2830594&GUID=CEE12BDC-4420-42E5-91CC-FFB9CA8ADCA9; https://legistar.council.nyc.gov/HistoryDetail.aspx?ID=2830595&GUID=CFF06293-88AB-4EE1-B523-AA19E3B2EFCD; https://legistar.council.nyc.gov/HistoryDetail.aspx?ID=2830596&GUID=3C155B1E-96AD-4190-B8FA-286B8FF5C9BE; https://legistar.council.nyc.gov/HistoryDetail.aspx?ID=2830597&GUID=80ACD3CA-7834-462E-BFA6-F3FA6375A84B
2009,2009-12-21,Res 2326-2009,clu_geo_020,3,deterministic_geography_verification,high,deterministically_verified_project_geography,zap_bbl,AI-adjudicated geography matched deterministic zap_bbl assignment using DCP Council boundary release 09C.,LU 1260-2009; LU 1261-2009; LU 1262-2009; LU 1263-2009; LU 1264-2009; LU 1265-2009; LU 1266-2009; LU 1267-2009; LU 1268-2009; Res 2323-2009; Res 2324-2009; Res 2325-2009; Res 2326-2009; Res 2327-2009; Res 2328-2009; Res 2329-2009; Res 2330-2009; Res 2331-2009,090408MMM; 090422HAM; 090423HAM; 090429ZRM; 090430ZMM; 090433ZMM; 090434ZRM; 090435ZSM; 090436ZSM,P2009M0287; P2009M0289; P2009M0290; P2009M0294,WESTER RAIL YARDS; WESTERN RAIL YARDS/MTA SITE; WESTERN RAIL YARDS,"Application no C 090408 MMM. submitted by the Department of City Planning pursuant to Sections 197-c and 199 of the New York City Charter, for an amendment to the City Map involving a change in grade on West 33rd Street, between Eleventh and Twelfth Avenues. This application is subject to review and action by the Land Use Committee only if appealed to the Council pursuant to §197-d (b)(2) of the Charter or called up by vote of the Council pursuant to §197-d (b)(3) of the Charter.; Application no. C 090422 HAM submitted by the Department of Housing Preservation and Development (HPD) pursuant to Article 16 of the General Municipal Law of New York State for: the designation of property located at West 48th and West 49th streets, west of 10th Avenue (Block 1077, part of Lot 29), as an Urban Development Action Area; and an Urban Development Action Area Project for such area; and pursuant to Section 197-c of the New York City Charter for the disposition of such property to a developer to be selected by HPD; to facilitate the development of a mixed-use building, tentatively; Application no. C 090423 HAM submitted by the Department of Housing Preservation and Development (HPD):1) pursuant to Article 16 of the General Municipal Law of New York State for: a. the designation of property located at 806 Ninth Avenue (Block 1044, p/o Lot 3); as an Urban Development Action Area; and an Urban Development Action Area Project for such area; and pursuant to Section 197-c of the New York City Charter for the disposition of such property to a developer to be selected by HPD; to facilitate the development of a mixed-use building, tentatively known as the Westside Rail Yard/MTA",https://legistar.council.nyc.gov/LegislationDetail.aspx?ID=535134&GUID=FCF3E716-7DD9-4C32-95A7-26CD7BE79C36&Options=ID|Text|&Search=; https://legistar.council.nyc.gov/LegislationDetail.aspx?ID=535137&GUID=8C427EEB-D0C5-4668-B580-DD00AE8104C2&Options=ID|Text|&Search=; https://legistar.council.nyc.gov/LegislationDetail.aspx?ID=535139&GUID=2B90673A-448A-44C0-A4FF-25514E705DAD&Options=ID|Text|&Search=; https://legistar.council.nyc.gov/LegislationDetail.aspx?ID=535151&GUID=CBF67258-EC2F-4FEA-9479-F355CE53E0C6&Options=ID|Text|&Search=; https://legistar.council.nyc.gov/LegislationDetail.aspx?ID=535154&GUID=E7DA13FA-16FD-4A5C-931E-C667A95E75E7&Options=ID|Text|&Search=; https://legistar.council.nyc.gov/LegislationDetail.aspx?ID=535142&GUID=0F3750B9-8F2C-4858-95C6-42711031FCE0&Options=ID|Text|&Search=; https://legistar.council.nyc.gov/LegislationDetail.aspx?ID=535144&GUID=D40D2E40-9B20-4036-9FEB-0E968E25F6C2&Options=ID|Text|&Search=; https://legistar.council.nyc.gov/LegislationDetail.aspx?ID=535146&GUID=2CCECEE3-1806-4CC3-87B6-481F744E00D5&Options=ID|Text|&Search=; https://legistar.council.nyc.gov/LegislationDetail.aspx?ID=535148&GUID=477A47B2-2150-4A0E-AA0E-C276FB41E1EA&Options=ID|Text|&Search=; https://legistar.council.nyc.gov/LegislationDetail.aspx?ID=558536&GUID=A69FFD61-04C3-435A-A67C-437C046AAEEE&Options=ID|Text|&Search=; https://legistar.council.nyc.gov/LegislationDetail.aspx?ID=558537&GUID=9A77A90A-5506-444D-B562-8C4D01EC04F6&Options=ID|Text|&Search=; https://legistar.council.nyc.gov/LegislationDetail.aspx?ID=558538&GUID=633C0C41-684A-4DA0-B044-A30DCB53C7E0&Options=ID|Text|&Search=; https://legistar.council.nyc.gov/LegislationDetail.aspx?ID=558539&GUID=93009A0A-67C3-4F43-9C8C-C50CB8DD0939&Options=ID|Text|&Search=; https://legistar.council.nyc.gov/LegislationDetail.aspx?ID=558540&GUID=09E18898-B5D7-4BDB-B6EC-3159BD9B9A6A&Options=ID|Text|&Search=; https://legistar.council.nyc.gov/LegislationDetail.aspx?ID=558541&GUID=336DC350-A992-4277-ADB7-A8E03BB75CAA&Options=ID|Text|&Search=; https://legistar.council.nyc.gov/LegislationDetail.aspx?ID=558542&GUID=4DB7EBBE-0504-4B8C-BEE2-CD3BBE79ACFD&Options=ID|Text|&Search=; https://legistar.council.nyc.gov/LegislationDetail.aspx?ID=558543&GUID=51D0CE8E-8817-4A6C-9A9D-81AC6DEEA37E&Options=ID|Text|&Search=; https://legistar.council.nyc.gov/LegislationDetail.aspx?ID=558544&GUID=31775FB5-CDE2-447D-A159-F5CEA86AEB74&Options=ID|Text|&Search=,https://legistar.council.nyc.gov/HistoryDetail.aspx?ID=2830913&GUID=F7B91500-FFB8-4984-B3F7-FC545A083124; https://legistar.council.nyc.gov/HistoryDetail.aspx?ID=2830914&GUID=6B4E9292-43FB-4FCF-B925-B9E50499F44E; https://legistar.council.nyc.gov/HistoryDetail.aspx?ID=2830915&GUID=40499509-84B0-40E2-A90B-DBA85BB572E8; https://legistar.council.nyc.gov/HistoryDetail.aspx?ID=2830916&GUID=B093695D-5AEE-4B9F-BFAA-A00AF2ED87A5; https://legistar.council.nyc.gov/HistoryDetail.aspx?ID=2830917&GUID=CB2BF1BF-1453-4443-8E67-01D8DA49A27F; https://legistar.council.nyc.gov/HistoryDetail.aspx?ID=2830918&GUID=2D87B1F6-77EA-4267-8377-2CF9BF00A766; https://legistar.council.nyc.gov/HistoryDetail.aspx?ID=2830919&GUID=7DDDBC7A-606F-4C60-9894-BA9AE0172F49; https://legistar.council.nyc.gov/HistoryDetail.aspx?ID=2830920&GUID=12F24A42-F42C-4374-AC1C-9C3BCB34054A; https://legistar.council.nyc.gov/HistoryDetail.aspx?ID=2830921&GUID=3D5369B2-7675-4476-A987-09B4BCDC8F6E; https://legistar.council.nyc.gov/HistoryDetail.aspx?ID=2830589&GUID=2A1CB295-A029-43A0-810A-49A5A6D7BD5E; https://legistar.council.nyc.gov/HistoryDetail.aspx?ID=2830590&GUID=24E3B29F-B7A8-4523-9657-CD610B157719; https://legistar.council.nyc.gov/HistoryDetail.aspx?ID=2830591&GUID=05A58B72-4395-4AEB-A724-EBFBEA0F5BCB; https://legistar.council.nyc.gov/HistoryDetail.aspx?ID=2830592&GUID=850280FC-BC15-4B23-B686-36210B3C5666; https://legistar.council.nyc.gov/HistoryDetail.aspx?ID=2830593&GUID=8F6F7C1E-2197-49B3-9821-88BFB1B0E39D; https://legistar.council.nyc.gov/HistoryDetail.aspx?ID=2830594&GUID=CEE12BDC-4420-42E5-91CC-FFB9CA8ADCA9; https://legistar.council.nyc.gov/HistoryDetail.aspx?ID=2830595&GUID=CFF06293-88AB-4EE1-B523-AA19E3B2EFCD; https://legistar.council.nyc.gov/HistoryDetail.aspx?ID=2830596&GUID=3C155B1E-96AD-4190-B8FA-286B8FF5C9BE; https://legistar.council.nyc.gov/HistoryDetail.aspx?ID=2830597&GUID=80ACD3CA-7834-462E-BFA6-F3FA6375A84B
2009,2009-12-21,Res 2327-2009,clu_geo_020,3,deterministic_geography_verification,high,deterministically_verified_project_geography,zap_bbl,AI-adjudicated geography matched deterministic zap_bbl assignment using DCP Council boundary release 09C.,LU 1260-2009; LU 1261-2009; LU 1262-2009; LU 1263-2009; LU 1264-2009; LU 1265-2009; LU 1266-2009; LU 1267-2009; LU 1268-2009; Res 2323-2009; Res 2324-2009; Res 2325-2009; Res 2326-2009; Res 2327-2009; Res 2328-2009; Res 2329-2009; Res 2330-2009; Res 2331-2009,090408MMM; 090422HAM; 090423HAM; 090429ZRM; 090430ZMM; 090433ZMM; 090434ZRM; 090435ZSM; 090436ZSM,P2009M0287; P2009M0289; P2009M0290; P2009M0294,WESTER RAIL YARDS; WESTERN RAIL YARDS/MTA SITE; WESTERN RAIL YARDS,"Application no C 090408 MMM. submitted by the Department of City Planning pursuant to Sections 197-c and 199 of the New York City Charter, for an amendment to the City Map involving a change in grade on West 33rd Street, between Eleventh and Twelfth Avenues. This application is subject to review and action by the Land Use Committee only if appealed to the Council pursuant to §197-d (b)(2) of the Charter or called up by vote of the Council pursuant to §197-d (b)(3) of the Charter.; Application no. C 090422 HAM submitted by the Department of Housing Preservation and Development (HPD) pursuant to Article 16 of the General Municipal Law of New York State for: the designation of property located at West 48th and West 49th streets, west of 10th Avenue (Block 1077, part of Lot 29), as an Urban Development Action Area; and an Urban Development Action Area Project for such area; and pursuant to Section 197-c of the New York City Charter for the disposition of such property to a developer to be selected by HPD; to facilitate the development of a mixed-use building, tentatively; Application no. C 090423 HAM submitted by the Department of Housing Preservation and Development (HPD):1) pursuant to Article 16 of the General Municipal Law of New York State for: a. the designation of property located at 806 Ninth Avenue (Block 1044, p/o Lot 3); as an Urban Development Action Area; and an Urban Development Action Area Project for such area; and pursuant to Section 197-c of the New York City Charter for the disposition of such property to a developer to be selected by HPD; to facilitate the development of a mixed-use building, tentatively known as the Westside Rail Yard/MTA",https://legistar.council.nyc.gov/LegislationDetail.aspx?ID=535134&GUID=FCF3E716-7DD9-4C32-95A7-26CD7BE79C36&Options=ID|Text|&Search=; https://legistar.council.nyc.gov/LegislationDetail.aspx?ID=535137&GUID=8C427EEB-D0C5-4668-B580-DD00AE8104C2&Options=ID|Text|&Search=; https://legistar.council.nyc.gov/LegislationDetail.aspx?ID=535139&GUID=2B90673A-448A-44C0-A4FF-25514E705DAD&Options=ID|Text|&Search=; https://legistar.council.nyc.gov/LegislationDetail.aspx?ID=535151&GUID=CBF67258-EC2F-4FEA-9479-F355CE53E0C6&Options=ID|Text|&Search=; https://legistar.council.nyc.gov/LegislationDetail.aspx?ID=535154&GUID=E7DA13FA-16FD-4A5C-931E-C667A95E75E7&Options=ID|Text|&Search=; https://legistar.council.nyc.gov/LegislationDetail.aspx?ID=535142&GUID=0F3750B9-8F2C-4858-95C6-42711031FCE0&Options=ID|Text|&Search=; https://legistar.council.nyc.gov/LegislationDetail.aspx?ID=535144&GUID=D40D2E40-9B20-4036-9FEB-0E968E25F6C2&Options=ID|Text|&Search=; https://legistar.council.nyc.gov/LegislationDetail.aspx?ID=535146&GUID=2CCECEE3-1806-4CC3-87B6-481F744E00D5&Options=ID|Text|&Search=; https://legistar.council.nyc.gov/LegislationDetail.aspx?ID=535148&GUID=477A47B2-2150-4A0E-AA0E-C276FB41E1EA&Options=ID|Text|&Search=; https://legistar.council.nyc.gov/LegislationDetail.aspx?ID=558536&GUID=A69FFD61-04C3-435A-A67C-437C046AAEEE&Options=ID|Text|&Search=; https://legistar.council.nyc.gov/LegislationDetail.aspx?ID=558537&GUID=9A77A90A-5506-444D-B562-8C4D01EC04F6&Options=ID|Text|&Search=; https://legistar.council.nyc.gov/LegislationDetail.aspx?ID=558538&GUID=633C0C41-684A-4DA0-B044-A30DCB53C7E0&Options=ID|Text|&Search=; https://legistar.council.nyc.gov/LegislationDetail.aspx?ID=558539&GUID=93009A0A-67C3-4F43-9C8C-C50CB8DD0939&Options=ID|Text|&Search=; https://legistar.council.nyc.gov/LegislationDetail.aspx?ID=558540&GUID=09E18898-B5D7-4BDB-B6EC-3159BD9B9A6A&Options=ID|Text|&Search=; https://legistar.council.nyc.gov/LegislationDetail.aspx?ID=558541&GUID=336DC350-A992-4277-ADB7-A8E03BB75CAA&Options=ID|Text|&Search=; https://legistar.council.nyc.gov/LegislationDetail.aspx?ID=558542&GUID=4DB7EBBE-0504-4B8C-BEE2-CD3BBE79ACFD&Options=ID|Text|&Search=; https://legistar.council.nyc.gov/LegislationDetail.aspx?ID=558543&GUID=51D0CE8E-8817-4A6C-9A9D-81AC6DEEA37E&Options=ID|Text|&Search=; https://legistar.council.nyc.gov/LegislationDetail.aspx?ID=558544&GUID=31775FB5-CDE2-447D-A159-F5CEA86AEB74&Options=ID|Text|&Search=,https://legistar.council.nyc.gov/HistoryDetail.aspx?ID=2830913&GUID=F7B91500-FFB8-4984-B3F7-FC545A083124; https://legistar.council.nyc.gov/HistoryDetail.aspx?ID=2830914&GUID=6B4E9292-43FB-4FCF-B925-B9E50499F44E; https://legistar.council.nyc.gov/HistoryDetail.aspx?ID=2830915&GUID=40499509-84B0-40E2-A90B-DBA85BB572E8; https://legistar.council.nyc.gov/HistoryDetail.aspx?ID=2830916&GUID=B093695D-5AEE-4B9F-BFAA-A00AF2ED87A5; https://legistar.council.nyc.gov/HistoryDetail.aspx?ID=2830917&GUID=CB2BF1BF-1453-4443-8E67-01D8DA49A27F; https://legistar.council.nyc.gov/HistoryDetail.aspx?ID=2830918&GUID=2D87B1F6-77EA-4267-8377-2CF9BF00A766; https://legistar.council.nyc.gov/HistoryDetail.aspx?ID=2830919&GUID=7DDDBC7A-606F-4C60-9894-BA9AE0172F49; https://legistar.council.nyc.gov/HistoryDetail.aspx?ID=2830920&GUID=12F24A42-F42C-4374-AC1C-9C3BCB34054A; https://legistar.council.nyc.gov/HistoryDetail.aspx?ID=2830921&GUID=3D5369B2-7675-4476-A987-09B4BCDC8F6E; https://legistar.council.nyc.gov/HistoryDetail.aspx?ID=2830589&GUID=2A1CB295-A029-43A0-810A-49A5A6D7BD5E; https://legistar.council.nyc.gov/HistoryDetail.aspx?ID=2830590&GUID=24E3B29F-B7A8-4523-9657-CD610B157719; https://legistar.council.nyc.gov/HistoryDetail.aspx?ID=2830591&GUID=05A58B72-4395-4AEB-A724-EBFBEA0F5BCB; https://legistar.council.nyc.gov/HistoryDetail.aspx?ID=2830592&GUID=850280FC-BC15-4B23-B686-36210B3C5666; https://legistar.council.nyc.gov/HistoryDetail.aspx?ID=2830593&GUID=8F6F7C1E-2197-49B3-9821-88BFB1B0E39D; https://legistar.council.nyc.gov/HistoryDetail.aspx?ID=2830594&GUID=CEE12BDC-4420-42E5-91CC-FFB9CA8ADCA9; https://legistar.council.nyc.gov/HistoryDetail.aspx?ID=2830595&GUID=CFF06293-88AB-4EE1-B523-AA19E3B2EFCD; https://legistar.council.nyc.gov/HistoryDetail.aspx?ID=2830596&GUID=3C155B1E-96AD-4190-B8FA-286B8FF5C9BE; https://legistar.council.nyc.gov/HistoryDetail.aspx?ID=2830597&GUID=80ACD3CA-7834-462E-BFA6-F3FA6375A84B
2009,2009-12-21,Res 2328-2009,clu_geo_020,3,deterministic_geography_verification,high,deterministically_verified_project_geography,zap_bbl,AI-adjudicated geography matched deterministic zap_bbl assignment using DCP Council boundary release 09C.,LU 1260-2009; LU 1261-2009; LU 1262-2009; LU 1263-2009; LU 1264-2009; LU 1265-2009; LU 1266-2009; LU 1267-2009; LU 1268-2009; Res 2323-2009; Res 2324-2009; Res 2325-2009; Res 2326-2009; Res 2327-2009; Res 2328-2009; Res 2329-2009; Res 2330-2009; Res 2331-2009,090408MMM; 090422HAM; 090423HAM; 090429ZRM; 090430ZMM; 090433ZMM; 090434ZRM; 090435ZSM; 090436ZSM,P2009M0287; P2009M0289; P2009M0290; P2009M0294,WESTER RAIL YARDS; WESTERN RAIL YARDS/MTA SITE; WESTERN RAIL YARDS,"Application no C 090408 MMM. submitted by the Department of City Planning pursuant to Sections 197-c and 199 of the New York City Charter, for an amendment to the City Map involving a change in grade on West 33rd Street, between Eleventh and Twelfth Avenues. This application is subject to review and action by the Land Use Committee only if appealed to the Council pursuant to §197-d (b)(2) of the Charter or called up by vote of the Council pursuant to §197-d (b)(3) of the Charter.; Application no. C 090422 HAM submitted by the Department of Housing Preservation and Development (HPD) pursuant to Article 16 of the General Municipal Law of New York State for: the designation of property located at West 48th and West 49th streets, west of 10th Avenue (Block 1077, part of Lot 29), as an Urban Development Action Area; and an Urban Development Action Area Project for such area; and pursuant to Section 197-c of the New York City Charter for the disposition of such property to a developer to be selected by HPD; to facilitate the development of a mixed-use building, tentatively; Application no. C 090423 HAM submitted by the Department of Housing Preservation and Development (HPD):1) pursuant to Article 16 of the General Municipal Law of New York State for: a. the designation of property located at 806 Ninth Avenue (Block 1044, p/o Lot 3); as an Urban Development Action Area; and an Urban Development Action Area Project for such area; and pursuant to Section 197-c of the New York City Charter for the disposition of such property to a developer to be selected by HPD; to facilitate the development of a mixed-use building, tentatively known as the Westside Rail Yard/MTA",https://legistar.council.nyc.gov/LegislationDetail.aspx?ID=535134&GUID=FCF3E716-7DD9-4C32-95A7-26CD7BE79C36&Options=ID|Text|&Search=; https://legistar.council.nyc.gov/LegislationDetail.aspx?ID=535137&GUID=8C427EEB-D0C5-4668-B580-DD00AE8104C2&Options=ID|Text|&Search=; https://legistar.council.nyc.gov/LegislationDetail.aspx?ID=535139&GUID=2B90673A-448A-44C0-A4FF-25514E705DAD&Options=ID|Text|&Search=; https://legistar.council.nyc.gov/LegislationDetail.aspx?ID=535151&GUID=CBF67258-EC2F-4FEA-9479-F355CE53E0C6&Options=ID|Text|&Search=; https://legistar.council.nyc.gov/LegislationDetail.aspx?ID=535154&GUID=E7DA13FA-16FD-4A5C-931E-C667A95E75E7&Options=ID|Text|&Search=; https://legistar.council.nyc.gov/LegislationDetail.aspx?ID=535142&GUID=0F3750B9-8F2C-4858-95C6-42711031FCE0&Options=ID|Text|&Search=; https://legistar.council.nyc.gov/LegislationDetail.aspx?ID=535144&GUID=D40D2E40-9B20-4036-9FEB-0E968E25F6C2&Options=ID|Text|&Search=; https://legistar.council.nyc.gov/LegislationDetail.aspx?ID=535146&GUID=2CCECEE3-1806-4CC3-87B6-481F744E00D5&Options=ID|Text|&Search=; https://legistar.council.nyc.gov/LegislationDetail.aspx?ID=535148&GUID=477A47B2-2150-4A0E-AA0E-C276FB41E1EA&Options=ID|Text|&Search=; https://legistar.council.nyc.gov/LegislationDetail.aspx?ID=558536&GUID=A69FFD61-04C3-435A-A67C-437C046AAEEE&Options=ID|Text|&Search=; https://legistar.council.nyc.gov/LegislationDetail.aspx?ID=558537&GUID=9A77A90A-5506-444D-B562-8C4D01EC04F6&Options=ID|Text|&Search=; https://legistar.council.nyc.gov/LegislationDetail.aspx?ID=558538&GUID=633C0C41-684A-4DA0-B044-A30DCB53C7E0&Options=ID|Text|&Search=; https://legistar.council.nyc.gov/LegislationDetail.aspx?ID=558539&GUID=93009A0A-67C3-4F43-9C8C-C50CB8DD0939&Options=ID|Text|&Search=; https://legistar.council.nyc.gov/LegislationDetail.aspx?ID=558540&GUID=09E18898-B5D7-4BDB-B6EC-3159BD9B9A6A&Options=ID|Text|&Search=; https://legistar.council.nyc.gov/LegislationDetail.aspx?ID=558541&GUID=336DC350-A992-4277-ADB7-A8E03BB75CAA&Options=ID|Text|&Search=; https://legistar.council.nyc.gov/LegislationDetail.aspx?ID=558542&GUID=4DB7EBBE-0504-4B8C-BEE2-CD3BBE79ACFD&Options=ID|Text|&Search=; https://legistar.council.nyc.gov/LegislationDetail.aspx?ID=558543&GUID=51D0CE8E-8817-4A6C-9A9D-81AC6DEEA37E&Options=ID|Text|&Search=; https://legistar.council.nyc.gov/LegislationDetail.aspx?ID=558544&GUID=31775FB5-CDE2-447D-A159-F5CEA86AEB74&Options=ID|Text|&Search=,https://legistar.council.nyc.gov/HistoryDetail.aspx?ID=2830913&GUID=F7B91500-FFB8-4984-B3F7-FC545A083124; https://legistar.council.nyc.gov/HistoryDetail.aspx?ID=2830914&GUID=6B4E9292-43FB-4FCF-B925-B9E50499F44E; https://legistar.council.nyc.gov/HistoryDetail.aspx?ID=2830915&GUID=40499509-84B0-40E2-A90B-DBA85BB572E8; https://legistar.council.nyc.gov/HistoryDetail.aspx?ID=2830916&GUID=B093695D-5AEE-4B9F-BFAA-A00AF2ED87A5; https://legistar.council.nyc.gov/HistoryDetail.aspx?ID=2830917&GUID=CB2BF1BF-1453-4443-8E67-01D8DA49A27F; https://legistar.council.nyc.gov/HistoryDetail.aspx?ID=2830918&GUID=2D87B1F6-77EA-4267-8377-2CF9BF00A766; https://legistar.council.nyc.gov/HistoryDetail.aspx?ID=2830919&GUID=7DDDBC7A-606F-4C60-9894-BA9AE0172F49; https://legistar.council.nyc.gov/HistoryDetail.aspx?ID=2830920&GUID=12F24A42-F42C-4374-AC1C-9C3BCB34054A; https://legistar.council.nyc.gov/HistoryDetail.aspx?ID=2830921&GUID=3D5369B2-7675-4476-A987-09B4BCDC8F6E; https://legistar.council.nyc.gov/HistoryDetail.aspx?ID=2830589&GUID=2A1CB295-A029-43A0-810A-49A5A6D7BD5E; https://legistar.council.nyc.gov/HistoryDetail.aspx?ID=2830590&GUID=24E3B29F-B7A8-4523-9657-CD610B157719; https://legistar.council.nyc.gov/HistoryDetail.aspx?ID=2830591&GUID=05A58B72-4395-4AEB-A724-EBFBEA0F5BCB; https://legistar.council.nyc.gov/HistoryDetail.aspx?ID=2830592&GUID=850280FC-BC15-4B23-B686-36210B3C5666; https://legistar.council.nyc.gov/HistoryDetail.aspx?ID=2830593&GUID=8F6F7C1E-2197-49B3-9821-88BFB1B0E39D; https://legistar.council.nyc.gov/HistoryDetail.aspx?ID=2830594&GUID=CEE12BDC-4420-42E5-91CC-FFB9CA8ADCA9; https://legistar.council.nyc.gov/HistoryDetail.aspx?ID=2830595&GUID=CFF06293-88AB-4EE1-B523-AA19E3B2EFCD; https://legistar.council.nyc.gov/HistoryDetail.aspx?ID=2830596&GUID=3C155B1E-96AD-4190-B8FA-286B8FF5C9BE; https://legistar.council.nyc.gov/HistoryDetail.aspx?ID=2830597&GUID=80ACD3CA-7834-462E-BFA6-F3FA6375A84B
2009,2009-12-21,Res 2329-2009,clu_geo_020,3,deterministic_geography_verification,high,deterministically_verified_project_geography,zap_bbl,AI-adjudicated geography matched deterministic zap_bbl assignment using DCP Council boundary release 09C.,LU 1260-2009; LU 1261-2009; LU 1262-2009; LU 1263-2009; LU 1264-2009; LU 1265-2009; LU 1266-2009; LU 1267-2009; LU 1268-2009; Res 2323-2009; Res 2324-2009; Res 2325-2009; Res 2326-2009; Res 2327-2009; Res 2328-2009; Res 2329-2009; Res 2330-2009; Res 2331-2009,090408MMM; 090422HAM; 090423HAM; 090429ZRM; 090430ZMM; 090433ZMM; 090434ZRM; 090435ZSM; 090436ZSM,P2009M0287; P2009M0289; P2009M0290; P2009M0294,WESTER RAIL YARDS; WESTERN RAIL YARDS/MTA SITE; WESTERN RAIL YARDS,"Application no C 090408 MMM. submitted by the Department of City Planning pursuant to Sections 197-c and 199 of the New York City Charter, for an amendment to the City Map involving a change in grade on West 33rd Street, between Eleventh and Twelfth Avenues. This application is subject to review and action by the Land Use Committee only if appealed to the Council pursuant to §197-d (b)(2) of the Charter or called up by vote of the Council pursuant to §197-d (b)(3) of the Charter.; Application no. C 090422 HAM submitted by the Department of Housing Preservation and Development (HPD) pursuant to Article 16 of the General Municipal Law of New York State for: the designation of property located at West 48th and West 49th streets, west of 10th Avenue (Block 1077, part of Lot 29), as an Urban Development Action Area; and an Urban Development Action Area Project for such area; and pursuant to Section 197-c of the New York City Charter for the disposition of such property to a developer to be selected by HPD; to facilitate the development of a mixed-use building, tentatively; Application no. C 090423 HAM submitted by the Department of Housing Preservation and Development (HPD):1) pursuant to Article 16 of the General Municipal Law of New York State for: a. the designation of property located at 806 Ninth Avenue (Block 1044, p/o Lot 3); as an Urban Development Action Area; and an Urban Development Action Area Project for such area; and pursuant to Section 197-c of the New York City Charter for the disposition of such property to a developer to be selected by HPD; to facilitate the development of a mixed-use building, tentatively known as the Westside Rail Yard/MTA",https://legistar.council.nyc.gov/LegislationDetail.aspx?ID=535134&GUID=FCF3E716-7DD9-4C32-95A7-26CD7BE79C36&Options=ID|Text|&Search=; https://legistar.council.nyc.gov/LegislationDetail.aspx?ID=535137&GUID=8C427EEB-D0C5-4668-B580-DD00AE8104C2&Options=ID|Text|&Search=; https://legistar.council.nyc.gov/LegislationDetail.aspx?ID=535139&GUID=2B90673A-448A-44C0-A4FF-25514E705DAD&Options=ID|Text|&Search=; https://legistar.council.nyc.gov/LegislationDetail.aspx?ID=535151&GUID=CBF67258-EC2F-4FEA-9479-F355CE53E0C6&Options=ID|Text|&Search=; https://legistar.council.nyc.gov/LegislationDetail.aspx?ID=535154&GUID=E7DA13FA-16FD-4A5C-931E-C667A95E75E7&Options=ID|Text|&Search=; https://legistar.council.nyc.gov/LegislationDetail.aspx?ID=535142&GUID=0F3750B9-8F2C-4858-95C6-42711031FCE0&Options=ID|Text|&Search=; https://legistar.council.nyc.gov/LegislationDetail.aspx?ID=535144&GUID=D40D2E40-9B20-4036-9FEB-0E968E25F6C2&Options=ID|Text|&Search=; https://legistar.council.nyc.gov/LegislationDetail.aspx?ID=535146&GUID=2CCECEE3-1806-4CC3-87B6-481F744E00D5&Options=ID|Text|&Search=; https://legistar.council.nyc.gov/LegislationDetail.aspx?ID=535148&GUID=477A47B2-2150-4A0E-AA0E-C276FB41E1EA&Options=ID|Text|&Search=; https://legistar.council.nyc.gov/LegislationDetail.aspx?ID=558536&GUID=A69FFD61-04C3-435A-A67C-437C046AAEEE&Options=ID|Text|&Search=; https://legistar.council.nyc.gov/LegislationDetail.aspx?ID=558537&GUID=9A77A90A-5506-444D-B562-8C4D01EC04F6&Options=ID|Text|&Search=; https://legistar.council.nyc.gov/LegislationDetail.aspx?ID=558538&GUID=633C0C41-684A-4DA0-B044-A30DCB53C7E0&Options=ID|Text|&Search=; https://legistar.council.nyc.gov/LegislationDetail.aspx?ID=558539&GUID=93009A0A-67C3-4F43-9C8C-C50CB8DD0939&Options=ID|Text|&Search=; https://legistar.council.nyc.gov/LegislationDetail.aspx?ID=558540&GUID=09E18898-B5D7-4BDB-B6EC-3159BD9B9A6A&Options=ID|Text|&Search=; https://legistar.council.nyc.gov/LegislationDetail.aspx?ID=558541&GUID=336DC350-A992-4277-ADB7-A8E03BB75CAA&Options=ID|Text|&Search=; https://legistar.council.nyc.gov/LegislationDetail.aspx?ID=558542&GUID=4DB7EBBE-0504-4B8C-BEE2-CD3BBE79ACFD&Options=ID|Text|&Search=; https://legistar.council.nyc.gov/LegislationDetail.aspx?ID=558543&GUID=51D0CE8E-8817-4A6C-9A9D-81AC6DEEA37E&Options=ID|Text|&Search=; https://legistar.council.nyc.gov/LegislationDetail.aspx?ID=558544&GUID=31775FB5-CDE2-447D-A159-F5CEA86AEB74&Options=ID|Text|&Search=,https://legistar.council.nyc.gov/HistoryDetail.aspx?ID=2830913&GUID=F7B91500-FFB8-4984-B3F7-FC545A083124; https://legistar.council.nyc.gov/HistoryDetail.aspx?ID=2830914&GUID=6B4E9292-43FB-4FCF-B925-B9E50499F44E; https://legistar.council.nyc.gov/HistoryDetail.aspx?ID=2830915&GUID=40499509-84B0-40E2-A90B-DBA85BB572E8; https://legistar.council.nyc.gov/HistoryDetail.aspx?ID=2830916&GUID=B093695D-5AEE-4B9F-BFAA-A00AF2ED87A5; https://legistar.council.nyc.gov/HistoryDetail.aspx?ID=2830917&GUID=CB2BF1BF-1453-4443-8E67-01D8DA49A27F; https://legistar.council.nyc.gov/HistoryDetail.aspx?ID=2830918&GUID=2D87B1F6-77EA-4267-8377-2CF9BF00A766; https://legistar.council.nyc.gov/HistoryDetail.aspx?ID=2830919&GUID=7DDDBC7A-606F-4C60-9894-BA9AE0172F49; https://legistar.council.nyc.gov/HistoryDetail.aspx?ID=2830920&GUID=12F24A42-F42C-4374-AC1C-9C3BCB34054A; https://legistar.council.nyc.gov/HistoryDetail.aspx?ID=2830921&GUID=3D5369B2-7675-4476-A987-09B4BCDC8F6E; https://legistar.council.nyc.gov/HistoryDetail.aspx?ID=2830589&GUID=2A1CB295-A029-43A0-810A-49A5A6D7BD5E; https://legistar.council.nyc.gov/HistoryDetail.aspx?ID=2830590&GUID=24E3B29F-B7A8-4523-9657-CD610B157719; https://legistar.council.nyc.gov/HistoryDetail.aspx?ID=2830591&GUID=05A58B72-4395-4AEB-A724-EBFBEA0F5BCB; https://legistar.council.nyc.gov/HistoryDetail.aspx?ID=2830592&GUID=850280FC-BC15-4B23-B686-36210B3C5666; https://legistar.council.nyc.gov/HistoryDetail.aspx?ID=2830593&GUID=8F6F7C1E-2197-49B3-9821-88BFB1B0E39D; https://legistar.council.nyc.gov/HistoryDetail.aspx?ID=2830594&GUID=CEE12BDC-4420-42E5-91CC-FFB9CA8ADCA9; https://legistar.council.nyc.gov/HistoryDetail.aspx?ID=2830595&GUID=CFF06293-88AB-4EE1-B523-AA19E3B2EFCD; https://legistar.council.nyc.gov/HistoryDetail.aspx?ID=2830596&GUID=3C155B1E-96AD-4190-B8FA-286B8FF5C9BE; https://legistar.council.nyc.gov/HistoryDetail.aspx?ID=2830597&GUID=80ACD3CA-7834-462E-BFA6-F3FA6375A84B
2009,2009-12-21,Res 2330-2009,clu_geo_020,3,deterministic_geography_verification,high,deterministically_verified_project_geography,zap_bbl,AI-adjudicated geography matched deterministic zap_bbl assignment using DCP Council boundary release 09C.,LU 1260-2009; LU 1261-2009; LU 1262-2009; LU 1263-2009; LU 1264-2009; LU 1265-2009; LU 1266-2009; LU 1267-2009; LU 1268-2009; Res 2323-2009; Res 2324-2009; Res 2325-2009; Res 2326-2009; Res 2327-2009; Res 2328-2009; Res 2329-2009; Res 2330-2009; Res 2331-2009,090408MMM; 090422HAM; 090423HAM; 090429ZRM; 090430ZMM; 090433ZMM; 090434ZRM; 090435ZSM; 090436ZSM,P2009M0287; P2009M0289; P2009M0290; P2009M0294,WESTER RAIL YARDS; WESTERN RAIL YARDS/MTA SITE; WESTERN RAIL YARDS,"Application no C 090408 MMM. submitted by the Department of City Planning pursuant to Sections 197-c and 199 of the New York City Charter, for an amendment to the City Map involving a change in grade on West 33rd Street, between Eleventh and Twelfth Avenues. This application is subject to review and action by the Land Use Committee only if appealed to the Council pursuant to §197-d (b)(2) of the Charter or called up by vote of the Council pursuant to §197-d (b)(3) of the Charter.; Application no. C 090422 HAM submitted by the Department of Housing Preservation and Development (HPD) pursuant to Article 16 of the General Municipal Law of New York State for: the designation of property located at West 48th and West 49th streets, west of 10th Avenue (Block 1077, part of Lot 29), as an Urban Development Action Area; and an Urban Development Action Area Project for such area; and pursuant to Section 197-c of the New York City Charter for the disposition of such property to a developer to be selected by HPD; to facilitate the development of a mixed-use building, tentatively; Application no. C 090423 HAM submitted by the Department of Housing Preservation and Development (HPD):1) pursuant to Article 16 of the General Municipal Law of New York State for: a. the designation of property located at 806 Ninth Avenue (Block 1044, p/o Lot 3); as an Urban Development Action Area; and an Urban Development Action Area Project for such area; and pursuant to Section 197-c of the New York City Charter for the disposition of such property to a developer to be selected by HPD; to facilitate the development of a mixed-use building, tentatively known as the Westside Rail Yard/MTA",https://legistar.council.nyc.gov/LegislationDetail.aspx?ID=535134&GUID=FCF3E716-7DD9-4C32-95A7-26CD7BE79C36&Options=ID|Text|&Search=; https://legistar.council.nyc.gov/LegislationDetail.aspx?ID=535137&GUID=8C427EEB-D0C5-4668-B580-DD00AE8104C2&Options=ID|Text|&Search=; https://legistar.council.nyc.gov/LegislationDetail.aspx?ID=535139&GUID=2B90673A-448A-44C0-A4FF-25514E705DAD&Options=ID|Text|&Search=; https://legistar.council.nyc.gov/LegislationDetail.aspx?ID=535151&GUID=CBF67258-EC2F-4FEA-9479-F355CE53E0C6&Options=ID|Text|&Search=; https://legistar.council.nyc.gov/LegislationDetail.aspx?ID=535154&GUID=E7DA13FA-16FD-4A5C-931E-C667A95E75E7&Options=ID|Text|&Search=; https://legistar.council.nyc.gov/LegislationDetail.aspx?ID=535142&GUID=0F3750B9-8F2C-4858-95C6-42711031FCE0&Options=ID|Text|&Search=; https://legistar.council.nyc.gov/LegislationDetail.aspx?ID=535144&GUID=D40D2E40-9B20-4036-9FEB-0E968E25F6C2&Options=ID|Text|&Search=; https://legistar.council.nyc.gov/LegislationDetail.aspx?ID=535146&GUID=2CCECEE3-1806-4CC3-87B6-481F744E00D5&Options=ID|Text|&Search=; https://legistar.council.nyc.gov/LegislationDetail.aspx?ID=535148&GUID=477A47B2-2150-4A0E-AA0E-C276FB41E1EA&Options=ID|Text|&Search=; https://legistar.council.nyc.gov/LegislationDetail.aspx?ID=558536&GUID=A69FFD61-04C3-435A-A67C-437C046AAEEE&Options=ID|Text|&Search=; https://legistar.council.nyc.gov/LegislationDetail.aspx?ID=558537&GUID=9A77A90A-5506-444D-B562-8C4D01EC04F6&Options=ID|Text|&Search=; https://legistar.council.nyc.gov/LegislationDetail.aspx?ID=558538&GUID=633C0C41-684A-4DA0-B044-A30DCB53C7E0&Options=ID|Text|&Search=; https://legistar.council.nyc.gov/LegislationDetail.aspx?ID=558539&GUID=93009A0A-67C3-4F43-9C8C-C50CB8DD0939&Options=ID|Text|&Search=; https://legistar.council.nyc.gov/LegislationDetail.aspx?ID=558540&GUID=09E18898-B5D7-4BDB-B6EC-3159BD9B9A6A&Options=ID|Text|&Search=; https://legistar.council.nyc.gov/LegislationDetail.aspx?ID=558541&GUID=336DC350-A992-4277-ADB7-A8E03BB75CAA&Options=ID|Text|&Search=; https://legistar.council.nyc.gov/LegislationDetail.aspx?ID=558542&GUID=4DB7EBBE-0504-4B8C-BEE2-CD3BBE79ACFD&Options=ID|Text|&Search=; https://legistar.council.nyc.gov/LegislationDetail.aspx?ID=558543&GUID=51D0CE8E-8817-4A6C-9A9D-81AC6DEEA37E&Options=ID|Text|&Search=; https://legistar.council.nyc.gov/LegislationDetail.aspx?ID=558544&GUID=31775FB5-CDE2-447D-A159-F5CEA86AEB74&Options=ID|Text|&Search=,https://legistar.council.nyc.gov/HistoryDetail.aspx?ID=2830913&GUID=F7B91500-FFB8-4984-B3F7-FC545A083124; https://legistar.council.nyc.gov/HistoryDetail.aspx?ID=2830914&GUID=6B4E9292-43FB-4FCF-B925-B9E50499F44E; https://legistar.council.nyc.gov/HistoryDetail.aspx?ID=2830915&GUID=40499509-84B0-40E2-A90B-DBA85BB572E8; https://legistar.council.nyc.gov/HistoryDetail.aspx?ID=2830916&GUID=B093695D-5AEE-4B9F-BFAA-A00AF2ED87A5; https://legistar.council.nyc.gov/HistoryDetail.aspx?ID=2830917&GUID=CB2BF1BF-1453-4443-8E67-01D8DA49A27F; https://legistar.council.nyc.gov/HistoryDetail.aspx?ID=2830918&GUID=2D87B1F6-77EA-4267-8377-2CF9BF00A766; https://legistar.council.nyc.gov/HistoryDetail.aspx?ID=2830919&GUID=7DDDBC7A-606F-4C60-9894-BA9AE0172F49; https://legistar.council.nyc.gov/HistoryDetail.aspx?ID=2830920&GUID=12F24A42-F42C-4374-AC1C-9C3BCB34054A; https://legistar.council.nyc.gov/HistoryDetail.aspx?ID=2830921&GUID=3D5369B2-7675-4476-A987-09B4BCDC8F6E; https://legistar.council.nyc.gov/HistoryDetail.aspx?ID=2830589&GUID=2A1CB295-A029-43A0-810A-49A5A6D7BD5E; https://legistar.council.nyc.gov/HistoryDetail.aspx?ID=2830590&GUID=24E3B29F-B7A8-4523-9657-CD610B157719; https://legistar.council.nyc.gov/HistoryDetail.aspx?ID=2830591&GUID=05A58B72-4395-4AEB-A724-EBFBEA0F5BCB; https://legistar.council.nyc.gov/HistoryDetail.aspx?ID=2830592&GUID=850280FC-BC15-4B23-B686-36210B3C5666; https://legistar.council.nyc.gov/HistoryDetail.aspx?ID=2830593&GUID=8F6F7C1E-2197-49B3-9821-88BFB1B0E39D; https://legistar.council.nyc.gov/HistoryDetail.aspx?ID=2830594&GUID=CEE12BDC-4420-42E5-91CC-FFB9CA8ADCA9; https://legistar.council.nyc.gov/HistoryDetail.aspx?ID=2830595&GUID=CFF06293-88AB-4EE1-B523-AA19E3B2EFCD; https://legistar.council.nyc.gov/HistoryDetail.aspx?ID=2830596&GUID=3C155B1E-96AD-4190-B8FA-286B8FF5C9BE; https://legistar.council.nyc.gov/HistoryDetail.aspx?ID=2830597&GUID=80ACD3CA-7834-462E-BFA6-F3FA6375A84B
2009,2009-12-21,Res 2331-2009,clu_geo_020,3,deterministic_geography_verification,high,deterministically_verified_project_geography,zap_bbl,AI-adjudicated geography matched deterministic zap_bbl assignment using DCP Council boundary release 09C.,LU 1260-2009; LU 1261-2009; LU 1262-2009; LU 1263-2009; LU 1264-2009; LU 1265-2009; LU 1266-2009; LU 1267-2009; LU 1268-2009; Res 2323-2009; Res 2324-2009; Res 2325-2009; Res 2326-2009; Res 2327-2009; Res 2328-2009; Res 2329-2009; Res 2330-2009; Res 2331-2009,090408MMM; 090422HAM; 090423HAM; 090429ZRM; 090430ZMM; 090433ZMM; 090434ZRM; 090435ZSM; 090436ZSM,P2009M0287; P2009M0289; P2009M0290; P2009M0294,WESTER RAIL YARDS; WESTERN RAIL YARDS/MTA SITE; WESTERN RAIL YARDS,"Application no C 090408 MMM. submitted by the Department of City Planning pursuant to Sections 197-c and 199 of the New York City Charter, for an amendment to the City Map involving a change in grade on West 33rd Street, between Eleventh and Twelfth Avenues. This application is subject to review and action by the Land Use Committee only if appealed to the Council pursuant to §197-d (b)(2) of the Charter or called up by vote of the Council pursuant to §197-d (b)(3) of the Charter.; Application no. C 090422 HAM submitted by the Department of Housing Preservation and Development (HPD) pursuant to Article 16 of the General Municipal Law of New York State for: the designation of property located at West 48th and West 49th streets, west of 10th Avenue (Block 1077, part of Lot 29), as an Urban Development Action Area; and an Urban Development Action Area Project for such area; and pursuant to Section 197-c of the New York City Charter for the disposition of such property to a developer to be selected by HPD; to facilitate the development of a mixed-use building, tentatively; Application no. C 090423 HAM submitted by the Department of Housing Preservation and Development (HPD):1) pursuant to Article 16 of the General Municipal Law of New York State for: a. the designation of property located at 806 Ninth Avenue (Block 1044, p/o Lot 3); as an Urban Development Action Area; and an Urban Development Action Area Project for such area; and pursuant to Section 197-c of the New York City Charter for the disposition of such property to a developer to be selected by HPD; to facilitate the development of a mixed-use building, tentatively known as the Westside Rail Yard/MTA",https://legistar.council.nyc.gov/LegislationDetail.aspx?ID=535134&GUID=FCF3E716-7DD9-4C32-95A7-26CD7BE79C36&Options=ID|Text|&Search=; https://legistar.council.nyc.gov/LegislationDetail.aspx?ID=535137&GUID=8C427EEB-D0C5-4668-B580-DD00AE8104C2&Options=ID|Text|&Search=; https://legistar.council.nyc.gov/LegislationDetail.aspx?ID=535139&GUID=2B90673A-448A-44C0-A4FF-25514E705DAD&Options=ID|Text|&Search=; https://legistar.council.nyc.gov/LegislationDetail.aspx?ID=535151&GUID=CBF67258-EC2F-4FEA-9479-F355CE53E0C6&Options=ID|Text|&Search=; https://legistar.council.nyc.gov/LegislationDetail.aspx?ID=535154&GUID=E7DA13FA-16FD-4A5C-931E-C667A95E75E7&Options=ID|Text|&Search=; https://legistar.council.nyc.gov/LegislationDetail.aspx?ID=535142&GUID=0F3750B9-8F2C-4858-95C6-42711031FCE0&Options=ID|Text|&Search=; https://legistar.council.nyc.gov/LegislationDetail.aspx?ID=535144&GUID=D40D2E40-9B20-4036-9FEB-0E968E25F6C2&Options=ID|Text|&Search=; https://legistar.council.nyc.gov/LegislationDetail.aspx?ID=535146&GUID=2CCECEE3-1806-4CC3-87B6-481F744E00D5&Options=ID|Text|&Search=; https://legistar.council.nyc.gov/LegislationDetail.aspx?ID=535148&GUID=477A47B2-2150-4A0E-AA0E-C276FB41E1EA&Options=ID|Text|&Search=; https://legistar.council.nyc.gov/LegislationDetail.aspx?ID=558536&GUID=A69FFD61-04C3-435A-A67C-437C046AAEEE&Options=ID|Text|&Search=; https://legistar.council.nyc.gov/LegislationDetail.aspx?ID=558537&GUID=9A77A90A-5506-444D-B562-8C4D01EC04F6&Options=ID|Text|&Search=; https://legistar.council.nyc.gov/LegislationDetail.aspx?ID=558538&GUID=633C0C41-684A-4DA0-B044-A30DCB53C7E0&Options=ID|Text|&Search=; https://legistar.council.nyc.gov/LegislationDetail.aspx?ID=558539&GUID=93009A0A-67C3-4F43-9C8C-C50CB8DD0939&Options=ID|Text|&Search=; https://legistar.council.nyc.gov/LegislationDetail.aspx?ID=558540&GUID=09E18898-B5D7-4BDB-B6EC-3159BD9B9A6A&Options=ID|Text|&Search=; https://legistar.council.nyc.gov/LegislationDetail.aspx?ID=558541&GUID=336DC350-A992-4277-ADB7-A8E03BB75CAA&Options=ID|Text|&Search=; https://legistar.council.nyc.gov/LegislationDetail.aspx?ID=558542&GUID=4DB7EBBE-0504-4B8C-BEE2-CD3BBE79ACFD&Options=ID|Text|&Search=; https://legistar.council.nyc.gov/LegislationDetail.aspx?ID=558543&GUID=51D0CE8E-8817-4A6C-9A9D-81AC6DEEA37E&Options=ID|Text|&Search=; https://legistar.council.nyc.gov/LegislationDetail.aspx?ID=558544&GUID=31775FB5-CDE2-447D-A159-F5CEA86AEB74&Options=ID|Text|&Search=,https://legistar.council.nyc.gov/HistoryDetail.aspx?ID=2830913&GUID=F7B91500-FFB8-4984-B3F7-FC545A083124; https://legistar.council.nyc.gov/HistoryDetail.aspx?ID=2830914&GUID=6B4E9292-43FB-4FCF-B925-B9E50499F44E; https://legistar.council.nyc.gov/HistoryDetail.aspx?ID=2830915&GUID=40499509-84B0-40E2-A90B-DBA85BB572E8; https://legistar.council.nyc.gov/HistoryDetail.aspx?ID=2830916&GUID=B093695D-5AEE-4B9F-BFAA-A00AF2ED87A5; https://legistar.council.nyc.gov/HistoryDetail.aspx?ID=2830917&GUID=CB2BF1BF-1453-4443-8E67-01D8DA49A27F; https://legistar.council.nyc.gov/HistoryDetail.aspx?ID=2830918&GUID=2D87B1F6-77EA-4267-8377-2CF9BF00A766; https://legistar.council.nyc.gov/HistoryDetail.aspx?ID=2830919&GUID=7DDDBC7A-606F-4C60-9894-BA9AE0172F49; https://legistar.council.nyc.gov/HistoryDetail.aspx?ID=2830920&GUID=12F24A42-F42C-4374-AC1C-9C3BCB34054A; https://legistar.council.nyc.gov/HistoryDetail.aspx?ID=2830921&GUID=3D5369B2-7675-4476-A987-09B4BCDC8F6E; https://legistar.council.nyc.gov/HistoryDetail.aspx?ID=2830589&GUID=2A1CB295-A029-43A0-810A-49A5A6D7BD5E; https://legistar.council.nyc.gov/HistoryDetail.aspx?ID=2830590&GUID=24E3B29F-B7A8-4523-9657-CD610B157719; https://legistar.council.nyc.gov/HistoryDetail.aspx?ID=2830591&GUID=05A58B72-4395-4AEB-A724-EBFBEA0F5BCB; https://legistar.council.nyc.gov/HistoryDetail.aspx?ID=2830592&GUID=850280FC-BC15-4B23-B686-36210B3C5666; https://legistar.council.nyc.gov/HistoryDetail.aspx?ID=2830593&GUID=8F6F7C1E-2197-49B3-9821-88BFB1B0E39D; https://legistar.council.nyc.gov/HistoryDetail.aspx?ID=2830594&GUID=CEE12BDC-4420-42E5-91CC-FFB9CA8ADCA9; https://legistar.council.nyc.gov/HistoryDetail.aspx?ID=2830595&GUID=CFF06293-88AB-4EE1-B523-AA19E3B2EFCD; https://legistar.council.nyc.gov/HistoryDetail.aspx?ID=2830596&GUID=3C155B1E-96AD-4190-B8FA-286B8FF5C9BE; https://legistar.council.nyc.gov/HistoryDetail.aspx?ID=2830597&GUID=80ACD3CA-7834-462E-BFA6-F3FA6375A84B
2010,2010-02-03,LU 0001-2010,clu_geo_030,51,manual_queue_ai_review_researcher_accepted,medium,promote_with_caveat,official_geography_external_boundary,Official Council materials identify the Sandy Ground Rezoning as an approximately 35-block Staten Island Community District 3 zoning-map action. District 51 is retained as project-area geography coding.,LU 0001-2010; Res 0019-2010,090042ZMR,P2009R0018,SANDY GROUND REZONING,"Application no. C 090042 ZMR submitted by Andrew J. Lanza., the civic Association of the Sandy Ground Area, and Pleasant Plains, Prince’s Bay, Richmond Valley Civic Association pursuant to Sections 197-c and 201 of the New York City Charter for an amendment of the Zoning Map, Section Nos. 32c, 32d, 33a and 33b.; Resolution approving the decision of the City Planning Commission on ULURP No. C 090042 ZMR, a Zoning Map amendment (Preconsidered L.U. No. 1).",https://legistar.council.nyc.gov/LegislationDetail.aspx?ID=647111&GUID=4D14DBF4-35F6-455B-AA03-57725965B7DC&Options=ID|Text|&Search=; https://legistar.council.nyc.gov/LegislationDetail.aspx?ID=648200&GUID=50D5446A-6369-4829-9937-9E6717E8CE0D&Options=ID|Text|&Search=,https://legistar.council.nyc.gov/HistoryDetail.aspx?ID=2909939&GUID=A893AF8A-55DB-488D-8EBA-389D0743693E; https://legistar.council.nyc.gov/HistoryDetail.aspx?ID=2919386&GUID=2811EF26-F264-4143-80B9-F974A73D43E8
2010,2010-02-03,Res 0019-2010,clu_geo_030,51,manual_queue_ai_review_researcher_accepted,medium,promote_with_caveat,official_geography_external_boundary,Official Council materials identify the Sandy Ground Rezoning as an approximately 35-block Staten Island Community District 3 zoning-map action. District 51 is retained as project-area geography coding.,LU 0001-2010; Res 0019-2010,090042ZMR,P2009R0018,SANDY GROUND REZONING,"Application no. C 090042 ZMR submitted by Andrew J. Lanza., the civic Association of the Sandy Ground Area, and Pleasant Plains, Prince’s Bay, Richmond Valley Civic Association pursuant to Sections 197-c and 201 of the New York City Charter for an amendment of the Zoning Map, Section Nos. 32c, 32d, 33a and 33b.; Resolution approving the decision of the City Planning Commission on ULURP No. C 090042 ZMR, a Zoning Map amendment (Preconsidered L.U. No. 1).",https://legistar.council.nyc.gov/LegislationDetail.aspx?ID=647111&GUID=4D14DBF4-35F6-455B-AA03-57725965B7DC&Options=ID|Text|&Search=; https://legistar.council.nyc.gov/LegislationDetail.aspx?ID=648200&GUID=50D5446A-6369-4829-9937-9E6717E8CE0D&Options=ID|Text|&Search=,https://legistar.council.nyc.gov/HistoryDetail.aspx?ID=2909939&GUID=A893AF8A-55DB-488D-8EBA-389D0743693E; https://legistar.council.nyc.gov/HistoryDetail.aspx?ID=2919386&GUID=2811EF26-F264-4143-80B9-F974A73D43E8
2010,2010-06-29,Res 0355-2010,clu_geo_122,17,manual_queue_ai_review_researcher_accepted,high,promote,explicit_official_district,"Imported from the prior full-document conflict-review pass: official City Record source-index line gives Council District No. 17 for the same application, block, and lot.",Res 0355-2010,20105366SCX,NA,NA,"Resolution approving the site plan for a new, approximately 390-Seat Intermediate School Facility to be located at 1065 Dr. Martin Luther King, Jr. Boulevard (Tax Block 2527, Part of Tax Lot 32), Borough of the Bronx (Non-ULURP No. 20105366 SCX; L.U. No. 127).",https://legistar.council.nyc.gov/LegislationDetail.aspx?ID=679896&GUID=551A9FEF-B99E-42A2-A65F-F36A7C8018EA&Options=ID|Text|&Search=,https://legistar.council.nyc.gov/HistoryDetail.aspx?ID=3097032&GUID=FE7DD2F0-35D5-4942-AC88-BCC6BBB062EC
2010,2010-08-25,LU 0159-2010,clu_geo_031,3,deterministic_geography_verification,high,deterministically_verified_project_geography,zap_bbl,AI-adjudicated geography matched deterministic zap_bbl assignment using DCP Council boundary release 10C.,LU 0159-2010; LU 0160-2010; LU 0161-2010; LU 0162-2010; LU 0163-2010; Res 0428-2010; Res 0429-2010; Res 0430-2010; Res 0431-2010; Res 0432-2010,100047ZMM; 100048ZRM; 100049ZSM; 100050ZSM; 100237PQM,P2010M0028; P2010M0153,15 PENN PLAZA,"Application no. C 100047 ZMM submitted by 401 Hotel REIT, LLC and 401 Commercial, L.P. pursuant to Sections 197-c and 201 of the New York City Charter for an amendment of the Zoning Map, Section No. 8d, by changing from a C4-4.5 District to a C6-6 District, Borough of Manhattan, Community District 5.; Application no. N 100048 ZRM submitted by 401 Hotel REIT, LLC and 401 Commercial, L.P. pursuant to Section 201 of the New York City Charter, for amendment of the Zoning Resolution of the City of New York, concerning Article VIII, Chapter 1 (Special Midtown District) relating to the applications for modification of height and setback and mandatory plan elements for the 15 Penn Plaza proposal, Borough of Manhattan, Community District 5.; Application no. C 100049 ZSM submitted by 401 Hotel REIT, LLC and 401 Commercial, L.P. pursuant to Sections 197-c and 201 of the New York City Charter for the grant of a special permit pursuant to Sections 81-066 (b) and 81-254 of the Zoning Resolution in connection with a proposed commercial development on property located at 15 Penn Plaza (Block 808, Lot 40, 1001 and 1002). This application is subject to review and action by the Land Use Committee only if appealed to the Council pursuant to §197-d (b)(2) of the Charter or called up by vote of the Council pursuant to §197-d (b)(3) of the Char",https://legistar.council.nyc.gov/LegislationDetail.aspx?ID=718925&GUID=0B9D7349-40E1-4F7B-8F10-0140FE1F8CFE&Options=ID|Text|&Search=; https://legistar.council.nyc.gov/LegislationDetail.aspx?ID=718926&GUID=023D11AF-0858-4608-AB3E-A46842BED46F&Options=ID|Text|&Search=; https://legistar.council.nyc.gov/LegislationDetail.aspx?ID=718927&GUID=CAF590A4-788C-424A-A748-E38F6341A555&Options=ID|Text|&Search=; https://legistar.council.nyc.gov/LegislationDetail.aspx?ID=718928&GUID=41FBBF86-92BA-4674-8275-3A51CA0FF234&Options=ID|Text|&Search=; https://legistar.council.nyc.gov/LegislationDetail.aspx?ID=718929&GUID=CC753F19-D56B-420C-8EDA-7A1849C1E6D8&Options=ID|Text|&Search=; https://legistar.council.nyc.gov/LegislationDetail.aspx?ID=733485&GUID=0D1E3B1E-EC8A-45C7-B41C-67185A360FDD&Options=ID|Text|&Search=; https://legistar.council.nyc.gov/LegislationDetail.aspx?ID=733486&GUID=3765AD6A-2158-4DDA-80E8-0BA56B64E9C8&Options=ID|Text|&Search=; https://legistar.council.nyc.gov/LegislationDetail.aspx?ID=733487&GUID=5AA19DE6-C9C2-434B-99A4-C487518D03AC&Options=ID|Text|&Search=; https://legistar.council.nyc.gov/LegislationDetail.aspx?ID=733488&GUID=EDD07FDE-F881-443C-8573-A2AA170D649C&Options=ID|Text|&Search=; https://legistar.council.nyc.gov/LegislationDetail.aspx?ID=733489&GUID=8142E0F4-7F6A-4F79-B4BE-F437626A8825&Options=ID|Text|&Search=,https://legistar.council.nyc.gov/HistoryDetail.aspx?ID=3400698&GUID=4BF8B2CA-F4D9-4DA5-A230-D631D6F187AF; https://legistar.council.nyc.gov/HistoryDetail.aspx?ID=3400699&GUID=464A9BDA-7503-4E0B-AAB8-C038F0493CDE; https://legistar.council.nyc.gov/HistoryDetail.aspx?ID=3400700&GUID=C551BF88-7920-4C98-9BA4-A43B45216A6C; https://legistar.council.nyc.gov/HistoryDetail.aspx?ID=3400701&GUID=F85D9A18-2DB9-47DA-9863-A255E3BBA075; https://legistar.council.nyc.gov/HistoryDetail.aspx?ID=3400702&GUID=07C1CF36-C0B8-4E6C-9EFC-86AB3582EAC5; https://legistar.council.nyc.gov/HistoryDetail.aspx?ID=3400527&GUID=12DC4B56-C793-4F9E-9087-A9D731020818; https://legistar.council.nyc.gov/HistoryDetail.aspx?ID=3400528&GUID=48D6A581-E2E6-4BE9-82B6-91C03BD9B843; https://legistar.council.nyc.gov/HistoryDetail.aspx?ID=3400529&GUID=1332E40F-C70C-45BE-9100-797602D48B28; https://legistar.council.nyc.gov/HistoryDetail.aspx?ID=3400530&GUID=EE8ACDDD-286B-44EC-A6D8-AEF58119AFFD; https://legistar.council.nyc.gov/HistoryDetail.aspx?ID=3400531&GUID=1617FA2E-E0E2-4581-962A-B1518E0A5778
2010,2010-08-25,LU 0160-2010,clu_geo_031,3,deterministic_geography_verification,high,deterministically_verified_project_geography,zap_bbl,AI-adjudicated geography matched deterministic zap_bbl assignment using DCP Council boundary release 10C.,LU 0159-2010; LU 0160-2010; LU 0161-2010; LU 0162-2010; LU 0163-2010; Res 0428-2010; Res 0429-2010; Res 0430-2010; Res 0431-2010; Res 0432-2010,100047ZMM; 100048ZRM; 100049ZSM; 100050ZSM; 100237PQM,P2010M0028; P2010M0153,15 PENN PLAZA,"Application no. C 100047 ZMM submitted by 401 Hotel REIT, LLC and 401 Commercial, L.P. pursuant to Sections 197-c and 201 of the New York City Charter for an amendment of the Zoning Map, Section No. 8d, by changing from a C4-4.5 District to a C6-6 District, Borough of Manhattan, Community District 5.; Application no. N 100048 ZRM submitted by 401 Hotel REIT, LLC and 401 Commercial, L.P. pursuant to Section 201 of the New York City Charter, for amendment of the Zoning Resolution of the City of New York, concerning Article VIII, Chapter 1 (Special Midtown District) relating to the applications for modification of height and setback and mandatory plan elements for the 15 Penn Plaza proposal, Borough of Manhattan, Community District 5.; Application no. C 100049 ZSM submitted by 401 Hotel REIT, LLC and 401 Commercial, L.P. pursuant to Sections 197-c and 201 of the New York City Charter for the grant of a special permit pursuant to Sections 81-066 (b) and 81-254 of the Zoning Resolution in connection with a proposed commercial development on property located at 15 Penn Plaza (Block 808, Lot 40, 1001 and 1002). This application is subject to review and action by the Land Use Committee only if appealed to the Council pursuant to §197-d (b)(2) of the Charter or called up by vote of the Council pursuant to §197-d (b)(3) of the Char",https://legistar.council.nyc.gov/LegislationDetail.aspx?ID=718925&GUID=0B9D7349-40E1-4F7B-8F10-0140FE1F8CFE&Options=ID|Text|&Search=; https://legistar.council.nyc.gov/LegislationDetail.aspx?ID=718926&GUID=023D11AF-0858-4608-AB3E-A46842BED46F&Options=ID|Text|&Search=; https://legistar.council.nyc.gov/LegislationDetail.aspx?ID=718927&GUID=CAF590A4-788C-424A-A748-E38F6341A555&Options=ID|Text|&Search=; https://legistar.council.nyc.gov/LegislationDetail.aspx?ID=718928&GUID=41FBBF86-92BA-4674-8275-3A51CA0FF234&Options=ID|Text|&Search=; https://legistar.council.nyc.gov/LegislationDetail.aspx?ID=718929&GUID=CC753F19-D56B-420C-8EDA-7A1849C1E6D8&Options=ID|Text|&Search=; https://legistar.council.nyc.gov/LegislationDetail.aspx?ID=733485&GUID=0D1E3B1E-EC8A-45C7-B41C-67185A360FDD&Options=ID|Text|&Search=; https://legistar.council.nyc.gov/LegislationDetail.aspx?ID=733486&GUID=3765AD6A-2158-4DDA-80E8-0BA56B64E9C8&Options=ID|Text|&Search=; https://legistar.council.nyc.gov/LegislationDetail.aspx?ID=733487&GUID=5AA19DE6-C9C2-434B-99A4-C487518D03AC&Options=ID|Text|&Search=; https://legistar.council.nyc.gov/LegislationDetail.aspx?ID=733488&GUID=EDD07FDE-F881-443C-8573-A2AA170D649C&Options=ID|Text|&Search=; https://legistar.council.nyc.gov/LegislationDetail.aspx?ID=733489&GUID=8142E0F4-7F6A-4F79-B4BE-F437626A8825&Options=ID|Text|&Search=,https://legistar.council.nyc.gov/HistoryDetail.aspx?ID=3400698&GUID=4BF8B2CA-F4D9-4DA5-A230-D631D6F187AF; https://legistar.council.nyc.gov/HistoryDetail.aspx?ID=3400699&GUID=464A9BDA-7503-4E0B-AAB8-C038F0493CDE; https://legistar.council.nyc.gov/HistoryDetail.aspx?ID=3400700&GUID=C551BF88-7920-4C98-9BA4-A43B45216A6C; https://legistar.council.nyc.gov/HistoryDetail.aspx?ID=3400701&GUID=F85D9A18-2DB9-47DA-9863-A255E3BBA075; https://legistar.council.nyc.gov/HistoryDetail.aspx?ID=3400702&GUID=07C1CF36-C0B8-4E6C-9EFC-86AB3582EAC5; https://legistar.council.nyc.gov/HistoryDetail.aspx?ID=3400527&GUID=12DC4B56-C793-4F9E-9087-A9D731020818; https://legistar.council.nyc.gov/HistoryDetail.aspx?ID=3400528&GUID=48D6A581-E2E6-4BE9-82B6-91C03BD9B843; https://legistar.council.nyc.gov/HistoryDetail.aspx?ID=3400529&GUID=1332E40F-C70C-45BE-9100-797602D48B28; https://legistar.council.nyc.gov/HistoryDetail.aspx?ID=3400530&GUID=EE8ACDDD-286B-44EC-A6D8-AEF58119AFFD; https://legistar.council.nyc.gov/HistoryDetail.aspx?ID=3400531&GUID=1617FA2E-E0E2-4581-962A-B1518E0A5778
2010,2010-08-25,LU 0161-2010,clu_geo_031,3,deterministic_geography_verification,high,deterministically_verified_project_geography,zap_bbl,AI-adjudicated geography matched deterministic zap_bbl assignment using DCP Council boundary release 10C.,LU 0159-2010; LU 0160-2010; LU 0161-2010; LU 0162-2010; LU 0163-2010; Res 0428-2010; Res 0429-2010; Res 0430-2010; Res 0431-2010; Res 0432-2010,100047ZMM; 100048ZRM; 100049ZSM; 100050ZSM; 100237PQM,P2010M0028; P2010M0153,15 PENN PLAZA,"Application no. C 100047 ZMM submitted by 401 Hotel REIT, LLC and 401 Commercial, L.P. pursuant to Sections 197-c and 201 of the New York City Charter for an amendment of the Zoning Map, Section No. 8d, by changing from a C4-4.5 District to a C6-6 District, Borough of Manhattan, Community District 5.; Application no. N 100048 ZRM submitted by 401 Hotel REIT, LLC and 401 Commercial, L.P. pursuant to Section 201 of the New York City Charter, for amendment of the Zoning Resolution of the City of New York, concerning Article VIII, Chapter 1 (Special Midtown District) relating to the applications for modification of height and setback and mandatory plan elements for the 15 Penn Plaza proposal, Borough of Manhattan, Community District 5.; Application no. C 100049 ZSM submitted by 401 Hotel REIT, LLC and 401 Commercial, L.P. pursuant to Sections 197-c and 201 of the New York City Charter for the grant of a special permit pursuant to Sections 81-066 (b) and 81-254 of the Zoning Resolution in connection with a proposed commercial development on property located at 15 Penn Plaza (Block 808, Lot 40, 1001 and 1002). This application is subject to review and action by the Land Use Committee only if appealed to the Council pursuant to §197-d (b)(2) of the Charter or called up by vote of the Council pursuant to §197-d (b)(3) of the Char",https://legistar.council.nyc.gov/LegislationDetail.aspx?ID=718925&GUID=0B9D7349-40E1-4F7B-8F10-0140FE1F8CFE&Options=ID|Text|&Search=; https://legistar.council.nyc.gov/LegislationDetail.aspx?ID=718926&GUID=023D11AF-0858-4608-AB3E-A46842BED46F&Options=ID|Text|&Search=; https://legistar.council.nyc.gov/LegislationDetail.aspx?ID=718927&GUID=CAF590A4-788C-424A-A748-E38F6341A555&Options=ID|Text|&Search=; https://legistar.council.nyc.gov/LegislationDetail.aspx?ID=718928&GUID=41FBBF86-92BA-4674-8275-3A51CA0FF234&Options=ID|Text|&Search=; https://legistar.council.nyc.gov/LegislationDetail.aspx?ID=718929&GUID=CC753F19-D56B-420C-8EDA-7A1849C1E6D8&Options=ID|Text|&Search=; https://legistar.council.nyc.gov/LegislationDetail.aspx?ID=733485&GUID=0D1E3B1E-EC8A-45C7-B41C-67185A360FDD&Options=ID|Text|&Search=; https://legistar.council.nyc.gov/LegislationDetail.aspx?ID=733486&GUID=3765AD6A-2158-4DDA-80E8-0BA56B64E9C8&Options=ID|Text|&Search=; https://legistar.council.nyc.gov/LegislationDetail.aspx?ID=733487&GUID=5AA19DE6-C9C2-434B-99A4-C487518D03AC&Options=ID|Text|&Search=; https://legistar.council.nyc.gov/LegislationDetail.aspx?ID=733488&GUID=EDD07FDE-F881-443C-8573-A2AA170D649C&Options=ID|Text|&Search=; https://legistar.council.nyc.gov/LegislationDetail.aspx?ID=733489&GUID=8142E0F4-7F6A-4F79-B4BE-F437626A8825&Options=ID|Text|&Search=,https://legistar.council.nyc.gov/HistoryDetail.aspx?ID=3400698&GUID=4BF8B2CA-F4D9-4DA5-A230-D631D6F187AF; https://legistar.council.nyc.gov/HistoryDetail.aspx?ID=3400699&GUID=464A9BDA-7503-4E0B-AAB8-C038F0493CDE; https://legistar.council.nyc.gov/HistoryDetail.aspx?ID=3400700&GUID=C551BF88-7920-4C98-9BA4-A43B45216A6C; https://legistar.council.nyc.gov/HistoryDetail.aspx?ID=3400701&GUID=F85D9A18-2DB9-47DA-9863-A255E3BBA075; https://legistar.council.nyc.gov/HistoryDetail.aspx?ID=3400702&GUID=07C1CF36-C0B8-4E6C-9EFC-86AB3582EAC5; https://legistar.council.nyc.gov/HistoryDetail.aspx?ID=3400527&GUID=12DC4B56-C793-4F9E-9087-A9D731020818; https://legistar.council.nyc.gov/HistoryDetail.aspx?ID=3400528&GUID=48D6A581-E2E6-4BE9-82B6-91C03BD9B843; https://legistar.council.nyc.gov/HistoryDetail.aspx?ID=3400529&GUID=1332E40F-C70C-45BE-9100-797602D48B28; https://legistar.council.nyc.gov/HistoryDetail.aspx?ID=3400530&GUID=EE8ACDDD-286B-44EC-A6D8-AEF58119AFFD; https://legistar.council.nyc.gov/HistoryDetail.aspx?ID=3400531&GUID=1617FA2E-E0E2-4581-962A-B1518E0A5778
2010,2010-08-25,LU 0162-2010,clu_geo_031,3,deterministic_geography_verification,high,deterministically_verified_project_geography,zap_bbl,AI-adjudicated geography matched deterministic zap_bbl assignment using DCP Council boundary release 10C.,LU 0159-2010; LU 0160-2010; LU 0161-2010; LU 0162-2010; LU 0163-2010; Res 0428-2010; Res 0429-2010; Res 0430-2010; Res 0431-2010; Res 0432-2010,100047ZMM; 100048ZRM; 100049ZSM; 100050ZSM; 100237PQM,P2010M0028; P2010M0153,15 PENN PLAZA,"Application no. C 100047 ZMM submitted by 401 Hotel REIT, LLC and 401 Commercial, L.P. pursuant to Sections 197-c and 201 of the New York City Charter for an amendment of the Zoning Map, Section No. 8d, by changing from a C4-4.5 District to a C6-6 District, Borough of Manhattan, Community District 5.; Application no. N 100048 ZRM submitted by 401 Hotel REIT, LLC and 401 Commercial, L.P. pursuant to Section 201 of the New York City Charter, for amendment of the Zoning Resolution of the City of New York, concerning Article VIII, Chapter 1 (Special Midtown District) relating to the applications for modification of height and setback and mandatory plan elements for the 15 Penn Plaza proposal, Borough of Manhattan, Community District 5.; Application no. C 100049 ZSM submitted by 401 Hotel REIT, LLC and 401 Commercial, L.P. pursuant to Sections 197-c and 201 of the New York City Charter for the grant of a special permit pursuant to Sections 81-066 (b) and 81-254 of the Zoning Resolution in connection with a proposed commercial development on property located at 15 Penn Plaza (Block 808, Lot 40, 1001 and 1002). This application is subject to review and action by the Land Use Committee only if appealed to the Council pursuant to §197-d (b)(2) of the Charter or called up by vote of the Council pursuant to §197-d (b)(3) of the Char",https://legistar.council.nyc.gov/LegislationDetail.aspx?ID=718925&GUID=0B9D7349-40E1-4F7B-8F10-0140FE1F8CFE&Options=ID|Text|&Search=; https://legistar.council.nyc.gov/LegislationDetail.aspx?ID=718926&GUID=023D11AF-0858-4608-AB3E-A46842BED46F&Options=ID|Text|&Search=; https://legistar.council.nyc.gov/LegislationDetail.aspx?ID=718927&GUID=CAF590A4-788C-424A-A748-E38F6341A555&Options=ID|Text|&Search=; https://legistar.council.nyc.gov/LegislationDetail.aspx?ID=718928&GUID=41FBBF86-92BA-4674-8275-3A51CA0FF234&Options=ID|Text|&Search=; https://legistar.council.nyc.gov/LegislationDetail.aspx?ID=718929&GUID=CC753F19-D56B-420C-8EDA-7A1849C1E6D8&Options=ID|Text|&Search=; https://legistar.council.nyc.gov/LegislationDetail.aspx?ID=733485&GUID=0D1E3B1E-EC8A-45C7-B41C-67185A360FDD&Options=ID|Text|&Search=; https://legistar.council.nyc.gov/LegislationDetail.aspx?ID=733486&GUID=3765AD6A-2158-4DDA-80E8-0BA56B64E9C8&Options=ID|Text|&Search=; https://legistar.council.nyc.gov/LegislationDetail.aspx?ID=733487&GUID=5AA19DE6-C9C2-434B-99A4-C487518D03AC&Options=ID|Text|&Search=; https://legistar.council.nyc.gov/LegislationDetail.aspx?ID=733488&GUID=EDD07FDE-F881-443C-8573-A2AA170D649C&Options=ID|Text|&Search=; https://legistar.council.nyc.gov/LegislationDetail.aspx?ID=733489&GUID=8142E0F4-7F6A-4F79-B4BE-F437626A8825&Options=ID|Text|&Search=,https://legistar.council.nyc.gov/HistoryDetail.aspx?ID=3400698&GUID=4BF8B2CA-F4D9-4DA5-A230-D631D6F187AF; https://legistar.council.nyc.gov/HistoryDetail.aspx?ID=3400699&GUID=464A9BDA-7503-4E0B-AAB8-C038F0493CDE; https://legistar.council.nyc.gov/HistoryDetail.aspx?ID=3400700&GUID=C551BF88-7920-4C98-9BA4-A43B45216A6C; https://legistar.council.nyc.gov/HistoryDetail.aspx?ID=3400701&GUID=F85D9A18-2DB9-47DA-9863-A255E3BBA075; https://legistar.council.nyc.gov/HistoryDetail.aspx?ID=3400702&GUID=07C1CF36-C0B8-4E6C-9EFC-86AB3582EAC5; https://legistar.council.nyc.gov/HistoryDetail.aspx?ID=3400527&GUID=12DC4B56-C793-4F9E-9087-A9D731020818; https://legistar.council.nyc.gov/HistoryDetail.aspx?ID=3400528&GUID=48D6A581-E2E6-4BE9-82B6-91C03BD9B843; https://legistar.council.nyc.gov/HistoryDetail.aspx?ID=3400529&GUID=1332E40F-C70C-45BE-9100-797602D48B28; https://legistar.council.nyc.gov/HistoryDetail.aspx?ID=3400530&GUID=EE8ACDDD-286B-44EC-A6D8-AEF58119AFFD; https://legistar.council.nyc.gov/HistoryDetail.aspx?ID=3400531&GUID=1617FA2E-E0E2-4581-962A-B1518E0A5778
2010,2010-08-25,LU 0163-2010,clu_geo_031,3,deterministic_geography_verification,high,deterministically_verified_project_geography,zap_bbl,AI-adjudicated geography matched deterministic zap_bbl assignment using DCP Council boundary release 10C.,LU 0159-2010; LU 0160-2010; LU 0161-2010; LU 0162-2010; LU 0163-2010; Res 0428-2010; Res 0429-2010; Res 0430-2010; Res 0431-2010; Res 0432-2010,100047ZMM; 100048ZRM; 100049ZSM; 100050ZSM; 100237PQM,P2010M0028; P2010M0153,15 PENN PLAZA,"Application no. C 100047 ZMM submitted by 401 Hotel REIT, LLC and 401 Commercial, L.P. pursuant to Sections 197-c and 201 of the New York City Charter for an amendment of the Zoning Map, Section No. 8d, by changing from a C4-4.5 District to a C6-6 District, Borough of Manhattan, Community District 5.; Application no. N 100048 ZRM submitted by 401 Hotel REIT, LLC and 401 Commercial, L.P. pursuant to Section 201 of the New York City Charter, for amendment of the Zoning Resolution of the City of New York, concerning Article VIII, Chapter 1 (Special Midtown District) relating to the applications for modification of height and setback and mandatory plan elements for the 15 Penn Plaza proposal, Borough of Manhattan, Community District 5.; Application no. C 100049 ZSM submitted by 401 Hotel REIT, LLC and 401 Commercial, L.P. pursuant to Sections 197-c and 201 of the New York City Charter for the grant of a special permit pursuant to Sections 81-066 (b) and 81-254 of the Zoning Resolution in connection with a proposed commercial development on property located at 15 Penn Plaza (Block 808, Lot 40, 1001 and 1002). This application is subject to review and action by the Land Use Committee only if appealed to the Council pursuant to §197-d (b)(2) of the Charter or called up by vote of the Council pursuant to §197-d (b)(3) of the Char",https://legistar.council.nyc.gov/LegislationDetail.aspx?ID=718925&GUID=0B9D7349-40E1-4F7B-8F10-0140FE1F8CFE&Options=ID|Text|&Search=; https://legistar.council.nyc.gov/LegislationDetail.aspx?ID=718926&GUID=023D11AF-0858-4608-AB3E-A46842BED46F&Options=ID|Text|&Search=; https://legistar.council.nyc.gov/LegislationDetail.aspx?ID=718927&GUID=CAF590A4-788C-424A-A748-E38F6341A555&Options=ID|Text|&Search=; https://legistar.council.nyc.gov/LegislationDetail.aspx?ID=718928&GUID=41FBBF86-92BA-4674-8275-3A51CA0FF234&Options=ID|Text|&Search=; https://legistar.council.nyc.gov/LegislationDetail.aspx?ID=718929&GUID=CC753F19-D56B-420C-8EDA-7A1849C1E6D8&Options=ID|Text|&Search=; https://legistar.council.nyc.gov/LegislationDetail.aspx?ID=733485&GUID=0D1E3B1E-EC8A-45C7-B41C-67185A360FDD&Options=ID|Text|&Search=; https://legistar.council.nyc.gov/LegislationDetail.aspx?ID=733486&GUID=3765AD6A-2158-4DDA-80E8-0BA56B64E9C8&Options=ID|Text|&Search=; https://legistar.council.nyc.gov/LegislationDetail.aspx?ID=733487&GUID=5AA19DE6-C9C2-434B-99A4-C487518D03AC&Options=ID|Text|&Search=; https://legistar.council.nyc.gov/LegislationDetail.aspx?ID=733488&GUID=EDD07FDE-F881-443C-8573-A2AA170D649C&Options=ID|Text|&Search=; https://legistar.council.nyc.gov/LegislationDetail.aspx?ID=733489&GUID=8142E0F4-7F6A-4F79-B4BE-F437626A8825&Options=ID|Text|&Search=,https://legistar.council.nyc.gov/HistoryDetail.aspx?ID=3400698&GUID=4BF8B2CA-F4D9-4DA5-A230-D631D6F187AF; https://legistar.council.nyc.gov/HistoryDetail.aspx?ID=3400699&GUID=464A9BDA-7503-4E0B-AAB8-C038F0493CDE; https://legistar.council.nyc.gov/HistoryDetail.aspx?ID=3400700&GUID=C551BF88-7920-4C98-9BA4-A43B45216A6C; https://legistar.council.nyc.gov/HistoryDetail.aspx?ID=3400701&GUID=F85D9A18-2DB9-47DA-9863-A255E3BBA075; https://legistar.council.nyc.gov/HistoryDetail.aspx?ID=3400702&GUID=07C1CF36-C0B8-4E6C-9EFC-86AB3582EAC5; https://legistar.council.nyc.gov/HistoryDetail.aspx?ID=3400527&GUID=12DC4B56-C793-4F9E-9087-A9D731020818; https://legistar.council.nyc.gov/HistoryDetail.aspx?ID=3400528&GUID=48D6A581-E2E6-4BE9-82B6-91C03BD9B843; https://legistar.council.nyc.gov/HistoryDetail.aspx?ID=3400529&GUID=1332E40F-C70C-45BE-9100-797602D48B28; https://legistar.council.nyc.gov/HistoryDetail.aspx?ID=3400530&GUID=EE8ACDDD-286B-44EC-A6D8-AEF58119AFFD; https://legistar.council.nyc.gov/HistoryDetail.aspx?ID=3400531&GUID=1617FA2E-E0E2-4581-962A-B1518E0A5778
2010,2010-08-25,Res 0428-2010,clu_geo_031,3,deterministic_geography_verification,high,deterministically_verified_project_geography,zap_bbl,AI-adjudicated geography matched deterministic zap_bbl assignment using DCP Council boundary release 10C.,LU 0159-2010; LU 0160-2010; LU 0161-2010; LU 0162-2010; LU 0163-2010; Res 0428-2010; Res 0429-2010; Res 0430-2010; Res 0431-2010; Res 0432-2010,100047ZMM; 100048ZRM; 100049ZSM; 100050ZSM; 100237PQM,P2010M0028; P2010M0153,15 PENN PLAZA,"Application no. C 100047 ZMM submitted by 401 Hotel REIT, LLC and 401 Commercial, L.P. pursuant to Sections 197-c and 201 of the New York City Charter for an amendment of the Zoning Map, Section No. 8d, by changing from a C4-4.5 District to a C6-6 District, Borough of Manhattan, Community District 5.; Application no. N 100048 ZRM submitted by 401 Hotel REIT, LLC and 401 Commercial, L.P. pursuant to Section 201 of the New York City Charter, for amendment of the Zoning Resolution of the City of New York, concerning Article VIII, Chapter 1 (Special Midtown District) relating to the applications for modification of height and setback and mandatory plan elements for the 15 Penn Plaza proposal, Borough of Manhattan, Community District 5.; Application no. C 100049 ZSM submitted by 401 Hotel REIT, LLC and 401 Commercial, L.P. pursuant to Sections 197-c and 201 of the New York City Charter for the grant of a special permit pursuant to Sections 81-066 (b) and 81-254 of the Zoning Resolution in connection with a proposed commercial development on property located at 15 Penn Plaza (Block 808, Lot 40, 1001 and 1002). This application is subject to review and action by the Land Use Committee only if appealed to the Council pursuant to §197-d (b)(2) of the Charter or called up by vote of the Council pursuant to §197-d (b)(3) of the Char",https://legistar.council.nyc.gov/LegislationDetail.aspx?ID=718925&GUID=0B9D7349-40E1-4F7B-8F10-0140FE1F8CFE&Options=ID|Text|&Search=; https://legistar.council.nyc.gov/LegislationDetail.aspx?ID=718926&GUID=023D11AF-0858-4608-AB3E-A46842BED46F&Options=ID|Text|&Search=; https://legistar.council.nyc.gov/LegislationDetail.aspx?ID=718927&GUID=CAF590A4-788C-424A-A748-E38F6341A555&Options=ID|Text|&Search=; https://legistar.council.nyc.gov/LegislationDetail.aspx?ID=718928&GUID=41FBBF86-92BA-4674-8275-3A51CA0FF234&Options=ID|Text|&Search=; https://legistar.council.nyc.gov/LegislationDetail.aspx?ID=718929&GUID=CC753F19-D56B-420C-8EDA-7A1849C1E6D8&Options=ID|Text|&Search=; https://legistar.council.nyc.gov/LegislationDetail.aspx?ID=733485&GUID=0D1E3B1E-EC8A-45C7-B41C-67185A360FDD&Options=ID|Text|&Search=; https://legistar.council.nyc.gov/LegislationDetail.aspx?ID=733486&GUID=3765AD6A-2158-4DDA-80E8-0BA56B64E9C8&Options=ID|Text|&Search=; https://legistar.council.nyc.gov/LegislationDetail.aspx?ID=733487&GUID=5AA19DE6-C9C2-434B-99A4-C487518D03AC&Options=ID|Text|&Search=; https://legistar.council.nyc.gov/LegislationDetail.aspx?ID=733488&GUID=EDD07FDE-F881-443C-8573-A2AA170D649C&Options=ID|Text|&Search=; https://legistar.council.nyc.gov/LegislationDetail.aspx?ID=733489&GUID=8142E0F4-7F6A-4F79-B4BE-F437626A8825&Options=ID|Text|&Search=,https://legistar.council.nyc.gov/HistoryDetail.aspx?ID=3400698&GUID=4BF8B2CA-F4D9-4DA5-A230-D631D6F187AF; https://legistar.council.nyc.gov/HistoryDetail.aspx?ID=3400699&GUID=464A9BDA-7503-4E0B-AAB8-C038F0493CDE; https://legistar.council.nyc.gov/HistoryDetail.aspx?ID=3400700&GUID=C551BF88-7920-4C98-9BA4-A43B45216A6C; https://legistar.council.nyc.gov/HistoryDetail.aspx?ID=3400701&GUID=F85D9A18-2DB9-47DA-9863-A255E3BBA075; https://legistar.council.nyc.gov/HistoryDetail.aspx?ID=3400702&GUID=07C1CF36-C0B8-4E6C-9EFC-86AB3582EAC5; https://legistar.council.nyc.gov/HistoryDetail.aspx?ID=3400527&GUID=12DC4B56-C793-4F9E-9087-A9D731020818; https://legistar.council.nyc.gov/HistoryDetail.aspx?ID=3400528&GUID=48D6A581-E2E6-4BE9-82B6-91C03BD9B843; https://legistar.council.nyc.gov/HistoryDetail.aspx?ID=3400529&GUID=1332E40F-C70C-45BE-9100-797602D48B28; https://legistar.council.nyc.gov/HistoryDetail.aspx?ID=3400530&GUID=EE8ACDDD-286B-44EC-A6D8-AEF58119AFFD; https://legistar.council.nyc.gov/HistoryDetail.aspx?ID=3400531&GUID=1617FA2E-E0E2-4581-962A-B1518E0A5778
2010,2010-08-25,Res 0429-2010,clu_geo_031,3,deterministic_geography_verification,high,deterministically_verified_project_geography,zap_bbl,AI-adjudicated geography matched deterministic zap_bbl assignment using DCP Council boundary release 10C.,LU 0159-2010; LU 0160-2010; LU 0161-2010; LU 0162-2010; LU 0163-2010; Res 0428-2010; Res 0429-2010; Res 0430-2010; Res 0431-2010; Res 0432-2010,100047ZMM; 100048ZRM; 100049ZSM; 100050ZSM; 100237PQM,P2010M0028; P2010M0153,15 PENN PLAZA,"Application no. C 100047 ZMM submitted by 401 Hotel REIT, LLC and 401 Commercial, L.P. pursuant to Sections 197-c and 201 of the New York City Charter for an amendment of the Zoning Map, Section No. 8d, by changing from a C4-4.5 District to a C6-6 District, Borough of Manhattan, Community District 5.; Application no. N 100048 ZRM submitted by 401 Hotel REIT, LLC and 401 Commercial, L.P. pursuant to Section 201 of the New York City Charter, for amendment of the Zoning Resolution of the City of New York, concerning Article VIII, Chapter 1 (Special Midtown District) relating to the applications for modification of height and setback and mandatory plan elements for the 15 Penn Plaza proposal, Borough of Manhattan, Community District 5.; Application no. C 100049 ZSM submitted by 401 Hotel REIT, LLC and 401 Commercial, L.P. pursuant to Sections 197-c and 201 of the New York City Charter for the grant of a special permit pursuant to Sections 81-066 (b) and 81-254 of the Zoning Resolution in connection with a proposed commercial development on property located at 15 Penn Plaza (Block 808, Lot 40, 1001 and 1002). This application is subject to review and action by the Land Use Committee only if appealed to the Council pursuant to §197-d (b)(2) of the Charter or called up by vote of the Council pursuant to §197-d (b)(3) of the Char",https://legistar.council.nyc.gov/LegislationDetail.aspx?ID=718925&GUID=0B9D7349-40E1-4F7B-8F10-0140FE1F8CFE&Options=ID|Text|&Search=; https://legistar.council.nyc.gov/LegislationDetail.aspx?ID=718926&GUID=023D11AF-0858-4608-AB3E-A46842BED46F&Options=ID|Text|&Search=; https://legistar.council.nyc.gov/LegislationDetail.aspx?ID=718927&GUID=CAF590A4-788C-424A-A748-E38F6341A555&Options=ID|Text|&Search=; https://legistar.council.nyc.gov/LegislationDetail.aspx?ID=718928&GUID=41FBBF86-92BA-4674-8275-3A51CA0FF234&Options=ID|Text|&Search=; https://legistar.council.nyc.gov/LegislationDetail.aspx?ID=718929&GUID=CC753F19-D56B-420C-8EDA-7A1849C1E6D8&Options=ID|Text|&Search=; https://legistar.council.nyc.gov/LegislationDetail.aspx?ID=733485&GUID=0D1E3B1E-EC8A-45C7-B41C-67185A360FDD&Options=ID|Text|&Search=; https://legistar.council.nyc.gov/LegislationDetail.aspx?ID=733486&GUID=3765AD6A-2158-4DDA-80E8-0BA56B64E9C8&Options=ID|Text|&Search=; https://legistar.council.nyc.gov/LegislationDetail.aspx?ID=733487&GUID=5AA19DE6-C9C2-434B-99A4-C487518D03AC&Options=ID|Text|&Search=; https://legistar.council.nyc.gov/LegislationDetail.aspx?ID=733488&GUID=EDD07FDE-F881-443C-8573-A2AA170D649C&Options=ID|Text|&Search=; https://legistar.council.nyc.gov/LegislationDetail.aspx?ID=733489&GUID=8142E0F4-7F6A-4F79-B4BE-F437626A8825&Options=ID|Text|&Search=,https://legistar.council.nyc.gov/HistoryDetail.aspx?ID=3400698&GUID=4BF8B2CA-F4D9-4DA5-A230-D631D6F187AF; https://legistar.council.nyc.gov/HistoryDetail.aspx?ID=3400699&GUID=464A9BDA-7503-4E0B-AAB8-C038F0493CDE; https://legistar.council.nyc.gov/HistoryDetail.aspx?ID=3400700&GUID=C551BF88-7920-4C98-9BA4-A43B45216A6C; https://legistar.council.nyc.gov/HistoryDetail.aspx?ID=3400701&GUID=F85D9A18-2DB9-47DA-9863-A255E3BBA075; https://legistar.council.nyc.gov/HistoryDetail.aspx?ID=3400702&GUID=07C1CF36-C0B8-4E6C-9EFC-86AB3582EAC5; https://legistar.council.nyc.gov/HistoryDetail.aspx?ID=3400527&GUID=12DC4B56-C793-4F9E-9087-A9D731020818; https://legistar.council.nyc.gov/HistoryDetail.aspx?ID=3400528&GUID=48D6A581-E2E6-4BE9-82B6-91C03BD9B843; https://legistar.council.nyc.gov/HistoryDetail.aspx?ID=3400529&GUID=1332E40F-C70C-45BE-9100-797602D48B28; https://legistar.council.nyc.gov/HistoryDetail.aspx?ID=3400530&GUID=EE8ACDDD-286B-44EC-A6D8-AEF58119AFFD; https://legistar.council.nyc.gov/HistoryDetail.aspx?ID=3400531&GUID=1617FA2E-E0E2-4581-962A-B1518E0A5778
2010,2010-08-25,Res 0430-2010,clu_geo_031,3,deterministic_geography_verification,high,deterministically_verified_project_geography,zap_bbl,AI-adjudicated geography matched deterministic zap_bbl assignment using DCP Council boundary release 10C.,LU 0159-2010; LU 0160-2010; LU 0161-2010; LU 0162-2010; LU 0163-2010; Res 0428-2010; Res 0429-2010; Res 0430-2010; Res 0431-2010; Res 0432-2010,100047ZMM; 100048ZRM; 100049ZSM; 100050ZSM; 100237PQM,P2010M0028; P2010M0153,15 PENN PLAZA,"Application no. C 100047 ZMM submitted by 401 Hotel REIT, LLC and 401 Commercial, L.P. pursuant to Sections 197-c and 201 of the New York City Charter for an amendment of the Zoning Map, Section No. 8d, by changing from a C4-4.5 District to a C6-6 District, Borough of Manhattan, Community District 5.; Application no. N 100048 ZRM submitted by 401 Hotel REIT, LLC and 401 Commercial, L.P. pursuant to Section 201 of the New York City Charter, for amendment of the Zoning Resolution of the City of New York, concerning Article VIII, Chapter 1 (Special Midtown District) relating to the applications for modification of height and setback and mandatory plan elements for the 15 Penn Plaza proposal, Borough of Manhattan, Community District 5.; Application no. C 100049 ZSM submitted by 401 Hotel REIT, LLC and 401 Commercial, L.P. pursuant to Sections 197-c and 201 of the New York City Charter for the grant of a special permit pursuant to Sections 81-066 (b) and 81-254 of the Zoning Resolution in connection with a proposed commercial development on property located at 15 Penn Plaza (Block 808, Lot 40, 1001 and 1002). This application is subject to review and action by the Land Use Committee only if appealed to the Council pursuant to §197-d (b)(2) of the Charter or called up by vote of the Council pursuant to §197-d (b)(3) of the Char",https://legistar.council.nyc.gov/LegislationDetail.aspx?ID=718925&GUID=0B9D7349-40E1-4F7B-8F10-0140FE1F8CFE&Options=ID|Text|&Search=; https://legistar.council.nyc.gov/LegislationDetail.aspx?ID=718926&GUID=023D11AF-0858-4608-AB3E-A46842BED46F&Options=ID|Text|&Search=; https://legistar.council.nyc.gov/LegislationDetail.aspx?ID=718927&GUID=CAF590A4-788C-424A-A748-E38F6341A555&Options=ID|Text|&Search=; https://legistar.council.nyc.gov/LegislationDetail.aspx?ID=718928&GUID=41FBBF86-92BA-4674-8275-3A51CA0FF234&Options=ID|Text|&Search=; https://legistar.council.nyc.gov/LegislationDetail.aspx?ID=718929&GUID=CC753F19-D56B-420C-8EDA-7A1849C1E6D8&Options=ID|Text|&Search=; https://legistar.council.nyc.gov/LegislationDetail.aspx?ID=733485&GUID=0D1E3B1E-EC8A-45C7-B41C-67185A360FDD&Options=ID|Text|&Search=; https://legistar.council.nyc.gov/LegislationDetail.aspx?ID=733486&GUID=3765AD6A-2158-4DDA-80E8-0BA56B64E9C8&Options=ID|Text|&Search=; https://legistar.council.nyc.gov/LegislationDetail.aspx?ID=733487&GUID=5AA19DE6-C9C2-434B-99A4-C487518D03AC&Options=ID|Text|&Search=; https://legistar.council.nyc.gov/LegislationDetail.aspx?ID=733488&GUID=EDD07FDE-F881-443C-8573-A2AA170D649C&Options=ID|Text|&Search=; https://legistar.council.nyc.gov/LegislationDetail.aspx?ID=733489&GUID=8142E0F4-7F6A-4F79-B4BE-F437626A8825&Options=ID|Text|&Search=,https://legistar.council.nyc.gov/HistoryDetail.aspx?ID=3400698&GUID=4BF8B2CA-F4D9-4DA5-A230-D631D6F187AF; https://legistar.council.nyc.gov/HistoryDetail.aspx?ID=3400699&GUID=464A9BDA-7503-4E0B-AAB8-C038F0493CDE; https://legistar.council.nyc.gov/HistoryDetail.aspx?ID=3400700&GUID=C551BF88-7920-4C98-9BA4-A43B45216A6C; https://legistar.council.nyc.gov/HistoryDetail.aspx?ID=3400701&GUID=F85D9A18-2DB9-47DA-9863-A255E3BBA075; https://legistar.council.nyc.gov/HistoryDetail.aspx?ID=3400702&GUID=07C1CF36-C0B8-4E6C-9EFC-86AB3582EAC5; https://legistar.council.nyc.gov/HistoryDetail.aspx?ID=3400527&GUID=12DC4B56-C793-4F9E-9087-A9D731020818; https://legistar.council.nyc.gov/HistoryDetail.aspx?ID=3400528&GUID=48D6A581-E2E6-4BE9-82B6-91C03BD9B843; https://legistar.council.nyc.gov/HistoryDetail.aspx?ID=3400529&GUID=1332E40F-C70C-45BE-9100-797602D48B28; https://legistar.council.nyc.gov/HistoryDetail.aspx?ID=3400530&GUID=EE8ACDDD-286B-44EC-A6D8-AEF58119AFFD; https://legistar.council.nyc.gov/HistoryDetail.aspx?ID=3400531&GUID=1617FA2E-E0E2-4581-962A-B1518E0A5778
2010,2010-08-25,Res 0431-2010,clu_geo_031,3,deterministic_geography_verification,high,deterministically_verified_project_geography,zap_bbl,AI-adjudicated geography matched deterministic zap_bbl assignment using DCP Council boundary release 10C.,LU 0159-2010; LU 0160-2010; LU 0161-2010; LU 0162-2010; LU 0163-2010; Res 0428-2010; Res 0429-2010; Res 0430-2010; Res 0431-2010; Res 0432-2010,100047ZMM; 100048ZRM; 100049ZSM; 100050ZSM; 100237PQM,P2010M0028; P2010M0153,15 PENN PLAZA,"Application no. C 100047 ZMM submitted by 401 Hotel REIT, LLC and 401 Commercial, L.P. pursuant to Sections 197-c and 201 of the New York City Charter for an amendment of the Zoning Map, Section No. 8d, by changing from a C4-4.5 District to a C6-6 District, Borough of Manhattan, Community District 5.; Application no. N 100048 ZRM submitted by 401 Hotel REIT, LLC and 401 Commercial, L.P. pursuant to Section 201 of the New York City Charter, for amendment of the Zoning Resolution of the City of New York, concerning Article VIII, Chapter 1 (Special Midtown District) relating to the applications for modification of height and setback and mandatory plan elements for the 15 Penn Plaza proposal, Borough of Manhattan, Community District 5.; Application no. C 100049 ZSM submitted by 401 Hotel REIT, LLC and 401 Commercial, L.P. pursuant to Sections 197-c and 201 of the New York City Charter for the grant of a special permit pursuant to Sections 81-066 (b) and 81-254 of the Zoning Resolution in connection with a proposed commercial development on property located at 15 Penn Plaza (Block 808, Lot 40, 1001 and 1002). This application is subject to review and action by the Land Use Committee only if appealed to the Council pursuant to §197-d (b)(2) of the Charter or called up by vote of the Council pursuant to §197-d (b)(3) of the Char",https://legistar.council.nyc.gov/LegislationDetail.aspx?ID=718925&GUID=0B9D7349-40E1-4F7B-8F10-0140FE1F8CFE&Options=ID|Text|&Search=; https://legistar.council.nyc.gov/LegislationDetail.aspx?ID=718926&GUID=023D11AF-0858-4608-AB3E-A46842BED46F&Options=ID|Text|&Search=; https://legistar.council.nyc.gov/LegislationDetail.aspx?ID=718927&GUID=CAF590A4-788C-424A-A748-E38F6341A555&Options=ID|Text|&Search=; https://legistar.council.nyc.gov/LegislationDetail.aspx?ID=718928&GUID=41FBBF86-92BA-4674-8275-3A51CA0FF234&Options=ID|Text|&Search=; https://legistar.council.nyc.gov/LegislationDetail.aspx?ID=718929&GUID=CC753F19-D56B-420C-8EDA-7A1849C1E6D8&Options=ID|Text|&Search=; https://legistar.council.nyc.gov/LegislationDetail.aspx?ID=733485&GUID=0D1E3B1E-EC8A-45C7-B41C-67185A360FDD&Options=ID|Text|&Search=; https://legistar.council.nyc.gov/LegislationDetail.aspx?ID=733486&GUID=3765AD6A-2158-4DDA-80E8-0BA56B64E9C8&Options=ID|Text|&Search=; https://legistar.council.nyc.gov/LegislationDetail.aspx?ID=733487&GUID=5AA19DE6-C9C2-434B-99A4-C487518D03AC&Options=ID|Text|&Search=; https://legistar.council.nyc.gov/LegislationDetail.aspx?ID=733488&GUID=EDD07FDE-F881-443C-8573-A2AA170D649C&Options=ID|Text|&Search=; https://legistar.council.nyc.gov/LegislationDetail.aspx?ID=733489&GUID=8142E0F4-7F6A-4F79-B4BE-F437626A8825&Options=ID|Text|&Search=,https://legistar.council.nyc.gov/HistoryDetail.aspx?ID=3400698&GUID=4BF8B2CA-F4D9-4DA5-A230-D631D6F187AF; https://legistar.council.nyc.gov/HistoryDetail.aspx?ID=3400699&GUID=464A9BDA-7503-4E0B-AAB8-C038F0493CDE; https://legistar.council.nyc.gov/HistoryDetail.aspx?ID=3400700&GUID=C551BF88-7920-4C98-9BA4-A43B45216A6C; https://legistar.council.nyc.gov/HistoryDetail.aspx?ID=3400701&GUID=F85D9A18-2DB9-47DA-9863-A255E3BBA075; https://legistar.council.nyc.gov/HistoryDetail.aspx?ID=3400702&GUID=07C1CF36-C0B8-4E6C-9EFC-86AB3582EAC5; https://legistar.council.nyc.gov/HistoryDetail.aspx?ID=3400527&GUID=12DC4B56-C793-4F9E-9087-A9D731020818; https://legistar.council.nyc.gov/HistoryDetail.aspx?ID=3400528&GUID=48D6A581-E2E6-4BE9-82B6-91C03BD9B843; https://legistar.council.nyc.gov/HistoryDetail.aspx?ID=3400529&GUID=1332E40F-C70C-45BE-9100-797602D48B28; https://legistar.council.nyc.gov/HistoryDetail.aspx?ID=3400530&GUID=EE8ACDDD-286B-44EC-A6D8-AEF58119AFFD; https://legistar.council.nyc.gov/HistoryDetail.aspx?ID=3400531&GUID=1617FA2E-E0E2-4581-962A-B1518E0A5778
2010,2010-08-25,Res 0432-2010,clu_geo_031,3,deterministic_geography_verification,high,deterministically_verified_project_geography,zap_bbl,AI-adjudicated geography matched deterministic zap_bbl assignment using DCP Council boundary release 10C.,LU 0159-2010; LU 0160-2010; LU 0161-2010; LU 0162-2010; LU 0163-2010; Res 0428-2010; Res 0429-2010; Res 0430-2010; Res 0431-2010; Res 0432-2010,100047ZMM; 100048ZRM; 100049ZSM; 100050ZSM; 100237PQM,P2010M0028; P2010M0153,15 PENN PLAZA,"Application no. C 100047 ZMM submitted by 401 Hotel REIT, LLC and 401 Commercial, L.P. pursuant to Sections 197-c and 201 of the New York City Charter for an amendment of the Zoning Map, Section No. 8d, by changing from a C4-4.5 District to a C6-6 District, Borough of Manhattan, Community District 5.; Application no. N 100048 ZRM submitted by 401 Hotel REIT, LLC and 401 Commercial, L.P. pursuant to Section 201 of the New York City Charter, for amendment of the Zoning Resolution of the City of New York, concerning Article VIII, Chapter 1 (Special Midtown District) relating to the applications for modification of height and setback and mandatory plan elements for the 15 Penn Plaza proposal, Borough of Manhattan, Community District 5.; Application no. C 100049 ZSM submitted by 401 Hotel REIT, LLC and 401 Commercial, L.P. pursuant to Sections 197-c and 201 of the New York City Charter for the grant of a special permit pursuant to Sections 81-066 (b) and 81-254 of the Zoning Resolution in connection with a proposed commercial development on property located at 15 Penn Plaza (Block 808, Lot 40, 1001 and 1002). This application is subject to review and action by the Land Use Committee only if appealed to the Council pursuant to §197-d (b)(2) of the Charter or called up by vote of the Council pursuant to §197-d (b)(3) of the Char",https://legistar.council.nyc.gov/LegislationDetail.aspx?ID=718925&GUID=0B9D7349-40E1-4F7B-8F10-0140FE1F8CFE&Options=ID|Text|&Search=; https://legistar.council.nyc.gov/LegislationDetail.aspx?ID=718926&GUID=023D11AF-0858-4608-AB3E-A46842BED46F&Options=ID|Text|&Search=; https://legistar.council.nyc.gov/LegislationDetail.aspx?ID=718927&GUID=CAF590A4-788C-424A-A748-E38F6341A555&Options=ID|Text|&Search=; https://legistar.council.nyc.gov/LegislationDetail.aspx?ID=718928&GUID=41FBBF86-92BA-4674-8275-3A51CA0FF234&Options=ID|Text|&Search=; https://legistar.council.nyc.gov/LegislationDetail.aspx?ID=718929&GUID=CC753F19-D56B-420C-8EDA-7A1849C1E6D8&Options=ID|Text|&Search=; https://legistar.council.nyc.gov/LegislationDetail.aspx?ID=733485&GUID=0D1E3B1E-EC8A-45C7-B41C-67185A360FDD&Options=ID|Text|&Search=; https://legistar.council.nyc.gov/LegislationDetail.aspx?ID=733486&GUID=3765AD6A-2158-4DDA-80E8-0BA56B64E9C8&Options=ID|Text|&Search=; https://legistar.council.nyc.gov/LegislationDetail.aspx?ID=733487&GUID=5AA19DE6-C9C2-434B-99A4-C487518D03AC&Options=ID|Text|&Search=; https://legistar.council.nyc.gov/LegislationDetail.aspx?ID=733488&GUID=EDD07FDE-F881-443C-8573-A2AA170D649C&Options=ID|Text|&Search=; https://legistar.council.nyc.gov/LegislationDetail.aspx?ID=733489&GUID=8142E0F4-7F6A-4F79-B4BE-F437626A8825&Options=ID|Text|&Search=,https://legistar.council.nyc.gov/HistoryDetail.aspx?ID=3400698&GUID=4BF8B2CA-F4D9-4DA5-A230-D631D6F187AF; https://legistar.council.nyc.gov/HistoryDetail.aspx?ID=3400699&GUID=464A9BDA-7503-4E0B-AAB8-C038F0493CDE; https://legistar.council.nyc.gov/HistoryDetail.aspx?ID=3400700&GUID=C551BF88-7920-4C98-9BA4-A43B45216A6C; https://legistar.council.nyc.gov/HistoryDetail.aspx?ID=3400701&GUID=F85D9A18-2DB9-47DA-9863-A255E3BBA075; https://legistar.council.nyc.gov/HistoryDetail.aspx?ID=3400702&GUID=07C1CF36-C0B8-4E6C-9EFC-86AB3582EAC5; https://legistar.council.nyc.gov/HistoryDetail.aspx?ID=3400527&GUID=12DC4B56-C793-4F9E-9087-A9D731020818; https://legistar.council.nyc.gov/HistoryDetail.aspx?ID=3400528&GUID=48D6A581-E2E6-4BE9-82B6-91C03BD9B843; https://legistar.council.nyc.gov/HistoryDetail.aspx?ID=3400529&GUID=1332E40F-C70C-45BE-9100-797602D48B28; https://legistar.council.nyc.gov/HistoryDetail.aspx?ID=3400530&GUID=EE8ACDDD-286B-44EC-A6D8-AEF58119AFFD; https://legistar.council.nyc.gov/HistoryDetail.aspx?ID=3400531&GUID=1617FA2E-E0E2-4581-962A-B1518E0A5778
2010,2010-10-27,LU 0230-2010,clu_geo_123,19; 20; 23,deterministic_geography_verification,high,deterministically_verified_project_geography,zap_bbl,AI-adjudicated geography matched deterministic zap_bbl assignment using DCP Council boundary release 10C.,LU 0230-2010,100409ZMQ,P2010Q0213,AUBURNDALE-OAKLAND GDN/HOLLIS HILLS,"Application no. C 100409 ZMQ submitted by the Department of City Planning pursuant to Sections 197-c and 201 of the New York City Charter for an amendment of the Zoning Map, Section Nos. 10c, 10d, 11b, 15a, Borough of Queens, Community District 7, 8 and 11.",https://legistar.council.nyc.gov/LegislationDetail.aspx?ID=777887&GUID=45E2EC5A-F3E9-430B-91DA-0C236F0D0277&Options=ID|Text|&Search=,https://legistar.council.nyc.gov/HistoryDetail.aspx?ID=3809825&GUID=80D78C5D-E7D6-45CC-8E36-07886BD6E5B2
2011,2011-04-06,Res 0780-2011,clu_geo_124,1,manual_queue_ai_review_researcher_accepted,high,promote,explicit_official_district,"Imported from the prior full-document conflict-review pass: official City Record source-index line gives Council District no. 1 for C 110141 PQM at 9, 11-17 Second Avenue.",Res 0780-2011,110141PQM,P2011M0070,9-17 SECOND AVENUE,"Resolution approving the decision of the City Planning Commission on ULURP No. C 110141 PQM (L.U. No. 312), for the acquisition of privately-owned property located at 9, 11-17 Second Avenue (Block 456, Lots 27 and 28), Borough of Manhattan.",https://legistar.council.nyc.gov/LegislationDetail.aspx?ID=862241&GUID=3C0B1DAC-8A75-417B-87C4-C1E340A15824&Options=ID|Text|&Search=,https://legistar.council.nyc.gov/HistoryDetail.aspx?ID=4191241&GUID=CB6C208E-CE24-4529-AA5B-F075864F1882
2011,2011-12-08,M 0730-2011,clu_geo_125,3,manual_queue_ai_review_researcher_accepted,medium,promote_with_caveat,official_geography_external_boundary,"Official Legistar evidence identifies a sidewalk cafe at 342-344 West 11th Street, Manhattan Community Board 2, Application 20125094TCM, with Quinn sponsorship. District 3 is retained as address/community-board/local-member geography coding.",M 0730-2011,20125094TCM,NA,NA,"By The Speaker (Council Member Quinn): Pursuant to Rule 11.20(b) of the Council and Section 20-226(g) or 20-225(g) of the New York City Administrative Code, the Council resolves that the action of the Department of Consumer Affairs approving an unenclosed/enclosed sidewalk café located at 342-344 West 11th Street, CB 2, Application no. 20125094 TCM shall be subject to review by the Council.",https://legistar.council.nyc.gov/LegislationDetail.aspx?ID=1017915&GUID=2E596E16-EE57-4D91-A472-D8865F2D6FC6&Options=ID|Text|&Search=,https://legistar.council.nyc.gov/HistoryDetail.aspx?ID=5282001&GUID=9D60BE35-6847-4349-9438-65F56E24CF53
2012,2012-05-31,Res 1360-2012,clu_geo_126,3,manual_queue_ai_review_researcher_accepted,medium,promote_with_caveat,official_geography_external_boundary,"Official Legistar evidence identifies Application N 120171 ZRM as the Eastern Rail Yard High Line Text Amendment concerning Article IX, Chapter 3, Special Hudson Yards District. District 3 is retained as project-geography coding.",Res 1360-2012,120171ZRM,P2012M0275,EASTERN RAIL YARD HIGH LINE TEXT AMENDMENT,"Resolution approving the decision of the City Planning Commission on Application No. N 120171 ZRM, for an amendment of the Zoning Resolution of the City of New York, concerning Article IX, Chapter 3 (Special Hudson Yards District) (L.U. No. 605).",https://legistar.council.nyc.gov/LegislationDetail.aspx?ID=1133175&GUID=D9A54E49-D22B-43AE-B98D-24EB8CDA631C&Options=ID|Text|&Search=,https://legistar.council.nyc.gov/HistoryDetail.aspx?ID=5828716&GUID=26382026-729C-42C2-A22B-7664C39DF92D
2012,2012-10-11,Res 1545-2012,clu_geo_128,36,manual_queue_ai_review_researcher_accepted,medium,promote_with_caveat,official_geography_external_boundary,"Official Legistar evidence identifies ULURP C 120294 ZMK / Bed-Stuy North, Brooklyn, a zoning-map amendment; ZAP/project metadata supports the Bed-Stuy North geography. District 36 is retained as project-geography coding.",Res 1545-2012,120294ZMK,P2012K0246,Bed-stuy North,"Resolution approving the decision of the City Planning Commission on ULURP No. C 120294 ZMK, a Zoning Map amendment (L.U. No. 712).",https://legistar.council.nyc.gov/LegislationDetail.aspx?ID=1213287&GUID=54370ADC-72FD-43E0-AAB2-0B3485BA5218&Options=ID|Text|&Search=,https://legistar.council.nyc.gov/HistoryDetail.aspx?ID=6273116&GUID=F03F8ACB-0606-4535-8FBE-AB5AF057644C
2013,2013-01-09,M 1027-2013,clu_geo_129,3; 6,deterministic_geography_verification,high,deterministically_verified_project_geography,zap_bbl,AI-adjudicated geography matched deterministic zap_bbl assignment using DCP Council boundary release 13D.,M 1027-2013; M 1028-2013,120397ZSM; 120398ZSM; 120396ZMM; 20135162TCM,P2012M0258,DURST W57,"By the Chair of the Land Use Committee Council Member Comrie: Pursuant to Rule 11.20(c) of the Council and Section 197-d (b)(3) of the New York City Charter, the Council hereby resolves that the action of the City Planning Commission on Uniform Land Use Review Procedure Application Nos. C 120397 ZSM and C 120398 ZSM shall be subject to Council review. These items are related to Uniform Land Use Review Procedure Application No. C 120396 ZMM.; By The Speaker (Council Member Quinn): Pursuant to Rule 11.20b of the Council and §20-226 or §20-225 of the New York City Administrative Code, the Council resolves that the action of the Department of Consumer Affairs approving an unenclosed sidewalk café located at 10 Downing Street, Community Board No. 2, Application no. 20135162 TCM shall be subject to review by the Council.",https://legistar.council.nyc.gov/LegislationDetail.aspx?ID=1268392&GUID=8C4FF433-99D2-4BC7-AA23-27E5D8A3CDA8&Options=ID|Text|&Search=; https://legistar.council.nyc.gov/LegislationDetail.aspx?ID=1268686&GUID=A1014D8A-6379-49E4-87CF-4C1AB491BA7C&Options=ID|Text|&Search=,https://legistar.council.nyc.gov/HistoryDetail.aspx?ID=6621105&GUID=870F7BC3-AB63-428A-9E1E-642989F28761; https://legistar.council.nyc.gov/HistoryDetail.aspx?ID=6621454&GUID=6D8B2232-EB72-4314-ABF3-F98075786C24
2013,2013-01-09,M 1028-2013,clu_geo_129,3; 6,deterministic_geography_verification,high,deterministically_verified_project_geography,zap_bbl,AI-adjudicated geography matched deterministic zap_bbl assignment using DCP Council boundary release 13D.,M 1027-2013; M 1028-2013,120397ZSM; 120398ZSM; 120396ZMM; 20135162TCM,P2012M0258,DURST W57,"By the Chair of the Land Use Committee Council Member Comrie: Pursuant to Rule 11.20(c) of the Council and Section 197-d (b)(3) of the New York City Charter, the Council hereby resolves that the action of the City Planning Commission on Uniform Land Use Review Procedure Application Nos. C 120397 ZSM and C 120398 ZSM shall be subject to Council review. These items are related to Uniform Land Use Review Procedure Application No. C 120396 ZMM.; By The Speaker (Council Member Quinn): Pursuant to Rule 11.20b of the Council and §20-226 or §20-225 of the New York City Administrative Code, the Council resolves that the action of the Department of Consumer Affairs approving an unenclosed sidewalk café located at 10 Downing Street, Community Board No. 2, Application no. 20135162 TCM shall be subject to review by the Council.",https://legistar.council.nyc.gov/LegislationDetail.aspx?ID=1268392&GUID=8C4FF433-99D2-4BC7-AA23-27E5D8A3CDA8&Options=ID|Text|&Search=; https://legistar.council.nyc.gov/LegislationDetail.aspx?ID=1268686&GUID=A1014D8A-6379-49E4-87CF-4C1AB491BA7C&Options=ID|Text|&Search=,https://legistar.council.nyc.gov/HistoryDetail.aspx?ID=6621105&GUID=870F7BC3-AB63-428A-9E1E-642989F28761; https://legistar.council.nyc.gov/HistoryDetail.aspx?ID=6621454&GUID=6D8B2232-EB72-4314-ABF3-F98075786C24
2014,2014-01-22,M 0015-2014,clu_geo_131,1; 4; 28,remaining_queue_ai_review_researcher_adjudicated,high,promote_with_caveat,explicit_official_district,"Matter-level decomposition supports a union district set, not a single unified project geography. The uploaded review packet identifies three separate call-ups in the bundle: M 0015-2014 for 922 3rd Avenue, M 0016-2014 for 300 Lafayette Street, and M 0017-2...",M 0015-2014; M 0016-2014; M 0017-2014,20145204TCM; 140093ZSM; 140095ZSM; 140096ZSM; 140092ZRM; 090033MMQ; 070194ZMQ,P2013M0115,300 Lafayette Street,"By Council Member Garodnick: Pursuant to Rule 11.20b of the Council and §20-226 or §20-225 of the New York City Administrative Code, the Council resolves that the action of the Department of Consumer Affairs approving an unenclosed sidewalk café located at 922 3rd Avenue, in the Borough of Manhattan, Community District 6, Application no. 20145204 TCM shall be subject to review by the Council.; By the Chair of the Land Use Committee Council Member Greenfield: Pursuant to Rule 11.20(c) of the Council Rules and Section 197-d (b)(3) of the New York City Charter, the Council hereby resolves that the action of the City Planning Commission on Uniform Land Use Review Procedure Application nos. C 140093 ZSM, C 140095 ZSM and C 140096 ZSM shall be subject to Council review. These items are related to Application nos. N 140092 ZRM which is subject to Council review pursuant to Section 197-d of the New York City Charter.; By the Chair of the Land Use Committee Council Member Greenfield: Pursuant to Rule 11.20(c) of the Council Rules and Section 197-d (b)(3) of the New York City Charter, the Council hereby resolves that the action of the City Planning Commission on Uniform Land Use Review Procedure Application no. C 090033 MMQ shall be subject to Council review. These items are related to Application nos. C 070194 ZMQ which is subject to Council review pursuant to Section 197-d of the New York City Charter.",https://legistar.council.nyc.gov/LegislationDetail.aspx?ID=1636851&GUID=57108AC3-016A-4879-A57C-E2C4F559EB79&Options=ID|Text|&Search=; https://legistar.council.nyc.gov/LegislationDetail.aspx?ID=1636852&GUID=78644C15-A804-4A00-8BDF-C039B79F50C1&Options=ID|Text|&Search=; https://legistar.council.nyc.gov/LegislationDetail.aspx?ID=1636853&GUID=0BAE48BB-CACA-41C4-B060-CBF2412DF8DB&Options=ID|Text|&Search=,https://legistar.council.nyc.gov/HistoryDetail.aspx?ID=7911006&GUID=E400F222-EFFA-49C1-B991-00A323D98296; https://legistar.council.nyc.gov/HistoryDetail.aspx?ID=7911007&GUID=71254D04-6F9E-4E52-B7DF-319721E67C15; https://legistar.council.nyc.gov/HistoryDetail.aspx?ID=7910996&GUID=CA2E37F9-1570-4098-8686-4C5576579BF0
2014,2014-01-22,M 0016-2014,clu_geo_131,1; 4; 28,remaining_queue_ai_review_researcher_adjudicated,high,promote_with_caveat,explicit_official_district,"Matter-level decomposition supports a union district set, not a single unified project geography. The uploaded review packet identifies three separate call-ups in the bundle: M 0015-2014 for 922 3rd Avenue, M 0016-2014 for 300 Lafayette Street, and M 0017-2...",M 0015-2014; M 0016-2014; M 0017-2014,20145204TCM; 140093ZSM; 140095ZSM; 140096ZSM; 140092ZRM; 090033MMQ; 070194ZMQ,P2013M0115,300 Lafayette Street,"By Council Member Garodnick: Pursuant to Rule 11.20b of the Council and §20-226 or §20-225 of the New York City Administrative Code, the Council resolves that the action of the Department of Consumer Affairs approving an unenclosed sidewalk café located at 922 3rd Avenue, in the Borough of Manhattan, Community District 6, Application no. 20145204 TCM shall be subject to review by the Council.; By the Chair of the Land Use Committee Council Member Greenfield: Pursuant to Rule 11.20(c) of the Council Rules and Section 197-d (b)(3) of the New York City Charter, the Council hereby resolves that the action of the City Planning Commission on Uniform Land Use Review Procedure Application nos. C 140093 ZSM, C 140095 ZSM and C 140096 ZSM shall be subject to Council review. These items are related to Application nos. N 140092 ZRM which is subject to Council review pursuant to Section 197-d of the New York City Charter.; By the Chair of the Land Use Committee Council Member Greenfield: Pursuant to Rule 11.20(c) of the Council Rules and Section 197-d (b)(3) of the New York City Charter, the Council hereby resolves that the action of the City Planning Commission on Uniform Land Use Review Procedure Application no. C 090033 MMQ shall be subject to Council review. These items are related to Application nos. C 070194 ZMQ which is subject to Council review pursuant to Section 197-d of the New York City Charter.",https://legistar.council.nyc.gov/LegislationDetail.aspx?ID=1636851&GUID=57108AC3-016A-4879-A57C-E2C4F559EB79&Options=ID|Text|&Search=; https://legistar.council.nyc.gov/LegislationDetail.aspx?ID=1636852&GUID=78644C15-A804-4A00-8BDF-C039B79F50C1&Options=ID|Text|&Search=; https://legistar.council.nyc.gov/LegislationDetail.aspx?ID=1636853&GUID=0BAE48BB-CACA-41C4-B060-CBF2412DF8DB&Options=ID|Text|&Search=,https://legistar.council.nyc.gov/HistoryDetail.aspx?ID=7911006&GUID=E400F222-EFFA-49C1-B991-00A323D98296; https://legistar.council.nyc.gov/HistoryDetail.aspx?ID=7911007&GUID=71254D04-6F9E-4E52-B7DF-319721E67C15; https://legistar.council.nyc.gov/HistoryDetail.aspx?ID=7910996&GUID=CA2E37F9-1570-4098-8686-4C5576579BF0
2014,2014-01-22,M 0017-2014,clu_geo_131,1; 4; 28,remaining_queue_ai_review_researcher_adjudicated,high,promote_with_caveat,explicit_official_district,"Matter-level decomposition supports a union district set, not a single unified project geography. The uploaded review packet identifies three separate call-ups in the bundle: M 0015-2014 for 922 3rd Avenue, M 0016-2014 for 300 Lafayette Street, and M 0017-2...",M 0015-2014; M 0016-2014; M 0017-2014,20145204TCM; 140093ZSM; 140095ZSM; 140096ZSM; 140092ZRM; 090033MMQ; 070194ZMQ,P2013M0115,300 Lafayette Street,"By Council Member Garodnick: Pursuant to Rule 11.20b of the Council and §20-226 or §20-225 of the New York City Administrative Code, the Council resolves that the action of the Department of Consumer Affairs approving an unenclosed sidewalk café located at 922 3rd Avenue, in the Borough of Manhattan, Community District 6, Application no. 20145204 TCM shall be subject to review by the Council.; By the Chair of the Land Use Committee Council Member Greenfield: Pursuant to Rule 11.20(c) of the Council Rules and Section 197-d (b)(3) of the New York City Charter, the Council hereby resolves that the action of the City Planning Commission on Uniform Land Use Review Procedure Application nos. C 140093 ZSM, C 140095 ZSM and C 140096 ZSM shall be subject to Council review. These items are related to Application nos. N 140092 ZRM which is subject to Council review pursuant to Section 197-d of the New York City Charter.; By the Chair of the Land Use Committee Council Member Greenfield: Pursuant to Rule 11.20(c) of the Council Rules and Section 197-d (b)(3) of the New York City Charter, the Council hereby resolves that the action of the City Planning Commission on Uniform Land Use Review Procedure Application no. C 090033 MMQ shall be subject to Council review. These items are related to Application nos. C 070194 ZMQ which is subject to Council review pursuant to Section 197-d of the New York City Charter.",https://legistar.council.nyc.gov/LegislationDetail.aspx?ID=1636851&GUID=57108AC3-016A-4879-A57C-E2C4F559EB79&Options=ID|Text|&Search=; https://legistar.council.nyc.gov/LegislationDetail.aspx?ID=1636852&GUID=78644C15-A804-4A00-8BDF-C039B79F50C1&Options=ID|Text|&Search=; https://legistar.council.nyc.gov/LegislationDetail.aspx?ID=1636853&GUID=0BAE48BB-CACA-41C4-B060-CBF2412DF8DB&Options=ID|Text|&Search=,https://legistar.council.nyc.gov/HistoryDetail.aspx?ID=7911006&GUID=E400F222-EFFA-49C1-B991-00A323D98296; https://legistar.council.nyc.gov/HistoryDetail.aspx?ID=7911007&GUID=71254D04-6F9E-4E52-B7DF-319721E67C15; https://legistar.council.nyc.gov/HistoryDetail.aspx?ID=7910996&GUID=CA2E37F9-1570-4098-8686-4C5576579BF0
2014,2014-05-14,Res 0244-2014,clu_geo_034,33,deterministic_geography_verification,high,deterministically_verified_project_geography,text_bbl_or_block_lot,AI-adjudicated geography matched deterministic text_bbl_or_block_lot assignment using DCP Council boundary release 14D.,Res 0244-2014,140134ZSK,P2013K0179,Domino Sugar,"Resolution approving the decision of the City Planning Commission on ULURP No. C 140134 ZSK (L.U. No. 30), for the grant of a special permit pursuant to Section 74-745(a) of the Zoning Resolution to allow the distribution of required or permitted accessory off-street parking spaces without regard for zoning lot lines, in connection with a proposed mixed use development on property generally bounded by Grand Street and its northwesterly prolongation, Kent Avenue, South 3rd Street, a line 100 feet northwesterly of Wythe Avenue, South 4th Street, Kent Avenue, South 5th Street and its northwesterl",https://legistar.council.nyc.gov/LegislationDetail.aspx?ID=1744213&GUID=3E84B27C-A5A7-4F5A-8132-509838C9DFE4&Options=ID|Text|&Search=,https://legistar.council.nyc.gov/HistoryDetail.aspx?ID=8408603&GUID=B435F20F-B275-432C-B61B-CF3F01182EB1
2015,2015-01-07,M 0223-2015,clu_geo_133,1,manual_queue_ai_review_researcher_accepted,medium,promote_with_caveat,official_geography_external_boundary,"Official Legistar evidence identifies an enclosed sidewalk cafe at 11 Avenue of the Americas / 11 Sixth Avenue, Manhattan Community Board 1, Application 20145332TCM, with Chin sponsorship. District 1 is retained as address/community-board/local-member geogr...",M 0223-2015,20145332TCM,NA,NA,"By Council Member Chin: Pursuant to Rule 11.20b of the Council and §20-226 or §20-225 of the New York City Administrative Code, the Council resolves that the action of the Department of Consumer Affairs approving an enclosed sidewalk café located at 11 Avenue of the America (aka 11 Sixth Avenue), Borough of Manhattan, Community Board No. 1, Application No. 20145332 TCM shall be subject to review by the Council.",https://legistar.council.nyc.gov/LegislationDetail.aspx?ID=2119821&GUID=69BD2D37-2E69-451B-AB1C-1BBBDF709EC6&Options=ID|Text|&Search=,https://legistar.council.nyc.gov/HistoryDetail.aspx?ID=9408710&GUID=00A4921B-374E-477B-A0C6-329F819284F7
2015,2015-02-12,M 0238-2015,clu_geo_132,1,deterministic_geography_verification,high,deterministically_verified_project_geography,zap_bbl,AI-adjudicated geography matched deterministic zap_bbl assignment using DCP Council boundary release 15D.,M 0238-2015; M 0239-2015,130066ZSM; 140353ZSM,P2012M0587,498 Broome Street,"By Council Member Chin: Pursuant to Rule 11.20.b of the Council and Section 197-d (b)(3) of the New York City Charter, the Council hereby resolves that the action of the City Planning Commission on Uniform Land Use Review Procedure Application No. C 130066 ZSM shall be subject to Council review.; By Council Member Chin: Pursuant to Rule 11.20.b of the Council and Section 197-d (b)(3) of the New York City Charter, the Council hereby resolves that the action of the City Planning Commission on Uniform Land Use Review Procedure Application No. C 140353 ZSM shall be subject to Council review.",https://legistar.council.nyc.gov/LegislationDetail.aspx?ID=2170483&GUID=48D93858-9192-4569-92E6-FAA0B458401F&Options=ID|Text|&Search=; https://legistar.council.nyc.gov/LegislationDetail.aspx?ID=2170482&GUID=CA4A597F-7E85-40CA-B106-5734BC265392&Options=ID|Text|&Search=,https://legistar.council.nyc.gov/HistoryDetail.aspx?ID=9537496&GUID=58174753-FDF4-4D2A-8A1F-FE7D1A28F542; https://legistar.council.nyc.gov/HistoryDetail.aspx?ID=9537495&GUID=A1C276AE-FD85-497D-9B06-AA588DE6510E
2015,2015-02-12,M 0239-2015,clu_geo_132,1,deterministic_geography_verification,high,deterministically_verified_project_geography,zap_bbl,AI-adjudicated geography matched deterministic zap_bbl assignment using DCP Council boundary release 15D.,M 0238-2015; M 0239-2015,130066ZSM; 140353ZSM,P2012M0587,498 Broome Street,"By Council Member Chin: Pursuant to Rule 11.20.b of the Council and Section 197-d (b)(3) of the New York City Charter, the Council hereby resolves that the action of the City Planning Commission on Uniform Land Use Review Procedure Application No. C 130066 ZSM shall be subject to Council review.; By Council Member Chin: Pursuant to Rule 11.20.b of the Council and Section 197-d (b)(3) of the New York City Charter, the Council hereby resolves that the action of the City Planning Commission on Uniform Land Use Review Procedure Application No. C 140353 ZSM shall be subject to Council review.",https://legistar.council.nyc.gov/LegislationDetail.aspx?ID=2170483&GUID=48D93858-9192-4569-92E6-FAA0B458401F&Options=ID|Text|&Search=; https://legistar.council.nyc.gov/LegislationDetail.aspx?ID=2170482&GUID=CA4A597F-7E85-40CA-B106-5734BC265392&Options=ID|Text|&Search=,https://legistar.council.nyc.gov/HistoryDetail.aspx?ID=9537496&GUID=58174753-FDF4-4D2A-8A1F-FE7D1A28F542; https://legistar.council.nyc.gov/HistoryDetail.aspx?ID=9537495&GUID=A1C276AE-FD85-497D-9B06-AA588DE6510E
2015,2015-06-26,M 0309-2015,clu_geo_069,1; 2; 5; 19,deterministic_geography_verification,high,deterministically_verified_project_geography,zap_bbl,AI-adjudicated geography matched deterministic zap_bbl assignment using DCP Council boundary release 15D.,M 0309-2015; M 0310-2015; M 0311-2015; M 0312-2015; M 0313-2015; M 0314-2015,20155677TCM; 20155769TCM; 150146ZSM; 150248ZSM; 20155454TCM; 150173PPQ,P2014M0166; P2012M0310; P2014Q0429,41 Great Jones Street; Hospital for Special Surgery west wing addition; 120-22 28th Avenue Disposition,"By Council Member Chin: Pursuant to Rule 11.20(b) of the Council and §20-226 or §20-225 of the New York City Administrative Code, the Council resolves that the action of the Department of Consumer Affairs approving an unenclosed sidewalk café located at 317 Greenwich Street, Borough of Manhattan, Community Board No. 1, Application No. 20155677 TCM shall be subject to review by the Council.; By Council Member Chin: Pursuant to Rule 11.20(b) of the Council and §20-226 or §20-225 of the New York City Administrative Code, the Council resolves that the action of the Department of Consumer Affairs approving an unenclosed sidewalk café located at 14 Spring Street, Borough of Manhattan, Community Board No. 1, Application No. 20155769 TCM shall be subject to review by the Council.; By Council Member Chin: Pursuant to Rule 11.20(b) of the Council and Section 197-d(b)(3) of the New York City Charter, the Council hereby resolves that the action of the City Planning Commission on Uniform Land Use Review Procedure Application No. C 150146 ZSM, a special permit, shall be subject to Council review.",https://legistar.council.nyc.gov/LegislationDetail.aspx?ID=2364177&GUID=A5F5DAC4-586F-4D91-AE3D-8B64CC6D10C9&Options=ID|Text|&Search=; https://legistar.council.nyc.gov/LegislationDetail.aspx?ID=2364178&GUID=CD953DBE-E59A-483A-9B21-3E7B6A33B34E&Options=ID|Text|&Search=; https://legistar.council.nyc.gov/LegislationDetail.aspx?ID=2364179&GUID=CC18E6EE-95BB-42FB-941F-B4ACFE366E84&Options=ID|Text|&Search=; https://legistar.council.nyc.gov/LegislationDetail.aspx?ID=2364180&GUID=4BCBBD6D-D05A-4D3D-AAF3-CDABE093F3F6&Options=ID|Text|&Search=; https://legistar.council.nyc.gov/LegislationDetail.aspx?ID=2364181&GUID=156020CE-B8E2-405D-9C92-D466B2D9EBD8&Options=ID|Text|&Search=; https://legistar.council.nyc.gov/LegislationDetail.aspx?ID=2364182&GUID=7E8825FD-327D-4DF5-B448-98382922EEFD&Options=ID|Text|&Search=,https://legistar.council.nyc.gov/HistoryDetail.aspx?ID=10301756&GUID=D48F09FE-D411-4985-B9A2-3842174331FE; https://legistar.council.nyc.gov/HistoryDetail.aspx?ID=10301757&GUID=28B7DB2C-B666-47F0-B27A-D1BB740CC2D3; https://legistar.council.nyc.gov/HistoryDetail.aspx?ID=10301758&GUID=49BB2A9C-2AAE-41B6-9353-BC0CD4AEDCCE; https://legistar.council.nyc.gov/HistoryDetail.aspx?ID=10301759&GUID=65810230-6374-490D-BB73-4FF8AA568888; https://legistar.council.nyc.gov/HistoryDetail.aspx?ID=10301760&GUID=21797A87-178A-42DF-A5BF-2F884FC5AAD6; https://legistar.council.nyc.gov/HistoryDetail.aspx?ID=10301761&GUID=6C31F4A8-33B3-4161-A960-F7AB1BAB42FD
2015,2015-06-26,M 0310-2015,clu_geo_069,1; 2; 5; 19,deterministic_geography_verification,high,deterministically_verified_project_geography,zap_bbl,AI-adjudicated geography matched deterministic zap_bbl assignment using DCP Council boundary release 15D.,M 0309-2015; M 0310-2015; M 0311-2015; M 0312-2015; M 0313-2015; M 0314-2015,20155677TCM; 20155769TCM; 150146ZSM; 150248ZSM; 20155454TCM; 150173PPQ,P2014M0166; P2012M0310; P2014Q0429,41 Great Jones Street; Hospital for Special Surgery west wing addition; 120-22 28th Avenue Disposition,"By Council Member Chin: Pursuant to Rule 11.20(b) of the Council and §20-226 or §20-225 of the New York City Administrative Code, the Council resolves that the action of the Department of Consumer Affairs approving an unenclosed sidewalk café located at 317 Greenwich Street, Borough of Manhattan, Community Board No. 1, Application No. 20155677 TCM shall be subject to review by the Council.; By Council Member Chin: Pursuant to Rule 11.20(b) of the Council and §20-226 or §20-225 of the New York City Administrative Code, the Council resolves that the action of the Department of Consumer Affairs approving an unenclosed sidewalk café located at 14 Spring Street, Borough of Manhattan, Community Board No. 1, Application No. 20155769 TCM shall be subject to review by the Council.; By Council Member Chin: Pursuant to Rule 11.20(b) of the Council and Section 197-d(b)(3) of the New York City Charter, the Council hereby resolves that the action of the City Planning Commission on Uniform Land Use Review Procedure Application No. C 150146 ZSM, a special permit, shall be subject to Council review.",https://legistar.council.nyc.gov/LegislationDetail.aspx?ID=2364177&GUID=A5F5DAC4-586F-4D91-AE3D-8B64CC6D10C9&Options=ID|Text|&Search=; https://legistar.council.nyc.gov/LegislationDetail.aspx?ID=2364178&GUID=CD953DBE-E59A-483A-9B21-3E7B6A33B34E&Options=ID|Text|&Search=; https://legistar.council.nyc.gov/LegislationDetail.aspx?ID=2364179&GUID=CC18E6EE-95BB-42FB-941F-B4ACFE366E84&Options=ID|Text|&Search=; https://legistar.council.nyc.gov/LegislationDetail.aspx?ID=2364180&GUID=4BCBBD6D-D05A-4D3D-AAF3-CDABE093F3F6&Options=ID|Text|&Search=; https://legistar.council.nyc.gov/LegislationDetail.aspx?ID=2364181&GUID=156020CE-B8E2-405D-9C92-D466B2D9EBD8&Options=ID|Text|&Search=; https://legistar.council.nyc.gov/LegislationDetail.aspx?ID=2364182&GUID=7E8825FD-327D-4DF5-B448-98382922EEFD&Options=ID|Text|&Search=,https://legistar.council.nyc.gov/HistoryDetail.aspx?ID=10301756&GUID=D48F09FE-D411-4985-B9A2-3842174331FE; https://legistar.council.nyc.gov/HistoryDetail.aspx?ID=10301757&GUID=28B7DB2C-B666-47F0-B27A-D1BB740CC2D3; https://legistar.council.nyc.gov/HistoryDetail.aspx?ID=10301758&GUID=49BB2A9C-2AAE-41B6-9353-BC0CD4AEDCCE; https://legistar.council.nyc.gov/HistoryDetail.aspx?ID=10301759&GUID=65810230-6374-490D-BB73-4FF8AA568888; https://legistar.council.nyc.gov/HistoryDetail.aspx?ID=10301760&GUID=21797A87-178A-42DF-A5BF-2F884FC5AAD6; https://legistar.council.nyc.gov/HistoryDetail.aspx?ID=10301761&GUID=6C31F4A8-33B3-4161-A960-F7AB1BAB42FD
2015,2015-06-26,M 0311-2015,clu_geo_069,1; 2; 5; 19,deterministic_geography_verification,high,deterministically_verified_project_geography,zap_bbl,AI-adjudicated geography matched deterministic zap_bbl assignment using DCP Council boundary release 15D.,M 0309-2015; M 0310-2015; M 0311-2015; M 0312-2015; M 0313-2015; M 0314-2015,20155677TCM; 20155769TCM; 150146ZSM; 150248ZSM; 20155454TCM; 150173PPQ,P2014M0166; P2012M0310; P2014Q0429,41 Great Jones Street; Hospital for Special Surgery west wing addition; 120-22 28th Avenue Disposition,"By Council Member Chin: Pursuant to Rule 11.20(b) of the Council and §20-226 or §20-225 of the New York City Administrative Code, the Council resolves that the action of the Department of Consumer Affairs approving an unenclosed sidewalk café located at 317 Greenwich Street, Borough of Manhattan, Community Board No. 1, Application No. 20155677 TCM shall be subject to review by the Council.; By Council Member Chin: Pursuant to Rule 11.20(b) of the Council and §20-226 or §20-225 of the New York City Administrative Code, the Council resolves that the action of the Department of Consumer Affairs approving an unenclosed sidewalk café located at 14 Spring Street, Borough of Manhattan, Community Board No. 1, Application No. 20155769 TCM shall be subject to review by the Council.; By Council Member Chin: Pursuant to Rule 11.20(b) of the Council and Section 197-d(b)(3) of the New York City Charter, the Council hereby resolves that the action of the City Planning Commission on Uniform Land Use Review Procedure Application No. C 150146 ZSM, a special permit, shall be subject to Council review.",https://legistar.council.nyc.gov/LegislationDetail.aspx?ID=2364177&GUID=A5F5DAC4-586F-4D91-AE3D-8B64CC6D10C9&Options=ID|Text|&Search=; https://legistar.council.nyc.gov/LegislationDetail.aspx?ID=2364178&GUID=CD953DBE-E59A-483A-9B21-3E7B6A33B34E&Options=ID|Text|&Search=; https://legistar.council.nyc.gov/LegislationDetail.aspx?ID=2364179&GUID=CC18E6EE-95BB-42FB-941F-B4ACFE366E84&Options=ID|Text|&Search=; https://legistar.council.nyc.gov/LegislationDetail.aspx?ID=2364180&GUID=4BCBBD6D-D05A-4D3D-AAF3-CDABE093F3F6&Options=ID|Text|&Search=; https://legistar.council.nyc.gov/LegislationDetail.aspx?ID=2364181&GUID=156020CE-B8E2-405D-9C92-D466B2D9EBD8&Options=ID|Text|&Search=; https://legistar.council.nyc.gov/LegislationDetail.aspx?ID=2364182&GUID=7E8825FD-327D-4DF5-B448-98382922EEFD&Options=ID|Text|&Search=,https://legistar.council.nyc.gov/HistoryDetail.aspx?ID=10301756&GUID=D48F09FE-D411-4985-B9A2-3842174331FE; https://legistar.council.nyc.gov/HistoryDetail.aspx?ID=10301757&GUID=28B7DB2C-B666-47F0-B27A-D1BB740CC2D3; https://legistar.council.nyc.gov/HistoryDetail.aspx?ID=10301758&GUID=49BB2A9C-2AAE-41B6-9353-BC0CD4AEDCCE; https://legistar.council.nyc.gov/HistoryDetail.aspx?ID=10301759&GUID=65810230-6374-490D-BB73-4FF8AA568888; https://legistar.council.nyc.gov/HistoryDetail.aspx?ID=10301760&GUID=21797A87-178A-42DF-A5BF-2F884FC5AAD6; https://legistar.council.nyc.gov/HistoryDetail.aspx?ID=10301761&GUID=6C31F4A8-33B3-4161-A960-F7AB1BAB42FD
2015,2015-06-26,M 0312-2015,clu_geo_069,1; 2; 5; 19,deterministic_geography_verification,high,deterministically_verified_project_geography,zap_bbl,AI-adjudicated geography matched deterministic zap_bbl assignment using DCP Council boundary release 15D.,M 0309-2015; M 0310-2015; M 0311-2015; M 0312-2015; M 0313-2015; M 0314-2015,20155677TCM; 20155769TCM; 150146ZSM; 150248ZSM; 20155454TCM; 150173PPQ,P2014M0166; P2012M0310; P2014Q0429,41 Great Jones Street; Hospital for Special Surgery west wing addition; 120-22 28th Avenue Disposition,"By Council Member Chin: Pursuant to Rule 11.20(b) of the Council and §20-226 or §20-225 of the New York City Administrative Code, the Council resolves that the action of the Department of Consumer Affairs approving an unenclosed sidewalk café located at 317 Greenwich Street, Borough of Manhattan, Community Board No. 1, Application No. 20155677 TCM shall be subject to review by the Council.; By Council Member Chin: Pursuant to Rule 11.20(b) of the Council and §20-226 or §20-225 of the New York City Administrative Code, the Council resolves that the action of the Department of Consumer Affairs approving an unenclosed sidewalk café located at 14 Spring Street, Borough of Manhattan, Community Board No. 1, Application No. 20155769 TCM shall be subject to review by the Council.; By Council Member Chin: Pursuant to Rule 11.20(b) of the Council and Section 197-d(b)(3) of the New York City Charter, the Council hereby resolves that the action of the City Planning Commission on Uniform Land Use Review Procedure Application No. C 150146 ZSM, a special permit, shall be subject to Council review.",https://legistar.council.nyc.gov/LegislationDetail.aspx?ID=2364177&GUID=A5F5DAC4-586F-4D91-AE3D-8B64CC6D10C9&Options=ID|Text|&Search=; https://legistar.council.nyc.gov/LegislationDetail.aspx?ID=2364178&GUID=CD953DBE-E59A-483A-9B21-3E7B6A33B34E&Options=ID|Text|&Search=; https://legistar.council.nyc.gov/LegislationDetail.aspx?ID=2364179&GUID=CC18E6EE-95BB-42FB-941F-B4ACFE366E84&Options=ID|Text|&Search=; https://legistar.council.nyc.gov/LegislationDetail.aspx?ID=2364180&GUID=4BCBBD6D-D05A-4D3D-AAF3-CDABE093F3F6&Options=ID|Text|&Search=; https://legistar.council.nyc.gov/LegislationDetail.aspx?ID=2364181&GUID=156020CE-B8E2-405D-9C92-D466B2D9EBD8&Options=ID|Text|&Search=; https://legistar.council.nyc.gov/LegislationDetail.aspx?ID=2364182&GUID=7E8825FD-327D-4DF5-B448-98382922EEFD&Options=ID|Text|&Search=,https://legistar.council.nyc.gov/HistoryDetail.aspx?ID=10301756&GUID=D48F09FE-D411-4985-B9A2-3842174331FE; https://legistar.council.nyc.gov/HistoryDetail.aspx?ID=10301757&GUID=28B7DB2C-B666-47F0-B27A-D1BB740CC2D3; https://legistar.council.nyc.gov/HistoryDetail.aspx?ID=10301758&GUID=49BB2A9C-2AAE-41B6-9353-BC0CD4AEDCCE; https://legistar.council.nyc.gov/HistoryDetail.aspx?ID=10301759&GUID=65810230-6374-490D-BB73-4FF8AA568888; https://legistar.council.nyc.gov/HistoryDetail.aspx?ID=10301760&GUID=21797A87-178A-42DF-A5BF-2F884FC5AAD6; https://legistar.council.nyc.gov/HistoryDetail.aspx?ID=10301761&GUID=6C31F4A8-33B3-4161-A960-F7AB1BAB42FD
2015,2015-06-26,M 0313-2015,clu_geo_069,1; 2; 5; 19,deterministic_geography_verification,high,deterministically_verified_project_geography,zap_bbl,AI-adjudicated geography matched deterministic zap_bbl assignment using DCP Council boundary release 15D.,M 0309-2015; M 0310-2015; M 0311-2015; M 0312-2015; M 0313-2015; M 0314-2015,20155677TCM; 20155769TCM; 150146ZSM; 150248ZSM; 20155454TCM; 150173PPQ,P2014M0166; P2012M0310; P2014Q0429,41 Great Jones Street; Hospital for Special Surgery west wing addition; 120-22 28th Avenue Disposition,"By Council Member Chin: Pursuant to Rule 11.20(b) of the Council and §20-226 or §20-225 of the New York City Administrative Code, the Council resolves that the action of the Department of Consumer Affairs approving an unenclosed sidewalk café located at 317 Greenwich Street, Borough of Manhattan, Community Board No. 1, Application No. 20155677 TCM shall be subject to review by the Council.; By Council Member Chin: Pursuant to Rule 11.20(b) of the Council and §20-226 or §20-225 of the New York City Administrative Code, the Council resolves that the action of the Department of Consumer Affairs approving an unenclosed sidewalk café located at 14 Spring Street, Borough of Manhattan, Community Board No. 1, Application No. 20155769 TCM shall be subject to review by the Council.; By Council Member Chin: Pursuant to Rule 11.20(b) of the Council and Section 197-d(b)(3) of the New York City Charter, the Council hereby resolves that the action of the City Planning Commission on Uniform Land Use Review Procedure Application No. C 150146 ZSM, a special permit, shall be subject to Council review.",https://legistar.council.nyc.gov/LegislationDetail.aspx?ID=2364177&GUID=A5F5DAC4-586F-4D91-AE3D-8B64CC6D10C9&Options=ID|Text|&Search=; https://legistar.council.nyc.gov/LegislationDetail.aspx?ID=2364178&GUID=CD953DBE-E59A-483A-9B21-3E7B6A33B34E&Options=ID|Text|&Search=; https://legistar.council.nyc.gov/LegislationDetail.aspx?ID=2364179&GUID=CC18E6EE-95BB-42FB-941F-B4ACFE366E84&Options=ID|Text|&Search=; https://legistar.council.nyc.gov/LegislationDetail.aspx?ID=2364180&GUID=4BCBBD6D-D05A-4D3D-AAF3-CDABE093F3F6&Options=ID|Text|&Search=; https://legistar.council.nyc.gov/LegislationDetail.aspx?ID=2364181&GUID=156020CE-B8E2-405D-9C92-D466B2D9EBD8&Options=ID|Text|&Search=; https://legistar.council.nyc.gov/LegislationDetail.aspx?ID=2364182&GUID=7E8825FD-327D-4DF5-B448-98382922EEFD&Options=ID|Text|&Search=,https://legistar.council.nyc.gov/HistoryDetail.aspx?ID=10301756&GUID=D48F09FE-D411-4985-B9A2-3842174331FE; https://legistar.council.nyc.gov/HistoryDetail.aspx?ID=10301757&GUID=28B7DB2C-B666-47F0-B27A-D1BB740CC2D3; https://legistar.council.nyc.gov/HistoryDetail.aspx?ID=10301758&GUID=49BB2A9C-2AAE-41B6-9353-BC0CD4AEDCCE; https://legistar.council.nyc.gov/HistoryDetail.aspx?ID=10301759&GUID=65810230-6374-490D-BB73-4FF8AA568888; https://legistar.council.nyc.gov/HistoryDetail.aspx?ID=10301760&GUID=21797A87-178A-42DF-A5BF-2F884FC5AAD6; https://legistar.council.nyc.gov/HistoryDetail.aspx?ID=10301761&GUID=6C31F4A8-33B3-4161-A960-F7AB1BAB42FD
2015,2015-06-26,M 0314-2015,clu_geo_069,1; 2; 5; 19,deterministic_geography_verification,high,deterministically_verified_project_geography,zap_bbl,AI-adjudicated geography matched deterministic zap_bbl assignment using DCP Council boundary release 15D.,M 0309-2015; M 0310-2015; M 0311-2015; M 0312-2015; M 0313-2015; M 0314-2015,20155677TCM; 20155769TCM; 150146ZSM; 150248ZSM; 20155454TCM; 150173PPQ,P2014M0166; P2012M0310; P2014Q0429,41 Great Jones Street; Hospital for Special Surgery west wing addition; 120-22 28th Avenue Disposition,"By Council Member Chin: Pursuant to Rule 11.20(b) of the Council and §20-226 or §20-225 of the New York City Administrative Code, the Council resolves that the action of the Department of Consumer Affairs approving an unenclosed sidewalk café located at 317 Greenwich Street, Borough of Manhattan, Community Board No. 1, Application No. 20155677 TCM shall be subject to review by the Council.; By Council Member Chin: Pursuant to Rule 11.20(b) of the Council and §20-226 or §20-225 of the New York City Administrative Code, the Council resolves that the action of the Department of Consumer Affairs approving an unenclosed sidewalk café located at 14 Spring Street, Borough of Manhattan, Community Board No. 1, Application No. 20155769 TCM shall be subject to review by the Council.; By Council Member Chin: Pursuant to Rule 11.20(b) of the Council and Section 197-d(b)(3) of the New York City Charter, the Council hereby resolves that the action of the City Planning Commission on Uniform Land Use Review Procedure Application No. C 150146 ZSM, a special permit, shall be subject to Council review.",https://legistar.council.nyc.gov/LegislationDetail.aspx?ID=2364177&GUID=A5F5DAC4-586F-4D91-AE3D-8B64CC6D10C9&Options=ID|Text|&Search=; https://legistar.council.nyc.gov/LegislationDetail.aspx?ID=2364178&GUID=CD953DBE-E59A-483A-9B21-3E7B6A33B34E&Options=ID|Text|&Search=; https://legistar.council.nyc.gov/LegislationDetail.aspx?ID=2364179&GUID=CC18E6EE-95BB-42FB-941F-B4ACFE366E84&Options=ID|Text|&Search=; https://legistar.council.nyc.gov/LegislationDetail.aspx?ID=2364180&GUID=4BCBBD6D-D05A-4D3D-AAF3-CDABE093F3F6&Options=ID|Text|&Search=; https://legistar.council.nyc.gov/LegislationDetail.aspx?ID=2364181&GUID=156020CE-B8E2-405D-9C92-D466B2D9EBD8&Options=ID|Text|&Search=; https://legistar.council.nyc.gov/LegislationDetail.aspx?ID=2364182&GUID=7E8825FD-327D-4DF5-B448-98382922EEFD&Options=ID|Text|&Search=,https://legistar.council.nyc.gov/HistoryDetail.aspx?ID=10301756&GUID=D48F09FE-D411-4985-B9A2-3842174331FE; https://legistar.council.nyc.gov/HistoryDetail.aspx?ID=10301757&GUID=28B7DB2C-B666-47F0-B27A-D1BB740CC2D3; https://legistar.council.nyc.gov/HistoryDetail.aspx?ID=10301758&GUID=49BB2A9C-2AAE-41B6-9353-BC0CD4AEDCCE; https://legistar.council.nyc.gov/HistoryDetail.aspx?ID=10301759&GUID=65810230-6374-490D-BB73-4FF8AA568888; https://legistar.council.nyc.gov/HistoryDetail.aspx?ID=10301760&GUID=21797A87-178A-42DF-A5BF-2F884FC5AAD6; https://legistar.council.nyc.gov/HistoryDetail.aspx?ID=10301761&GUID=6C31F4A8-33B3-4161-A960-F7AB1BAB42FD
2015,2015-07-23,Res 0812-2015,clu_geo_135,26,deterministic_geography_verification,high,deterministically_verified_project_geography,zap_bbl,AI-adjudicated geography matched deterministic zap_bbl assignment using DCP Council boundary release 15D.,Res 0812-2015,20155730HKQ; 150387HKQ,P2015Q0557,"Bank of Manhattan, LIC Clocktower Building","Resolution affirming the designation by the Landmarks Preservation Commission of the Bank of the Manhattan Company Building, Long Island City, located at 27-29 Queens Plaza North (aka 29-27 41st Avenue, 29-39 Northern Boulevard) (Tax Map Block 403, Lot 9, formerly part of Lot 21), Borough of Queens, Designation List No. 481, LP-2570; L.U. No. 256; 20155730 HKQ (N 150387 HKQ).",https://legistar.council.nyc.gov/LegislationDetail.aspx?ID=2384152&GUID=91DEAE9D-61B8-40BB-A18B-DE9A33FBF533&Options=ID|Text|&Search=,https://legistar.council.nyc.gov/HistoryDetail.aspx?ID=10396378&GUID=B0B2F445-D681-4C4C-B209-E2DEDB459638
2015,2015-11-24,M 0352-2015,clu_geo_136,34; 37,manual_queue_ai_review_researcher_accepted,high,promote,explicit_official_district,Prior official-source check reports that the related official Legistar LU record for Application 150339 PPK explicitly supports Brooklyn Community Board 4 and Council Districts 34 and 37 for the two city-owned property disposition sites at Block 3186 Lot 14...,M 0352-2015,150339PPK,NA,NA,"By Council Members Reynoso and Espinal: Pursuant to Rule 11.20(b) of the Council and Section 197-d(b)(3) of the New York City Charter, the Council hereby resolves that the action of the City Planning Commission on Uniform Land Use Review Procedure Application No. C 150339 PPK, a disposition of two city-owned properties, shall be subject to Council Review.",https://legistar.council.nyc.gov/LegislationDetail.aspx?ID=2523141&GUID=BAC393D1-122C-41EE-9A3D-41A8FF7C6ACB&Options=ID|Text|&Search=,https://legistar.council.nyc.gov/HistoryDetail.aspx?ID=11124208&GUID=5CAAD789-E09B-49A5-BD2E-3B49D0F0EEFB
2016,2016-01-06,M 0361-2016,clu_geo_137,2; 50,deterministic_geography_verification,high,deterministically_verified_project_geography,zap_bbl,AI-adjudicated geography matched deterministic zap_bbl assignment using DCP Council boundary release 16D.,M 0361-2016; M 0362-2016,20165210TCM; 150428PPR; 150421ZRR; 150422ZMR,P2013R0544,Landmark Colony,"By Council Member Mendez: Pursuant to Rule 11.20(b) of the Council and §20-226 or §20-225 of the New York City Administrative Code, the Council resolves that the action of the Department of Consumer Affairs approving an unenclosed sidewalk café located at 33 Avenue B, Borough of Manhattan, Community Board 3, Application No. 20165210 TCM shall be subject to review by the Council.; By the Chair of the Land Use Committee Council Member Greenfield: Pursuant to Rule 11.20(c) of the Council Rules and Section 197-d(b)(3) of the New York City Charter, the Council hereby resolves that the action of the City Planning Commission on Uniform Land Use Review Procedure Application No. C 150428 PPR shall be subject to Council review. This item is related to Application Nos. N 150421 ZRR and C 150422 ZMR which are subject to Council review pursuant to Section 197-d(b)(1) of the New York City Charter.",https://legistar.council.nyc.gov/LegislationDetail.aspx?ID=2543714&GUID=068D6DFE-8EA2-4B2D-A44B-431D4CFF7B92&Options=ID|Text|&Search=; https://legistar.council.nyc.gov/LegislationDetail.aspx?ID=2543715&GUID=8BAD16AD-5BCE-481C-A096-230B6340C4C3&Options=ID|Text|&Search=,https://legistar.council.nyc.gov/HistoryDetail.aspx?ID=11282039&GUID=4174FD82-93C8-4145-AF8C-AC72EFB6EE36; https://legistar.council.nyc.gov/HistoryDetail.aspx?ID=11282040&GUID=16D2820C-D467-4EEA-B806-3DF6D6D2A57D
2016,2016-01-06,M 0362-2016,clu_geo_137,2; 50,deterministic_geography_verification,high,deterministically_verified_project_geography,zap_bbl,AI-adjudicated geography matched deterministic zap_bbl assignment using DCP Council boundary release 16D.,M 0361-2016; M 0362-2016,20165210TCM; 150428PPR; 150421ZRR; 150422ZMR,P2013R0544,Landmark Colony,"By Council Member Mendez: Pursuant to Rule 11.20(b) of the Council and §20-226 or §20-225 of the New York City Administrative Code, the Council resolves that the action of the Department of Consumer Affairs approving an unenclosed sidewalk café located at 33 Avenue B, Borough of Manhattan, Community Board 3, Application No. 20165210 TCM shall be subject to review by the Council.; By the Chair of the Land Use Committee Council Member Greenfield: Pursuant to Rule 11.20(c) of the Council Rules and Section 197-d(b)(3) of the New York City Charter, the Council hereby resolves that the action of the City Planning Commission on Uniform Land Use Review Procedure Application No. C 150428 PPR shall be subject to Council review. This item is related to Application Nos. N 150421 ZRR and C 150422 ZMR which are subject to Council review pursuant to Section 197-d(b)(1) of the New York City Charter.",https://legistar.council.nyc.gov/LegislationDetail.aspx?ID=2543714&GUID=068D6DFE-8EA2-4B2D-A44B-431D4CFF7B92&Options=ID|Text|&Search=; https://legistar.council.nyc.gov/LegislationDetail.aspx?ID=2543715&GUID=8BAD16AD-5BCE-481C-A096-230B6340C4C3&Options=ID|Text|&Search=,https://legistar.council.nyc.gov/HistoryDetail.aspx?ID=11282039&GUID=4174FD82-93C8-4145-AF8C-AC72EFB6EE36; https://legistar.council.nyc.gov/HistoryDetail.aspx?ID=11282040&GUID=16D2820C-D467-4EEA-B806-3DF6D6D2A57D
2016,2016-04-07,M 0391-2016,clu_geo_138,3,deterministic_geography_verification,high,deterministically_verified_project_geography,mappluto_address_exact,AI-adjudicated geography matched deterministic mappluto_address_exact assignment using DCP Council boundary release 16D.,M 0391-2016; Res 1034-2016,20165357TCM,NA,NA,"By Council Member Johnson: Pursuant to Rule 11.20(b) of the Council and §20-226 or §20-225 of the New York City Administrative Code, the Council resolves that the action of the Department of Consumer Affairs approving an unenclosed sidewalk café located at 289 Bleecker Street, Borough of Manhattan, Community Board 2, Application No. 20165357 TCM shall be subject to review by the Council.; RESOLUTION APPROVING THE RE-APPOINTMENT BY THE PUBLIC ADVOCATE OF MICHELLE DE LA UZ AS A MEMBER OF THE NEW YORK CITY PLANNING COMMISSION",https://legistar.council.nyc.gov/LegislationDetail.aspx?ID=2683900&GUID=C4B2344E-8299-47F5-AB8F-9FD602A6567E&Options=ID|Text|&Search=; https://legistar.council.nyc.gov/LegislationDetail.aspx?ID=2683921&GUID=BDA75F5F-F72D-44F6-B68A-10DCD58E1BB6&Options=ID|Text|&Search=,https://legistar.council.nyc.gov/HistoryDetail.aspx?ID=11722190&GUID=D2E77B7D-0776-4D31-9CF1-7DA397970644; https://legistar.council.nyc.gov/HistoryDetail.aspx?ID=11722071&GUID=0F04F38D-EA03-4AED-9E69-C81E8D768BAE
2016,2016-04-07,Res 1034-2016,clu_geo_138,3,deterministic_geography_verification,high,deterministically_verified_project_geography,mappluto_address_exact,AI-adjudicated geography matched deterministic mappluto_address_exact assignment using DCP Council boundary release 16D.,M 0391-2016; Res 1034-2016,20165357TCM,NA,NA,"By Council Member Johnson: Pursuant to Rule 11.20(b) of the Council and §20-226 or §20-225 of the New York City Administrative Code, the Council resolves that the action of the Department of Consumer Affairs approving an unenclosed sidewalk café located at 289 Bleecker Street, Borough of Manhattan, Community Board 2, Application No. 20165357 TCM shall be subject to review by the Council.; RESOLUTION APPROVING THE RE-APPOINTMENT BY THE PUBLIC ADVOCATE OF MICHELLE DE LA UZ AS A MEMBER OF THE NEW YORK CITY PLANNING COMMISSION",https://legistar.council.nyc.gov/LegislationDetail.aspx?ID=2683900&GUID=C4B2344E-8299-47F5-AB8F-9FD602A6567E&Options=ID|Text|&Search=; https://legistar.council.nyc.gov/LegislationDetail.aspx?ID=2683921&GUID=BDA75F5F-F72D-44F6-B68A-10DCD58E1BB6&Options=ID|Text|&Search=,https://legistar.council.nyc.gov/HistoryDetail.aspx?ID=11722190&GUID=D2E77B7D-0776-4D31-9CF1-7DA397970644; https://legistar.council.nyc.gov/HistoryDetail.aspx?ID=11722071&GUID=0F04F38D-EA03-4AED-9E69-C81E8D768BAE
2016,2016-05-25,Res 1094-2016,clu_geo_037,38,manual_queue_ai_review_researcher_accepted,high,promote,explicit_official_district,Prior official-source check reports that official Legistar LU records for the Oxford Nursing Home companion applications expressly identify Council District 38 and Brooklyn Community Board 6; companion resolutions identify the 141 Conover Street/Block 555 R...,Res 1094-2016; Res 1095-2016,150361ZMK; 160081ZRK,NA,NA,"Resolution disapproving the decision of the City Planning Commission on ULURP No. C 150361 ZMK, a Zoning Map amendment (Preconsidered L.U. No. 376).; Resolution disapproving the decision of the City Planning Commission on Application No. N 160081 ZRK, for an amendment of the Zoning Resolution of the City of New York, modifying Appendix F (Inclusionary Housing Designated Areas) and a related section in Article XII, Chapter 3 (Special Mixed Use District) to apply Inclusionary Housing regulations in Community District 6, Borough of Brooklyn (Preconsidered L.U. No. 377).",https://legistar.council.nyc.gov/LegislationDetail.aspx?ID=2732506&GUID=DB78009E-7151-4F41-94A9-7EE939FBAF29&Options=ID|Text|&Search=; https://legistar.council.nyc.gov/LegislationDetail.aspx?ID=2732507&GUID=E1AC5B67-A153-4965-B7A6-971F74731D60&Options=ID|Text|&Search=,https://legistar.council.nyc.gov/HistoryDetail.aspx?ID=11992282&GUID=58E61A3D-FE3F-42EF-A842-CB491BD9B86F; https://legistar.council.nyc.gov/HistoryDetail.aspx?ID=11992283&GUID=4A4E3D6E-3CC8-468E-9F49-CAEFDD08C551
2016,2016-05-25,Res 1095-2016,clu_geo_037,38,manual_queue_ai_review_researcher_accepted,high,promote,explicit_official_district,Prior official-source check reports that official Legistar LU records for the Oxford Nursing Home companion applications expressly identify Council District 38 and Brooklyn Community Board 6; companion resolutions identify the 141 Conover Street/Block 555 R...,Res 1094-2016; Res 1095-2016,150361ZMK; 160081ZRK,NA,NA,"Resolution disapproving the decision of the City Planning Commission on ULURP No. C 150361 ZMK, a Zoning Map amendment (Preconsidered L.U. No. 376).; Resolution disapproving the decision of the City Planning Commission on Application No. N 160081 ZRK, for an amendment of the Zoning Resolution of the City of New York, modifying Appendix F (Inclusionary Housing Designated Areas) and a related section in Article XII, Chapter 3 (Special Mixed Use District) to apply Inclusionary Housing regulations in Community District 6, Borough of Brooklyn (Preconsidered L.U. No. 377).",https://legistar.council.nyc.gov/LegislationDetail.aspx?ID=2732506&GUID=DB78009E-7151-4F41-94A9-7EE939FBAF29&Options=ID|Text|&Search=; https://legistar.council.nyc.gov/LegislationDetail.aspx?ID=2732507&GUID=E1AC5B67-A153-4965-B7A6-971F74731D60&Options=ID|Text|&Search=,https://legistar.council.nyc.gov/HistoryDetail.aspx?ID=11992282&GUID=58E61A3D-FE3F-42EF-A842-CB491BD9B86F; https://legistar.council.nyc.gov/HistoryDetail.aspx?ID=11992283&GUID=4A4E3D6E-3CC8-468E-9F49-CAEFDD08C551
2017,2017-01-18,M 0466-2017,clu_geo_140,2; 5,manual_queue_ai_review_researcher_accepted,medium,promote_with_caveat,official_geography_external_boundary,"Official Legistar evidence identifies a bundled roll-call with a sidewalk cafe at 365 Park Avenue South, Manhattan Community Board 5, and a Roosevelt Island Tramway franchise over the East River between Manhattan and Roosevelt Island. Districts 2 and 5 are...",M 0466-2017; Res 1349-2017,20175151TCM,NA,NA,"By Council Member Mendez: Pursuant to Rule 11.20(b) of the Council and §20-226 or §20-225 of the New York City Administrative Code, the Council resolves that the action of the Department of Consumer Affairs approving an unenclosed sidewalk café located at 365 Park Avenue South, Borough of Manhattan, Community Board 5, Application No. 20175151 TCM shall be subject to review by the Council.; Resolution pursuant to Section 363 of the New York City Charter, authorizing the New York City Department of Transportation to grant a franchise for the provision of aerial tramway service over the East River between Manhattan and Roosevelt Island to the Roosevelt Island Operating Corporation.",https://legistar.council.nyc.gov/LegislationDetail.aspx?ID=2939950&GUID=B3E507EE-99AC-49BE-8DDA-ECAB217B42C7&Options=ID|Text|&Search=; https://legistar.council.nyc.gov/LegislationDetail.aspx?ID=2914351&GUID=FC780A2A-19A1-4D7D-B146-91F7A3FCF3EA&Options=ID|Text|&Search=,https://legistar.council.nyc.gov/HistoryDetail.aspx?ID=12996007&GUID=CCF0DC47-E448-4F4B-8429-5E9C1D42B8C2; https://legistar.council.nyc.gov/HistoryDetail.aspx?ID=12995974&GUID=0C9AD86B-EDD8-418C-8843-BB4C4413B820
2017,2017-01-18,Res 1349-2017,clu_geo_140,2; 5,manual_queue_ai_review_researcher_accepted,medium,promote_with_caveat,official_geography_external_boundary,"Official Legistar evidence identifies a bundled roll-call with a sidewalk cafe at 365 Park Avenue South, Manhattan Community Board 5, and a Roosevelt Island Tramway franchise over the East River between Manhattan and Roosevelt Island. Districts 2 and 5 are...",M 0466-2017; Res 1349-2017,20175151TCM,NA,NA,"By Council Member Mendez: Pursuant to Rule 11.20(b) of the Council and §20-226 or §20-225 of the New York City Administrative Code, the Council resolves that the action of the Department of Consumer Affairs approving an unenclosed sidewalk café located at 365 Park Avenue South, Borough of Manhattan, Community Board 5, Application No. 20175151 TCM shall be subject to review by the Council.; Resolution pursuant to Section 363 of the New York City Charter, authorizing the New York City Department of Transportation to grant a franchise for the provision of aerial tramway service over the East River between Manhattan and Roosevelt Island to the Roosevelt Island Operating Corporation.",https://legistar.council.nyc.gov/LegislationDetail.aspx?ID=2939950&GUID=B3E507EE-99AC-49BE-8DDA-ECAB217B42C7&Options=ID|Text|&Search=; https://legistar.council.nyc.gov/LegislationDetail.aspx?ID=2914351&GUID=FC780A2A-19A1-4D7D-B146-91F7A3FCF3EA&Options=ID|Text|&Search=,https://legistar.council.nyc.gov/HistoryDetail.aspx?ID=12996007&GUID=CCF0DC47-E448-4F4B-8429-5E9C1D42B8C2; https://legistar.council.nyc.gov/HistoryDetail.aspx?ID=12995974&GUID=0C9AD86B-EDD8-418C-8843-BB4C4413B820
2017,2017-12-11,Res 1761-2017,clu_geo_039,27,manual_queue_ai_review_researcher_accepted,medium,promote_with_caveat,official_geography_external_boundary,"Official Legistar material identifies Station Plaza in Jamaica, Queens by block/lots and NYCEDC supports the Archer Avenue/Sutphin Boulevard location. District 27 is retained as project-geography coding.",Res 1761-2017,NA,NA,NA,"Resolution to support New York City's application for funding for a capital project under the Restore New York Communities Initiative pursuant to the New York State Urban Development Act, for Station Plaza, in the borough of Queens.",https://legistar.council.nyc.gov/LegislationDetail.aspx?ID=3284680&GUID=0F4916F9-8EEB-42EB-9EA9-09A42E59D306&Options=ID|Text|&Search=,https://legistar.council.nyc.gov/HistoryDetail.aspx?ID=14505384&GUID=B7422228-0115-4B0B-ABD2-8646D98D9B06
2018,2018-01-16,M 0009-2018,clu_geo_141,3; 5; 10,deterministic_geography_verification,high,deterministically_verified_project_geography,zap_bbl,AI-adjudicated geography matched deterministic zap_bbl assignment using DCP Council boundary release 18D.,M 0009-2018; M 0010-2018; M 0011-2018,20185005TCM; 180023ZSM; 20185019TCM,P2016M0426,350 East 88th Street (Rhinelander Building) 74-711,"By The Speaker (Council Member Johnson): Pursuant to Rule 11.20(b) of the Council and §20-226 or §20-225 of the New York City Administrative Code, the Council resolves that the action of the Department of Consumer Affairs approving an unenclosed sidewalk café located at 270 6th Avenue, Borough of Manhattan, Community Board 2, Application No. 20185005 TCM shall be subject to review by the Council.; By Council Member Kallos: Pursuant to Rule 11.20(c) of the Council Rules and Section 197-d(b)(3) of the New York City Charter, the Council hereby resolves that the actions of the City Planning Commission on Uniform Land Use Review Procedure application No. C 180023 ZSM shall be subject to Council review.; By Council Member Rodriguez: Pursuant to Rule 11.20(b) of the Council and §20-226 or §20-225 of the New York City Administrative Code, the Council resolves that the action of the Department of Consumer Affairs approving an unenclosed sidewalk café located at 5060 Broadway, Borough of Manhattan, Community Board 12, Application No. 20185019 TCM shall be subject to review by the Council.",https://legistar.council.nyc.gov/LegislationDetail.aspx?ID=3312322&GUID=028263E3-EDD9-42F8-B366-B1FF55F93C8A&Options=ID|Text|&Search=; https://legistar.council.nyc.gov/LegislationDetail.aspx?ID=3312325&GUID=79A058E5-28D7-4BB5-BF0B-C3C5FBD99BB5&Options=ID|Text|&Search=; https://legistar.council.nyc.gov/LegislationDetail.aspx?ID=3312321&GUID=85666440-DEC6-4AD2-B9F6-976B0D5F90EB&Options=ID|Text|&Search=,https://legistar.council.nyc.gov/HistoryDetail.aspx?ID=14664856&GUID=7796CABB-8D60-4612-BBAF-722C56A7AF7B; https://legistar.council.nyc.gov/HistoryDetail.aspx?ID=14664857&GUID=8FDF3765-9311-4454-A40F-2DAF32BE1391; https://legistar.council.nyc.gov/HistoryDetail.aspx?ID=14664855&GUID=6AE065D7-8362-485F-9A46-14A264CFC250
2018,2018-01-16,M 0010-2018,clu_geo_141,3; 5; 10,deterministic_geography_verification,high,deterministically_verified_project_geography,zap_bbl,AI-adjudicated geography matched deterministic zap_bbl assignment using DCP Council boundary release 18D.,M 0009-2018; M 0010-2018; M 0011-2018,20185005TCM; 180023ZSM; 20185019TCM,P2016M0426,350 East 88th Street (Rhinelander Building) 74-711,"By The Speaker (Council Member Johnson): Pursuant to Rule 11.20(b) of the Council and §20-226 or §20-225 of the New York City Administrative Code, the Council resolves that the action of the Department of Consumer Affairs approving an unenclosed sidewalk café located at 270 6th Avenue, Borough of Manhattan, Community Board 2, Application No. 20185005 TCM shall be subject to review by the Council.; By Council Member Kallos: Pursuant to Rule 11.20(c) of the Council Rules and Section 197-d(b)(3) of the New York City Charter, the Council hereby resolves that the actions of the City Planning Commission on Uniform Land Use Review Procedure application No. C 180023 ZSM shall be subject to Council review.; By Council Member Rodriguez: Pursuant to Rule 11.20(b) of the Council and §20-226 or §20-225 of the New York City Administrative Code, the Council resolves that the action of the Department of Consumer Affairs approving an unenclosed sidewalk café located at 5060 Broadway, Borough of Manhattan, Community Board 12, Application No. 20185019 TCM shall be subject to review by the Council.",https://legistar.council.nyc.gov/LegislationDetail.aspx?ID=3312322&GUID=028263E3-EDD9-42F8-B366-B1FF55F93C8A&Options=ID|Text|&Search=; https://legistar.council.nyc.gov/LegislationDetail.aspx?ID=3312325&GUID=79A058E5-28D7-4BB5-BF0B-C3C5FBD99BB5&Options=ID|Text|&Search=; https://legistar.council.nyc.gov/LegislationDetail.aspx?ID=3312321&GUID=85666440-DEC6-4AD2-B9F6-976B0D5F90EB&Options=ID|Text|&Search=,https://legistar.council.nyc.gov/HistoryDetail.aspx?ID=14664856&GUID=7796CABB-8D60-4612-BBAF-722C56A7AF7B; https://legistar.council.nyc.gov/HistoryDetail.aspx?ID=14664857&GUID=8FDF3765-9311-4454-A40F-2DAF32BE1391; https://legistar.council.nyc.gov/HistoryDetail.aspx?ID=14664855&GUID=6AE065D7-8362-485F-9A46-14A264CFC250
2018,2018-01-16,M 0011-2018,clu_geo_141,3; 5; 10,deterministic_geography_verification,high,deterministically_verified_project_geography,zap_bbl,AI-adjudicated geography matched deterministic zap_bbl assignment using DCP Council boundary release 18D.,M 0009-2018; M 0010-2018; M 0011-2018,20185005TCM; 180023ZSM; 20185019TCM,P2016M0426,350 East 88th Street (Rhinelander Building) 74-711,"By The Speaker (Council Member Johnson): Pursuant to Rule 11.20(b) of the Council and §20-226 or §20-225 of the New York City Administrative Code, the Council resolves that the action of the Department of Consumer Affairs approving an unenclosed sidewalk café located at 270 6th Avenue, Borough of Manhattan, Community Board 2, Application No. 20185005 TCM shall be subject to review by the Council.; By Council Member Kallos: Pursuant to Rule 11.20(c) of the Council Rules and Section 197-d(b)(3) of the New York City Charter, the Council hereby resolves that the actions of the City Planning Commission on Uniform Land Use Review Procedure application No. C 180023 ZSM shall be subject to Council review.; By Council Member Rodriguez: Pursuant to Rule 11.20(b) of the Council and §20-226 or §20-225 of the New York City Administrative Code, the Council resolves that the action of the Department of Consumer Affairs approving an unenclosed sidewalk café located at 5060 Broadway, Borough of Manhattan, Community Board 12, Application No. 20185019 TCM shall be subject to review by the Council.",https://legistar.council.nyc.gov/LegislationDetail.aspx?ID=3312322&GUID=028263E3-EDD9-42F8-B366-B1FF55F93C8A&Options=ID|Text|&Search=; https://legistar.council.nyc.gov/LegislationDetail.aspx?ID=3312325&GUID=79A058E5-28D7-4BB5-BF0B-C3C5FBD99BB5&Options=ID|Text|&Search=; https://legistar.council.nyc.gov/LegislationDetail.aspx?ID=3312321&GUID=85666440-DEC6-4AD2-B9F6-976B0D5F90EB&Options=ID|Text|&Search=,https://legistar.council.nyc.gov/HistoryDetail.aspx?ID=14664856&GUID=7796CABB-8D60-4612-BBAF-722C56A7AF7B; https://legistar.council.nyc.gov/HistoryDetail.aspx?ID=14664857&GUID=8FDF3765-9311-4454-A40F-2DAF32BE1391; https://legistar.council.nyc.gov/HistoryDetail.aspx?ID=14664855&GUID=6AE065D7-8362-485F-9A46-14A264CFC250
2018,2018-10-17,LU 0219-2018,clu_geo_043,33,manual_queue_ai_review_researcher_accepted,medium,promote_with_caveat,official_geography_external_boundary,Official Legistar/Council resolution materials identify the Boerum Hill Historic District Extension in Brooklyn Community District 2. District 33 is retained as project-area geography coding.,LU 0219-2018; Res 0572-2018,20195003HKK; 190101HKK,2019K0040,Boerum Hill Historic District Extension,"Application No. 20195003 HKK (N 190101 HKK) [DL 508, LP-2599] submitted by the New York City Landmarks Preservation Commission pursuant to Section 3020 of the New York City Charter and Chapter 3 of Title 25 of the Administrative Code of the City of New York, concerning the designation of the Boerum Hill Historic District Extension as a historic district, Borough of Brooklyn, Community District 2.; Resolution affirming the designation by the Landmarks Preservation Commission of the Boerum Hill Historic District Extension, Borough of Brooklyn, Designation List No. 508, LP-2599 (L.U. No. 219; 20195003 HKK; N 190101 HKK).",https://legistar.council.nyc.gov/LegislationDetail.aspx?ID=3673513&GUID=50C23929-18D5-4779-B140-E5BD747116CE&Options=ID|Text|&Search=; https://legistar.council.nyc.gov/LegislationDetail.aspx?ID=3698488&GUID=07D389A4-4BE1-411C-9753-71C8C4AE2ED1&Options=ID|Text|&Search=,https://legistar.council.nyc.gov/HistoryDetail.aspx?ID=16345355&GUID=D873196B-4185-424F-B1C3-462293F904CD; https://legistar.council.nyc.gov/HistoryDetail.aspx?ID=16340012&GUID=105464E1-6E55-47BD-887B-292C8FA49034
2018,2018-10-17,LU 0223-2018,clu_geo_042,9,deterministic_geography_verification,high,deterministically_verified_project_geography,text_bbl_or_block_lot,AI-adjudicated geography matched deterministic text_bbl_or_block_lot assignment using DCP Council boundary release 18D.,LU 0223-2018; Res 0574-2018,20195048HAM,NA,NA,"Application No. 20195048 HAM (95 Lenox Ave Plan and Project) submitted by the New York City Department of Housing Preservation and Development pursuant to Section 115 of the Private Housing Finance Law for the modification of the plan and project for Canaan IV Towers currently known as Block 1824, Lots 16 and 155 (f/k/a Lots 16, 18, 22, 23, 25, 26, 27, 29, 30, 31, 32, 33, 34, 35, 36, 38, 41, 42, 44, 45, 46, 47, 48, 49, 50, 51, 52, 53, and 54 and then as Lot 16), Borough of Manhattan, dated July 17,1980, and recorded in the Office of the City Register of New York County at Reel 550, Pages 2014-; Resolution to approve modification to a previously approved Article V Plan and Project located at Block 1824, Lots 16 and 155 (f/k/a Lots 16, 18, 22, 23, 25, 26, 27, 29, 30, 31, 32, 33, 34, 35, 36, 38, 41, 42, 44, 45, 46, 47, 48, 49, 50, 51, 52, 53, and 54 and then as Lot 16), Community District 10, Borough of Manhattan (L.U. No. 223; 20195048 HAM).",https://legistar.council.nyc.gov/LegislationDetail.aspx?ID=3673516&GUID=C0ADDD32-C565-4BDC-8A4D-FD601F8652CD&Options=ID|Text|&Search=; https://legistar.council.nyc.gov/LegislationDetail.aspx?ID=3698490&GUID=024E4CF9-7428-4F56-9CF7-46FB0D159287&Options=ID|Text|&Search=,https://legistar.council.nyc.gov/HistoryDetail.aspx?ID=16345357&GUID=EB4A69E1-7459-424B-880B-41EC1303F38A; https://legistar.council.nyc.gov/HistoryDetail.aspx?ID=16340014&GUID=AE67B10C-F2CE-4B19-9B4D-D51201311686
2018,2018-10-17,LU 0224-2018,clu_geo_041,9,deterministic_geography_verification,high,deterministically_verified_project_geography,text_bbl_or_block_lot,AI-adjudicated geography matched deterministic text_bbl_or_block_lot assignment using DCP Council boundary release 18D.,LU 0224-2018; Res 0575-2018,20195047HAM,NA,NA,"Application No. 20195047 HAM (95 Lenox Ave Conveyance) submitted by the New York City Department of Housing Preservation and Development pursuant to Section 122(1) of the Private Housing Finance Law for approval, contingent on the recordation of a restrictive covenant, of a conveyance of real property located at Block 1824, Lot 155 (f/k/a p/o Lots 16, 18, 22, 23, 25, 26, 27, 29, 30, 31, 32, 33, 34, 35, 36, 38, 41, 42, 44, 45, 46, 47, 48, 49, 50, 51, 52, 53, and 54 and then as p/o Lot 16), from Church Homes Associates L.P. to 115th Street Holdings LLC, Borough of Manhattan, Community District 1; Resolution approving a conveyance of property located at Block 1824, Lot 155 (f/k/a p/o Lots 16, 18, 22, 23, 25, 26, 27, 29, 30, 31, 32, 33, 34, 35, 36, 38, 41, 42, 44, 45, 46, 47, 48, 49, 50, 51, 52, 53, and 54 and then as p/o Lot 16), Borough of the Manhattan (L.U. No. 224; 20195047 HAM).",https://legistar.council.nyc.gov/LegislationDetail.aspx?ID=3673517&GUID=A9D8F284-91F0-42E4-BC90-BDA183A5455D&Options=ID|Text|&Search=; https://legistar.council.nyc.gov/LegislationDetail.aspx?ID=3698491&GUID=A83A1F6C-D7EF-4DC9-9231-1E605CE844D9&Options=ID|Text|&Search=,https://legistar.council.nyc.gov/HistoryDetail.aspx?ID=16345358&GUID=9654BAE4-2F9F-4332-A760-93124260F302; https://legistar.council.nyc.gov/HistoryDetail.aspx?ID=16340015&GUID=AC39AD5A-936B-4A2C-86C2-7DDC113CD0CE
2018,2018-10-17,Res 0572-2018,clu_geo_043,33,manual_queue_ai_review_researcher_accepted,medium,promote_with_caveat,official_geography_external_boundary,Official Legistar/Council resolution materials identify the Boerum Hill Historic District Extension in Brooklyn Community District 2. District 33 is retained as project-area geography coding.,LU 0219-2018; Res 0572-2018,20195003HKK; 190101HKK,2019K0040,Boerum Hill Historic District Extension,"Application No. 20195003 HKK (N 190101 HKK) [DL 508, LP-2599] submitted by the New York City Landmarks Preservation Commission pursuant to Section 3020 of the New York City Charter and Chapter 3 of Title 25 of the Administrative Code of the City of New York, concerning the designation of the Boerum Hill Historic District Extension as a historic district, Borough of Brooklyn, Community District 2.; Resolution affirming the designation by the Landmarks Preservation Commission of the Boerum Hill Historic District Extension, Borough of Brooklyn, Designation List No. 508, LP-2599 (L.U. No. 219; 20195003 HKK; N 190101 HKK).",https://legistar.council.nyc.gov/LegislationDetail.aspx?ID=3673513&GUID=50C23929-18D5-4779-B140-E5BD747116CE&Options=ID|Text|&Search=; https://legistar.council.nyc.gov/LegislationDetail.aspx?ID=3698488&GUID=07D389A4-4BE1-411C-9753-71C8C4AE2ED1&Options=ID|Text|&Search=,https://legistar.council.nyc.gov/HistoryDetail.aspx?ID=16345355&GUID=D873196B-4185-424F-B1C3-462293F904CD; https://legistar.council.nyc.gov/HistoryDetail.aspx?ID=16340012&GUID=105464E1-6E55-47BD-887B-292C8FA49034
2018,2018-10-17,Res 0574-2018,clu_geo_042,9,deterministic_geography_verification,high,deterministically_verified_project_geography,text_bbl_or_block_lot,AI-adjudicated geography matched deterministic text_bbl_or_block_lot assignment using DCP Council boundary release 18D.,LU 0223-2018; Res 0574-2018,20195048HAM,NA,NA,"Application No. 20195048 HAM (95 Lenox Ave Plan and Project) submitted by the New York City Department of Housing Preservation and Development pursuant to Section 115 of the Private Housing Finance Law for the modification of the plan and project for Canaan IV Towers currently known as Block 1824, Lots 16 and 155 (f/k/a Lots 16, 18, 22, 23, 25, 26, 27, 29, 30, 31, 32, 33, 34, 35, 36, 38, 41, 42, 44, 45, 46, 47, 48, 49, 50, 51, 52, 53, and 54 and then as Lot 16), Borough of Manhattan, dated July 17,1980, and recorded in the Office of the City Register of New York County at Reel 550, Pages 2014-; Resolution to approve modification to a previously approved Article V Plan and Project located at Block 1824, Lots 16 and 155 (f/k/a Lots 16, 18, 22, 23, 25, 26, 27, 29, 30, 31, 32, 33, 34, 35, 36, 38, 41, 42, 44, 45, 46, 47, 48, 49, 50, 51, 52, 53, and 54 and then as Lot 16), Community District 10, Borough of Manhattan (L.U. No. 223; 20195048 HAM).",https://legistar.council.nyc.gov/LegislationDetail.aspx?ID=3673516&GUID=C0ADDD32-C565-4BDC-8A4D-FD601F8652CD&Options=ID|Text|&Search=; https://legistar.council.nyc.gov/LegislationDetail.aspx?ID=3698490&GUID=024E4CF9-7428-4F56-9CF7-46FB0D159287&Options=ID|Text|&Search=,https://legistar.council.nyc.gov/HistoryDetail.aspx?ID=16345357&GUID=EB4A69E1-7459-424B-880B-41EC1303F38A; https://legistar.council.nyc.gov/HistoryDetail.aspx?ID=16340014&GUID=AE67B10C-F2CE-4B19-9B4D-D51201311686
2018,2018-10-17,Res 0575-2018,clu_geo_041,9,deterministic_geography_verification,high,deterministically_verified_project_geography,text_bbl_or_block_lot,AI-adjudicated geography matched deterministic text_bbl_or_block_lot assignment using DCP Council boundary release 18D.,LU 0224-2018; Res 0575-2018,20195047HAM,NA,NA,"Application No. 20195047 HAM (95 Lenox Ave Conveyance) submitted by the New York City Department of Housing Preservation and Development pursuant to Section 122(1) of the Private Housing Finance Law for approval, contingent on the recordation of a restrictive covenant, of a conveyance of real property located at Block 1824, Lot 155 (f/k/a p/o Lots 16, 18, 22, 23, 25, 26, 27, 29, 30, 31, 32, 33, 34, 35, 36, 38, 41, 42, 44, 45, 46, 47, 48, 49, 50, 51, 52, 53, and 54 and then as p/o Lot 16), from Church Homes Associates L.P. to 115th Street Holdings LLC, Borough of Manhattan, Community District 1; Resolution approving a conveyance of property located at Block 1824, Lot 155 (f/k/a p/o Lots 16, 18, 22, 23, 25, 26, 27, 29, 30, 31, 32, 33, 34, 35, 36, 38, 41, 42, 44, 45, 46, 47, 48, 49, 50, 51, 52, 53, and 54 and then as p/o Lot 16), Borough of the Manhattan (L.U. No. 224; 20195047 HAM).",https://legistar.council.nyc.gov/LegislationDetail.aspx?ID=3673517&GUID=A9D8F284-91F0-42E4-BC90-BDA183A5455D&Options=ID|Text|&Search=; https://legistar.council.nyc.gov/LegislationDetail.aspx?ID=3698491&GUID=A83A1F6C-D7EF-4DC9-9231-1E605CE844D9&Options=ID|Text|&Search=,https://legistar.council.nyc.gov/HistoryDetail.aspx?ID=16345358&GUID=9654BAE4-2F9F-4332-A760-93124260F302; https://legistar.council.nyc.gov/HistoryDetail.aspx?ID=16340015&GUID=AC39AD5A-936B-4A2C-86C2-7DDC113CD0CE
2018,2018-12-11,LU 0286-2018,clu_geo_040,7; 9; 10,deterministic_geography_verification,high,deterministically_verified_project_geography,text_bbl_or_block_lot,AI-adjudicated geography matched deterministic text_bbl_or_block_lot assignment using DCP Council boundary release 18D.,LU 0286-2018; Res 0660-2018,NA,NA,NA,"TPT Program, In Rem Action No. 51, Manhattan.; Resolution approving a new Urban Development Action Area Project, waiving the urban development action area designation requirement and approving a new real property tax exemption pursuant to Article XI of the Private Housing Finance Law and Article 16 of the General Municipal Law for groups of Transfer Parcels located at 253 West 136th Street (Block 1942, Lot 110); 103 West 141st Street (Block 2010, Lot 24); 135 West 131st Street (Block 1916, Lot 17); 1463 Amsterdam Avenue (Block 1970, Lot 68); 533 West 145th Street (Block 2077, Lot 10); and 559 West 185th Street (Block 2157, Lot 62), Communi",https://legistar.council.nyc.gov/LegislationDetail.aspx?ID=3774116&GUID=791DA192-0BB4-4B79-AB58-620767DD926F&Options=ID|Text|&Search=; https://legistar.council.nyc.gov/LegislationDetail.aspx?ID=3776527&GUID=C609B2F2-E5F0-47E6-9123-3886D3081EAD&Options=ID|Text|&Search=,https://legistar.council.nyc.gov/HistoryDetail.aspx?ID=16679040&GUID=8C624ECD-9354-44D6-B9A8-C9E0503AC28B; https://legistar.council.nyc.gov/HistoryDetail.aspx?ID=16672752&GUID=D54FA635-A936-4F6F-A662-97D94D4D9335
2018,2018-12-11,Res 0660-2018,clu_geo_040,7; 9; 10,deterministic_geography_verification,high,deterministically_verified_project_geography,text_bbl_or_block_lot,AI-adjudicated geography matched deterministic text_bbl_or_block_lot assignment using DCP Council boundary release 18D.,LU 0286-2018; Res 0660-2018,NA,NA,NA,"TPT Program, In Rem Action No. 51, Manhattan.; Resolution approving a new Urban Development Action Area Project, waiving the urban development action area designation requirement and approving a new real property tax exemption pursuant to Article XI of the Private Housing Finance Law and Article 16 of the General Municipal Law for groups of Transfer Parcels located at 253 West 136th Street (Block 1942, Lot 110); 103 West 141st Street (Block 2010, Lot 24); 135 West 131st Street (Block 1916, Lot 17); 1463 Amsterdam Avenue (Block 1970, Lot 68); 533 West 145th Street (Block 2077, Lot 10); and 559 West 185th Street (Block 2157, Lot 62), Communi",https://legistar.council.nyc.gov/LegislationDetail.aspx?ID=3774116&GUID=791DA192-0BB4-4B79-AB58-620767DD926F&Options=ID|Text|&Search=; https://legistar.council.nyc.gov/LegislationDetail.aspx?ID=3776527&GUID=C609B2F2-E5F0-47E6-9123-3886D3081EAD&Options=ID|Text|&Search=,https://legistar.council.nyc.gov/HistoryDetail.aspx?ID=16679040&GUID=8C624ECD-9354-44D6-B9A8-C9E0503AC28B; https://legistar.council.nyc.gov/HistoryDetail.aspx?ID=16672752&GUID=D54FA635-A936-4F6F-A662-97D94D4D9335
2019,2019-01-09,M 0124-2019,clu_geo_142,1; 3; 17,manual_queue_ai_review_researcher_accepted,high,promote,explicit_official_district,Imported from the prior full-document conflict-review pass: official Council records identify all three bundled 2019 component districts; deterministic verifier omitted the District 1 component.,M 0124-2019; M 0125-2019; M 0126-2019,190051PPX; 190049ZMX; 190050ZRX; 190070ZSM; 180439ZSM,P2016X0079; P2017M0091; P2017M0085,Belmont Cove - Rezoning; 59 Greenwich Ave - 74-711; 51 White Street 74-711,"By the Chair of the Land Use Committee (Council Member Salamanca): Pursuant to Rule 11.20(b) of the Council Rules and Section 197-d(b)(3) of the New York City Charter, the Council hereby resolves that the actions of the City Planning Commission on Application No. C 190051 PPX (Belmont Cove Rezoning) shall be subject to Council review. This application is related to Application Nos. C 190049 ZMX and N 190050 ZRX.; By the Speaker (Council Member Johnson): Pursuant to Rule 11.20b of the Council and Section 197-d(b)(3) of the New York City Charter, the Council resolves that the action of the City Planning Commission on Uniform Land Use Review Procedure Application No. C 190070 ZSM (59 Greenwich) shall be subject to review by the Council.; By Council Member Chin: Pursuant to Rule 11.20(b) of the Council Rules and Section 197-d(b)(3) of the New York City Charter, the Council hereby resolves that the actions of the City Planning Commission on Uniform Land Use Review Procedure Application No. C 180439 ZSM (51-53 White Street) shall be subject to Council review.",https://legistar.council.nyc.gov/LegislationDetail.aspx?ID=3830490&GUID=3C923613-11AF-4AA6-879C-121F15849160&Options=ID|Text|&Search=; https://legistar.council.nyc.gov/LegislationDetail.aspx?ID=3830492&GUID=8AA1A3A5-4E6A-4EFA-8204-6569456A7CF8&Options=ID|Text|&Search=; https://legistar.council.nyc.gov/LegislationDetail.aspx?ID=3830491&GUID=E5770956-7A83-41BF-AFD4-2410326940F9&Options=ID|Text|&Search=,https://legistar.council.nyc.gov/HistoryDetail.aspx?ID=17050692&GUID=CF4D8189-2704-42FE-9E99-F40B5C8CF7A5; https://legistar.council.nyc.gov/HistoryDetail.aspx?ID=17050695&GUID=E474260F-A422-4BB9-AAAF-3CA7EFECC435; https://legistar.council.nyc.gov/HistoryDetail.aspx?ID=17050694&GUID=04A208EF-27F7-4975-87E3-5AEDB7BC763E
2019,2019-01-09,M 0125-2019,clu_geo_142,1; 3; 17,manual_queue_ai_review_researcher_accepted,high,promote,explicit_official_district,Imported from the prior full-document conflict-review pass: official Council records identify all three bundled 2019 component districts; deterministic verifier omitted the District 1 component.,M 0124-2019; M 0125-2019; M 0126-2019,190051PPX; 190049ZMX; 190050ZRX; 190070ZSM; 180439ZSM,P2016X0079; P2017M0091; P2017M0085,Belmont Cove - Rezoning; 59 Greenwich Ave - 74-711; 51 White Street 74-711,"By the Chair of the Land Use Committee (Council Member Salamanca): Pursuant to Rule 11.20(b) of the Council Rules and Section 197-d(b)(3) of the New York City Charter, the Council hereby resolves that the actions of the City Planning Commission on Application No. C 190051 PPX (Belmont Cove Rezoning) shall be subject to Council review. This application is related to Application Nos. C 190049 ZMX and N 190050 ZRX.; By the Speaker (Council Member Johnson): Pursuant to Rule 11.20b of the Council and Section 197-d(b)(3) of the New York City Charter, the Council resolves that the action of the City Planning Commission on Uniform Land Use Review Procedure Application No. C 190070 ZSM (59 Greenwich) shall be subject to review by the Council.; By Council Member Chin: Pursuant to Rule 11.20(b) of the Council Rules and Section 197-d(b)(3) of the New York City Charter, the Council hereby resolves that the actions of the City Planning Commission on Uniform Land Use Review Procedure Application No. C 180439 ZSM (51-53 White Street) shall be subject to Council review.",https://legistar.council.nyc.gov/LegislationDetail.aspx?ID=3830490&GUID=3C923613-11AF-4AA6-879C-121F15849160&Options=ID|Text|&Search=; https://legistar.council.nyc.gov/LegislationDetail.aspx?ID=3830492&GUID=8AA1A3A5-4E6A-4EFA-8204-6569456A7CF8&Options=ID|Text|&Search=; https://legistar.council.nyc.gov/LegislationDetail.aspx?ID=3830491&GUID=E5770956-7A83-41BF-AFD4-2410326940F9&Options=ID|Text|&Search=,https://legistar.council.nyc.gov/HistoryDetail.aspx?ID=17050692&GUID=CF4D8189-2704-42FE-9E99-F40B5C8CF7A5; https://legistar.council.nyc.gov/HistoryDetail.aspx?ID=17050695&GUID=E474260F-A422-4BB9-AAAF-3CA7EFECC435; https://legistar.council.nyc.gov/HistoryDetail.aspx?ID=17050694&GUID=04A208EF-27F7-4975-87E3-5AEDB7BC763E
2019,2019-01-09,M 0126-2019,clu_geo_142,1; 3; 17,manual_queue_ai_review_researcher_accepted,high,promote,explicit_official_district,Imported from the prior full-document conflict-review pass: official Council records identify all three bundled 2019 component districts; deterministic verifier omitted the District 1 component.,M 0124-2019; M 0125-2019; M 0126-2019,190051PPX; 190049ZMX; 190050ZRX; 190070ZSM; 180439ZSM,P2016X0079; P2017M0091; P2017M0085,Belmont Cove - Rezoning; 59 Greenwich Ave - 74-711; 51 White Street 74-711,"By the Chair of the Land Use Committee (Council Member Salamanca): Pursuant to Rule 11.20(b) of the Council Rules and Section 197-d(b)(3) of the New York City Charter, the Council hereby resolves that the actions of the City Planning Commission on Application No. C 190051 PPX (Belmont Cove Rezoning) shall be subject to Council review. This application is related to Application Nos. C 190049 ZMX and N 190050 ZRX.; By the Speaker (Council Member Johnson): Pursuant to Rule 11.20b of the Council and Section 197-d(b)(3) of the New York City Charter, the Council resolves that the action of the City Planning Commission on Uniform Land Use Review Procedure Application No. C 190070 ZSM (59 Greenwich) shall be subject to review by the Council.; By Council Member Chin: Pursuant to Rule 11.20(b) of the Council Rules and Section 197-d(b)(3) of the New York City Charter, the Council hereby resolves that the actions of the City Planning Commission on Uniform Land Use Review Procedure Application No. C 180439 ZSM (51-53 White Street) shall be subject to Council review.",https://legistar.council.nyc.gov/LegislationDetail.aspx?ID=3830490&GUID=3C923613-11AF-4AA6-879C-121F15849160&Options=ID|Text|&Search=; https://legistar.council.nyc.gov/LegislationDetail.aspx?ID=3830492&GUID=8AA1A3A5-4E6A-4EFA-8204-6569456A7CF8&Options=ID|Text|&Search=; https://legistar.council.nyc.gov/LegislationDetail.aspx?ID=3830491&GUID=E5770956-7A83-41BF-AFD4-2410326940F9&Options=ID|Text|&Search=,https://legistar.council.nyc.gov/HistoryDetail.aspx?ID=17050692&GUID=CF4D8189-2704-42FE-9E99-F40B5C8CF7A5; https://legistar.council.nyc.gov/HistoryDetail.aspx?ID=17050695&GUID=E474260F-A422-4BB9-AAAF-3CA7EFECC435; https://legistar.council.nyc.gov/HistoryDetail.aspx?ID=17050694&GUID=04A208EF-27F7-4975-87E3-5AEDB7BC763E
2019,2019-10-17,Res 1091-2019,clu_geo_044,22,manual_queue_ai_review_researcher_accepted,low,promote_with_caveat,official_geography_external_boundary,"Official Legistar materials identify the project as the entirety of Rikers Island. Prior official district geography outside the land-use matter supports Council District 22, but the resolution itself does not state an explicit district field.",Res 1091-2019,NA,NA,NA,"Resolution authorizing the filing of a land use application amending the City Map so as to establish a public place, with a use restriction, on the entirety of Rikers Island.",https://legistar.council.nyc.gov/LegislationDetail.aspx?ID=4162846&GUID=6D280A23-DB50-452A-B96D-90BAFB3C7ECA&Options=ID|Text|&Search=,https://legistar.council.nyc.gov/HistoryDetail.aspx?ID=18640265&GUID=A75B2046-2A82-401E-89E0-7D5501C255D2
2019,2019-12-10,Res 1193-2019,clu_geo_143,35,deterministic_geography_verification,high,deterministically_verified_project_geography,zap_bbl,AI-adjudicated geography matched deterministic zap_bbl assignment using DCP Council boundary release 19D.,Res 1193-2019,180524ZMK,P2015K0330,101 Fleet Place Rezoning,"Resolution approving with modifications the decision of the City Planning Commission on ULURP No. C 180524 ZMK, a Zoning Map amendment (Preconsidered L.U. No. 561).",https://legistar.council.nyc.gov/LegislationDetail.aspx?ID=4248093&GUID=77DEE431-5FF3-46FD-8887-BECACF2A2A02&Options=ID|Text|&Search=,https://legistar.council.nyc.gov/HistoryDetail.aspx?ID=19101815&GUID=0FAD51CC-17C6-4D25-8D63-B118FC08AA38
2020,2020-05-28,LU 0659-2020,clu_geo_144,5; 8; 9; 17,deterministic_geography_verification,high,deterministically_verified_project_geography,text_bbl_or_block_lot,AI-adjudicated geography matched deterministic text_bbl_or_block_lot assignment using DCP Council boundary release 20D.,LU 0659-2020; LU 0660-2020; Res 1331-2020; Res 1332-2020,20205399HAM; 20205384HAX,NA,NA,"Application No. 20205399 HAM (311-313 Pleasant Avenue Cluster) submitted by the New York City Department of Housing Preservation and Development pursuant to Article 16 of the General Municipal Law and Article XI of the Private Housing Finance Law, requesting the waiver of the designation requirements and approval of an urban development action area project, and requesting an exemption from real property taxes for property located at 311-313 Pleasant Avenue (Block 1710, Lot 27), 51-55 East 129th Street (Block 1754, Lot 26), and 1263 Park Avenue (Block 1625, Lot 72), Borough of Manhattan, Counci; Application No. 20205384 HAX (993-995 Union Avenue Cluster) submitted by the New York City Department of Housing Preservation and Development pursuant to Article 16 of the General Municipal Law and Article XI of the Private Housing Finance Law, requesting the waiver of the designation requirements and approval of an urban development action area project, and requesting an exemption from real property taxes for property located at 993 and 995 Union Avenue (Block 2669, Lots 40 and 41), 774 Union Avenue (Block 2676, Lot 36), 1042 Longfellow Avenue (Block 2756, Lot 71), Borough of the Bronx, Counc; Resolution approving an Urban Development Action Area Project pursuant to Article 16 of the General Municipal Law and a real property tax exemption pursuant to Article XI of the Private Housing Finance Law for property located at 311-313 Pleasant Avenue (Block 1710, Lot 27), 51-55 East 129th Street (Block 1754, Lot 26), and 1263 Park Avenue (Block 1625, Lot 72), Borough of Manhattan; and waiving the urban development action area designation requirement and the Uniform Land Use Review Procedure, Community Districts 5, 8, and 9, Borough of Manhattan (Preconsidered L.U. No. 659; 20205399 HAM).",https://legistar.council.nyc.gov/LegislationDetail.aspx?ID=4425064&GUID=A44B7A23-5B97-452F-ACE9-199A1A0038C2&Options=ID|Text|&Search=; https://legistar.council.nyc.gov/LegislationDetail.aspx?ID=4425065&GUID=011BC408-ECBD-4662-A012-FACC1C813E2C&Options=ID|Text|&Search=; https://legistar.council.nyc.gov/LegislationDetail.aspx?ID=4546057&GUID=0C507A4E-F312-4E6E-AFFE-421D6A958098&Options=ID|Text|&Search=; https://legistar.council.nyc.gov/LegislationDetail.aspx?ID=4546058&GUID=86D7FC99-F367-4F46-A0CE-47BC4FA033D8&Options=ID|Text|&Search=,https://legistar.council.nyc.gov/HistoryDetail.aspx?ID=20226147&GUID=AE808CCE-5F17-42D7-A882-16D61243F2B2; https://legistar.council.nyc.gov/HistoryDetail.aspx?ID=20226148&GUID=0D2E2BED-F35D-4D28-88ED-43E30EE9CD48; https://legistar.council.nyc.gov/HistoryDetail.aspx?ID=20214761&GUID=E4333B95-86D8-4966-8C21-BE812F3D4FEB; https://legistar.council.nyc.gov/HistoryDetail.aspx?ID=20214762&GUID=2E45D7E9-8039-49F6-8B0A-EC334C212D35
2020,2020-05-28,LU 0660-2020,clu_geo_144,5; 8; 9; 17,deterministic_geography_verification,high,deterministically_verified_project_geography,text_bbl_or_block_lot,AI-adjudicated geography matched deterministic text_bbl_or_block_lot assignment using DCP Council boundary release 20D.,LU 0659-2020; LU 0660-2020; Res 1331-2020; Res 1332-2020,20205399HAM; 20205384HAX,NA,NA,"Application No. 20205399 HAM (311-313 Pleasant Avenue Cluster) submitted by the New York City Department of Housing Preservation and Development pursuant to Article 16 of the General Municipal Law and Article XI of the Private Housing Finance Law, requesting the waiver of the designation requirements and approval of an urban development action area project, and requesting an exemption from real property taxes for property located at 311-313 Pleasant Avenue (Block 1710, Lot 27), 51-55 East 129th Street (Block 1754, Lot 26), and 1263 Park Avenue (Block 1625, Lot 72), Borough of Manhattan, Counci; Application No. 20205384 HAX (993-995 Union Avenue Cluster) submitted by the New York City Department of Housing Preservation and Development pursuant to Article 16 of the General Municipal Law and Article XI of the Private Housing Finance Law, requesting the waiver of the designation requirements and approval of an urban development action area project, and requesting an exemption from real property taxes for property located at 993 and 995 Union Avenue (Block 2669, Lots 40 and 41), 774 Union Avenue (Block 2676, Lot 36), 1042 Longfellow Avenue (Block 2756, Lot 71), Borough of the Bronx, Counc; Resolution approving an Urban Development Action Area Project pursuant to Article 16 of the General Municipal Law and a real property tax exemption pursuant to Article XI of the Private Housing Finance Law for property located at 311-313 Pleasant Avenue (Block 1710, Lot 27), 51-55 East 129th Street (Block 1754, Lot 26), and 1263 Park Avenue (Block 1625, Lot 72), Borough of Manhattan; and waiving the urban development action area designation requirement and the Uniform Land Use Review Procedure, Community Districts 5, 8, and 9, Borough of Manhattan (Preconsidered L.U. No. 659; 20205399 HAM).",https://legistar.council.nyc.gov/LegislationDetail.aspx?ID=4425064&GUID=A44B7A23-5B97-452F-ACE9-199A1A0038C2&Options=ID|Text|&Search=; https://legistar.council.nyc.gov/LegislationDetail.aspx?ID=4425065&GUID=011BC408-ECBD-4662-A012-FACC1C813E2C&Options=ID|Text|&Search=; https://legistar.council.nyc.gov/LegislationDetail.aspx?ID=4546057&GUID=0C507A4E-F312-4E6E-AFFE-421D6A958098&Options=ID|Text|&Search=; https://legistar.council.nyc.gov/LegislationDetail.aspx?ID=4546058&GUID=86D7FC99-F367-4F46-A0CE-47BC4FA033D8&Options=ID|Text|&Search=,https://legistar.council.nyc.gov/HistoryDetail.aspx?ID=20226147&GUID=AE808CCE-5F17-42D7-A882-16D61243F2B2; https://legistar.council.nyc.gov/HistoryDetail.aspx?ID=20226148&GUID=0D2E2BED-F35D-4D28-88ED-43E30EE9CD48; https://legistar.council.nyc.gov/HistoryDetail.aspx?ID=20214761&GUID=E4333B95-86D8-4966-8C21-BE812F3D4FEB; https://legistar.council.nyc.gov/HistoryDetail.aspx?ID=20214762&GUID=2E45D7E9-8039-49F6-8B0A-EC334C212D35
2020,2020-05-28,Res 1331-2020,clu_geo_144,5; 8; 9; 17,deterministic_geography_verification,high,deterministically_verified_project_geography,text_bbl_or_block_lot,AI-adjudicated geography matched deterministic text_bbl_or_block_lot assignment using DCP Council boundary release 20D.,LU 0659-2020; LU 0660-2020; Res 1331-2020; Res 1332-2020,20205399HAM; 20205384HAX,NA,NA,"Application No. 20205399 HAM (311-313 Pleasant Avenue Cluster) submitted by the New York City Department of Housing Preservation and Development pursuant to Article 16 of the General Municipal Law and Article XI of the Private Housing Finance Law, requesting the waiver of the designation requirements and approval of an urban development action area project, and requesting an exemption from real property taxes for property located at 311-313 Pleasant Avenue (Block 1710, Lot 27), 51-55 East 129th Street (Block 1754, Lot 26), and 1263 Park Avenue (Block 1625, Lot 72), Borough of Manhattan, Counci; Application No. 20205384 HAX (993-995 Union Avenue Cluster) submitted by the New York City Department of Housing Preservation and Development pursuant to Article 16 of the General Municipal Law and Article XI of the Private Housing Finance Law, requesting the waiver of the designation requirements and approval of an urban development action area project, and requesting an exemption from real property taxes for property located at 993 and 995 Union Avenue (Block 2669, Lots 40 and 41), 774 Union Avenue (Block 2676, Lot 36), 1042 Longfellow Avenue (Block 2756, Lot 71), Borough of the Bronx, Counc; Resolution approving an Urban Development Action Area Project pursuant to Article 16 of the General Municipal Law and a real property tax exemption pursuant to Article XI of the Private Housing Finance Law for property located at 311-313 Pleasant Avenue (Block 1710, Lot 27), 51-55 East 129th Street (Block 1754, Lot 26), and 1263 Park Avenue (Block 1625, Lot 72), Borough of Manhattan; and waiving the urban development action area designation requirement and the Uniform Land Use Review Procedure, Community Districts 5, 8, and 9, Borough of Manhattan (Preconsidered L.U. No. 659; 20205399 HAM).",https://legistar.council.nyc.gov/LegislationDetail.aspx?ID=4425064&GUID=A44B7A23-5B97-452F-ACE9-199A1A0038C2&Options=ID|Text|&Search=; https://legistar.council.nyc.gov/LegislationDetail.aspx?ID=4425065&GUID=011BC408-ECBD-4662-A012-FACC1C813E2C&Options=ID|Text|&Search=; https://legistar.council.nyc.gov/LegislationDetail.aspx?ID=4546057&GUID=0C507A4E-F312-4E6E-AFFE-421D6A958098&Options=ID|Text|&Search=; https://legistar.council.nyc.gov/LegislationDetail.aspx?ID=4546058&GUID=86D7FC99-F367-4F46-A0CE-47BC4FA033D8&Options=ID|Text|&Search=,https://legistar.council.nyc.gov/HistoryDetail.aspx?ID=20226147&GUID=AE808CCE-5F17-42D7-A882-16D61243F2B2; https://legistar.council.nyc.gov/HistoryDetail.aspx?ID=20226148&GUID=0D2E2BED-F35D-4D28-88ED-43E30EE9CD48; https://legistar.council.nyc.gov/HistoryDetail.aspx?ID=20214761&GUID=E4333B95-86D8-4966-8C21-BE812F3D4FEB; https://legistar.council.nyc.gov/HistoryDetail.aspx?ID=20214762&GUID=2E45D7E9-8039-49F6-8B0A-EC334C212D35
2020,2020-05-28,Res 1332-2020,clu_geo_144,5; 8; 9; 17,deterministic_geography_verification,high,deterministically_verified_project_geography,text_bbl_or_block_lot,AI-adjudicated geography matched deterministic text_bbl_or_block_lot assignment using DCP Council boundary release 20D.,LU 0659-2020; LU 0660-2020; Res 1331-2020; Res 1332-2020,20205399HAM; 20205384HAX,NA,NA,"Application No. 20205399 HAM (311-313 Pleasant Avenue Cluster) submitted by the New York City Department of Housing Preservation and Development pursuant to Article 16 of the General Municipal Law and Article XI of the Private Housing Finance Law, requesting the waiver of the designation requirements and approval of an urban development action area project, and requesting an exemption from real property taxes for property located at 311-313 Pleasant Avenue (Block 1710, Lot 27), 51-55 East 129th Street (Block 1754, Lot 26), and 1263 Park Avenue (Block 1625, Lot 72), Borough of Manhattan, Counci; Application No. 20205384 HAX (993-995 Union Avenue Cluster) submitted by the New York City Department of Housing Preservation and Development pursuant to Article 16 of the General Municipal Law and Article XI of the Private Housing Finance Law, requesting the waiver of the designation requirements and approval of an urban development action area project, and requesting an exemption from real property taxes for property located at 993 and 995 Union Avenue (Block 2669, Lots 40 and 41), 774 Union Avenue (Block 2676, Lot 36), 1042 Longfellow Avenue (Block 2756, Lot 71), Borough of the Bronx, Counc; Resolution approving an Urban Development Action Area Project pursuant to Article 16 of the General Municipal Law and a real property tax exemption pursuant to Article XI of the Private Housing Finance Law for property located at 311-313 Pleasant Avenue (Block 1710, Lot 27), 51-55 East 129th Street (Block 1754, Lot 26), and 1263 Park Avenue (Block 1625, Lot 72), Borough of Manhattan; and waiving the urban development action area designation requirement and the Uniform Land Use Review Procedure, Community Districts 5, 8, and 9, Borough of Manhattan (Preconsidered L.U. No. 659; 20205399 HAM).",https://legistar.council.nyc.gov/LegislationDetail.aspx?ID=4425064&GUID=A44B7A23-5B97-452F-ACE9-199A1A0038C2&Options=ID|Text|&Search=; https://legistar.council.nyc.gov/LegislationDetail.aspx?ID=4425065&GUID=011BC408-ECBD-4662-A012-FACC1C813E2C&Options=ID|Text|&Search=; https://legistar.council.nyc.gov/LegislationDetail.aspx?ID=4546057&GUID=0C507A4E-F312-4E6E-AFFE-421D6A958098&Options=ID|Text|&Search=; https://legistar.council.nyc.gov/LegislationDetail.aspx?ID=4546058&GUID=86D7FC99-F367-4F46-A0CE-47BC4FA033D8&Options=ID|Text|&Search=,https://legistar.council.nyc.gov/HistoryDetail.aspx?ID=20226147&GUID=AE808CCE-5F17-42D7-A882-16D61243F2B2; https://legistar.council.nyc.gov/HistoryDetail.aspx?ID=20226148&GUID=0D2E2BED-F35D-4D28-88ED-43E30EE9CD48; https://legistar.council.nyc.gov/HistoryDetail.aspx?ID=20214761&GUID=E4333B95-86D8-4966-8C21-BE812F3D4FEB; https://legistar.council.nyc.gov/HistoryDetail.aspx?ID=20214762&GUID=2E45D7E9-8039-49F6-8B0A-EC334C212D35
2020,2020-08-27,M 0249-2020,clu_geo_145,2; 38,manual_queue_ai_review_researcher_accepted,medium,promote_with_caveat,official_geography_external_boundary,Official Legistar evidence identifies two project-specific call-ups in one bundled roll-call: Industry City in Brooklyn and 3 St. Mark's Place in Manhattan. Districts 38 and 2 are retained as project/title/local-member inferences.,M 0249-2020; M 0250-2020,190297ZSK; 160146MMK; 190296ZMK; 190298ZRK; 200077ZSM,NA,NA,"By The Chair of the Land Use Committee (Council Member Salamanca, Jr.): Pursuant to Sections 11.20(b-d) of the Council Rules and Section 197-d(b)(3) of the New York City Charter, the Council hereby resolves that the actions of the City Planning Commission on related Application Nos. C 190297 ZSK and C 160146 MMK (Industry City) shall be subject to Council review. These items are related to Application Nos. C 190296 ZMK and N 190298 ZRK.; By Council Member Rivera: Pursuant to Rule 11.20(b) of the Council and Section 197-d(b)(3) of the New York City Charter, the Council resolves that the action City Planning Commission on Application No. C 200077 ZSM (3 St. Mark’s Place) shall be subject to Council review.",https://legistar.council.nyc.gov/LegislationDetail.aspx?ID=4624819&GUID=71919EE3-8E2E-4AE5-A048-479A17440992&Options=ID|Text|&Search=; https://legistar.council.nyc.gov/LegislationDetail.aspx?ID=4624820&GUID=1B89B4BC-1433-46F9-ACE9-072ECE17C14E&Options=ID|Text|&Search=,https://legistar.council.nyc.gov/HistoryDetail.aspx?ID=20659208&GUID=1261CD92-0676-400D-AB79-704F4208E4C2; https://legistar.council.nyc.gov/HistoryDetail.aspx?ID=20659209&GUID=DC59C0DD-C0E3-46E2-B457-C994C547389B
2020,2020-08-27,M 0250-2020,clu_geo_145,2; 38,manual_queue_ai_review_researcher_accepted,medium,promote_with_caveat,official_geography_external_boundary,Official Legistar evidence identifies two project-specific call-ups in one bundled roll-call: Industry City in Brooklyn and 3 St. Mark's Place in Manhattan. Districts 38 and 2 are retained as project/title/local-member inferences.,M 0249-2020; M 0250-2020,190297ZSK; 160146MMK; 190296ZMK; 190298ZRK; 200077ZSM,NA,NA,"By The Chair of the Land Use Committee (Council Member Salamanca, Jr.): Pursuant to Sections 11.20(b-d) of the Council Rules and Section 197-d(b)(3) of the New York City Charter, the Council hereby resolves that the actions of the City Planning Commission on related Application Nos. C 190297 ZSK and C 160146 MMK (Industry City) shall be subject to Council review. These items are related to Application Nos. C 190296 ZMK and N 190298 ZRK.; By Council Member Rivera: Pursuant to Rule 11.20(b) of the Council and Section 197-d(b)(3) of the New York City Charter, the Council resolves that the action City Planning Commission on Application No. C 200077 ZSM (3 St. Mark’s Place) shall be subject to Council review.",https://legistar.council.nyc.gov/LegislationDetail.aspx?ID=4624819&GUID=71919EE3-8E2E-4AE5-A048-479A17440992&Options=ID|Text|&Search=; https://legistar.council.nyc.gov/LegislationDetail.aspx?ID=4624820&GUID=1B89B4BC-1433-46F9-ACE9-072ECE17C14E&Options=ID|Text|&Search=,https://legistar.council.nyc.gov/HistoryDetail.aspx?ID=20659208&GUID=1261CD92-0676-400D-AB79-704F4208E4C2; https://legistar.council.nyc.gov/HistoryDetail.aspx?ID=20659209&GUID=DC59C0DD-C0E3-46E2-B457-C994C547389B
2020,2020-09-16,LU 0663-2020,clu_geo_045,9,deterministic_geography_verification,high,deterministically_verified_project_geography,text_bbl_or_block_lot,AI-adjudicated geography matched deterministic text_bbl_or_block_lot assignment using DCP Council boundary release 20D.,LU 0663-2020; Res 1423-2020,20205414HAM,NA,NA,"Application number 20205414 HAM (2274 Adam Clayton Powell ANCP – UDAAP/Article XI) submitted by the New York City Department of Housing Preservation and Development pursuant to Article 16 of the General Municipal Law and Section 577 of Article XI of the Private Housing Finance Law for approval of an urban development action area project, waiver of the area designation requirement, waiver of the requirements of Sections 197-c and 197-d of the New York City Charter, and approval of a real property tax exemption for property located at 24 West 132nd Street (Block 1729, Lot 45); 37 West 138th Str; Resolution approving an Urban Development Action Area Project pursuant to Article 16 of the General Municipal Law and a real property tax exemption pursuant to Article XI of the Private Housing Finance Law for property located at 24 West 132nd Street (Block 1729, Lot 45); 37 West 138th Street (Block 1736, Lot 23); 202 West 133rd Street (Block 1938, Lot 38); 2274 Adam Clayton Powell Jr. Boulevard (Block 1939, Lot 34), Borough of Manhattan; and waiving the urban development action area designation requirement and the Uniform Land Use Review Procedure, Community District 10, Borough of Manhattan",https://legistar.council.nyc.gov/LegislationDetail.aspx?ID=4543731&GUID=25BD48A8-F067-401C-AB37-05CC46808986&Options=ID|Text|&Search=; https://legistar.council.nyc.gov/LegislationDetail.aspx?ID=4642614&GUID=A8F99A9B-3DC5-4EAB-B74A-F926ECA4130D&Options=ID|Text|&Search=,https://legistar.council.nyc.gov/HistoryDetail.aspx?ID=20771428&GUID=1C1E1E4D-258E-4FEC-900E-F5465585DAA3; https://legistar.council.nyc.gov/HistoryDetail.aspx?ID=20756865&GUID=EAE61029-B68A-4B33-826C-3B80158B2D14
2020,2020-09-16,Res 1423-2020,clu_geo_045,9,deterministic_geography_verification,high,deterministically_verified_project_geography,text_bbl_or_block_lot,AI-adjudicated geography matched deterministic text_bbl_or_block_lot assignment using DCP Council boundary release 20D.,LU 0663-2020; Res 1423-2020,20205414HAM,NA,NA,"Application number 20205414 HAM (2274 Adam Clayton Powell ANCP – UDAAP/Article XI) submitted by the New York City Department of Housing Preservation and Development pursuant to Article 16 of the General Municipal Law and Section 577 of Article XI of the Private Housing Finance Law for approval of an urban development action area project, waiver of the area designation requirement, waiver of the requirements of Sections 197-c and 197-d of the New York City Charter, and approval of a real property tax exemption for property located at 24 West 132nd Street (Block 1729, Lot 45); 37 West 138th Str; Resolution approving an Urban Development Action Area Project pursuant to Article 16 of the General Municipal Law and a real property tax exemption pursuant to Article XI of the Private Housing Finance Law for property located at 24 West 132nd Street (Block 1729, Lot 45); 37 West 138th Street (Block 1736, Lot 23); 202 West 133rd Street (Block 1938, Lot 38); 2274 Adam Clayton Powell Jr. Boulevard (Block 1939, Lot 34), Borough of Manhattan; and waiving the urban development action area designation requirement and the Uniform Land Use Review Procedure, Community District 10, Borough of Manhattan",https://legistar.council.nyc.gov/LegislationDetail.aspx?ID=4543731&GUID=25BD48A8-F067-401C-AB37-05CC46808986&Options=ID|Text|&Search=; https://legistar.council.nyc.gov/LegislationDetail.aspx?ID=4642614&GUID=A8F99A9B-3DC5-4EAB-B74A-F926ECA4130D&Options=ID|Text|&Search=,https://legistar.council.nyc.gov/HistoryDetail.aspx?ID=20771428&GUID=1C1E1E4D-258E-4FEC-900E-F5465585DAA3; https://legistar.council.nyc.gov/HistoryDetail.aspx?ID=20756865&GUID=EAE61029-B68A-4B33-826C-3B80158B2D14
2020,2020-10-15,LU 0670-2020,clu_geo_046,36,deterministic_geography_verification,high,deterministically_verified_project_geography,text_bbl_or_block_lot,AI-adjudicated geography matched deterministic text_bbl_or_block_lot assignment using DCP Council boundary release 20D.,LU 0670-2020; Res 1451-2020,20205417HAK,NA,NA,"Application No. 20205417 HAK (Open Door Bed Stuy Central & North I) submitted by the Department of Housing Preservation and Development pursuant to Article 16 of the General Municipal Law and Article XI of the Private Housing Finance Law requesting the approval of an Urban Development Action Area Project, waiver of the designation and approval requirements Sections 197-c and 197-d of the Charter, and an exemption from real property taxes for property located at 358 Malcolm X Boulevard (Block 1686, Lot 48), 1662 Bergen Street (Block 1356, Lot 6), 821 Willoughby Avenue (Block 1589, Lot 58), 697A; Resolution approving an Urban Development Action Area Project pursuant to Article 16 of the General Municipal Law and a real property tax exemption pursuant to Article XI of the Private Housing Finance Law for property located at 358 Malcolm X Boulevard (Block 1686, Lot 48), 1662 Bergen Street (Block 1356, Lot 6), 821 Willoughby Avenue (Block 1589, Lot 58), 697A Jefferson Avenue (Block 1651, Lot 52), 687A Hancock Street (Block 1657, Lot 59), 278 Bainbridge Street (Block 1687, Lot 47), 191 Chauncey Street (Block 1687, Lot 73), 191R Chauncey Street (Block 1687, Lot 173), 179 Chauncey Street (Blo",https://legistar.council.nyc.gov/LegislationDetail.aspx?ID=4624935&GUID=FC625104-63AB-4D4C-B611-52E87F010E8E&Options=ID|Text|&Search=; https://legistar.council.nyc.gov/LegislationDetail.aspx?ID=4652731&GUID=820B96B5-1920-4C74-B01B-7C8F1A35283C&Options=ID|Text|&Search=,https://legistar.council.nyc.gov/HistoryDetail.aspx?ID=20940296&GUID=11605299-6FB0-45B4-8DA8-ADA5A1C64DEC; https://legistar.council.nyc.gov/HistoryDetail.aspx?ID=20923683&GUID=71E57BAA-1823-4F9F-977A-46218C48A385
2020,2020-10-15,Res 1451-2020,clu_geo_046,36,deterministic_geography_verification,high,deterministically_verified_project_geography,text_bbl_or_block_lot,AI-adjudicated geography matched deterministic text_bbl_or_block_lot assignment using DCP Council boundary release 20D.,LU 0670-2020; Res 1451-2020,20205417HAK,NA,NA,"Application No. 20205417 HAK (Open Door Bed Stuy Central & North I) submitted by the Department of Housing Preservation and Development pursuant to Article 16 of the General Municipal Law and Article XI of the Private Housing Finance Law requesting the approval of an Urban Development Action Area Project, waiver of the designation and approval requirements Sections 197-c and 197-d of the Charter, and an exemption from real property taxes for property located at 358 Malcolm X Boulevard (Block 1686, Lot 48), 1662 Bergen Street (Block 1356, Lot 6), 821 Willoughby Avenue (Block 1589, Lot 58), 697A; Resolution approving an Urban Development Action Area Project pursuant to Article 16 of the General Municipal Law and a real property tax exemption pursuant to Article XI of the Private Housing Finance Law for property located at 358 Malcolm X Boulevard (Block 1686, Lot 48), 1662 Bergen Street (Block 1356, Lot 6), 821 Willoughby Avenue (Block 1589, Lot 58), 697A Jefferson Avenue (Block 1651, Lot 52), 687A Hancock Street (Block 1657, Lot 59), 278 Bainbridge Street (Block 1687, Lot 47), 191 Chauncey Street (Block 1687, Lot 73), 191R Chauncey Street (Block 1687, Lot 173), 179 Chauncey Street (Blo",https://legistar.council.nyc.gov/LegislationDetail.aspx?ID=4624935&GUID=FC625104-63AB-4D4C-B611-52E87F010E8E&Options=ID|Text|&Search=; https://legistar.council.nyc.gov/LegislationDetail.aspx?ID=4652731&GUID=820B96B5-1920-4C74-B01B-7C8F1A35283C&Options=ID|Text|&Search=,https://legistar.council.nyc.gov/HistoryDetail.aspx?ID=20940296&GUID=11605299-6FB0-45B4-8DA8-ADA5A1C64DEC; https://legistar.council.nyc.gov/HistoryDetail.aspx?ID=20923683&GUID=71E57BAA-1823-4F9F-977A-46218C48A385
2021,2021-01-06,M 0274-2021,clu_geo_146,4; 26,deterministic_geography_verification,high,deterministically_verified_project_geography,zap_bbl,AI-adjudicated geography matched deterministic zap_bbl assignment using DCP Council boundary release 21D.,M 0274-2021; M 0275-2021,200123ZSM; 200124ZRM; 200303ZSQ; 200304ZRQ,P2018M0053; 2019Q0025,Shubert - Cort Theatre Rehab Special Permit; 42-11 9th Street Special Permit,"By The Chair of the Land Use Committee (Council Member Salamanca, Jr.) Pursuant to Sections 11.20(b-d) of the Council Rules and Section 197-d(b)(3) of the New York City Charter, the Council hereby resolves that the actions of the City Planning Commission on related Application No. C 200123 ZSM (Cort Theatre) be subject to Council review. This item is related to Application No. N 200124 ZRM.; By The Chair of the Land Use Committee (Council Member Salamanca, Jr.) Pursuant to Sections 11.20(b-d) of the Council Rules and Section 197-d(b)(3) of the New York City Charter, the Council hereby resolves that the actions of the City Planning Commission on related Application No. C 200303 ZSQ (42-11 9th Street Special Permit) be subject to Council review. This item is related to Application No. N 200304 ZRQ.",https://legistar.council.nyc.gov/LegislationDetail.aspx?ID=4743793&GUID=AA963804-3487-4BF3-9EFB-CAB1AC60ED30&Options=ID|Text|&Search=; https://legistar.council.nyc.gov/LegislationDetail.aspx?ID=4743794&GUID=368B7697-7B79-45CA-8D3D-767D0BE15EFB&Options=ID|Text|&Search=,https://legistar.council.nyc.gov/HistoryDetail.aspx?ID=21381524&GUID=C584980D-ADD3-44D2-A5B7-2E3439B36F63; https://legistar.council.nyc.gov/HistoryDetail.aspx?ID=21381525&GUID=0E696C8F-F0B7-4000-BF99-6F3E2F2D386F
2021,2021-01-06,M 0275-2021,clu_geo_146,4; 26,deterministic_geography_verification,high,deterministically_verified_project_geography,zap_bbl,AI-adjudicated geography matched deterministic zap_bbl assignment using DCP Council boundary release 21D.,M 0274-2021; M 0275-2021,200123ZSM; 200124ZRM; 200303ZSQ; 200304ZRQ,P2018M0053; 2019Q0025,Shubert - Cort Theatre Rehab Special Permit; 42-11 9th Street Special Permit,"By The Chair of the Land Use Committee (Council Member Salamanca, Jr.) Pursuant to Sections 11.20(b-d) of the Council Rules and Section 197-d(b)(3) of the New York City Charter, the Council hereby resolves that the actions of the City Planning Commission on related Application No. C 200123 ZSM (Cort Theatre) be subject to Council review. This item is related to Application No. N 200124 ZRM.; By The Chair of the Land Use Committee (Council Member Salamanca, Jr.) Pursuant to Sections 11.20(b-d) of the Council Rules and Section 197-d(b)(3) of the New York City Charter, the Council hereby resolves that the actions of the City Planning Commission on related Application No. C 200303 ZSQ (42-11 9th Street Special Permit) be subject to Council review. This item is related to Application No. N 200304 ZRQ.",https://legistar.council.nyc.gov/LegislationDetail.aspx?ID=4743793&GUID=AA963804-3487-4BF3-9EFB-CAB1AC60ED30&Options=ID|Text|&Search=; https://legistar.council.nyc.gov/LegislationDetail.aspx?ID=4743794&GUID=368B7697-7B79-45CA-8D3D-767D0BE15EFB&Options=ID|Text|&Search=,https://legistar.council.nyc.gov/HistoryDetail.aspx?ID=21381524&GUID=C584980D-ADD3-44D2-A5B7-2E3439B36F63; https://legistar.council.nyc.gov/HistoryDetail.aspx?ID=21381525&GUID=0E696C8F-F0B7-4000-BF99-6F3E2F2D386F
2021,2021-02-11,LU 0711-2021,clu_geo_048,9,deterministic_geography_verification,high,deterministically_verified_project_geography,text_bbl_or_block_lot,AI-adjudicated geography matched deterministic text_bbl_or_block_lot assignment using DCP Council boundary release 21D.,LU 0711-2021; Res 1541-2021,20215013HAM; 20215013HA,NA,NA,"Application No. 20215013 HAM (110 Lenox Avenue) submitted by the Department of Housing Preservation and Development pursuant to Article 16 of the General Municipal Law and Article XI of the Private Housing Finance Law requesting waiver of the designation requirements and the requirements of section 197-c and 197-d of the Charter, approval of an Urban Development Action Area Project, and approval of a real property tax exemption, for properties located at 110 Lenox Avenue (Block 1599, Lot 70), 128 West 116th Street (Block 1825, Lot 49), 1971 7th Avenue (Block 1903, Lot 38), Borough of Manhattan; Resolution approving an Urban Development Action Area Project pursuant to Article 16 of the General Municipal Law and a real property tax exemption pursuant to Article XI of the Private Housing Finance Law for property located at 110 Lenox Avenue (Block 1599, Lot 70), 128 West 116 Street (Block 1825, Lot 49), 1971 7th Avenue (Block 1903, Lot 64), and 102 West 119 Street (Block 1903, Lot 38), Borough of Manhattan; and waiving the urban development action area designation requirement and the Uniform Land Use Review Procedure, Community District 10, Borough of Manhattan (L.U. No. 711; 20215013 HA",https://legistar.council.nyc.gov/LegislationDetail.aspx?ID=4743804&GUID=13750D4E-A587-4285-94C4-6D5EC13138FD&Options=ID|Text|&Search=; https://legistar.council.nyc.gov/LegislationDetail.aspx?ID=4795741&GUID=555AC623-1536-457E-B939-D90EEE59E4ED&Options=ID|Text|&Search=,https://legistar.council.nyc.gov/HistoryDetail.aspx?ID=21616296&GUID=E2589F63-16E2-415D-A307-026C5586DD41; https://legistar.council.nyc.gov/HistoryDetail.aspx?ID=21617354&GUID=3A587107-F201-49B7-B0D8-07DF8F62FAA0
2021,2021-02-11,Res 1541-2021,clu_geo_048,9,deterministic_geography_verification,high,deterministically_verified_project_geography,text_bbl_or_block_lot,AI-adjudicated geography matched deterministic text_bbl_or_block_lot assignment using DCP Council boundary release 21D.,LU 0711-2021; Res 1541-2021,20215013HAM; 20215013HA,NA,NA,"Application No. 20215013 HAM (110 Lenox Avenue) submitted by the Department of Housing Preservation and Development pursuant to Article 16 of the General Municipal Law and Article XI of the Private Housing Finance Law requesting waiver of the designation requirements and the requirements of section 197-c and 197-d of the Charter, approval of an Urban Development Action Area Project, and approval of a real property tax exemption, for properties located at 110 Lenox Avenue (Block 1599, Lot 70), 128 West 116th Street (Block 1825, Lot 49), 1971 7th Avenue (Block 1903, Lot 38), Borough of Manhattan; Resolution approving an Urban Development Action Area Project pursuant to Article 16 of the General Municipal Law and a real property tax exemption pursuant to Article XI of the Private Housing Finance Law for property located at 110 Lenox Avenue (Block 1599, Lot 70), 128 West 116 Street (Block 1825, Lot 49), 1971 7th Avenue (Block 1903, Lot 64), and 102 West 119 Street (Block 1903, Lot 38), Borough of Manhattan; and waiving the urban development action area designation requirement and the Uniform Land Use Review Procedure, Community District 10, Borough of Manhattan (L.U. No. 711; 20215013 HA",https://legistar.council.nyc.gov/LegislationDetail.aspx?ID=4743804&GUID=13750D4E-A587-4285-94C4-6D5EC13138FD&Options=ID|Text|&Search=; https://legistar.council.nyc.gov/LegislationDetail.aspx?ID=4795741&GUID=555AC623-1536-457E-B939-D90EEE59E4ED&Options=ID|Text|&Search=,https://legistar.council.nyc.gov/HistoryDetail.aspx?ID=21616296&GUID=E2589F63-16E2-415D-A307-026C5586DD41; https://legistar.council.nyc.gov/HistoryDetail.aspx?ID=21617354&GUID=3A587107-F201-49B7-B0D8-07DF8F62FAA0
2021,2021-03-18,Res 1581-2021,clu_geo_052,43,deterministic_geography_verification,high,deterministically_verified_project_geography,zap_bbl,AI-adjudicated geography matched deterministic zap_bbl assignment using DCP Council boundary release 21D.,Res 1581-2021,190448ZRK,2018K0500,9114 5th Avenue Rezoning,"Resolution approving with modifications the decision of the City Planning Commission on Application No. N 190448 ZRK, for an amendment of the text of the Zoning Resolution (Preconsidered L.U. No. 728).",https://legistar.council.nyc.gov/LegislationDetail.aspx?ID=4807427&GUID=040C33D2-B3ED-4043-B461-145FD92F0AF5&Options=ID|Text|&Search=,https://legistar.council.nyc.gov/HistoryDetail.aspx?ID=21847879&GUID=6296089E-48C5-41B4-BC47-F8503246F453
2021,2021-03-25,LU 0741-2021,clu_geo_049,2,deterministic_geography_verification,high,deterministically_verified_project_geography,text_bbl_or_block_lot,AI-adjudicated geography matched deterministic text_bbl_or_block_lot assignment using DCP Council boundary release 21D.,LU 0741-2021; Res 1588-2021,20215016HAM,NA,NA,"Application No. 20215016 HAM (Lower East Side Cluster) submitted by the New York City Department of Housing Preservation and Development pursuant to Article 16 of the General Municipal Law and Article XI of the Private Housing Finance Law, requesting waiver of the designation requirements of General Municipal Law and the requirements of 197-c and 197-d of the Charter, approval of an Urban Development Action Area Project, and approval of an exemption from real property taxation, for property located at 406-08 East 10 Street (Block 379, Lot 12), 533 East 11 Street (Block 405, Lot 46), 656 East 1; Resolution approving an Urban Development Action Area Project and waiving the urban development action area designation requirement and the Uniform Land Use Review Procedure pursuant to Article 16 of the General Municipal Law, and approving a real property tax exemption pursuant to Article XI of the Private Housing Finance Law for property located at 406-08 East 10th Street (Block 379, Lot 12), 533 East 11th Street (Block 405, Lot 46), and 656 East 12th Street (Block 394, Lot 37), Borough of Manhattan, Community District 3 (L.U. No. 741; 20215016 HAM).",https://legistar.council.nyc.gov/LegislationDetail.aspx?ID=4807514&GUID=1E981403-9E18-4484-8C66-B177E54FC932&Options=ID|Text|&Search=; https://legistar.council.nyc.gov/LegislationDetail.aspx?ID=4889716&GUID=27A8A7F5-DA52-447F-9E1E-3832261AEED6&Options=ID|Text|&Search=,https://legistar.council.nyc.gov/HistoryDetail.aspx?ID=21923676&GUID=436758D0-EEE1-4F12-AFE7-86B12A8663D1; https://legistar.council.nyc.gov/HistoryDetail.aspx?ID=21914224&GUID=F5DADD83-5744-48C6-84EB-D4E17D589B36
2021,2021-03-25,M 0295-2021,clu_geo_147,34,deterministic_geography_verification,high,deterministically_verified_project_geography,zap_bbl,AI-adjudicated geography matched deterministic zap_bbl assignment using DCP Council boundary release 21D.,M 0295-2021,200326ZSK; 200344ZMK,P2014K0541,Suydam Street rezoning,"By The Chair of the Land Use Committee (Council Member Salamanca, Jr.): Pursuant to Sections 11.20(b-d) of the Council Rules and Section 197-d(b)(3) of the New York City Charter, the Council hereby resolves that the actions of the City Planning Commission on related Application No. C 200326 ZSK (Suydam Street Rezoning) shall be subject to Council review. This item is related to Application No. C 200344 ZMK.",https://legistar.council.nyc.gov/LegislationDetail.aspx?ID=4890715&GUID=44C3EBB1-6E74-420A-A843-AC221A52530B&Options=ID|Text|&Search=,https://legistar.council.nyc.gov/HistoryDetail.aspx?ID=21914275&GUID=E5FF70ED-EF5D-4551-83D0-721BAD2F8854
2021,2021-03-25,Res 1588-2021,clu_geo_049,2,deterministic_geography_verification,high,deterministically_verified_project_geography,text_bbl_or_block_lot,AI-adjudicated geography matched deterministic text_bbl_or_block_lot assignment using DCP Council boundary release 21D.,LU 0741-2021; Res 1588-2021,20215016HAM,NA,NA,"Application No. 20215016 HAM (Lower East Side Cluster) submitted by the New York City Department of Housing Preservation and Development pursuant to Article 16 of the General Municipal Law and Article XI of the Private Housing Finance Law, requesting waiver of the designation requirements of General Municipal Law and the requirements of 197-c and 197-d of the Charter, approval of an Urban Development Action Area Project, and approval of an exemption from real property taxation, for property located at 406-08 East 10 Street (Block 379, Lot 12), 533 East 11 Street (Block 405, Lot 46), 656 East 1; Resolution approving an Urban Development Action Area Project and waiving the urban development action area designation requirement and the Uniform Land Use Review Procedure pursuant to Article 16 of the General Municipal Law, and approving a real property tax exemption pursuant to Article XI of the Private Housing Finance Law for property located at 406-08 East 10th Street (Block 379, Lot 12), 533 East 11th Street (Block 405, Lot 46), and 656 East 12th Street (Block 394, Lot 37), Borough of Manhattan, Community District 3 (L.U. No. 741; 20215016 HAM).",https://legistar.council.nyc.gov/LegislationDetail.aspx?ID=4807514&GUID=1E981403-9E18-4484-8C66-B177E54FC932&Options=ID|Text|&Search=; https://legistar.council.nyc.gov/LegislationDetail.aspx?ID=4889716&GUID=27A8A7F5-DA52-447F-9E1E-3832261AEED6&Options=ID|Text|&Search=,https://legistar.council.nyc.gov/HistoryDetail.aspx?ID=21923676&GUID=436758D0-EEE1-4F12-AFE7-86B12A8663D1; https://legistar.council.nyc.gov/HistoryDetail.aspx?ID=21914224&GUID=F5DADD83-5744-48C6-84EB-D4E17D589B36
2023,2023-06-08,M 0162-2023,clu_geo_148,19,manual_queue_ai_review_researcher_accepted,medium,promote_with_caveat,official_geography_external_boundary,"Official Legistar evidence identifies a Queens project-specific call-up for the 43rd Avenue Demapping, Council review of CPC action on ULURP Application C 210323 MMQ. District 19 is retained as project/title/local-member geography coding.",M 0162-2023,210323MMQ,NA,NA,"By Council Member Paladino Pursuant to Sections 11.20b and 11.20c of the Council Rules and Section 197-d(b)(3) of the New York City Charter, the Council hereby resolves that the action of the City Planning Commission on Uniform Land Use Review Procedure application C 210323 MMQ (43rd Avenue Demapping) shall be subject to Council review.",https://legistar.council.nyc.gov/LegislationDetail.aspx?ID=6252744&GUID=72CEAFE0-EB75-4B77-942E-E1958C98152E&Options=ID|Text|&Search=,https://legistar.council.nyc.gov/HistoryDetail.aspx?ID=28199881&GUID=3A236ED7-918B-4E10-A56A-78784CF13483
