project_id,project_name,cert_year,queue_rank,disposition_id,disposition_name,recommendation_status,borough_president_recommendation,borough_board_recommendation,community_board_recommendation,docket_description,api_url,project_page_url
2019K0320,90 Sands Street,2019,325,aeb0d7ef-96fa-e911-a9b0-001dd8308d01,2019K0320 - ZM - BK CB2,Submitted,,,Favorable,"IN THE MATTER OF an application submitted by 90 Sands Street Housing Development Fund pursuant to Sections 197-c and 201 of the New York City Charter for an amendment of the Zoning Map, Section No. 12d: 1. changing from an M1-6 District to an M1-6/R10 District property bounded by the easterly centerline prolongation of Sands Street (narrow portion), Jay Street, High Street and Pearl Street; and 2. establishing a Special Mixed Use District (MX-2) bounded by the easterly centerline prolongation of Sands Street (narrow portion), Jay Street, High Street and Pearl Street; Borough of Brooklyn, Community District 2, as shown on a diagram (for illustrative purposes only) dated October 15, 2019.","https://zap-api-production.herokuapp.com/projects/2019K0320?include=actions,milestones,dispositions,dispositions.action,users,assignments.user,packages,artifacts",https://zap.planning.nyc.gov/projects/2019K0320
2019K0320,90 Sands Street,2019,325,50a66b05-97fa-e911-a9ba-001dd8308fb0,2019K0320 - ZM - BKBP,Submitted,Favorable,,,"IN THE MATTER OF an application submitted by 90 Sands Street Housing Development Fund pursuant to Sections 197-c and 201 of the New York City Charter for an amendment of the Zoning Map, Section No. 12d: 1. changing from an M1-6 District to an M1-6/R10 District property bounded by the easterly centerline prolongation of Sands Street (narrow portion), Jay Street, High Street and Pearl Street; and 2. establishing a Special Mixed Use District (MX-2) bounded by the easterly centerline prolongation of Sands Street (narrow portion), Jay Street, High Street and Pearl Street; Borough of Brooklyn, Community District 2, as shown on a diagram (for illustrative purposes only) dated October 15, 2019.","https://zap-api-production.herokuapp.com/projects/2019K0320?include=actions,milestones,dispositions,dispositions.action,users,assignments.user,packages,artifacts",https://zap.planning.nyc.gov/projects/2019K0320
P2017K0284,1510 Broadway,2019,329,40d94063-28ff-e911-a9a0-001dd8308022,P2017K0284 - HA - BK BP,Submitted,Conditional Favorable,,,"IN THE MATTER OF an application submitted by The Department of Housing Preservation and Development (HPD) 1) pursuant to Article 16 of the General Municipal Law of New York State for: a) the designation of property located at 1510 Broadway (Block 1489, Lot 11) as an Urban Development Action Area; and b) an Urban Development Action Area Project for such area; and 2) pursuant to Section 197-c of the New York City Charter for the disposition of such property to a developer to be selected by HPD; to facilitate a mixed-use development containing approximately 107 affordable residential units and commercial space, Borough of Brooklyn, Community District 16.","https://zap-api-production.herokuapp.com/projects/P2017K0284?include=actions,milestones,dispositions,dispositions.action,users,assignments.user,packages,artifacts",https://zap.planning.nyc.gov/projects/P2017K0284
P2017K0284,1510 Broadway,2019,329,59272662-28ff-e911-a9bc-001dd8308ef1,P2017K0284 - HA - BK CB16,Not Submitted,,,,"IN THE MATTER OF an application submitted by The Department of Housing Preservation and Development (HPD) 1) pursuant to Article 16 of the General Municipal Law of New York State for: a) the designation of property located at 1510 Broadway (Block 1489, Lot 11) as an Urban Development Action Area; and b) an Urban Development Action Area Project for such area; and 2) pursuant to Section 197-c of the New York City Charter for the disposition of such property to a developer to be selected by HPD; to facilitate a mixed-use development containing approximately 107 affordable residential units and commercial space, Borough of Brooklyn, Community District 16.","https://zap-api-production.herokuapp.com/projects/P2017K0284?include=actions,milestones,dispositions,dispositions.action,users,assignments.user,packages,artifacts",https://zap.planning.nyc.gov/projects/P2017K0284
P2017K0284,1510 Broadway,2019,329,3dd94063-28ff-e911-a9a0-001dd8308022,P2017K0284 - PQ - BK BP,Submitted,Conditional Favorable,,,"IN THE MATTER OF an application submitted by the Department of Citywide Administrative Services (DCAS), pursuant to Section 197-c of the New York City Charter, for the acquisition of property located at 1510 Broadway (Block 1489, p/o Lot 11) to facilitate transit infrastructure, Borough of Brooklyn, Community District 16.","https://zap-api-production.herokuapp.com/projects/P2017K0284?include=actions,milestones,dispositions,dispositions.action,users,assignments.user,packages,artifacts",https://zap.planning.nyc.gov/projects/P2017K0284
P2017K0284,1510 Broadway,2019,329,55272662-28ff-e911-a9bc-001dd8308ef1,P2017K0284 - PQ - BK CB16,Submitted,,,Favorable,"IN THE MATTER OF an application submitted by the Department of Citywide Administrative Services (DCAS), pursuant to Section 197-c of the New York City Charter, for the acquisition of property located at 1510 Broadway (Block 1489, p/o Lot 11) to facilitate transit infrastructure, Borough of Brooklyn, Community District 16.","https://zap-api-production.herokuapp.com/projects/P2017K0284?include=actions,milestones,dispositions,dispositions.action,users,assignments.user,packages,artifacts",https://zap.planning.nyc.gov/projects/P2017K0284
P2017K0284,1510 Broadway,2019,329,43d94063-28ff-e911-a9a0-001dd8308022,P2017K0284 - ZM - BK BP,Submitted,Conditional Favorable,,,"IN THE MATTER OF an application submitted by the Department of Housing Preservation and Development pursuant to Sections 197-c and 201 of the New York City Charter for the amendment of the Zoning Map, Section No. 17a: 1. eliminating from within an existing R6 District a C1-3 District bounded by the easterly centerline prolongation of Jefferson Avenue, Broadway, Hancock Street, and Saratoga Avenue; 2. changing from an R6 District to an R7-1 District property bounded by the easterly centerline prolongation of Jefferson Avenue, Broadway, Hancock Street, and Saratoga Avenue; and 3. establishing within the proposed R7-1 District a C2-4 District bounded by the easterly centerline prolongation of Jefferson Avenue, Broadway, Hancock Street, and Saratoga Avenue; Borough of Brooklyn, Community District 16, as shown on a diagram (for illustrative purposes only) dated December 2, 2019.","https://zap-api-production.herokuapp.com/projects/P2017K0284?include=actions,milestones,dispositions,dispositions.action,users,assignments.user,packages,artifacts",https://zap.planning.nyc.gov/projects/P2017K0284
P2017K0284,1510 Broadway,2019,329,5c272662-28ff-e911-a9bc-001dd8308ef1,P2017K0284 - ZM - BK CB16,Submitted,,,Favorable,"IN THE MATTER OF an application submitted by the Department of Housing Preservation and Development pursuant to Sections 197-c and 201 of the New York City Charter for the amendment of the Zoning Map, Section No. 17a: 1. eliminating from within an existing R6 District a C1-3 District bounded by the easterly centerline prolongation of Jefferson Avenue, Broadway, Hancock Street, and Saratoga Avenue; 2. changing from an R6 District to an R7-1 District property bounded by the easterly centerline prolongation of Jefferson Avenue, Broadway, Hancock Street, and Saratoga Avenue; and 3. establishing within the proposed R7-1 District a C2-4 District bounded by the easterly centerline prolongation of Jefferson Avenue, Broadway, Hancock Street, and Saratoga Avenue; Borough of Brooklyn, Community District 16, as shown on a diagram (for illustrative purposes only) dated December 2, 2019.","https://zap-api-production.herokuapp.com/projects/P2017K0284?include=actions,milestones,dispositions,dispositions.action,users,assignments.user,packages,artifacts",https://zap.planning.nyc.gov/projects/P2017K0284
P2017K0284,1510 Broadway,2019,329,31d94063-28ff-e911-a9a0-001dd8308022,P2017K0284 - ZR - BK BP,Submitted,Conditional Favorable,,,"IN THE MATTER OF an application submitted by the New York City Department of Housing Preservation and Development pursuant to Section 201 of the New York City Charter, for an amendment of the Zoning Resolution of the City of New York, modifying Appendix F for the purpose of establishing a Mandatory Inclusionary Housing area, Borough of Brooklyn, Community District 16.","https://zap-api-production.herokuapp.com/projects/P2017K0284?include=actions,milestones,dispositions,dispositions.action,users,assignments.user,packages,artifacts",https://zap.planning.nyc.gov/projects/P2017K0284
P2017K0284,1510 Broadway,2019,329,4c272662-28ff-e911-a9bc-001dd8308ef1,P2017K0284 - ZR - BK CB16,Submitted,,,Favorable,"IN THE MATTER OF an application submitted by the New York City Department of Housing Preservation and Development pursuant to Section 201 of the New York City Charter, for an amendment of the Zoning Resolution of the City of New York, modifying Appendix F for the purpose of establishing a Mandatory Inclusionary Housing area, Borough of Brooklyn, Community District 16.","https://zap-api-production.herokuapp.com/projects/P2017K0284?include=actions,milestones,dispositions,dispositions.action,users,assignments.user,packages,artifacts",https://zap.planning.nyc.gov/projects/P2017K0284
P2017K0364,DeKalb Commons (NCP-NIHOP) (UDAAP),2019,330,7f949a66-4206-ea11-a99d-001dd830809a,P2017K0364 - HA - BK BP,Submitted,Conditional Favorable,,,"IN THE MATTER OF an application submitted by the Department of Housing Preservation and Development (HPD) 1) pursuant to Article 16 of the General Municipal Law of New York State for: a. the designation of property located at 633-639 DeKalb Avenue (Block 1774, Lots 74, 75, 76 and 77), 648-654 DeKalb Avenue (Block 1779, Lots 22, 24 and 26), 1187 Fulton Street (Block 2000, Lot 43) as an Urban Development Action Area; and b. Urban Development Action Area Project for such area; and 2) pursuant to Section 197-c of the New York City Charter for the disposition of such property to a developer to be selected by HPD; to facilitate development of three buildings containing an approximate total of 84 affordable residential units and commercial space.","https://zap-api-production.herokuapp.com/projects/P2017K0364?include=actions,milestones,dispositions,dispositions.action,users,assignments.user,packages,artifacts",https://zap.planning.nyc.gov/projects/P2017K0364
P2017K0364,DeKalb Commons (NCP-NIHOP) (UDAAP),2019,330,cf48cc5b-4206-ea11-a9bc-001dd8308ef1,P2017K0364 - HA - BK CB3,Submitted,,,Unfavorable,"IN THE MATTER OF an application submitted by the Department of Housing Preservation and Development (HPD) 1) pursuant to Article 16 of the General Municipal Law of New York State for: a. the designation of property located at 633-639 DeKalb Avenue (Block 1774, Lots 74, 75, 76 and 77), 648-654 DeKalb Avenue (Block 1779, Lots 22, 24 and 26), 1187 Fulton Street (Block 2000, Lot 43) as an Urban Development Action Area; and b. Urban Development Action Area Project for such area; and 2) pursuant to Section 197-c of the New York City Charter for the disposition of such property to a developer to be selected by HPD; to facilitate development of three buildings containing an approximate total of 84 affordable residential units and commercial space.","https://zap-api-production.herokuapp.com/projects/P2017K0364?include=actions,milestones,dispositions,dispositions.action,users,assignments.user,packages,artifacts",https://zap.planning.nyc.gov/projects/P2017K0364
P2018K0303,312 Coney Island Ave-Caton Place,2019,334,aca90e79-b800-ea11-a9b0-001dd8308d01,P2018K0303 - ZM - BK BP,Submitted,Conditional Favorable,,,"IN THE MATTER OF an application submitted by 312 Coney Island Avenue LLC pursuant to Sections 197-c and 201 of the New York City Charter for an amendment of the Zoning Map, Section No. 16d: 1. changing from a C8-2 District to an R8A District property bounded by Ocean Parkway, Park Circle-Machate Circle, Coney Island Avenue, Caton Place, and a line 150 feet easterly of East 8th Street; and 2. establishing within the proposed R8A District a C2-4 District bounded by Ocean Parkway, Park Circle-Machate Circle, Coney Island Avenue, Caton Place, and a line 150 feet easterly of East 8th Street; as shown on a diagram (for illustrative purposes only) dated December 16, 2019, and subject to the conditions of CEQR Declaration E-555.","https://zap-api-production.herokuapp.com/projects/P2018K0303?include=actions,milestones,dispositions,dispositions.action,users,assignments.user,packages,artifacts",https://zap.planning.nyc.gov/projects/P2018K0303
P2018K0303,312 Coney Island Ave-Caton Place,2019,334,ac85d782-b800-ea11-a9bc-001dd8308ef1,P2018K0303 - ZM - BK CB7,Submitted,,,Conditional Unfavorable,"IN THE MATTER OF an application submitted by 312 Coney Island Avenue LLC pursuant to Sections 197-c and 201 of the New York City Charter for an amendment of the Zoning Map, Section No. 16d: 1. changing from a C8-2 District to an R8A District property bounded by Ocean Parkway, Park Circle-Machate Circle, Coney Island A venue, Caton Place, and a line 150 feet easterly of East 8th Street; and 2. establishing within the proposed RSA District a C2-4 District bounded by Ocean Parkway, Park Circle-Machate Circle, Coney Island Avenue, Caton Place, and a line 150 feet easterly of East 8th Street; Borough of Brooklyn, Community District 7, as shown on a diagram (for illustrative purposes only) dated December 16, 2019, and subject to the conditions ofCEQR Declaration E-555.","https://zap-api-production.herokuapp.com/projects/P2018K0303?include=actions,milestones,dispositions,dispositions.action,users,assignments.user,packages,artifacts",https://zap.planning.nyc.gov/projects/P2018K0303
P2018K0303,312 Coney Island Ave-Caton Place,2019,334,b7a90e79-b800-ea11-a9b0-001dd8308d01,P2018K0303 - ZR - BK BP,Submitted,Conditional Favorable,,,"IN THE MATTER OF an application submitted by 312 Coney Island Avenue LLC, pursuant to Section 201 of the New York City Charter, for an amendment of the Zoning Resolution of the City of New York, modifying bulk regulations for a portion of the Special Ocean Parkway District and modifying APPENDIX F for the purpose of establishing a Mandatory Inclusionary Housing area.","https://zap-api-production.herokuapp.com/projects/P2018K0303?include=actions,milestones,dispositions,dispositions.action,users,assignments.user,packages,artifacts",https://zap.planning.nyc.gov/projects/P2018K0303
P2018K0303,312 Coney Island Ave-Caton Place,2019,334,cd85d782-b800-ea11-a9bc-001dd8308ef1,P2018K0303 - ZR - BK CB7,Submitted,,,Conditional Favorable,"IN THE MATTER OF an application submitted by 312 Coney Island Avenue LLC, pursuant to Section 201 of the New York City Charter, for an amendment of the Zoning Resolution of the City of New York, modifying bulk regulations for a portion of the Special Ocean Parkway District and modifying APPENDIX F for the purpose of establishing a Mandatory Inclusionary Housing area.","https://zap-api-production.herokuapp.com/projects/P2018K0303?include=actions,milestones,dispositions,dispositions.action,users,assignments.user,packages,artifacts",https://zap.planning.nyc.gov/projects/P2018K0303
P2018K0303,312 Coney Island Ave-Caton Place,2019,334,bda90e79-b800-ea11-a9b0-001dd8308d01,P2018K0303 - ZS - BK BP,Submitted,Conditional Favorable,,,"IN THE MATTER OF an application submitted by 312 Coney Island Avenue LLC pursuant to Sections 197-c and 201 of the New York City Charter for the grant of a special permit pursuant to Section 74-533 of the Zoning Resolution to waive the required number of accessory off-street parking spaces for dwelling units in a development within a Transit Zone, that includes at least 20 percent of all dwelling units as income-restricted housing units, in connection with a proposed mixed-use development on property located at 312 Coney Island Avenue (Block 5322, Lots 10 and 20), in an R8A/C2-4* District, within the Special Ocean Parkway District. * Note: The site is proposed to be rezoned by changing an existing C8-2 District to an R8A District, and establishing within the proposed R8A District a C2-4 District, under a concurrent related application for a Zoning Map change (C 200092 ZMK). Plans for this proposal are on file with the City Planning Commission and may be seen at 120 Broadway, 31st Floor, New York, NY 10271-0001.","https://zap-api-production.herokuapp.com/projects/P2018K0303?include=actions,milestones,dispositions,dispositions.action,users,assignments.user,packages,artifacts",https://zap.planning.nyc.gov/projects/P2018K0303
P2018K0303,312 Coney Island Ave-Caton Place,2019,334,ea85d782-b800-ea11-a9bc-001dd8308ef1,P2018K0303 - ZS - BK CB7,Submitted,,,Conditional Unfavorable,"IN THE MATTER OF an application submitted by 312 Coney Island A venue LLC pursuant to Sections 197-c and 201 of the New York City Charter for the grant of a special permit pursuant to Section 74-533 of the Zoning Resolution to waive the required number of accessory off-street parking spaces for dwelling units in a development within a Transit Zone, that includes at least 20 percent of all dwelling units as income-restricted housing units, in connection with a proposed mixed-use development on property located at 312 Coney Island A venue (Block 5322, Lots 10 and 20), in an RSA/C2-4 * District, within the Special Ocean Parkway District, Borough of Brooklyn, Community District 7. * Note: The site is proposed to be rezoned by changing an existing CS-2 District to an RSA District, and establishing within the proposed RSA District a C2-4 District, under a concurrent related application for a Zoning Map change (C 200092 ZMK).","https://zap-api-production.herokuapp.com/projects/P2018K0303?include=actions,milestones,dispositions,dispositions.action,users,assignments.user,packages,artifacts",https://zap.planning.nyc.gov/projects/P2018K0303
2018M0467,266 West 96th Street,2019,336,0fa345fb-5cfa-e911-a9a0-001dd8308022,2018M0467 - PP - MN CB7,Submitted,,,Conditional Favorable,"IN THE MATTER OF an application submitted by the Department of Housing, Preservation and Development (HPD), pursuant to Section 197-c of New York City Charter, for the disposition of one city-owned property (Block 1243, Lot 57), pursuant to zoning.","https://zap-api-production.herokuapp.com/projects/2018M0467?include=actions,milestones,dispositions,dispositions.action,users,assignments.user,packages,artifacts",https://zap.planning.nyc.gov/projects/2018M0467
2018M0467,266 West 96th Street,2019,336,baed490d-5dfa-e911-a9a0-001dd8308022,2018M0467 - PP - MNBP,Deactivated,Conditional Unfavorable,,,"IN THE MATTER OF an application submitted by the Department of Housing, Preservation and Development (HPD), pursuant to Section 197-c of New York City Charter, for the disposition of one city-owned property (Block 1243, Lot 57), pursuant to zoning.","https://zap-api-production.herokuapp.com/projects/2018M0467?include=actions,milestones,dispositions,dispositions.action,users,assignments.user,packages,artifacts",https://zap.planning.nyc.gov/projects/2018M0467
P2016Q0098,52nd Street Rezoning,2019,346,605a75bb-94f6-e911-a9b7-001dd8308fb0,P2016Q0098 - ZM - QNBP,Not Submitted,,,,"IN THE MATTER OF an application submitted by Woodside Equities, LLC. pursuant to Sections 197-c and 201 of the New York City Charter for an amendment of the Zoning Map, Section Nos. 9b and 9d: 1. changing from an R5B District to an R7A District property bounded by a line 100 feet southeasterly of Roosevelt Avenue, a line midway between 52nd Street and 53rd Street, a line 100 feet northerly of Queens Boulevard and 52nd Street; and 2. establishing within the proposed R7A District a C2-3 District bounded by a line 100 feet southeasterly of Roosevelt Avenue, a line midway between 52nd Street and 53rd Street, a line 100 feet northerly of Queens Boulevard and 52nd Street; Borough of Queens, Community District 2, as shown on a diagram (for illustrative purposes only) dated October 15, 2019, and subject to the conditions of CEQR Declaration E-497.","https://zap-api-production.herokuapp.com/projects/P2016Q0098?include=actions,milestones,dispositions,dispositions.action,users,assignments.user,packages,artifacts",https://zap.planning.nyc.gov/projects/P2016Q0098
P2016Q0098,52nd Street Rezoning,2019,346,041377af-94f6-e911-a9b7-001dd8308fb0,P2016Q0098 - ZM - QNCB2,Deactivated,,,Conditional Favorable,"IN THE MATTER OF an application submitted by Woodside Equities, LLC, pursuant to Section 201 of the New York City Charter, for an amendment of the Zoning Resolution of the City of New York, modifying Appendix F for the purpose of establishing a Mandatory Inclusionary Housing Area, Borough of Queens, Community District 2. Matter underlined is new, to be added; Matter struck out is to be deleted; Matter within # # is defined in Section 12-10; *** indicates where unchanged text appears in the Zoning Resolution. * * * APPENDIX F Inclusionary Housing Designated Areas and Mandatory Inclusionary Housing Areas * * * QUEENS * * * Queens Community District 2 * * * Map 2 – [date of adoption] [EXISTING MAP] Inclusionary Housing designated area [PROPOSED MAP] Inclusionary Housing designated area Mandatory Inclusionary Housing Area (MIHA) - see Section 23-154(d)(3) Area 2 — [date of adoption] — MIH Program Option 1 and Option 2 Portion of Community District 2, Queens * * *","https://zap-api-production.herokuapp.com/projects/P2016Q0098?include=actions,milestones,dispositions,dispositions.action,users,assignments.user,packages,artifacts",https://zap.planning.nyc.gov/projects/P2016Q0098
P2016Q0098,52nd Street Rezoning,2019,346,685a75bb-94f6-e911-a9b7-001dd8308fb0,P2016Q0098 - ZR - QNBP,Not Submitted,,,,"IN THE MATTER OF an application submitted by Woodside Equities, LLC, pursuant to Section 201 of the New York City Charter, for an amendment of the Zoning Resolution of the City of New York, modifying Appendix F for the purpose of establishing a Mandatory Inclusionary Housing Area, Borough of Queens, Community District 2. Matter underlined is new, to be added; Matter struck out is to be deleted; Matter within # # is defined in Section 12-10; *** indicates where unchanged text appears in the Zoning Resolution. * * * APPENDIX F Inclusionary Housing Designated Areas and Mandatory Inclusionary Housing Areas * * * QUEENS * * * Queens Community District 2 * * * Map 2 – [date of adoption] [EXISTING MAP] Inclusionary Housing designated area [PROPOSED MAP] Inclusionary Housing designated area Mandatory Inclusionary Housing Area (MIHA) - see Section 23-154(d)(3) Area 2 — [date of adoption] — MIH Program Option 1 and Option 2 Portion of Community District 2, Queens * * *","https://zap-api-production.herokuapp.com/projects/P2016Q0098?include=actions,milestones,dispositions,dispositions.action,users,assignments.user,packages,artifacts",https://zap.planning.nyc.gov/projects/P2016Q0098
P2016Q0098,52nd Street Rezoning,2019,346,0a1377af-94f6-e911-a9b7-001dd8308fb0,P2016Q0098 - ZR - QNCB2,Deactivated,,,Conditional Favorable,"IN THE MATTER OF an application submitted by Woodside Equities, LLC, pursuant to Section 201 of the New York City Charter, for an amendment of the Zoning Resolution of the City of New York, modifying Appendix F for the purpose of establishing a Mandatory Inclusionary Housing Area, Borough of Queens, Community District 2. Matter underlined is new, to be added; Matter struck out is to be deleted; Matter within # # is defined in Section 12-10; *** indicates where unchanged text appears in the Zoning Resolution. * * * APPENDIX F Inclusionary Housing Designated Areas and Mandatory Inclusionary Housing Areas * * * QUEENS * * * Queens Community District 2 * * * Map 2 – [date of adoption] [EXISTING MAP] Inclusionary Housing designated area [PROPOSED MAP] Inclusionary Housing designated area Mandatory Inclusionary Housing Area (MIHA) - see Section 23-154(d)(3) Area 2 — [date of adoption] — MIH Program Option 1 and Option 2 Portion of Community District 2, Queens * * *","https://zap-api-production.herokuapp.com/projects/P2016Q0098?include=actions,milestones,dispositions,dispositions.action,users,assignments.user,packages,artifacts",https://zap.planning.nyc.gov/projects/P2016Q0098
P2017Q0405,110-40 Saultell Avenue Rezoning,2019,351,7c312c0d-adf9-e911-a9bc-001dd8308ef1,P2017Q0405 - ZM - QNBP,Submitted,Conditional Unfavorable,,,"IN THE MATTER OF an application submitted by Tuchman Associates, LLC pursuant to Sections 197-c and 201 of the New York City Charter for an amendment of the Zoning Map, Section No. 10b, by changing from an R6B District to an R6 District property bounded by the southwesterly and southerly boundary line of Flushing Meadow Park, a line 100 feet easterly of Saultell Avenue and its northerly prolongation, a line midway between Corona Avenue and Van Cleef Street, and Saultell Avenue and its northerly centerline prolongation, as shown on a diagram (for illustrative purposes only) dated December 16, 2019, and subject to the conditions of CEQR Declaration E-558.","https://zap-api-production.herokuapp.com/projects/P2017Q0405?include=actions,milestones,dispositions,dispositions.action,users,assignments.user,packages,artifacts",https://zap.planning.nyc.gov/projects/P2017Q0405
P2017Q0405,110-40 Saultell Avenue Rezoning,2019,351,eb265804-adf9-e911-a9a7-001dd8308060,P2017Q0405 - ZM - QNCB4,Submitted,,,Unfavorable,"IN THE MATTER OF an application submitted by Tuchman Associates, LLC pursuant to Sections 197-c and 201 of the New York City Charter for an amendment of the Zoning Map, Section No. 10b, by changing from an R6B District to an R6 District property bounded by the southwesterly and southerly boundary line of Flushing Meadow Park, a line 100 feet easterly of Saultell Avenue and its northerly prolongation, a line midway between Corona Avenue and Van Cleef Street, and Saultell Avenue and its northerly centerline prolongation, as shown on a diagram (for illustrative purposes only) dated December 16, 2019, and subject to the conditions of CEQR Declaration E-558.","https://zap-api-production.herokuapp.com/projects/P2017Q0405?include=actions,milestones,dispositions,dispositions.action,users,assignments.user,packages,artifacts",https://zap.planning.nyc.gov/projects/P2017Q0405
P2017Q0405,110-40 Saultell Avenue Rezoning,2019,351,85312c0d-adf9-e911-a9bc-001dd8308ef1,P2017Q0405 - ZR - QNBP,Submitted,Conditional Unfavorable,,,"IN THE MATTER OF an application submitted by Tuchman Associates, LLC, pursuant to Section 201 of the New York City Charter, for an amendment of the Zoning Resolution of the City of New York, modifying Appendix F for the purpose of establishing a Mandatory Inclusionary Housing area, Borough of Queens, Community District 4.","https://zap-api-production.herokuapp.com/projects/P2017Q0405?include=actions,milestones,dispositions,dispositions.action,users,assignments.user,packages,artifacts",https://zap.planning.nyc.gov/projects/P2017Q0405
P2017Q0405,110-40 Saultell Avenue Rezoning,2019,351,ee265804-adf9-e911-a9a7-001dd8308060,P2017Q0405 - ZR - QNCB4,Not Submitted,,,,"IN THE MATTER OF an application submitted by Tuchman Associates, LLC, pursuant to Section 201 of the New York City Charter, for an amendment of the Zoning Resolution of the City of New York, modifying Appendix F for the purpose of establishing a Mandatory Inclusionary Housing area, Borough of Queens, Community District 4.","https://zap-api-production.herokuapp.com/projects/P2017Q0405?include=actions,milestones,dispositions,dispositions.action,users,assignments.user,packages,artifacts",https://zap.planning.nyc.gov/projects/P2017Q0405
P2018Q0101,22-60 46th Street (MEGA) Rezoning,2019,355,a99e035e-2ef7-e911-a9a0-001dd8308022,P2018Q0101 - ZM - QNBP,Submitted,Conditional Favorable,,,"IN THE MATTER OF an application submitted by Mega Realty Holding LLC and Pancyprian Association, Inc. pursuant to Sections 197-c and 201 of the New York City Charter for an amendment of the Zoning Map, Section No. 9c: 1. changing from an R4 District to an R6A District property bounded by 45th Street, Ditmars Boulevard, 46th Street, and a line 525 feet southwesterly of Ditmars Boulevard; 2. changing from an M1-1 District to an R4 District property bounded by 45th Street, a line 100 feet northeasterly of 23rd Avenue, a line midway between 45th Street and 46th Street, a line 125 feet northeasterly of 23rd Avenue, 46th Street, Astoria Boulevard North, and 23rd Avenue; 3. changing from an M1-1 District to an R6A District property bounded by 45th Street, a line 525 feet southwesterly of Ditmars Boulevard, 46th Street, a line 125 feet northeasterly of 23rd Avenue, a line midway between 45th Street and 46th Street, and a line 100 feet northeasterly of 23rd Avenue; 4. establishing within the proposed R4 District a C2-3 District bounded by 45th Street, a line 100 feet northeasterly of 23rd Avenue, a line midway between 45th Street and 46th Street, and 23rd Avenue; and 5. establishing within the proposed R6A District a C2-3 District bounded by 45th Street, a line 275 feet northeasterly of 23rd Avenue, a line midway between 45th Street and 46th Street, and a line 100 feet northeaster of 23rd Avenue; Borough of Queens, Community District 1, as shown on a diagram (for illustrative purposes only) dated August 26, 2019, and subject to the conditions of CEQR Declaration E-549.","https://zap-api-production.herokuapp.com/projects/P2018Q0101?include=actions,milestones,dispositions,dispositions.action,users,assignments.user,packages,artifacts",https://zap.planning.nyc.gov/projects/P2018Q0101
P2018Q0101,22-60 46th Street (MEGA) Rezoning,2019,355,836d7058-2ef7-e911-a99d-001dd830809a,P2018Q0101 - ZM - QNCB1,Submitted,,,Conditional Unfavorable,"IN THE MATTER OF an application submitted by Mega Realty Holding LLC and Pancyprian Association, Inc. pursuant to Sections 197-c and 201 of the New York City Charter for an amendment of the Zoning Map, Section No. 9c: 1. changing from an R4 District to an R6A District property bounded by 45th Street, Ditmars Boulevard, 46th Street, and a line 525 feet southwesterly of Ditmars Boulevard; 2. changing from an M1-1 District to an R4 District property bounded by 45th Street, a line 100 feet northeasterly of 23rd Avenue, a line midway between 45th Street and 46th Street, a line 125 feet northeasterly of 23rd Avenue, 46th Street, Astoria Boulevard North, and 23rd Avenue; 3. changing from an M1-1 District to an R6A District property bounded by 45th Street, a line 525 feet southwesterly of Ditmars Boulevard, 46th Street, a line 125 feet northeasterly of 23rd Avenue, a line midway between 45th Street and 46th Street, and a line 100 feet northeasterly of 23rd Avenue; 4. establishing within the proposed R4 District a C2-3 District bounded by 45th Street, a line 100 feet northeasterly of 23rd Avenue, a line midway between 45th Street and 46th Street, and 23rd Avenue; and 5. establishing within the proposed R6A District a C2-3 District bounded by 45th Street, a line 275 feet northeasterly of 23rd Avenue, a line midway between 45th Street and 46th Street, and a line 100 feet northeaster of 23rd Avenue; Borough of Queens, Community District 1, as shown on a diagram (for illustrative purposes only) dated August 26, 2019, and subject to the conditions of CEQR Declaration E-549.","https://zap-api-production.herokuapp.com/projects/P2018Q0101?include=actions,milestones,dispositions,dispositions.action,users,assignments.user,packages,artifacts",https://zap.planning.nyc.gov/projects/P2018Q0101
2018X0450,261 Walton Avenue,2020,356,5a534e2a-f262-ea11-a9b6-001dd8308060,2018X0450 - ZM - BX BP,Submitted,Favorable,,,"IN THE MATTER OF an application submitted by Mott Haven Gateway LLC pursuant to Sections 197-c and 201 of the New York City Charter for an amendment of the Zoning Map, Section No. 6a: 1. eliminating a Special Mixed Use District (MX-13) bounded by a line 200 feet southwesterly of East 140th Street, Walton Avenue, a line 100 feet northeasterly of East 138th Street, and Major Deegan Boulevard; 2. changing from an M1-4/R6A District to an R8A District property bounded by a line 200 feet southwesterly of East 140th Street, Walton Avenue, a line 100 feet northeasterly of East 138th Street, and Major Deegan Boulevard; and 3. establishing within the proposed R8A District a C2-4 District bounded by a line 200 feet southwesterly of East 140th Street, Walton Avenue, a line 100 feet northeasterly of East 138th Street, and Major Deegan Boulevard; as shown on a diagram (for illustrative purposes only) dated November 16, 2020, and subject to the conditions of CEQR Declaration E-590.","https://zap-api-production.herokuapp.com/projects/2018X0450?include=actions,milestones,dispositions,dispositions.action,users,assignments.user,packages,artifacts",https://zap.planning.nyc.gov/projects/2018X0450
2018X0450,261 Walton Avenue,2020,356,b3a6dd2a-f262-ea11-a9ae-001dd830809a,2018X0450 - ZM - BX CB1,Not Submitted,,,,"IN THE MATTER OF an application submitted by Mott Haven Gateway LLC pursuant to Sections 197-c and 201 of the New York City Charter for an amendment of the Zoning Map, Section No. 6a: 1. eliminating a Special Mixed Use District (MX-13) bounded by a line 200 feet southwesterly of East 140th Street, Walton Avenue, a line 100 feet northeasterly of East 138th Street, and Major Deegan Boulevard; 2. changing from an M1-4/R6A District to an R8A District property bounded by a line 200 feet southwesterly of East 140th Street, Walton Avenue, a line 100 feet northeasterly of East 138th Street, and Major Deegan Boulevard; and 3. establishing within the proposed R8A District a C2-4 District bounded by a line 200 feet southwesterly of East 140th Street, Walton Avenue, a line 100 feet northeasterly of East 138th Street, and Major Deegan Boulevard; as shown on a diagram (for illustrative purposes only) dated November 16, 2020, and subject to the conditions of CEQR Declaration E-590.","https://zap-api-production.herokuapp.com/projects/2018X0450?include=actions,milestones,dispositions,dispositions.action,users,assignments.user,packages,artifacts",https://zap.planning.nyc.gov/projects/2018X0450
2020X0361,909 Castle Hill Avenue,2020,357,84ba2866-ee36-ea11-a9bd-001dd8308d01,2020X0361 - ZM - BX BP,Submitted,Favorable,,,"IN THE MATTER OF an application submitted by 510 East Realty Inc., pursuant to Section 197-c and 201 of the New York City Charter for the amendment of the Zoning Map, Section No. 7a: 1. changing from an R3-2 District to an R6B property bounded by Quimby Avenue, Castle Hill Avenue, Story Avenue, a line 180 feet westerly of Castle Hill Avenue, a line midway between Quimby Avenue and Story Avenue, and a line 80 feet westerly of Castle Hill Avenue; and 2. establishing within the proposed R6B District a C1-3 District bounded by Quimby Avenue, Castle Hill Avenue, Story Avenue, and a line 80 feet westerly of Castle Hill Avenue; Borough of the Bronx, Community District 9, as shown on a diagram (for illustrative purposes only) dated December 14, 2020, and subject to the conditions of CEQR Declaration E-596.","https://zap-api-production.herokuapp.com/projects/2020X0361?include=actions,milestones,dispositions,dispositions.action,users,assignments.user,packages,artifacts",https://zap.planning.nyc.gov/projects/2020X0361
2020X0361,909 Castle Hill Avenue,2020,357,7e4dd445-ee36-ea11-a9a7-001dd830809a,2020X0361 - ZM - BX CB9,Submitted,,,Conditional Favorable,"IN THE MATTER OF an application submitted by 510 East Realty Inc., pursuant to Section 197-c and 201 of the New York City Charter for the amendment of the Zoning Map, Section No. 7a: 1. changing from an R3-2 District to an R6B property bounded by Quimby Avenue, Castle Hill Avenue, Story Avenue, a line 180 feet westerly of Castle Hill Avenue, a line midway between Quimby Avenue and Story Avenue, and a line 80 feet westerly of Castle Hill Avenue; and 2. establishing within the proposed R6B District a C1-3 District bounded by Quimby Avenue, Castle Hill Avenue, Story Avenue, and a line 80 feet westerly of Castle Hill Avenue; Borough of the Bronx, Community District 9, as shown on a diagram (for illustrative purposes only) dated December 14, 2020, and subject to the conditions of CEQR Declaration E-596.","https://zap-api-production.herokuapp.com/projects/2020X0361?include=actions,milestones,dispositions,dispositions.action,users,assignments.user,packages,artifacts",https://zap.planning.nyc.gov/projects/2020X0361
P2016X0366,1099 Webster Avenue - Rezoning,2020,359,7076a6ae-15f9-ea11-a814-001dd8309f34,P2016X0366 - ZM - BX BP,Submitted,Conditional Favorable,,,"IN THE MATTER OF an application submitted by Webster 1099 Realty LLC pursuant to Sections 197-c and 201 of the New York City Charter for an amendment of the Zoning Map, Section No. 3d, by: 1. eliminating from within an existing R7-1 District a C1-4 District bounded by a line 100 feet northwesterly of Webster Avenue, East 167th Street, a line midway between Clay Avenue and Webster Avenue, and a line 150 feet southwesterly of East 167th Street; 2. changing from an R7-1 District to an R7X District property bounded by a line 100 feet northwesterly of Webster Avenue, East 167th Street, a line midway between Clay Avenue and Webster Avenue, and East 166th Street; 3. changing from an M1-1 District to an R7X District property bounded by a line midway between Clay Avenue and Webster Avenue, East 167th Street, Webster Avenue, and East 166th Street; and 4. establishing within the proposed R7X District a C2-4 property bounded by a line 100 feet northwesterly of Webster Avenue, East 167th Street, Webster Avenue and East 166th Street; Borough of the Bronx, Community District 4, as shown on a diagram (for illustrative purposes only) dated October 19, 2020, and subject to the conditions of CEQR Declaration E-576.","https://zap-api-production.herokuapp.com/projects/P2016X0366?include=actions,milestones,dispositions,dispositions.action,users,assignments.user,packages,artifacts",https://zap.planning.nyc.gov/projects/P2016X0366
P2016X0366,1099 Webster Avenue - Rezoning,2020,359,f2d4a3b1-7701-ea11-a9a7-001dd8308060,P2016X0366 - ZM - BX CB4,Submitted,,,Conditional Favorable,"IN THE MATTER OF an application submitted by Webster 1099 Realty LLC pursuant to Sections 197-c and 201 of the New York City Charter for an amendment of the Zoning Map, Section No. 3d, by: 1. eliminating from within an existing R7-1 District a C1-4 District bounded by a line 100 feet northwesterly of Webster Avenue, East 167th Street, a line midway between Clay Avenue and Webster Avenue, and a line 150 feet southwesterly of East 167th Street; 2. changing from an R7-1 District to an R7X District property bounded by a line 100 feet northwesterly of Webster Avenue, East 167th Street, a line midway between Clay Avenue and Webster Avenue, and East 166th Street; 3. changing from an M1-1 District to an R7X District property bounded by a line midway between Clay Avenue and Webster Avenue, East 167th Street, Webster Avenue, and East 166th Street; and 4. establishing within the proposed R7X District a C2-4 property bounded by a line 100 feet northwesterly of Webster Avenue, East 167th Street, Webster Avenue and East 166th Street; Borough of the Bronx, Community District 4, as shown on a diagram (for illustrative purposes only) dated October 19, 2020, and subject to the conditions of CEQR Declaration E-576.","https://zap-api-production.herokuapp.com/projects/P2016X0366?include=actions,milestones,dispositions,dispositions.action,users,assignments.user,packages,artifacts",https://zap.planning.nyc.gov/projects/P2016X0366
P2016X0366,1099 Webster Avenue - Rezoning,2020,359,07bd9eb4-15f9-ea11-a814-001dd8309f34,P2016X0366 - ZR - BX BP,Submitted,Conditional Favorable,,,"IN THE MATTER OF an application submitted by WEBSTER 1099 REALTY LLC, pursuant to Section 201 of the New York City Charter, for an amendment of the Zoning Resolution of the City of New York, modifying APPENDIX F for the purpose of establishing a Mandatory Inclusionary Housing area in the Borough of the Bronx, Community District 4.","https://zap-api-production.herokuapp.com/projects/P2016X0366?include=actions,milestones,dispositions,dispositions.action,users,assignments.user,packages,artifacts",https://zap.planning.nyc.gov/projects/P2016X0366
P2016X0366,1099 Webster Avenue - Rezoning,2020,359,39d5a3b1-7701-ea11-a9a7-001dd8308060,P2016X0366 - ZR - BX CB4,Submitted,,,Conditional Favorable,"IN THE MATTER OF an application submitted by WEBSTER 1099 REALTY LLC, pursuant to Section 201 of the New York City Charter, for an amendment of the Zoning Resolution of the City of New York, modifying APPENDIX F for the purpose of establishing a Mandatory Inclusionary Housing area in the Borough of the Bronx, Community District 4.","https://zap-api-production.herokuapp.com/projects/P2016X0366?include=actions,milestones,dispositions,dispositions.action,users,assignments.user,packages,artifacts",https://zap.planning.nyc.gov/projects/P2016X0366
P2018X0209,431 Concord Avenue,2020,362,e9332d40-cd5c-ea11-a9b6-001dd8308060,P2018X0209 - ZM - BX BP,Submitted,Favorable,,,"IN THE MATTER OF an application submitted by Concord Realty LLC pursuant to Sections 197-c and 201 of the New York City Charter for an amendment of the Zoning Map, Section No. 6c, by changing from an existing M1-2 District to an R7D District property bounded by East 145th Street, Concord Avenue, a line 150 feet southerly of East 145th Street, and a line midway between Jackson Avenue and Concord Avenue, Borough of the Bronx, Community District 1, as shown on a diagram (for illustrative purposes only) dated November 2, 2020, and subject to the conditions of CEQR Declaration E-588.","https://zap-api-production.herokuapp.com/projects/P2018X0209?include=actions,milestones,dispositions,dispositions.action,users,assignments.user,packages,artifacts",https://zap.planning.nyc.gov/projects/P2018X0209
P2018X0209,431 Concord Avenue,2020,362,ffca413b-cd5c-ea11-a9c3-001dd8308d01,P2018X0209 - ZM - BX CB1,Not Submitted,,,,"IN THE MATTER OF an application submitted by Concord Realty LLC pursuant to Sections 197-c and 201 of the New York City Charter for an amendment of the Zoning Map, Section No. 6c, by changing from an existing M1-2 District to an R7D District property bounded by East 145th Street, Concord Avenue, a line 150 feet southerly of East 145th Street, and a line midway between Jackson Avenue and Concord Avenue, Borough of the Bronx, Community District 1, as shown on a diagram (for illustrative purposes only) dated November 2, 2020, and subject to the conditions of CEQR Declaration E-588.","https://zap-api-production.herokuapp.com/projects/P2018X0209?include=actions,milestones,dispositions,dispositions.action,users,assignments.user,packages,artifacts",https://zap.planning.nyc.gov/projects/P2018X0209
2018K0500,9114 5th Avenue Rezoning,2020,363,8cda9a01-28fb-e911-a9ba-001dd8308fb0,2018K0500 - ZM - BK CB10,Submitted,,,Favorable,"IN THE MATTER OF an application submitted by Bayride Realty LLC pursuant to Sections 197-c and 201 of the New York City Charter for an amendment of the Zoning Map, Section No. 22b:1.changing from an existing C8-2 District to an R7A District property bounded by a line 85 feet southwesterly of 91stStreet, 5th Avenue, 92nd Street, a line 185 feet northwesterly of 5th Avenue, a line 75 feet northeasterly of 92nd Street, and a line 125 feet northwesterly of 5th Avenue; and2.establishing within a proposed R7A District a C2-4 District bounded by a line 85 feet southwesterly of 91st Street, 5thAvenue, 92nd Street, a line 185 feet northwesterly of 5th Avenue, a line 75 feet northeasterly of 92nd Street, and a line 125 feet northwesterly of 5th Avenue; Borough of Brooklyn, Community District 10, as shown on a diagram (for illustrative purposes only) dated September 14, 2020, and subject to the conditions of CEQR Declaration E-577.","https://zap-api-production.herokuapp.com/projects/2018K0500?include=actions,milestones,dispositions,dispositions.action,users,assignments.user,packages,artifacts",https://zap.planning.nyc.gov/projects/2018K0500
2018K0500,9114 5th Avenue Rezoning,2020,363,a4098742-2ffb-e911-a99d-001dd830809a,2018K0500 - ZM - BKBP,Submitted,Conditional Favorable,,,"IN THE MATTER OF an application submitted by Bayride Realty LLC pursuant to Sections 197-c and 201 of the New York City Charter for an amendment of the Zoning Map, Section No. 22b:1.changing from an existing C8-2 District to an R7A District property bounded by a line 85 feet southwesterly of 91stStreet, 5th Avenue, 92nd Street, a line 185 feet northwesterly of 5th Avenue, a line 75 feet northeasterly of 92nd Street, and a line 125 feet northwesterly of 5th Avenue; and2.establishing within a proposed R7A District a C2-4 District bounded by a line 85 feet southwesterly of 91st Street, 5thAvenue, 92nd Street, a line 185 feet northwesterly of 5th Avenue, a line 75 feet northeasterly of 92nd Street, and a line 125 feet northwesterly of 5th Avenue; Borough of Brooklyn, Community District 10, as shown on a diagram (for illustrative purposes only) dated September 14, 2020, and subject to the conditions of CEQR Declaration E-577.","https://zap-api-production.herokuapp.com/projects/2018K0500?include=actions,milestones,dispositions,dispositions.action,users,assignments.user,packages,artifacts",https://zap.planning.nyc.gov/projects/2018K0500
2019K0211,Bedford Ave Overlay Extension,2020,364,8ea4798c-5b39-ea11-a9c1-001dd8308d01,2019K0211 - ZM - BK BP,Submitted,Conditional Favorable,,,"IN THE MATTER OF an application submitted by 223 Troutman LLC pursuant to Sections 197-c and 201 of the New York City Charter for the amendment of the Zoning Map, Section No. 12d, by establishing within an existing R6B District a C2-4 District bounded by North 1st Street, Bedford Avenue, a line 100 feet northeasterly of Grand Street, and a line 100 feet northwesterly of Bedford Avenue, as shown on a diagram (for illustrative purposes only) dated January 21, 2020, and subject to the conditions of CEQR Declaration E-559.","https://zap-api-production.herokuapp.com/projects/2019K0211?include=actions,milestones,dispositions,dispositions.action,users,assignments.user,packages,artifacts",https://zap.planning.nyc.gov/projects/2019K0211
P2012K0591,265 Front Street,2020,367,c2ea2475-b500-ea11-a9bc-001dd8308ef1,P2012K0591 - ZM - BK BP,Submitted,Unfavorable,,,"IN THE MATTER OF an application submitted by Michael Spinard pursuant to Sections 197-c and 201 of the New York City Charter for an amendment of the Zoning Map, Section No. 12d: 1. changing from an M1-2 District to an R6A District property bounded by a line midway between Water Street and Front Street, a line 70 feet easterly of Gold Street, Front Street, and Gold Street; and 2. establishing within the proposed R6A District a C2-4 District bounded by a line midway between Water Street and Front Street, a line 70 feet easterly of Gold Street, Front Street, and Gold Street; as shown on a diagram (for illustrative purposes only) dated January 21, 2020, and subject to the conditions of CEQR Declaration E-560.","https://zap-api-production.herokuapp.com/projects/P2012K0591?include=actions,milestones,dispositions,dispositions.action,users,assignments.user,packages,artifacts",https://zap.planning.nyc.gov/projects/P2012K0591
P2012K0591,265 Front Street,2020,367,2826106b-b500-ea11-a9a7-001dd8308060,P2012K0591 - ZM - BK CB2,Submitted,,,Unfavorable,"IN THE MATTER OF an application submitted by Michael Spinard pursuant to Sections 197-c and 201 of the New York City Charter for an amendment of the Zoning Map, Section No. 12d: 1. changing from an M1-2 District to an R6A District property bounded by a line midway between Water Street and Front Street, a line 70 feet easterly of Gold Street, Front Street, and Gold Street; and 2. establishing within the proposed R6A District a C2-4 District bounded by a line midway between Water Street and Front Street, a line 70 feet easterly of Gold Street, Front Street, and Gold Street; as shown on a diagram (for illustrative purposes only) dated January 21, 2020, and subject to the conditions of CEQR Declaration E-560.","https://zap-api-production.herokuapp.com/projects/P2012K0591?include=actions,milestones,dispositions,dispositions.action,users,assignments.user,packages,artifacts",https://zap.planning.nyc.gov/projects/P2012K0591
P2014K0541,Suydam Street rezoning,2020,368,1fe6f36e-d7a1-ea11-a811-001dd8309d89,P2014K0541 - ZM - BK BP,Submitted,Conditional Favorable,,,"IN THE MATTER OF an application submitted by Suydam, Inc. and 3210 Willoughby LLC pursuant to Sections 197-c and 201 of the New York City Charter for an amendment of the Zoning Map, Section No. 13b: 1. changing from an M1-1 District to an R6 District property bounded by Willoughby Avenue; a line 225 feet northeasterly of Irving Avenue, Suydam Street, and a line 200 feet northeasterly of Irving Avenue; 2. changing from an M1-1 District to an M1-5 District property bounded by a line midway between Willoughby Avenue and Suydam Street, a line 400 feet northeasterly of Irving Avenue, Suydam Street and a line 225 feet northeasterly of Irving Avenue; 3. changing from an M1-1 District to an M1-5/R7D District property bounded by Willoughby Avenue, a line 400 feet northeasterly of Irving Avenue, a line midway between Willoughby and Suydam Street, and a line 225 feet northeasterly of Irving Street; and 4. establishing a Special Mixed Use District (MX-21) bounded by Willoughby Avenue, a line 400 feet northeasterly of Irving Avenue, a line midway between Willoughby and Suydam Street, and a line 225 feet northeasterly of Irving Street; as shown on a diagram (for illustrative purposes only) dated November 2, 2020, and subject to the conditions of CEQR Declaration E-583.","https://zap-api-production.herokuapp.com/projects/P2014K0541?include=actions,milestones,dispositions,dispositions.action,users,assignments.user,packages,artifacts",https://zap.planning.nyc.gov/projects/P2014K0541
P2014K0541,Suydam Street rezoning,2020,368,3a515d64-d7a1-ea11-a811-001dd8309530,P2014K0541 - ZM - BK CB4,Submitted,,,Conditional Favorable,"IN THE MATTER OF an application submitted by Suydam, Inc. and 3210 Willoughby LLC pursuant to Sections 197-c and 201 of the New York City Charter for an amendment of the Zoning Map, Section No. 13b: 1. changing from an M1-1 District to an R6 District property bounded by Willoughby Avenue; a line 225 feet northeasterly of Irving Avenue, Suydam Street, and a line 200 feet northeasterly of Irving Avenue; 2. changing from an M1-1 District to an M1-5 District property bounded by a line midway between Willoughby Avenue and Suydam Street, a line 400 feet northeasterly of Irving Avenue, Suydam Street and a line 225 feet northeasterly of Irving Avenue; 3. changing from an M1-1 District to an M1-5/R7D District property bounded by Willoughby Avenue, a line 400 feet northeasterly of Irving Avenue, a line midway between Willoughby and Suydam Street, and a line 225 feet northeasterly of Irving Street; and 4. establishing a Special Mixed Use District (MX-21) bounded by Willoughby Avenue, a line 400 feet northeasterly of Irving Avenue, a line midway between Willoughby and Suydam Street, and a line 225 feet northeasterly of Irving Street; as shown on a diagram (for illustrative purposes only) dated November 2, 2020, and subject to the conditions of CEQR Declaration E-583.","https://zap-api-production.herokuapp.com/projects/P2014K0541?include=actions,milestones,dispositions,dispositions.action,users,assignments.user,packages,artifacts",https://zap.planning.nyc.gov/projects/P2014K0541
P2014K0541,Suydam Street rezoning,2020,368,0fe6f36e-d7a1-ea11-a811-001dd8309d89,P2014K0541 - ZS - BK BP,Submitted,Conditional Favorable,,,"IN THE MATTER OF an application submitted by Suydam, Inc. and 3210 Willoughby LLC pursuant to Sections 197-c and 201 of the New York City Charter for the grant of a special permit pursuant to Section 74-533 of the Zoning Resolution to waive all required accessory off-street parking spaces for dwelling units in a development within a Transit Zone, that includes at least 20 percent of all dwelling units as income-restricted housing units, in connection with a proposed residential building, on property located at 1250 Willoughby Avenue (Block 3210, Lots 16, 17, 18, 19, 20, and 21), in a M1-5/R7D* District. * Note: The site is proposed to be rezoned by changing an existing M1-1 District to an M1-5/R7D District (MX-21) under a concurrent related application for a Zoning Map change (C 200344 ZMK). Plans for this proposal are on file with the City Planning Commission and may be seen at 120 Broadway, 31st Floor, New York, N.Y. 10271-0001.","https://zap-api-production.herokuapp.com/projects/P2014K0541?include=actions,milestones,dispositions,dispositions.action,users,assignments.user,packages,artifacts",https://zap.planning.nyc.gov/projects/P2014K0541
P2014K0541,Suydam Street rezoning,2020,368,2c515d64-d7a1-ea11-a811-001dd8309530,P2014K0541 - ZS - BK CB4,Submitted,,,Conditional Favorable,"IN THE MATTER OF an application submitted by Suydam, Inc. and 3210 Willoughby LLC pursuant to Sections 197-c and 201 of the New York City Charter for the grant of a special permit pursuant to Section 74-533 of the Zoning Resolution to waive all required accessory off-street parking spaces for dwelling units in a development within a Transit Zone, that includes at least 20 percent of all dwelling units as income-restricted housing units, in connection with a proposed residential building, on property located at 1250 Willoughby Avenue (Block 3210, Lots 16, 17, 18, 19, 20, and 21), in a M1-5/R7D* District. * Note: The site is proposed to be rezoned by changing an existing M1-1 District to an M1-5/R7D District (MX-21) under a concurrent related application for a Zoning Map change (C 200344 ZMK). Plans for this proposal are on file with the City Planning Commission and may be seen at 120 Broadway, 31st Floor, New York, N.Y. 10271-0001.","https://zap-api-production.herokuapp.com/projects/P2014K0541?include=actions,milestones,dispositions,dispositions.action,users,assignments.user,packages,artifacts",https://zap.planning.nyc.gov/projects/P2014K0541
P2016K0021,1501-1555 60th Street Rezoning,2020,369,dce7a3ec-cbf9-e911-a9bc-001dd8308ef1,P2016K0021 - ZM - BK CB12,Submitted,,,Conditional Favorable,IN THE MATTER OF an application submitted by the owner to convert the addresses above from a M1-1 zoning to a R7a /C2-4 to develop 3 mixed use buildings two of which would have 7 floors and one would have 8 floors for a total of 102 units with 31 parking spaces.,"https://zap-api-production.herokuapp.com/projects/P2016K0021?include=actions,milestones,dispositions,dispositions.action,users,assignments.user,packages,artifacts",https://zap.planning.nyc.gov/projects/P2016K0021
P2016K0021,1501-1555 60th Street Rezoning,2020,369,f21e2709-ccf9-e911-a9a0-001dd8308022,P2016K0021 - ZM - BKBP,Submitted,Conditional Favorable,,,"IN THE MATTER OF an application submitted by 1529-33 60th Street LLC pursuant to Sections 197-c and 201 of the New York City Charter for an amendment of the Zoning Map, Section No. 22d: 1. 2. changing from an M1-1 District to an R7A District property bounded by 15th Avenue, a line midway between 59th Street and 60th Street, a line 460 feet southeasterly of 15th Avenue, 60th Street, and the northerly boundary line of the Long Island Railroad right-of-way (Bay Ridge Division); establishing within the proposed R7A District a C2-4 District bounded by 15th Avenue, a line midway between 59th Street and 60th Street, a line 460 feet southeasterly of 15th Avenue, 60th Street, and the northerly boundary line of the Long Island Railroad right-of-way (Bay Ridge Division); Borough of Brooklyn, Community District 12, as shown on a diagram (for illustrative purposes only) dated January 6, 2020, and subject to the conditions of CEQR Declaration E-556.","https://zap-api-production.herokuapp.com/projects/P2016K0021?include=actions,milestones,dispositions,dispositions.action,users,assignments.user,packages,artifacts",https://zap.planning.nyc.gov/projects/P2016K0021
P2016K0021,1501-1555 60th Street Rezoning,2020,369,e5e7a3ec-cbf9-e911-a9bc-001dd8308ef1,P2016K0021 - ZR - BK CB12,Not Submitted,,,,"IN THE MATTER OF an application submitted by 1529-33 60th Street LLC pursuant to Section 201 of the New York City Charter, for an amendment of the Zoning Resolution of the City of New York, modifying Appendix F for the purpose of establishing a Mandatory Inclusionary Housing area, Borough of Brooklyn, Community District 12.","https://zap-api-production.herokuapp.com/projects/P2016K0021?include=actions,milestones,dispositions,dispositions.action,users,assignments.user,packages,artifacts",https://zap.planning.nyc.gov/projects/P2016K0021
P2016K0021,1501-1555 60th Street Rezoning,2020,369,071f2709-ccf9-e911-a9a0-001dd8308022,P2016K0021 - ZR - BKBP,Submitted,Conditional Favorable,,,"IN THE MATTER OF an application submitted by 1529-33 60th Street LLC pursuant to Section 201 of the New York City Charter, for an amendment of the Zoning Resolution of the City of New York, modifying Appendix F for the purpose of establishing a Mandatory Inclusionary Housing area, Borough of Brooklyn, Community District 12.","https://zap-api-production.herokuapp.com/projects/P2016K0021?include=actions,milestones,dispositions,dispositions.action,users,assignments.user,packages,artifacts",https://zap.planning.nyc.gov/projects/P2016K0021
P2016K0236,1620 Cortelyou Road Rezoning,2020,370,f79d31f0-20fb-e911-a9bc-001dd8308ef1,P2016K0236 - ZM - BK CB14,Submitted,,,Conditional Favorable,"IN THE MATTER OF an application submitted by 1600/20 Realty Corp., pursuant to Sections 197-c and 201 of the New York City Charter for an amendment of the Zoning Map, Section No. 22c, by changing from an existing R6A District to an R7D District property bounded by Cortelyou Road, East 17th Street, a line 100 feet southeasterly of Cortelyou Road, and East 16th Street, Borough of Brooklyn, Community District 14, as shown on a diagram (for illustrative purposes only) dated March 2, 2020, and subject to the conditions of CEQR Declaration E-564.","https://zap-api-production.herokuapp.com/projects/P2016K0236?include=actions,milestones,dispositions,dispositions.action,users,assignments.user,packages,artifacts",https://zap.planning.nyc.gov/projects/P2016K0236
P2016K0236,1620 Cortelyou Road Rezoning,2020,370,12914eef-20fb-e911-a9ba-001dd8308fb0,P2016K0236 - ZM - BKBP,Submitted,Conditional Favorable,,,"IN THE MATTER OF an application submitted by 1600/20 Realty Corp., pursuant to Sections 197-c and 201 of the New York City Charter for an amendment of the Zoning Map, Section No. 22c, by changing from an existing R6A District to an R7D District property bounded by Cortelyou Road, East 17th Street, a line 100 feet southeasterly of Cortelyou Road, and East 16th Street, Borough of Brooklyn, Community District 14, as shown on a diagram (for illustrative purposes only) dated March 2, 2020, and subject to the conditions of CEQR Declaration E-564.","https://zap-api-production.herokuapp.com/projects/P2016K0236?include=actions,milestones,dispositions,dispositions.action,users,assignments.user,packages,artifacts",https://zap.planning.nyc.gov/projects/P2016K0236
P2016K0236,1620 Cortelyou Road Rezoning,2020,370,019e31f0-20fb-e911-a9bc-001dd8308ef1,P2016K0236 - ZR - BK CB14,Submitted,,,Conditional Favorable,"IN THE MATTER OF an application submitted by 1600/20 Realty Corp., pursuant to Sections 197-c and 201 of the New York City Charter, for an amendment of the Zoning Resolution of the City of New York, modifying Appendix F for the purpose of establishing a Mandatory Inclusionary Housing Area, Borough of Brooklyn, Community District 14.","https://zap-api-production.herokuapp.com/projects/P2016K0236?include=actions,milestones,dispositions,dispositions.action,users,assignments.user,packages,artifacts",https://zap.planning.nyc.gov/projects/P2016K0236
P2016K0236,1620 Cortelyou Road Rezoning,2020,370,23914eef-20fb-e911-a9ba-001dd8308fb0,P2016K0236 - ZR - BKBP,Submitted,Conditional Favorable,,,"IN THE MATTER OF an application submitted by 1600/20 Realty Corp., pursuant to Sections 197-c and 201 of the New York City Charter, for an amendment of the Zoning Resolution of the City of New York, modifying Appendix F for the purpose of establishing a Mandatory Inclusionary Housing Area, Borough of Brooklyn, Community District 14.","https://zap-api-production.herokuapp.com/projects/P2016K0236?include=actions,milestones,dispositions,dispositions.action,users,assignments.user,packages,artifacts",https://zap.planning.nyc.gov/projects/P2016K0236
P2017K0230,803 Rockaway Avenue Rezoning,2020,371,f868dc63-21fb-e911-a9b0-001dd8308d01,P2017K0230 - ZM - BK CB16,Submitted,,,Conditional Favorable,"IN THE MATTER OF an application submitted by Bridge Rockaway Housing Development Fund Company, Inc. pursuant to Sections 197-c and 201 of the New York City Charter for an amendment of the Zoning Map, Section No. 17d: 1. changing from an M1-1 District to an M1-4/R6A District property bounded by a line 100 feet southerly of Riverdale Avenue, Thatford Avenue, Newport Street, and a line 100 westerly of Thatford Avenue; 2. changing from an M1-1 District to an M1-4/R7A District property bounded by a line 100 feet southerly of Riverdale Avenue, a line 100 feet westerly of Thatford Avenue, Newport Street, Rockaway Avenue and its southerly and northerly centerline prolongations; and 3. establishing a Special Mixed Use District (MX-19) bounded by a line 100 feet southerly of Riverdale Avenue, Thatford Avenue, Newport Street, Rockaway Avenue and its southerly and northerly centerline prolongations; Borough of Brooklyn, Community District 16, as shown on a diagram (for illustrative purposes only) dated February 3, 2020, and subject to the conditions of the CEQR Declaration E-561.","https://zap-api-production.herokuapp.com/projects/P2017K0230?include=actions,milestones,dispositions,dispositions.action,users,assignments.user,packages,artifacts",https://zap.planning.nyc.gov/projects/P2017K0230
P2017K0230,803 Rockaway Avenue Rezoning,2020,371,5e29695f-21fb-e911-a9ba-001dd8308fb0,P2017K0230 - ZM - BKBP,Submitted,Conditional Favorable,,,"IN THE MATTER OF an application submitted by Bridge Rockaway Housing Development Fund Company, Inc. pursuant to Sections 197-c and 201 of the New York City Charter for an amendment of the Zoning Map, Section No. 17d: 1. changing from an M1-1 District to an M1-4/R6A District property bounded by a line 100 feet southerly of Riverdale Avenue, Thatford Avenue, Newport Street, and a line 100 westerly of Thatford Avenue; 2. changing from an M1-1 District to an M1-4/R7A District property bounded by a line 100 feet southerly of Riverdale Avenue, a line 100 feet westerly of Thatford Avenue, Newport Street, Rockaway Avenue and its southerly and northerly centerline prolongations; and 3. establishing a Special Mixed Use District (MX-19) bounded by a line 100 feet southerly of Riverdale Avenue, Thatford Avenue, Newport Street, Rockaway Avenue and its southerly and northerly centerline prolongations; Borough of Brooklyn, Community District 16, as shown on a diagram (for illustrative purposes only) dated February 3, 2020, and subject to the conditions of the CEQR Declaration E-561.","https://zap-api-production.herokuapp.com/projects/P2017K0230?include=actions,milestones,dispositions,dispositions.action,users,assignments.user,packages,artifacts",https://zap.planning.nyc.gov/projects/P2017K0230
P2018K0145,737 Fourth Avenue,2020,372,2d734a81-7c01-ea11-a9ba-001dd8308fb0,P2018K0145 - ZM - BK BP,Submitted,Conditional Favorable,,,"the New York City Charter for an amendment of the Zoning Map, Section No. 16d: 1. changing from an M1-1D District to an R8A District property bounded by 24th Street, a line 100 feet southeasterly of 4th Avenue, 25th Street, and 4th Avenue; 2. establishing within the proposed R8A District a C2-4 District bounded by 24th Street, a line 100 feet southeasterly of 4th Avenue, 25th Street, and 4th Avenue; 3. establishing a Special Enhanced Commercial District (EC-1) bounded by 24th Street, a line 100 feet southeasterly of 4th Avenue, 25th Street, and 4th Avenue; as shown on a diagram (for illustrative purposes only) dated September 14, 2020, and subject to the conditions of CEQR Declaration E-575.","https://zap-api-production.herokuapp.com/projects/P2018K0145?include=actions,milestones,dispositions,dispositions.action,users,assignments.user,packages,artifacts",https://zap.planning.nyc.gov/projects/P2018K0145
P2018K0145,737 Fourth Avenue,2020,372,ca1a7987-7c01-ea11-a9bc-001dd8308ef1,P2018K0145 - ZM - BK CB7,Submitted,,,Conditional Favorable,"the New York City Charter for an amendment of the Zoning Map, Section No. 16d: 1. changing from an M1-1D District to an R8A District property bounded by 24th Street, a line 100 feet southeasterly of 4th Avenue, 25th Street, and 4th Avenue; 2. establishing within the proposed R8A District a C2-4 District bounded by 24th Street, a line 100 feet southeasterly of 4th Avenue, 25th Street, and 4th Avenue; 3. establishing a Special Enhanced Commercial District (EC-1) bounded by 24th Street, a line 100 feet southeasterly of 4th Avenue, 25th Street, and 4th Avenue; as shown on a diagram (for illustrative purposes only) dated September 14, 2020, and subject to the conditions of CEQR Declaration E-575.","https://zap-api-production.herokuapp.com/projects/P2018K0145?include=actions,milestones,dispositions,dispositions.action,users,assignments.user,packages,artifacts",https://zap.planning.nyc.gov/projects/P2018K0145
P2018K0173,135-137 Bedford Avenue Rezoning,2020,373,942d9b35-35d7-ea11-a813-001dd8309d89,P2018K0173 - ZM - BK BP,Submitted,Conditional Favorable,,,"IN THE MATTER OF an application submitted by Dawn Kiernan and NRL URF, LLC pursuant to Sections 197-c and 201 of the New York City Charter for an amendment of the Zoning Map, Section No. 13a: 1. establishing within an existing R6A District a C1-4 District bounded by Bedford Avenue, North 10th Street, a line 100 feet southeasterly of Bedford Avenue, and a line midway between North 10th Street and North 9th Street; and 2. establishing within an existing R6B District a C1-4 District bounded by Bedford Avenue, a line midway between North 10th Street and North 9th Street, a line 100 feet southeasterly of Bedford Avenue, and North 9th Street; Borough of Brooklyn, Community District 1, as shown on a diagram (for illustrative purposes only) dated November 2, 2020, and subject to the conditions of CEQR Declaration E-587.","https://zap-api-production.herokuapp.com/projects/P2018K0173?include=actions,milestones,dispositions,dispositions.action,users,assignments.user,packages,artifacts",https://zap.planning.nyc.gov/projects/P2018K0173
P2018K0173,135-137 Bedford Avenue Rezoning,2020,373,a1a0a32f-35d7-ea11-a813-001dd8309d89,P2018K0173 - ZM - BK CB1,Submitted,,,Favorable,"IN THE MATTER OF an application submitted by Dawn Kiernan and NRL URF, LLC pursuant to Sections 197-c and 201 of the New York City Charter for an amendment of the Zoning Map, Section No. 13a: 1. establishing within an existing R6A District a C1-4 District bounded by Bedford Avenue, North 10th Street, a line 100 feet southeasterly of Bedford Avenue, and a line midway between North 10th Street and North 9th Street; and 2. establishing within an existing R6B District a C1-4 District bounded by Bedford Avenue, a line midway between North 10th Street and North 9th Street, a line 100 feet southeasterly of Bedford Avenue, and North 9th Street; Borough of Brooklyn, Community District 1, as shown on a diagram (for illustrative purposes only) dated November 2, 2020, and subject to the conditions of CEQR Declaration E-587.","https://zap-api-production.herokuapp.com/projects/P2018K0173?include=actions,milestones,dispositions,dispositions.action,users,assignments.user,packages,artifacts",https://zap.planning.nyc.gov/projects/P2018K0173
P2018K0297,Acme Smoked Fish / Gem Street Rezoning,2020,374,2d2612bf-ac14-eb11-a812-001dd8309d89,P2018K0297 - ZM - BK BP,Submitted,Conditional Favorable,,,"IN THE MATTER OF an application submitted by RP Inlet, LLC pursuant to Sections 197-c and 201 of the New York City Charter for an amendment of the Zoning Map, Section Nos. 12c and 13a, changing from an M3-1 District to an M1-5 District property bounded by Meserole Avenue, Banker Street, Wythe Avenue, North 15th Street, and Gem Street, Borough of Brooklyn, Community District 1, as shown on a diagram (for illustrative purposes only) dated November 2, 2020, and subject to the conditions of CEQR Declaration E-585.","https://zap-api-production.herokuapp.com/projects/P2018K0297?include=actions,milestones,dispositions,dispositions.action,users,assignments.user,packages,artifacts",https://zap.planning.nyc.gov/projects/P2018K0297
P2018K0297,Acme Smoked Fish / Gem Street Rezoning,2020,374,2bde19b9-ac14-eb11-a812-001dd8309d89,P2018K0297 - ZM - BK CB1,Submitted,,,Conditional Favorable,"IN THE MATTER OF an application submitted by RP Inlet, LLC pursuant to Sections 197-c and 201 of the New York City Charter for an amendment of the Zoning Map, Section Nos. 12c and 13a, changing from an M3-1 District to an M1-5 District property bounded by Meserole Avenue, Banker Street, Wythe Avenue, North 15th Street, and Gem Street, Borough of Brooklyn, Community District 1, as shown on a diagram (for illustrative purposes only) dated November 2, 2020, and subject to the conditions of CEQR Declaration E-585.","https://zap-api-production.herokuapp.com/projects/P2018K0297?include=actions,milestones,dispositions,dispositions.action,users,assignments.user,packages,artifacts",https://zap.planning.nyc.gov/projects/P2018K0297
P2018K0297,Acme Smoked Fish / Gem Street Rezoning,2020,374,3e2612bf-ac14-eb11-a812-001dd8309d89,P2018K0297 - ZS - BK BP,Submitted,Conditional Favorable,,,"IN THE MATTER OF an application submitted by RP Inlet, LLC pursuant to Sections 197-c and 201 of the New York City Charter for the grant of a special permit pursuant to Sections 74-743 of the Zoning Resolution to modify the height and setback requirements of Section 43-43 (Special provisions for bulk modifications), in connection with a proposed mixed-use development, within a large scale general development, on property bounded by Meserole Avenue, Banker Street, Wythe Avenue, North 15th Street and Gem Street (Block 2615, Lot 1, 6, 19, 21, 25, 50 & 125), in an M1-5* District, Borough of Brooklyn, Community District 1. * Note: This site is proposed to be rezoned by changing an existing M3-1 District to an M1-5 District under a concurrent related application for a Zoning Map change (C 210138 ZMK). Plans for this proposal are on file with the City Planning Commission and may be seen at 120 Broadway, 31st Floor, New York, N.Y. 10271-0001.","https://zap-api-production.herokuapp.com/projects/P2018K0297?include=actions,milestones,dispositions,dispositions.action,users,assignments.user,packages,artifacts",https://zap.planning.nyc.gov/projects/P2018K0297
P2018K0297,Acme Smoked Fish / Gem Street Rezoning,2020,374,31de19b9-ac14-eb11-a812-001dd8309d89,P2018K0297 - ZS - BK CB1,Submitted,,,Conditional Favorable,"IN THE MATTER OF an application submitted by RP Inlet, LLC pursuant to Sections 197-c and 201 of the New York City Charter for the grant of a special permit pursuant to Sections 74-743 of the Zoning Resolution to modify the height and setback requirements of Section 43-43 (Special provisions for bulk modifications), in connection with a proposed mixed-use development, within a large scale general development, on property bounded by Meserole Avenue, Banker Street, Wythe Avenue, North 15th Street and Gem Street (Block 2615, Lot 1, 6, 19, 21, 25, 50 & 125), in an M1-5* District, Borough of Brooklyn, Community District 1. * Note: This site is proposed to be rezoned by changing an existing M3-1 District to an M1-5 District under a concurrent related application for a Zoning Map change (C 210138 ZMK). Plans for this proposal are on file with the City Planning Commission and may be seen at 120 Broadway, 31st Floor, New York, N.Y. 10271-0001.","https://zap-api-production.herokuapp.com/projects/P2018K0297?include=actions,milestones,dispositions,dispositions.action,users,assignments.user,packages,artifacts",https://zap.planning.nyc.gov/projects/P2018K0297
2019Q0025,42-11 9th Street Special Permit,2020,379,098becb1-2378-ea11-a811-001dd8309530,2019Q0025 - ZS - QN BP,Submitted,Conditional Favorable,,,"IN THE MATTER OF an application submitted by RXR 42-11 9th Holdings LLC pursuant to Sections 197-c and 201 of the New York City Charter for the grant of a special permit pursuant to Section 74-96* (Industrial Business Incentive Areas) of the Zoning Resolution to allow an increase in the maximum permitted floor area ratio in accordance with Section 74-963 (Permitted floor area increase) and, in conjunction therewith, to modify the quantity and size of the loading requirements of Section 44-50, in connection with a proposed twenty-story commercial building within an Industrial Business Incentive Area specified on the maps in Section 74-968 (Maps of Industrial Business Incentive Areas), on property located at 42-11 9th Street (Block 461, Lot 16), in an M1-4 District. Borough of Queens, Community District 2. *Note: Section 74-96 is proposed to be changed under a concurrent related application (N 200304 ZRQ) for a zoning text change.","https://zap-api-production.herokuapp.com/projects/2019Q0025?include=actions,milestones,dispositions,dispositions.action,users,assignments.user,packages,artifacts",https://zap.planning.nyc.gov/projects/2019Q0025
2019Q0025,42-11 9th Street Special Permit,2020,379,19090bab-2378-ea11-a811-001dd8309870,2019Q0025 - ZS - QN CB2,Submitted,,,Conditional Favorable,"IN THE MATTER OF an application submitted by RXR 42-11 9th Holdings LLC pursuant to Sections 197-c and 201 of the New York City Charter for the grant of a special permit pursuant to Section 74-96* (Industrial Business Incentive Areas) of the Zoning Resolution to allow an increase in the maximum permitted floor area ratio in accordance with Section 74-963 (Permitted floor area increase) and, in conjunction therewith, to modify the quantity and size of the loading requirements of Section 44-50, in connection with a proposed twenty-story commercial building within an Industrial Business Incentive Area specified on the maps in Section 74-968 (Maps of Industrial Business Incentive Areas), on property located at 42-11 9th Street (Block 461, Lot 16), in an M1-4 District. Borough of Queens, Community District 2. *Note: Section 74-96 is proposed to be changed under a concurrent related application (N 200304 ZRQ) for a zoning text change.","https://zap-api-production.herokuapp.com/projects/2019Q0025?include=actions,milestones,dispositions,dispositions.action,users,assignments.user,packages,artifacts",https://zap.planning.nyc.gov/projects/2019Q0025
2019Q0247,30-02 Newtown Ave Rezoning,2020,380,419f8bb6-0862-ea11-a9ae-001dd830809a,2019Q0247 - ZM - QN BP,Submitted,Conditional Favorable,,,"IN THE MATTER OF an application submitted by M E D R E P Associates, LLC pursuant to Sections 197-c and 201 of the New York City Charter for an amendment of the Zoning Map, Section No. 9a, by changing from an existing C4-4A District to a C4-4D District property bounded by 30th Street, Newtown Avenue, 31st Street, a line 210 feet northeasterly of 30th Avenue, a line 100 feet northwesterly of 31st Street, and a line 285 feet northeasterly of 30th Avenue, as shown on a diagram (for illustrative purposes only) dated December 14, 2020, and subject to the conditions of CEQR Declaration E-593.","https://zap-api-production.herokuapp.com/projects/2019Q0247?include=actions,milestones,dispositions,dispositions.action,users,assignments.user,packages,artifacts",https://zap.planning.nyc.gov/projects/2019Q0247
2019Q0247,30-02 Newtown Ave Rezoning,2020,380,75f88fb0-0862-ea11-a9ae-001dd830809a,2019Q0247 - ZM - QN CB1,Submitted,,,No Objection,"IN THE MATTER OF an application submitted by M E D R E P Associates, LLC pursuant to Sections 197-c and 201 of the New York City Charter for an amendment of the Zoning Map, Section No. 9a, by changing from an existing C4-4A District to a C4-4D District property bounded by 30th Street, Newtown Avenue, 31st Street, a line 210 feet northeasterly of 30th Avenue, a line 100 feet northwesterly of 31st Street, and a line 285 feet northeasterly of 30th Avenue, as shown on a diagram (for illustrative purposes only) dated December 14, 2020, and subject to the conditions of CEQR Declaration E-593.","https://zap-api-production.herokuapp.com/projects/2019Q0247?include=actions,milestones,dispositions,dispositions.action,users,assignments.user,packages,artifacts",https://zap.planning.nyc.gov/projects/2019Q0247
2019Q0259,91-32 63rd Drive Rezoning,2020,381,da7b07c5-b3e1-ea11-a813-001dd8309d89,2019Q0259 - ZM - QN BP,Submitted,Conditional Favorable,,,"IN THE MATTER OF an application submitted by 63-68 RWKOP LLC pursuant to Sections 197-c and 201 of the New York City Charter for an amendment of the Zoning Map, Section No. 14a: 1. eliminating from within an existing R4 District a C2-2 District bounded by Austin Street, a line 100 feet southeasterly of 63rd Drive, the northerly boundary line of the Long Island Railroad Main Line Right-of-Way, and 63rd Drive; 2. changing from an R4 District to an R7A District property bounded by Austin Street, a line 100 feet southeasterly of 63rd Drive, the northerly boundary line of the Long Island Railroad Main Line Right-of-Way, and 63rd Drive; 3. establishing within the proposed R7A District a C2-3 District bounded by Austin Street, a line 100 feet southeasterly of 63rd Drive, the northerly boundary line of the Long Island Railroad Main Line Right-of-Way, and 63rd Drive; as shown on a diagram (for illustrative purposes only) dated October 5, 2020, and subject to the conditions of CEQR Declaration E-568.","https://zap-api-production.herokuapp.com/projects/2019Q0259?include=actions,milestones,dispositions,dispositions.action,users,assignments.user,packages,artifacts",https://zap.planning.nyc.gov/projects/2019Q0259
2019Q0259,91-32 63rd Drive Rezoning,2020,381,96f9dcbe-b3e1-ea11-a813-001dd8309d89,2019Q0259 - ZM - QN CB6,Submitted,,,Favorable,"IN THE MATTER OF an application submitted by 63-68 RWKOP LLC pursuant to Sections 197-c and 201 of the New York City Charter for an amendment of the Zoning Map, Section No. 14a: 1. eliminating from within an existing R4 District a C2-2 District bounded by Austin Street, a line 100 feet southeasterly of 63rd Drive, the northerly boundary line of the Long Island Railroad Main Line Right-of-Way, and 63rd Drive; 2. changing from an R4 District to an R7A District property bounded by Austin Street, a line 100 feet southeasterly of 63rd Drive, the northerly boundary line of the Long Island Railroad Main Line Right-of-Way, and 63rd Drive; 3. establishing within the proposed R7A District a C2-3 District bounded by Austin Street, a line 100 feet southeasterly of 63rd Drive, the northerly boundary line of the Long Island Railroad Main Line Right-of-Way, and 63rd Drive; as shown on a diagram (for illustrative purposes only) dated October 5, 2020, and subject to the conditions of CEQR Declaration E-568.","https://zap-api-production.herokuapp.com/projects/2019Q0259?include=actions,milestones,dispositions,dispositions.action,users,assignments.user,packages,artifacts",https://zap.planning.nyc.gov/projects/2019Q0259
2019Q0451,68-19 Woodhaven Blvd Rezoning,2020,382,726d2e7f-ce5c-ea11-a9cd-001dd8308ef1,2019Q0451 - ZM - QN BP,Submitted,Conditional Favorable,,,"IN THE MATTER OF an application submitted by 68-19 Rego Park LLC pursuant to Sections 197-c and 201 of the New York City Charter for the amendment of the Zoning Map, Section No. 14b: 1. changing from an R4 District to an R6A District property bounded by a line midway between 68th Avenue and 68th Road, Alderton Street, 68th Road, and a line 100 feet northeasterly of Woodhaven Boulevard; 2. changing from a C8-1 District to an R6A District property bounded by a line midway between 68th Avenue and 68th Road, a line 100 feet northeasterly of Woodhaven Boulevard, 68th Road, and Woodhaven Boulevard; and 3. establishing within the proposed R6A District a C2-3 District bounded by a line midway between 68th Avenue and 68th Road, a line 100 feet southwesterly of Alderton Street, 68th Road, and Woodhaven Boulevard; Borough of Queens, Community District 6, as shown on a diagram (for illustrative purposes only) dated November 16, 2020, and subject to the conditions of CEQR Declaration E-589.","https://zap-api-production.herokuapp.com/projects/2019Q0451?include=actions,milestones,dispositions,dispositions.action,users,assignments.user,packages,artifacts",https://zap.planning.nyc.gov/projects/2019Q0451
2019Q0451,68-19 Woodhaven Blvd Rezoning,2020,382,3d92737a-ce5c-ea11-a9b6-001dd8308060,2019Q0451 - ZM - QN CB6,Submitted,,,Conditional Favorable,"IN THE MATTER OF an application submitted by 68-19 Rego Park LLC pursuant to Sections 197-c and 201 of the New York City Charter for the amendment of the Zoning Map, Section No. 14b: 1. changing from an R4 District to an R6A District property bounded by a line midway between 68th Avenue and 68th Road, Alderton Street, 68th Road, and a line 100 feet northeasterly of Woodhaven Boulevard; 2. changing from a C8-1 District to an R6A District property bounded by a line midway between 68th Avenue and 68th Road, a line 100 feet northeasterly of Woodhaven Boulevard, 68th Road, and Woodhaven Boulevard; and 3. establishing within the proposed R6A District a C2-3 District bounded by a line midway between 68th Avenue and 68th Road, a line 100 feet southwesterly of Alderton Street, 68th Road, and Woodhaven Boulevard; Borough of Queens, Community District 6, as shown on a diagram (for illustrative purposes only) dated November 16, 2020, and subject to the conditions of CEQR Declaration E-589.","https://zap-api-production.herokuapp.com/projects/2019Q0451?include=actions,milestones,dispositions,dispositions.action,users,assignments.user,packages,artifacts",https://zap.planning.nyc.gov/projects/2019Q0451
2020Q0437,Arverne East,2020,383,d81530eb-a8dc-ea11-a813-001dd8309ba3,2020Q0437 - ZM - QN BP,Submitted,Conditional Favorable,,,"IN THE MATTER OF an application submitted by the NYC Department of Housing Preservation & Development pursuant to Sections 197-c and 201 of the New York City Charter for an amendment to the Zoning Map, Section No. 31a: 1. changing from a C4-4 District to an M1-4/R6 District property bounded by a line 120 feet westerly of Beach 35th Street, a line perpendicular to the westerly street line of Beach 35th Street distant 370 feet northerly (as measured along the street line) from the point of intersection of the northerly street line of Ocean Front Road and the westerly street line of Beach 35th Street, Beach 35th Street, and Ocean Front Road; and 2. establishing a Special Mixed Use District (MX-21) bounded by a line 120 feet westerly of Beach 35th Street, a line perpendicular to the westerly street line of Beach 35th Street distant 370 feet northerly (as measured along the street line) from the point of intersection of the northerly street line of Ocean Front Road and the westerly street line of Beach 35th Street, Beach 35th Street, and Ocean Front Road; Borough of Queens, Community District 14, as shown on a diagram (for illustrative purposes only) dated September 14, 2020.","https://zap-api-production.herokuapp.com/projects/2020Q0437?include=actions,milestones,dispositions,dispositions.action,users,assignments.user,packages,artifacts",https://zap.planning.nyc.gov/projects/2020Q0437
2020Q0437,Arverne East,2020,383,590c54e8-a8dc-ea11-a813-001dd8309d89,2020Q0437 - ZM - QN CB14,Submitted,,,Conditional Unfavorable,"IN THE MATTER OF an application submitted by the NYC Department of Housing Preservation & Development pursuant to Sections 197-c and 201 of the New York City Charter for an amendment to the Zoning Map, Section No. 31a: 1. changing from a C4-4 District to an M1-4/R6 District property bounded by a line 120 feet westerly of Beach 35th Street, a line perpendicular to the westerly street line of Beach 35th Street distant 370 feet northerly (as measured along the street line) from the point of intersection of the northerly street line of Ocean Front Road and the westerly street line of Beach 35th Street, Beach 35th Street, and Ocean Front Road; and 2. establishing a Special Mixed Use District (MX-21) bounded by a line 120 feet westerly of Beach 35th Street, a line perpendicular to the westerly street line of Beach 35th Street distant 370 feet northerly (as measured along the street line) from the point of intersection of the northerly street line of Ocean Front Road and the westerly street line of Beach 35th Street, Beach 35th Street, and Ocean Front Road; Borough of Queens, Community District 14, as shown on a diagram (for illustrative purposes only) dated September 14, 2020.","https://zap-api-production.herokuapp.com/projects/2020Q0437?include=actions,milestones,dispositions,dispositions.action,users,assignments.user,packages,artifacts",https://zap.planning.nyc.gov/projects/2020Q0437
P2017Q0346,50-25 Barnett Avenue Rezoning,2020,384,be09c994-9243-ea11-a9cb-001dd8308ef1,P2017Q0346 - ZM - QN BP,Submitted,Conditional Favorable,,,"IN THE MATTER OF an application submitted by Phipps Houses pursuant to Sections 197-c and 201 of the New York City Charter for an amendment of the Zoning Map, Section Nos. 9b and 9d, changing from an M1-1 District to an R6A District property bounded by the southerly boundary line of the Long Island Railroad Right-of-Way (Main Line), the northerly centerline prolongation of 52nd Street, Barnett Avenue, and the northerly prolongation of the westerly street line of 50st Street, Borough of Queens, Community District 2, as shown on a diagram (for illustrative purposes only) dated October 5, 2020, and subject to the conditions of CEQR Declaration E-573.","https://zap-api-production.herokuapp.com/projects/P2017Q0346?include=actions,milestones,dispositions,dispositions.action,users,assignments.user,packages,artifacts",https://zap.planning.nyc.gov/projects/P2017Q0346
P2017Q0346,50-25 Barnett Avenue Rezoning,2020,384,ad86f892-9243-ea11-a9c1-001dd8308d01,P2017Q0346 - ZM - QN CB2,Submitted,,,Conditional Favorable,"IN THE MATTER OF an application submitted by Phipps Houses pursuant to Sections 197-c and 201 of the New York City Charter for an amendment of the Zoning Map, Section Nos. 9b and 9d, changing from an M1-1 District to an R6A District property bounded by the southerly boundary line of the Long Island Railroad Right-of-Way (Main Line), the northerly centerline prolongation of 52nd Street, Barnett Avenue, and the northerly prolongation of the westerly street line of 50st Street, Borough of Queens, Community District 2, as shown on a diagram (for illustrative purposes only) dated October 5, 2020, and subject to the conditions of CEQR Declaration E-573.","https://zap-api-production.herokuapp.com/projects/P2017Q0346?include=actions,milestones,dispositions,dispositions.action,users,assignments.user,packages,artifacts",https://zap.planning.nyc.gov/projects/P2017Q0346
P2018Q0324,42-01 28th Avenue Rezoning,2020,385,9177ce28-a7f9-e911-a9b9-001dd8308fb0,P2018Q0324 - ZM - QNBP,Submitted,Favorable,,,"IN THE MATTER OF an application submitted by Vlacich LLC pursuant to Sections 197-c and 201 of the New York City Charter for the amendment of the Zoning Map, Section Nos. 9a and 9c by: 1. establishing within an R5 District a C1-2 District bounded by 42nd Street, a line 150 feet northeasterly of 28th avenue, 43rd Street, a line 100 feet northeasterly of 28th Avenue, a line midway between 42nd Street and 43rd Street, and a line 125 feet northeasterly of 28th avenue; 2. changing from an R5 District to an R6A District property bounded by 41st Street, a line 100 feet northeasterly of 28th Avenue, 42nd Street, a line 125 feet northeasterly of 28th Avenue, a line midway between 42nd Street and 43rd Street, a line 100 feet northeasterly of 28th Avenue, 43rd Street; and 28th Avenue; 3. establishing within the proposed R6A District a C1-2 District bounded by 42nd Street, a line 125 feet northeasterly of 28th Avenue, a line midway between 42nd Street and 43rd Street, a line 100 feet northeasterly of 28th Avenue, 43rd Street; and 28th Avenue; Borough of Queens, Community District 1, as shown on a diagram (for illustrative purposes only) dated September 14, 2020.","https://zap-api-production.herokuapp.com/projects/P2018Q0324?include=actions,milestones,dispositions,dispositions.action,users,assignments.user,packages,artifacts",https://zap.planning.nyc.gov/projects/P2018Q0324
P2018Q0324,42-01 28th Avenue Rezoning,2020,385,4f908f70-a7f9-e911-a9b9-001dd8308fb0,P2018Q0324 - ZM - QNCB1,Submitted,,,Conditional Favorable,"IN THE MATTER OF an application submitted by Vlacich LLC pursuant to Sections 197-c and 201 of the New York City Charter for the amendment of the Zoning Map, Section Nos. 9a and 9c by: 1. establishing within an R5 District a C1-2 District bounded by 42nd Street, a line 150 feet northeasterly of 28th avenue, 43rd Street, a line 100 feet northeasterly of 28th Avenue, a line midway between 42nd Street and 43rd Street, and a line 125 feet northeasterly of 28th avenue; 2. changing from an R5 District to an R6A District property bounded by 41st Street, a line 100 feet northeasterly of 28th Avenue, 42nd Street, a line 125 feet northeasterly of 28th Avenue, a line midway between 42nd Street and 43rd Street, a line 100 feet northeasterly of 28th Avenue, 43rd Street; and 28th Avenue; 3. establishing within the proposed R6A District a C1-2 District bounded by 42nd Street, a line 125 feet northeasterly of 28th Avenue, a line midway between 42nd Street and 43rd Street, a line 100 feet northeasterly of 28th Avenue, 43rd Street; and 28th Avenue; Borough of Queens, Community District 1, as shown on a diagram (for illustrative purposes only) dated September 14, 2020.","https://zap-api-production.herokuapp.com/projects/P2018Q0324?include=actions,milestones,dispositions,dispositions.action,users,assignments.user,packages,artifacts",https://zap.planning.nyc.gov/projects/P2018Q0324
P2018Q0324,42-01 28th Avenue Rezoning,2020,385,5e5cc62e-a7f9-e911-a9b9-001dd8308fb0,P2018Q0324 - ZR - QNBP,Submitted,Favorable,,,"IN THE MATTER OF an application filed by Vlacich LLC pursuant to Sections 200 and 201 of the New York City Charter, to amend Appendix F of the New York City Zoning Resolution establishing and mapping the area to be rezoned as a Mandatory Inclusionary Housing Area in Astoria, Community District 1, Borough of Queens.","https://zap-api-production.herokuapp.com/projects/P2018Q0324?include=actions,milestones,dispositions,dispositions.action,users,assignments.user,packages,artifacts",https://zap.planning.nyc.gov/projects/P2018Q0324
P2018Q0324,42-01 28th Avenue Rezoning,2020,385,78908f70-a7f9-e911-a9b9-001dd8308fb0,P2018Q0324 - ZR - QNCB1,Submitted,,,Conditional Favorable,"IN THE MATTER OF an application filed by Vlacich LLC pursuant to Sections 200 and 201 of the New York City Charter, to amend Appendix F of the New York City Zoning Resolution establishing and mapping the area to be rezoned as a Mandatory Inclusionary Housing Area in Astoria, Community District 1, Borough of Queens.","https://zap-api-production.herokuapp.com/projects/P2018Q0324?include=actions,milestones,dispositions,dispositions.action,users,assignments.user,packages,artifacts",https://zap.planning.nyc.gov/projects/P2018Q0324
2020X0451,1930 Adee Avenue Rezoning,2021,387,dd6d0add-75a3-eb11-b1ac-001dd80277b2,2020X0451 - ZM - BX BP,Submitted,Favorable,,,"THE MATTER OF an application submitted by Centerland Realty LLC pursuant to Sections 197-c and 201 of the New York City Charter for an amendment of the Zoning Map, Section Nos. 2b and 4a, by changing from an R4 District to an R6B District property bounded by Adee Avenue, Edson Avenue, a line 75 feet southeasterly of Adee Avenue, and Grace Avenue, Borough of the Bronx, Community District 12, as shown on a diagram (for illustrative purposes only) dated December 13, 2021.","https://zap-api-production.herokuapp.com/projects/2020X0451?include=actions,milestones,dispositions,dispositions.action,users,assignments.user,packages,artifacts",https://zap.planning.nyc.gov/projects/2020X0451
2020X0451,1930 Adee Avenue Rezoning,2021,387,33abf4d7-75a3-eb11-b1ac-001dd802724b,2020X0451 - ZM - BX CB12,Submitted,,,Conditional Favorable,"THE MATTER OF an application submitted by Centerland Realty LLC pursuant to Sections 197-c and 201 of the New York City Charter for an amendment of the Zoning Map, Section Nos. 2b and 4a, by changing from an R4 District to an R6B District property bounded by Adee Avenue, Edson Avenue, a line 75 feet southeasterly of Adee Avenue, and Grace Avenue, Borough of the Bronx, Community District 12, as shown on a diagram (for illustrative purposes only) dated December 13, 2021.","https://zap-api-production.herokuapp.com/projects/2020X0451?include=actions,milestones,dispositions,dispositions.action,users,assignments.user,packages,artifacts",https://zap.planning.nyc.gov/projects/2020X0451
P2017X0311,St. Joseph's - 1949 Bathgate Avenue,2021,388,f605d505-06f2-ea11-a819-001dd8309530,P2017X0311 - ZM - BX BP,Submitted,Favorable,,,"IN THE MATTER OF an application submitted by St. Joseph Apartments LLC pursuant to Sections 197-c and 201 of the New York City Charter for an amendment of the Zoning Map, Section No. 3d, by changing from an R6A District to an R7D District property bounded by East 178th Street, Bathgate Avenue, a line 220 feet southerly of East 178th Street, and Washington Avenue, as shown on a diagram (for illustrative purposes only) dated March 1, 2021, and subject to the conditions of CEQR Declaration E-602.","https://zap-api-production.herokuapp.com/projects/P2017X0311?include=actions,milestones,dispositions,dispositions.action,users,assignments.user,packages,artifacts",https://zap.planning.nyc.gov/projects/P2017X0311
P2017X0311,St. Joseph's - 1949 Bathgate Avenue,2021,388,5e4b7ff5-05f2-ea11-a814-001dd8309d89,P2017X0311 - ZM - BX CB6,Submitted,,,Favorable,"IN THE MATTER OF an application submitted by St. Joseph Apartments LLC pursuant to Sections 197-c and 201 of the New York City Charter for an amendment of the Zoning Map, Section No. 3d, by changing from an R6A District to an R7D District property bounded by East 178th Street, Bathgate Avenue, a line 220 feet southerly of East 178th Street, and Washington Avenue, as shown on a diagram (for illustrative purposes only) dated March 1, 2021, and subject to the conditions of CEQR Declaration E-602.","https://zap-api-production.herokuapp.com/projects/P2017X0311?include=actions,milestones,dispositions,dispositions.action,users,assignments.user,packages,artifacts",https://zap.planning.nyc.gov/projects/P2017X0311
P2017X0312,Our Lady of Pity - 272 East 151st Street Rezoning,2021,389,61b81c15-0586-eb11-b1ac-001dd8021c21,P2017X0312 - ZM - BX BP,Submitted,Favorable,,,"IN THE MATTER OF an application submitted by Our Lady of Pity Apartments LLC pursuant to Sections 197-c and 201 of the New York City Charter for an amendment of the Zoning Map, Section No. 6a, by changing from an R6 District to an R7A District property bounded by East 151st Street, a line 220 feet southeasterly of Morris Avenue, a line midway between East 150th Street and East 151st Street, a line 270 feet southeasterly of Morris Avenue, East 150th Street, and Morris Avenue, Borough of the Bronx, Community District 1, as shown on a diagram (for illustrative purposes only) dated November 1, 2021, and subject to the conditions of CEQR Declaration E-652.","https://zap-api-production.herokuapp.com/projects/P2017X0312?include=actions,milestones,dispositions,dispositions.action,users,assignments.user,packages,artifacts",https://zap.planning.nyc.gov/projects/P2017X0312
P2017X0312,Our Lady of Pity - 272 East 151st Street Rezoning,2021,389,799b130f-0586-eb11-b1ac-001dd8021c21,P2017X0312 - ZM - BX CB1,Submitted,,,Unfavorable,"IN THE MATTER OF an application submitted by Our Lady of Pity Apartments LLC pursuant to Sections 197-c and 201 of the New York City Charter for an amendment of the Zoning Map, Section No. 6a, by changing from an R6 District to an R7A District property bounded by East 151st Street, a line 220 feet southeasterly of Morris Avenue, a line midway between East 150th Street and East 151st Street, a line 270 feet southeasterly of Morris Avenue, East 150th Street, and Morris Avenue, Borough of the Bronx, Community District 1, as shown on a diagram (for illustrative purposes only) dated November 1, 2021, and subject to the conditions of CEQR Declaration E-652.","https://zap-api-production.herokuapp.com/projects/P2017X0312?include=actions,milestones,dispositions,dispositions.action,users,assignments.user,packages,artifacts",https://zap.planning.nyc.gov/projects/P2017X0312
2018K0382,Gowanus Neighborhood Plan,2021,390,4b126701-7c39-eb11-a813-001dd8309d89,2018K0382 - HA - BK BP,Submitted,Conditional Favorable,,,"IN THE MATTER OF an application submitted by The Department of Housing Preservation and Development (HPD) 1) pursuant to Article 16 of the General Municipal Law of New York State for: a) the designation of property located at 5th Street and 431 Hoyt Street (Block 471, Lots 1 and 100) as an Urban Development Action Area; and b) Urban Development Action Area Project for such area; and 2) pursuant to Section 197-c of the New York City Charter for the disposition of such property to a developer to be selected by HPD; to facilitate an affordable mixed-use development with approximately 950 units, Borough of Brooklyn, Community District 6.","https://zap-api-production.herokuapp.com/projects/2018K0382?include=actions,milestones,dispositions,dispositions.action,users,assignments.user,packages,artifacts",https://zap.planning.nyc.gov/projects/2018K0382
2018K0382,Gowanus Neighborhood Plan,2021,390,2f146701-7c39-eb11-a813-001dd8309d89,2018K0382 - HA - BK BP,Not Submitted,,,,"IN THE MATTER OF an application submitted by The Department of Housing Preservation and Development (HPD) 1) pursuant to Article 16 of the General Municipal Law of New York State for: a) the designation of property located at 5th Street and 431 Hoyt Street (Block 471, Lots 1 and 100) as an Urban Development Action Area; and b) Urban Development Action Area Project for such area; and 2) pursuant to Section 197-c of the New York City Charter for the disposition of such property to a developer to be selected by HPD; to facilitate an affordable mixed-use development with approximately 950 units, Borough of Brooklyn, Community District 6.","https://zap-api-production.herokuapp.com/projects/2018K0382?include=actions,milestones,dispositions,dispositions.action,users,assignments.user,packages,artifacts",https://zap.planning.nyc.gov/projects/2018K0382
2018K0382,Gowanus Neighborhood Plan,2021,390,a9136701-7c39-eb11-a813-001dd8309d89,2018K0382 - HA - BK CB2,Submitted,,,Unfavorable,"IN THE MATTER OF an application submitted by The Department of Housing Preservation and Development (HPD) 1) pursuant to Article 16 of the General Municipal Law of New York State for: a) the designation of property located at 5th Street and 431 Hoyt Street (Block 471, Lots 1 and 100) as an Urban Development Action Area; and b) Urban Development Action Area Project for such area; and 2) pursuant to Section 197-c of the New York City Charter for the disposition of such property to a developer to be selected by HPD; to facilitate an affordable mixed-use development with approximately 950 units, Borough of Brooklyn, Community District 6.","https://zap-api-production.herokuapp.com/projects/2018K0382?include=actions,milestones,dispositions,dispositions.action,users,assignments.user,packages,artifacts",https://zap.planning.nyc.gov/projects/2018K0382
2018K0382,Gowanus Neighborhood Plan,2021,390,21136701-7c39-eb11-a813-001dd8309d89,2018K0382 - HA - BK CB6,Submitted,,,Conditional Favorable,"IN THE MATTER OF an application submitted by The Department of Housing Preservation and Development (HPD) 1) pursuant to Article 16 of the General Municipal Law of New York State for: a) the designation of property located at 5th Street and 431 Hoyt Street (Block 471, Lots 1 and 100) as an Urban Development Action Area; and b) Urban Development Action Area Project for such area; and 2) pursuant to Section 197-c of the New York City Charter for the disposition of such property to a developer to be selected by HPD; to facilitate an affordable mixed-use development with approximately 950 units, Borough of Brooklyn, Community District 6.","https://zap-api-production.herokuapp.com/projects/2018K0382?include=actions,milestones,dispositions,dispositions.action,users,assignments.user,packages,artifacts",https://zap.planning.nyc.gov/projects/2018K0382
2018K0382,Gowanus Neighborhood Plan,2021,390,135c169f-722b-eb11-a813-001dd8309530,2018K0382 - MM - BK BP,Submitted,Conditional Favorable,,,"IN THE MATTER OF an application submitted by The New York City Department of City Planning pursuant to Sections 197-c and 199 of the New York City Charter for an amendment to the City Map involving: 1) the establishment of Hoyt Street between 5th Street and Nelson Street; 2) the establishment of Luquer Street and Nelson Street between Smith Street and the Gowanus Canal; 3) the elimination, of a 7th Street between Smith Street and The Gowanus Canal; 4) the elimination of Public Place; 5) the establishment of legal grades; 6) the adjustment of grades and block dimensions necessitated thereby; including authorization for any acquisition or disposition of real property related thereto, in the Borough of Brooklyn, Community District 6, in accordance with Map No. X-2754 dated December 7, 2020 and signed by the Borough President.","https://zap-api-production.herokuapp.com/projects/2018K0382?include=actions,milestones,dispositions,dispositions.action,users,assignments.user,packages,artifacts",https://zap.planning.nyc.gov/projects/2018K0382
2018K0382,Gowanus Neighborhood Plan,2021,390,1c5c169f-722b-eb11-a813-001dd8309530,2018K0382 - MM - BK BP,Submitted,Conditional Favorable,,,"IN THE MATTER OF an application submitted by The New York City Department of City Planning and The New York City Department of Parks and Recreation pursuant to Sections 197-c and 199 of the New York City Charter for an amendment to the City Map involving: 1) the establishment of Park within the area bounded by Huntington Street, Smith Street, Nelson Street, Hoyt Street, 4th Street, Bond Street and The Gowanus Canal; 2) the adjustment of grades and block dimensions necessitated thereby; including authorization for any acquisition or disposition of real property related thereto, in the Borough of Brooklyn, Community District 6, in accordance with Map Nos. X-2755 and X-2756 dated December 7, 2020 and signed by the Borough President.","https://zap-api-production.herokuapp.com/projects/2018K0382?include=actions,milestones,dispositions,dispositions.action,users,assignments.user,packages,artifacts",https://zap.planning.nyc.gov/projects/2018K0382
2018K0382,Gowanus Neighborhood Plan,2021,390,fd063d20-752b-eb11-a813-001dd83098a1,2018K0382 - MM - BK BP,Not Submitted,,,,"IN THE MATTER OF an application submitted by The New York City Department of City Planning pursuant to Sections 197-c and 199 of the New York City Charter for an amendment to the City Map involving: 1) the establishment of Hoyt Street between 5th Street and Nelson Street; 2) the establishment of Luquer Street and Nelson Street between Smith Street and the Gowanus Canal; 3) the elimination, of a 7th Street between Smith Street and The Gowanus Canal; 4) the elimination of Public Place; 5) the establishment of legal grades; 6) the adjustment of grades and block dimensions necessitated thereby; including authorization for any acquisition or disposition of real property related thereto, in the Borough of Brooklyn, Community District 6, in accordance with Map No. X-2754 dated December 7, 2020 and signed by the Borough President.","https://zap-api-production.herokuapp.com/projects/2018K0382?include=actions,milestones,dispositions,dispositions.action,users,assignments.user,packages,artifacts",https://zap.planning.nyc.gov/projects/2018K0382
2018K0382,Gowanus Neighborhood Plan,2021,390,03073d20-752b-eb11-a813-001dd83098a1,2018K0382 - MM - BK BP,Not Submitted,,,,"IN THE MATTER OF an application submitted by The New York City Department of City Planning and The New York City Department of Parks and Recreation pursuant to Sections 197-c and 199 of the New York City Charter for an amendment to the City Map involving: 1) the establishment of Park within the area bounded by Huntington Street, Smith Street, Nelson Street, Hoyt Street, 4th Street, Bond Street and The Gowanus Canal; 2) the adjustment of grades and block dimensions necessitated thereby; including authorization for any acquisition or disposition of real property related thereto, in the Borough of Brooklyn, Community District 6, in accordance with Map Nos. X-2755 and X-2756 dated December 7, 2020 and signed by the Borough President.","https://zap-api-production.herokuapp.com/projects/2018K0382?include=actions,milestones,dispositions,dispositions.action,users,assignments.user,packages,artifacts",https://zap.planning.nyc.gov/projects/2018K0382
2018K0382,Gowanus Neighborhood Plan,2021,390,eb397b88-732b-eb11-a813-001dd8309ba3,2018K0382 - MM - BK CB2,Submitted,,,Unfavorable,"IN THE MATTER OF an application submitted by The New York City Department of City Planning pursuant to Sections 197-c and 199 of the New York City Charter for an amendment to the City Map involving: 1) the establishment of Hoyt Street between 5th Street and Nelson Street; 2) the establishment of Luquer Street and Nelson Street between Smith Street and the Gowanus Canal; 3) the elimination, of a 7th Street between Smith Street and The Gowanus Canal; 4) the elimination of Public Place; 5) the establishment of legal grades; 6) the adjustment of grades and block dimensions necessitated thereby; including authorization for any acquisition or disposition of real property related thereto, in the Borough of Brooklyn, Community District 6, in accordance with Map No. X-2754 dated December 7, 2020 and signed by the Borough President.","https://zap-api-production.herokuapp.com/projects/2018K0382?include=actions,milestones,dispositions,dispositions.action,users,assignments.user,packages,artifacts",https://zap.planning.nyc.gov/projects/2018K0382
2018K0382,Gowanus Neighborhood Plan,2021,390,fd397b88-732b-eb11-a813-001dd8309ba3,2018K0382 - MM - BK CB2,Submitted,,,Unfavorable,"IN THE MATTER OF an application submitted by The New York City Department of City Planning and The New York City Department of Parks and Recreation pursuant to Sections 197-c and 199 of the New York City Charter for an amendment to the City Map involving: 1) the establishment of Park within the area bounded by Huntington Street, Smith Street, Nelson Street, Hoyt Street, 4th Street, Bond Street and The Gowanus Canal; 2) the adjustment of grades and block dimensions necessitated thereby; including authorization for any acquisition or disposition of real property related thereto, in the Borough of Brooklyn, Community District 6, in accordance with Map Nos. X-2755 and X-2756 dated December 7, 2020 and signed by the Borough President.","https://zap-api-production.herokuapp.com/projects/2018K0382?include=actions,milestones,dispositions,dispositions.action,users,assignments.user,packages,artifacts",https://zap.planning.nyc.gov/projects/2018K0382
2018K0382,Gowanus Neighborhood Plan,2021,390,5a4425b1-722b-eb11-a813-001dd8309530,2018K0382 - MM - BK CB6,Submitted,,,Conditional Favorable,"IN THE MATTER OF an application submitted by The New York City Department of City Planning pursuant to Sections 197-c and 199 of the New York City Charter for an amendment to the City Map involving: 1) the establishment of Hoyt Street between 5th Street and Nelson Street; 2) the establishment of Luquer Street and Nelson Street between Smith Street and the Gowanus Canal; 3) the elimination, of a 7th Street between Smith Street and The Gowanus Canal; 4) the elimination of Public Place; 5) the establishment of legal grades; 6) the adjustment of grades and block dimensions necessitated thereby; including authorization for any acquisition or disposition of real property related thereto, in the Borough of Brooklyn, Community District 6, in accordance with Map No. X-2754 dated December 7, 2020 and signed by the Borough President.","https://zap-api-production.herokuapp.com/projects/2018K0382?include=actions,milestones,dispositions,dispositions.action,users,assignments.user,packages,artifacts",https://zap.planning.nyc.gov/projects/2018K0382
2018K0382,Gowanus Neighborhood Plan,2021,390,714425b1-722b-eb11-a813-001dd8309530,2018K0382 - MM - BK CB6,Submitted,,,Conditional Favorable,"IN THE MATTER OF an application submitted by The New York City Department of City Planning and The New York City Department of Parks and Recreation pursuant to Sections 197-c and 199 of the New York City Charter for an amendment to the City Map involving: 1) the establishment of Park within the area bounded by Huntington Street, Smith Street, Nelson Street, Hoyt Street, 4th Street, Bond Street and The Gowanus Canal; 2) the adjustment of grades and block dimensions necessitated thereby; including authorization for any acquisition or disposition of real property related thereto, in the Borough of Brooklyn, Community District 6, in accordance with Map Nos. X-2755 and X-2756 dated December 7, 2020 and signed by the Borough President.","https://zap-api-production.herokuapp.com/projects/2018K0382?include=actions,milestones,dispositions,dispositions.action,users,assignments.user,packages,artifacts",https://zap.planning.nyc.gov/projects/2018K0382
2018K0382,Gowanus Neighborhood Plan,2021,390,e6a201ee-7b39-eb11-a814-001dd8309530,2018K0382 - PP - BK BP,Submitted,Conditional Favorable,,,"IN THE MATTER OF an application submitted by the New York City Department of Citywide Administrative Services (DCAS), pursuant to Section 197-c of the New York City Charter, for the disposition of city-owned property, located at 276 4th Avenue (Block 456, Lot 29), pursuant to zoning, Borough of Brooklyn, Community District 6.","https://zap-api-production.herokuapp.com/projects/2018K0382?include=actions,milestones,dispositions,dispositions.action,users,assignments.user,packages,artifacts",https://zap.planning.nyc.gov/projects/2018K0382
2018K0382,Gowanus Neighborhood Plan,2021,390,1bd7f9f3-7b39-eb11-a814-001dd8309530,2018K0382 - PP - BK BP,Not Submitted,,,,"IN THE MATTER OF an application submitted by the New York City Department of Citywide Administrative Services (DCAS), pursuant to Section 197-c of the New York City Charter, for the disposition of city-owned property, located at 276 4th Avenue (Block 456, Lot 29), pursuant to zoning, Borough of Brooklyn, Community District 6.","https://zap-api-production.herokuapp.com/projects/2018K0382?include=actions,milestones,dispositions,dispositions.action,users,assignments.user,packages,artifacts",https://zap.planning.nyc.gov/projects/2018K0382
2018K0382,Gowanus Neighborhood Plan,2021,390,8dd6f9f3-7b39-eb11-a814-001dd8309530,2018K0382 - PP - BK CB2,Submitted,,,Unfavorable,"IN THE MATTER OF an application submitted by the New York City Department of Citywide Administrative Services (DCAS), pursuant to Section 197-c of the New York City Charter, for the disposition of city-owned property, located at 276 4th Avenue (Block 456, Lot 29), pursuant to zoning, Borough of Brooklyn, Community District 6.","https://zap-api-production.herokuapp.com/projects/2018K0382?include=actions,milestones,dispositions,dispositions.action,users,assignments.user,packages,artifacts",https://zap.planning.nyc.gov/projects/2018K0382
2018K0382,Gowanus Neighborhood Plan,2021,390,e7d5f9f3-7b39-eb11-a814-001dd8309530,2018K0382 - PP - BK CB6,Submitted,,,Conditional Favorable,"IN THE MATTER OF an application submitted by the New York City Department of Citywide Administrative Services (DCAS), pursuant to Section 197-c of the New York City Charter, for the disposition of city-owned property, located at 276 4th Avenue (Block 456, Lot 29), pursuant to zoning, Borough of Brooklyn, Community District 6.","https://zap-api-production.herokuapp.com/projects/2018K0382?include=actions,milestones,dispositions,dispositions.action,users,assignments.user,packages,artifacts",https://zap.planning.nyc.gov/projects/2018K0382
2018K0382,Gowanus Neighborhood Plan,2021,390,cf5b169f-722b-eb11-a813-001dd8309530,2018K0382 - ZM - BK BP,Submitted,Conditional Favorable,,,"IN THE MATTER OF an application submitted by the Department of City Planning and the New York City Department of Housing Preservation and Development pursuant to Sections 197- c and 201 of the New York City Charter for an amendment of the Zoning Map, Section Nos. 16c and 16d: 1. eliminating from within an existing R8A District a C2-4 District bounded by: a. Pacific Street, a line 100 feet southeasterly of 4th Avenue, President Street, a line 150 feet southeasterly of 4th Avenue, 3rd Street, 4th Avenue, Douglass Street, and a line 100 feet northwesterly of 4th Avenue; and b. a line 210 feet northeasterly of 5th Street, a line 100 feet southeasterly of 4th Avenue, 7th Street, 4th Avenue, 9th Street, a line 100 feet southeasterly of 4th Avenue, 13th Street, 4th Avenue, 14th Street, a line 100 feet southeasterly of 4th Avenue, 15th Street, a line 100 feet northwesterly of 4th Avenue, 6th Street, and 4th Avenue; 2. eliminating a Special Enhanced Commercial District (EC-1) bounded by Pacific Street, a line 100 feet southeasterly of 4th Avenue, President Street, a line 150 feet southeasterly of 4th Avenue, 3rd Street, a line 100 feet southeasterly of 4th Avenue, 15th Street, a line 100 feet northwesterly of 4th Avenue, 6th Street, 4th Avenue, Douglass Street, and a line 100 feet northwesterly of 4th Avenue; 3. changing from an R6B District to an R6A District property bounded by Carroll Street, Bond Street, 1st Street, and a line 350 feet southeasterly of Hoyt Street; 4. changing from an R6 District to an R6B District property bounded by Warren Street, Nevins Street, a line midway between Warren Street and Baltic Street, and a line 100 feet southeasterly of Bond Street; 5. changing from an R8A District to a C4-4D District property bounded by Pacific Street, a line 100 feet southeasterly of 4th Avenue, President Street, a line 150 feet southeasterly of 4th Avenue, 3rd Street, a line 100 feet southeasterly of 4th Avenue, 15th Street, a line 100 feet northwesterly of 4th Avenue, 6th Street, 4th Avenue, Douglass Street, and a line 100 feet northwesterly of 4th Avenue; 6. changing from an C8-2 District to a C4-4D District property bounded by 3rd Street, 4th Avenue, 6th Street, and a line 100 feet northwesterly of 4th Avenue; 7. changing from an M1-2 District to a C4-4D District property bounded by Douglass 2 Street, 4th Avenue, 1st Street, a line 100 feet northwesterly of 4th Avenue; 8. changing from an C8-2 District to an M1-4 District property bounded by 3rd Street, a line 100 feet northwesterly of 4th Avenue, a line midway between 6th Street and 7th Street, a line 100 feet southeasterly of 3rd Avenue, 7th Street, 3rd Avenue, a line 305 feet southwesterly of 3rd Street, and a line 285 feet southeasterly of 3rd Avenue; 9. changing from an M1-1 District to an M1-4 District property bounded by: a. a line midway between 4th Street and 5th Street, a line perpendicular to the northeasterly street line of 5th Street distant 220 feet northwesterly (as measured along the street line) from the point of intersection of the northeasterly street line of 5th Street and the northwesterly street line of Hoyt Street, 5th Street, and a line perpendicular to the northeasterly street line of 5th Street distant 390 feet northwesterly (as measured along the street line) from the point of intersection of the northeasterly street line of 5th Street and the northwesterly street line of Hoyt Street; and b. 3rd Street, Bond Street, 4th Street, and Hoyt Street; 10. changing from an M1-2 District to an M1-4 District property bounded by: a. a line midway between Baltic Street and Butler Street, Nevins Street, Butler Street and a line 360 feet northwesterly of Nevins Street; b. a line midway between Baltic Street and Butler Street, a line 100 feet northwesterly of 4th Avenue, a line midway between Sackett Street and Union Street, a line 100 feet southeasterly of 3rd Avenue, Degraw Street, a line 200 feet southeasterly of 3rd Avenue, Douglass Street, and a line 100 feet southeasterly of 3rd Avenue; and c. a line midway between Union Street and President Street, a line 180 feet northwesterly of 4th Avenue, President Street, a line 250 feet northwesterly of 4th Avenue, Carroll Street, and a line 100 feet southeasterly of 3rd Avenue; 11. changing from an M2-1 District to an M1-4 District property bounded by 3rd Street, a line 270 feet southeasterly of Bond Street, the centerline of the Gowanus Canal, and Bond Street and its southwesterly centerline prolongation; 12. changing from an M3-1 District to an M1-4 District property bounded by 4th Street, Bond Street and its southwesterly centerline prolongation, the centerline of the Gowanus Canal, a line 160 feet northwesterly of Bond Street and its southwesterly prolongation, a line 120 feet southwesterly of 4th Street, Hoyt Street, 5th Street, and a line perpendicular to the northeasterly street line of 5th Street distant 220 feet northwesterly (as measured along the street line) from the point of intersection of the northeasterly street line of 5th Street and the northwesterly street line of Hoyt Street; 3 13. changing from an R6 District to an M1-4/R6A District property bounded by Warren Street, a line 100 feet southeasterly of Bond Street, Baltic Street and Bond Street; 14. changing from an M1-1 District to an M1-4/R6A District property bounded by a line midway between 3rd Street and 4th Street, Hoyt Street, 4th Street, and a line perpendicular to the northeasterly street line of 4th Street distant 365 feet northwesterly (as measured along the street line) from the point of intersection of the northeasterly street line of 4th Street and the northwesterly street line of Hoyt Street; 15. changing from an M1-2 District to a M1-4/R6A District property bounded by: a. a line midway between Warren Street and Baltic Street, a line 100 feet northwesterly of Nevins Street, a line midway between Baltic Street and Butler Street, a line 100 feet southeasterly of Bond Street, Douglass Street, Bon","https://zap-api-production.herokuapp.com/projects/2018K0382?include=actions,milestones,dispositions,dispositions.action,users,assignments.user,packages,artifacts",https://zap.planning.nyc.gov/projects/2018K0382
2018K0382,Gowanus Neighborhood Plan,2021,390,f1063d20-752b-eb11-a813-001dd83098a1,2018K0382 - ZM - BK BP,Not Submitted,,,,"IN THE MATTER OF an application submitted by the Department of City Planning and the New York City Department of Housing Preservation and Development pursuant to Sections 197- c and 201 of the New York City Charter for an amendment of the Zoning Map, Section Nos. 16c and 16d: 1. eliminating from within an existing R8A District a C2-4 District bounded by: a. Pacific Street, a line 100 feet southeasterly of 4th Avenue, President Street, a line 150 feet southeasterly of 4th Avenue, 3rd Street, 4th Avenue, Douglass Street, and a line 100 feet northwesterly of 4th Avenue; and b. a line 210 feet northeasterly of 5th Street, a line 100 feet southeasterly of 4th Avenue, 7th Street, 4th Avenue, 9th Street, a line 100 feet southeasterly of 4th Avenue, 13th Street, 4th Avenue, 14th Street, a line 100 feet southeasterly of 4th Avenue, 15th Street, a line 100 feet northwesterly of 4th Avenue, 6th Street, and 4th Avenue; 2. eliminating a Special Enhanced Commercial District (EC-1) bounded by Pacific Street, a line 100 feet southeasterly of 4th Avenue, President Street, a line 150 feet southeasterly of 4th Avenue, 3rd Street, a line 100 feet southeasterly of 4th Avenue, 15th Street, a line 100 feet northwesterly of 4th Avenue, 6th Street, 4th Avenue, Douglass Street, and a line 100 feet northwesterly of 4th Avenue; 3. changing from an R6B District to an R6A District property bounded by Carroll Street, Bond Street, 1st Street, and a line 350 feet southeasterly of Hoyt Street; 4. changing from an R6 District to an R6B District property bounded by Warren Street, Nevins Street, a line midway between Warren Street and Baltic Street, and a line 100 feet southeasterly of Bond Street; 5. changing from an R8A District to a C4-4D District property bounded by Pacific Street, a line 100 feet southeasterly of 4th Avenue, President Street, a line 150 feet southeasterly of 4th Avenue, 3rd Street, a line 100 feet southeasterly of 4th Avenue, 15th Street, a line 100 feet northwesterly of 4th Avenue, 6th Street, 4th Avenue, Douglass Street, and a line 100 feet northwesterly of 4th Avenue; 6. changing from an C8-2 District to a C4-4D District property bounded by 3rd Street, 4th Avenue, 6th Street, and a line 100 feet northwesterly of 4th Avenue; 7. changing from an M1-2 District to a C4-4D District property bounded by Douglass 2 Street, 4th Avenue, 1st Street, a line 100 feet northwesterly of 4th Avenue; 8. changing from an C8-2 District to an M1-4 District property bounded by 3rd Street, a line 100 feet northwesterly of 4th Avenue, a line midway between 6th Street and 7th Street, a line 100 feet southeasterly of 3rd Avenue, 7th Street, 3rd Avenue, a line 305 feet southwesterly of 3rd Street, and a line 285 feet southeasterly of 3rd Avenue; 9. changing from an M1-1 District to an M1-4 District property bounded by: a. a line midway between 4th Street and 5th Street, a line perpendicular to the northeasterly street line of 5th Street distant 220 feet northwesterly (as measured along the street line) from the point of intersection of the northeasterly street line of 5th Street and the northwesterly street line of Hoyt Street, 5th Street, and a line perpendicular to the northeasterly street line of 5th Street distant 390 feet northwesterly (as measured along the street line) from the point of intersection of the northeasterly street line of 5th Street and the northwesterly street line of Hoyt Street; and b. 3rd Street, Bond Street, 4th Street, and Hoyt Street; 10. changing from an M1-2 District to an M1-4 District property bounded by: a. a line midway between Baltic Street and Butler Street, Nevins Street, Butler Street and a line 360 feet northwesterly of Nevins Street; b. a line midway between Baltic Street and Butler Street, a line 100 feet northwesterly of 4th Avenue, a line midway between Sackett Street and Union Street, a line 100 feet southeasterly of 3rd Avenue, Degraw Street, a line 200 feet southeasterly of 3rd Avenue, Douglass Street, and a line 100 feet southeasterly of 3rd Avenue; and c. a line midway between Union Street and President Street, a line 180 feet northwesterly of 4th Avenue, President Street, a line 250 feet northwesterly of 4th Avenue, Carroll Street, and a line 100 feet southeasterly of 3rd Avenue; 11. changing from an M2-1 District to an M1-4 District property bounded by 3rd Street, a line 270 feet southeasterly of Bond Street, the centerline of the Gowanus Canal, and Bond Street and its southwesterly centerline prolongation; 12. changing from an M3-1 District to an M1-4 District property bounded by 4th Street, Bond Street and its southwesterly centerline prolongation, the centerline of the Gowanus Canal, a line 160 feet northwesterly of Bond Street and its southwesterly prolongation, a line 120 feet southwesterly of 4th Street, Hoyt Street, 5th Street, and a line perpendicular to the northeasterly street line of 5th Street distant 220 feet northwesterly (as measured along the street line) from the point of intersection of the northeasterly street line of 5th Street and the northwesterly street line of Hoyt Street; 3 13. changing from an R6 District to an M1-4/R6A District property bounded by Warren Street, a line 100 feet southeasterly of Bond Street, Baltic Street and Bond Street; 14. changing from an M1-1 District to an M1-4/R6A District property bounded by a line midway between 3rd Street and 4th Street, Hoyt Street, 4th Street, and a line perpendicular to the northeasterly street line of 4th Street distant 365 feet northwesterly (as measured along the street line) from the point of intersection of the northeasterly street line of 4th Street and the northwesterly street line of Hoyt Street; 15. changing from an M1-2 District to a M1-4/R6A District property bounded by: a. a line midway between Warren Street and Baltic Street, a line 100 feet northwesterly of Nevins Street, a line midway between Baltic Street and Butler Street, a line 100 feet southeasterly of Bond Street, Douglass Street, Bon","https://zap-api-production.herokuapp.com/projects/2018K0382?include=actions,milestones,dispositions,dispositions.action,users,assignments.user,packages,artifacts",https://zap.planning.nyc.gov/projects/2018K0382
2018K0382,Gowanus Neighborhood Plan,2021,390,c1397b88-732b-eb11-a813-001dd8309ba3,2018K0382 - ZM - BK CB2,Submitted,,,Unfavorable,"IN THE MATTER OF an application submitted by the Department of City Planning and the New York City Department of Housing Preservation and Development pursuant to Sections 197- c and 201 of the New York City Charter for an amendment of the Zoning Map, Section Nos. 16c and 16d: 1. eliminating from within an existing R8A District a C2-4 District bounded by: a. Pacific Street, a line 100 feet southeasterly of 4th Avenue, President Street, a line 150 feet southeasterly of 4th Avenue, 3rd Street, 4th Avenue, Douglass Street, and a line 100 feet northwesterly of 4th Avenue; and b. a line 210 feet northeasterly of 5th Street, a line 100 feet southeasterly of 4th Avenue, 7th Street, 4th Avenue, 9th Street, a line 100 feet southeasterly of 4th Avenue, 13th Street, 4th Avenue, 14th Street, a line 100 feet southeasterly of 4th Avenue, 15th Street, a line 100 feet northwesterly of 4th Avenue, 6th Street, and 4th Avenue; 2. eliminating a Special Enhanced Commercial District (EC-1) bounded by Pacific Street, a line 100 feet southeasterly of 4th Avenue, President Street, a line 150 feet southeasterly of 4th Avenue, 3rd Street, a line 100 feet southeasterly of 4th Avenue, 15th Street, a line 100 feet northwesterly of 4th Avenue, 6th Street, 4th Avenue, Douglass Street, and a line 100 feet northwesterly of 4th Avenue; 3. changing from an R6B District to an R6A District property bounded by Carroll Street, Bond Street, 1st Street, and a line 350 feet southeasterly of Hoyt Street; 4. changing from an R6 District to an R6B District property bounded by Warren Street, Nevins Street, a line midway between Warren Street and Baltic Street, and a line 100 feet southeasterly of Bond Street; 5. changing from an R8A District to a C4-4D District property bounded by Pacific Street, a line 100 feet southeasterly of 4th Avenue, President Street, a line 150 feet southeasterly of 4th Avenue, 3rd Street, a line 100 feet southeasterly of 4th Avenue, 15th Street, a line 100 feet northwesterly of 4th Avenue, 6th Street, 4th Avenue, Douglass Street, and a line 100 feet northwesterly of 4th Avenue; 6. changing from an C8-2 District to a C4-4D District property bounded by 3rd Street, 4th Avenue, 6th Street, and a line 100 feet northwesterly of 4th Avenue; 7. changing from an M1-2 District to a C4-4D District property bounded by Douglass 2 Street, 4th Avenue, 1st Street, a line 100 feet northwesterly of 4th Avenue; 8. changing from an C8-2 District to an M1-4 District property bounded by 3rd Street, a line 100 feet northwesterly of 4th Avenue, a line midway between 6th Street and 7th Street, a line 100 feet southeasterly of 3rd Avenue, 7th Street, 3rd Avenue, a line 305 feet southwesterly of 3rd Street, and a line 285 feet southeasterly of 3rd Avenue; 9. changing from an M1-1 District to an M1-4 District property bounded by: a. a line midway between 4th Street and 5th Street, a line perpendicular to the northeasterly street line of 5th Street distant 220 feet northwesterly (as measured along the street line) from the point of intersection of the northeasterly street line of 5th Street and the northwesterly street line of Hoyt Street, 5th Street, and a line perpendicular to the northeasterly street line of 5th Street distant 390 feet northwesterly (as measured along the street line) from the point of intersection of the northeasterly street line of 5th Street and the northwesterly street line of Hoyt Street; and b. 3rd Street, Bond Street, 4th Street, and Hoyt Street; 10. changing from an M1-2 District to an M1-4 District property bounded by: a. a line midway between Baltic Street and Butler Street, Nevins Street, Butler Street and a line 360 feet northwesterly of Nevins Street; b. a line midway between Baltic Street and Butler Street, a line 100 feet northwesterly of 4th Avenue, a line midway between Sackett Street and Union Street, a line 100 feet southeasterly of 3rd Avenue, Degraw Street, a line 200 feet southeasterly of 3rd Avenue, Douglass Street, and a line 100 feet southeasterly of 3rd Avenue; and c. a line midway between Union Street and President Street, a line 180 feet northwesterly of 4th Avenue, President Street, a line 250 feet northwesterly of 4th Avenue, Carroll Street, and a line 100 feet southeasterly of 3rd Avenue; 11. changing from an M2-1 District to an M1-4 District property bounded by 3rd Street, a line 270 feet southeasterly of Bond Street, the centerline of the Gowanus Canal, and Bond Street and its southwesterly centerline prolongation; 12. changing from an M3-1 District to an M1-4 District property bounded by 4th Street, Bond Street and its southwesterly centerline prolongation, the centerline of the Gowanus Canal, a line 160 feet northwesterly of Bond Street and its southwesterly prolongation, a line 120 feet southwesterly of 4th Street, Hoyt Street, 5th Street, and a line perpendicular to the northeasterly street line of 5th Street distant 220 feet northwesterly (as measured along the street line) from the point of intersection of the northeasterly street line of 5th Street and the northwesterly street line of Hoyt Street; 3 13. changing from an R6 District to an M1-4/R6A District property bounded by Warren Street, a line 100 feet southeasterly of Bond Street, Baltic Street and Bond Street; 14. changing from an M1-1 District to an M1-4/R6A District property bounded by a line midway between 3rd Street and 4th Street, Hoyt Street, 4th Street, and a line perpendicular to the northeasterly street line of 4th Street distant 365 feet northwesterly (as measured along the street line) from the point of intersection of the northeasterly street line of 4th Street and the northwesterly street line of Hoyt Street; 15. changing from an M1-2 District to a M1-4/R6A District property bounded by: a. a line midway between Warren Street and Baltic Street, a line 100 feet northwesterly of Nevins Street, a line midway between Baltic Street and Butler Street, a line 100 feet southeasterly of Bond Street, Douglass Street, Bon","https://zap-api-production.herokuapp.com/projects/2018K0382?include=actions,milestones,dispositions,dispositions.action,users,assignments.user,packages,artifacts",https://zap.planning.nyc.gov/projects/2018K0382
2018K0382,Gowanus Neighborhood Plan,2021,390,d64325b1-722b-eb11-a813-001dd8309530,2018K0382 - ZM - BK CB6,Submitted,,,Conditional Favorable,"IN THE MATTER OF an application submitted by the Department of City Planning and the New York City Department of Housing Preservation and Development pursuant to Sections 197- c and 201 of the New York City Charter for an amendment of the Zoning Map, Section Nos. 16c and 16d: 1. eliminating from within an existing R8A District a C2-4 District bounded by: a. Pacific Street, a line 100 feet southeasterly of 4th Avenue, President Street, a line 150 feet southeasterly of 4th Avenue, 3rd Street, 4th Avenue, Douglass Street, and a line 100 feet northwesterly of 4th Avenue; and b. a line 210 feet northeasterly of 5th Street, a line 100 feet southeasterly of 4th Avenue, 7th Street, 4th Avenue, 9th Street, a line 100 feet southeasterly of 4th Avenue, 13th Street, 4th Avenue, 14th Street, a line 100 feet southeasterly of 4th Avenue, 15th Street, a line 100 feet northwesterly of 4th Avenue, 6th Street, and 4th Avenue; 2. eliminating a Special Enhanced Commercial District (EC-1) bounded by Pacific Street, a line 100 feet southeasterly of 4th Avenue, President Street, a line 150 feet southeasterly of 4th Avenue, 3rd Street, a line 100 feet southeasterly of 4th Avenue, 15th Street, a line 100 feet northwesterly of 4th Avenue, 6th Street, 4th Avenue, Douglass Street, and a line 100 feet northwesterly of 4th Avenue; 3. changing from an R6B District to an R6A District property bounded by Carroll Street, Bond Street, 1st Street, and a line 350 feet southeasterly of Hoyt Street; 4. changing from an R6 District to an R6B District property bounded by Warren Street, Nevins Street, a line midway between Warren Street and Baltic Street, and a line 100 feet southeasterly of Bond Street; 5. changing from an R8A District to a C4-4D District property bounded by Pacific Street, a line 100 feet southeasterly of 4th Avenue, President Street, a line 150 feet southeasterly of 4th Avenue, 3rd Street, a line 100 feet southeasterly of 4th Avenue, 15th Street, a line 100 feet northwesterly of 4th Avenue, 6th Street, 4th Avenue, Douglass Street, and a line 100 feet northwesterly of 4th Avenue; 6. changing from an C8-2 District to a C4-4D District property bounded by 3rd Street, 4th Avenue, 6th Street, and a line 100 feet northwesterly of 4th Avenue; 7. changing from an M1-2 District to a C4-4D District property bounded by Douglass 2 Street, 4th Avenue, 1st Street, a line 100 feet northwesterly of 4th Avenue; 8. changing from an C8-2 District to an M1-4 District property bounded by 3rd Street, a line 100 feet northwesterly of 4th Avenue, a line midway between 6th Street and 7th Street, a line 100 feet southeasterly of 3rd Avenue, 7th Street, 3rd Avenue, a line 305 feet southwesterly of 3rd Street, and a line 285 feet southeasterly of 3rd Avenue; 9. changing from an M1-1 District to an M1-4 District property bounded by: a. a line midway between 4th Street and 5th Street, a line perpendicular to the northeasterly street line of 5th Street distant 220 feet northwesterly (as measured along the street line) from the point of intersection of the northeasterly street line of 5th Street and the northwesterly street line of Hoyt Street, 5th Street, and a line perpendicular to the northeasterly street line of 5th Street distant 390 feet northwesterly (as measured along the street line) from the point of intersection of the northeasterly street line of 5th Street and the northwesterly street line of Hoyt Street; and b. 3rd Street, Bond Street, 4th Street, and Hoyt Street; 10. changing from an M1-2 District to an M1-4 District property bounded by: a. a line midway between Baltic Street and Butler Street, Nevins Street, Butler Street and a line 360 feet northwesterly of Nevins Street; b. a line midway between Baltic Street and Butler Street, a line 100 feet northwesterly of 4th Avenue, a line midway between Sackett Street and Union Street, a line 100 feet southeasterly of 3rd Avenue, Degraw Street, a line 200 feet southeasterly of 3rd Avenue, Douglass Street, and a line 100 feet southeasterly of 3rd Avenue; and c. a line midway between Union Street and President Street, a line 180 feet northwesterly of 4th Avenue, President Street, a line 250 feet northwesterly of 4th Avenue, Carroll Street, and a line 100 feet southeasterly of 3rd Avenue; 11. changing from an M2-1 District to an M1-4 District property bounded by 3rd Street, a line 270 feet southeasterly of Bond Street, the centerline of the Gowanus Canal, and Bond Street and its southwesterly centerline prolongation; 12. changing from an M3-1 District to an M1-4 District property bounded by 4th Street, Bond Street and its southwesterly centerline prolongation, the centerline of the Gowanus Canal, a line 160 feet northwesterly of Bond Street and its southwesterly prolongation, a line 120 feet southwesterly of 4th Street, Hoyt Street, 5th Street, and a line perpendicular to the northeasterly street line of 5th Street distant 220 feet northwesterly (as measured along the street line) from the point of intersection of the northeasterly street line of 5th Street and the northwesterly street line of Hoyt Street; 3 13. changing from an R6 District to an M1-4/R6A District property bounded by Warren Street, a line 100 feet southeasterly of Bond Street, Baltic Street and Bond Street; 14. changing from an M1-1 District to an M1-4/R6A District property bounded by a line midway between 3rd Street and 4th Street, Hoyt Street, 4th Street, and a line perpendicular to the northeasterly street line of 4th Street distant 365 feet northwesterly (as measured along the street line) from the point of intersection of the northeasterly street line of 4th Street and the northwesterly street line of Hoyt Street; 15. changing from an M1-2 District to a M1-4/R6A District property bounded by: a. a line midway between Warren Street and Baltic Street, a line 100 feet northwesterly of Nevins Street, a line midway between Baltic Street and Butler Street, a line 100 feet southeasterly of Bond Street, Douglass Street, Bon","https://zap-api-production.herokuapp.com/projects/2018K0382?include=actions,milestones,dispositions,dispositions.action,users,assignments.user,packages,artifacts",https://zap.planning.nyc.gov/projects/2018K0382
2018K0415,1776 48th Street Rezoning,2021,391,641392ef-b084-ea11-a811-001dd8309d89,2018K0415 - ZM - BK BP,Submitted,Conditional Favorable,,,"IN THE MATTER OF an application submitted by Mr. Yitzchok Stern pursuant to Sections 197-c and 201 of the New York City Charter for an amendment of the Zoning Map, Section No. 22c: 1. changing from an R5 District to an R6B District property bounded by 48th Street, 18th Avenue, 49th Street and a line 100 northwesterly of 18th Avenue; and 2. establishing within the proposed R6B District a C2-4 District bounded by 48th Street, 18th Avenue, 49th Street and a line 35 feet northwesterly of 18th Avenue; Borough of Brooklyn, Community District 12, as shown on a diagram (for illustrative purposes only) dated April 5, 2021, and subject to the conditions of CEQR Declaration E-609.","https://zap-api-production.herokuapp.com/projects/2018K0415?include=actions,milestones,dispositions,dispositions.action,users,assignments.user,packages,artifacts",https://zap.planning.nyc.gov/projects/2018K0415
2018K0415,1776 48th Street Rezoning,2021,391,6add96e9-b084-ea11-a811-001dd8309d89,2018K0415 - ZM - BK CB12,Submitted,,,Favorable,"IN THE MATTER OF an application submitted by Mr. Yitzchok Stern pursuant to Sections 197-c and 201 of the New York City Charter for an amendment of the Zoning Map, Section No. 22c: 1. changing from an R5 District to an R6B District property bounded by 48th Street, 18th Avenue, 49th Street and a line 100 northwesterly of 18th Avenue; and 2. establishing within the proposed R6B District a C2-4 District bounded by 48th Street, 18th Avenue, 49th Street and a line 35 feet northwesterly of 18th Avenue; Borough of Brooklyn, Community District 12, as shown on a diagram (for illustrative purposes only) dated April 5, 2021, and subject to the conditions of CEQR Declaration E-609.","https://zap-api-production.herokuapp.com/projects/2018K0415?include=actions,milestones,dispositions,dispositions.action,users,assignments.user,packages,artifacts",https://zap.planning.nyc.gov/projects/2018K0415
2018K0488,840 Atlantic Avenue,2021,392,a969992b-a768-eb11-b0b0-001dd8309d89,2018K0488 - ZM - BK BP,Submitted,Conditional Unfavorable,,,"IN THE MATTER OF an application submitted by Vanderbilt Atlantic Holdings LLC pursuant to Sections 197-c and 201 of the New York City Charter for an amendment of the Zoning Map, Section No. 16c: 1. changing from an R6B District to a C6-3X District property bounded by a line midway between Atlantic Avenue and Pacific Street, a line 125 feet easterly of Vanderbilt Avenue, Pacific Street, and a line 100 feet easterly of Vanderbilt Avenue; and 2. changing from an M1-1 District to a C6-3X District property bounded by the northerly boundary line of the Long Island Railroad Right-Of-Way (Atlantic Division), a line 200 feet easterly of Vanderbilt Avenue and its northerly prolongation, a line midway between Atlantic Avenue and Pacific Street, a line 100 feet easterly of Vanderbilt Avenue, Pacific Street, and Vanderbilt Avenue and its northerly centerline prolongation; as shown on a diagram (for illustrative purposes only) dated March 1, 2021, and subject to the conditions of CEQR Declaration E-604.","https://zap-api-production.herokuapp.com/projects/2018K0488?include=actions,milestones,dispositions,dispositions.action,users,assignments.user,packages,artifacts",https://zap.planning.nyc.gov/projects/2018K0488
2018K0488,840 Atlantic Avenue,2021,392,c069992b-a768-eb11-b0b0-001dd8309d89,2018K0488 - ZM - BK CB8,Submitted,,,Conditional Unfavorable,"IN THE MATTER OF an application submitted by Vanderbilt Atlantic Holdings LLC pursuant to Sections 197-c and 201 of the New York City Charter for an amendment of the Zoning Map, Section No. 16c: 1. changing from an R6B District to a C6-3X District property bounded by a line midway between Atlantic Avenue and Pacific Street, a line 125 feet easterly of Vanderbilt Avenue, Pacific Street, and a line 100 feet easterly of Vanderbilt Avenue; and 2. changing from an M1-1 District to a C6-3X District property bounded by the northerly boundary line of the Long Island Railroad Right-Of-Way (Atlantic Division), a line 200 feet easterly of Vanderbilt Avenue and its northerly prolongation, a line midway between Atlantic Avenue and Pacific Street, a line 100 feet easterly of Vanderbilt Avenue, Pacific Street, and Vanderbilt Avenue and its northerly centerline prolongation; as shown on a diagram (for illustrative purposes only) dated March 1, 2021, and subject to the conditions of CEQR Declaration E-604.","https://zap-api-production.herokuapp.com/projects/2018K0488?include=actions,milestones,dispositions,dispositions.action,users,assignments.user,packages,artifacts",https://zap.planning.nyc.gov/projects/2018K0488
2019K0158,506 Third Avenue,2021,394,cb1f8559-1507-eb11-a812-001dd8309ba3,2019K0158 - ZM - BK BP,Submitted,Conditional Favorable,,,"IN THE MATTER OF an application submitted by PAB 3rd Avenue Holdings LLC pursuant to Sections 197-c and 201 of the New York City Charter for an amendment of the Zoning Map, Section No. 16d, by changing from an existing M2-1 District to a C4-4A District property bounded by 11th Street, 3rd Avenue, 13th Street, and a line 100 feet northwesterly of 3rd Avenue, Borough of Brooklyn, Community District 6, as shown on a diagram (for illustrative purposes only) dated May 17, 2021, and subject to the conditions of CEQR Declaration E-617.","https://zap-api-production.herokuapp.com/projects/2019K0158?include=actions,milestones,dispositions,dispositions.action,users,assignments.user,packages,artifacts",https://zap.planning.nyc.gov/projects/2019K0158
2019K0158,506 Third Avenue,2021,394,91d23157-1507-eb11-a812-001dd8309d89,2019K0158 - ZM - BK CB6,Submitted,,,Conditional Favorable,"IN THE MATTER OF an application submitted by PAB 3rd Avenue Holdings LLC pursuant to Sections 197-c and 201 of the New York City Charter for an amendment of the Zoning Map, Section No. 16d, by changing from an existing M2-1 District to a C4-4A District property bounded by 11th Street, 3rd Avenue, 13th Street, and a line 100 feet northwesterly of 3rd Avenue, Borough of Brooklyn, Community District 6, as shown on a diagram (for illustrative purposes only) dated May 17, 2021, and subject to the conditions of CEQR Declaration E-617.","https://zap-api-production.herokuapp.com/projects/2019K0158?include=actions,milestones,dispositions,dispositions.action,users,assignments.user,packages,artifacts",https://zap.planning.nyc.gov/projects/2019K0158
2019K0158,506 Third Avenue,2021,394,08208559-1507-eb11-a812-001dd8309ba3,2019K0158 - ZR - BK BP,Submitted,Conditional Favorable,,,"IN THE MATTER OF an application submitted by PAB Third Ave Holdings LLC, pursuant to Section 201 of the New York City Charter, for an amendment of the Zoning Resolution of the City of New York, modifying APPENDIX F for the purpose of establishing a Mandatory Inclusionary Housing area.","https://zap-api-production.herokuapp.com/projects/2019K0158?include=actions,milestones,dispositions,dispositions.action,users,assignments.user,packages,artifacts",https://zap.planning.nyc.gov/projects/2019K0158
2019K0158,506 Third Avenue,2021,394,c6d23157-1507-eb11-a812-001dd8309d89,2019K0158 - ZR - BK CB6,Submitted,,,Conditional Favorable,"IN THE MATTER OF an application submitted by PAB Third Ave Holdings LLC, pursuant to Section 201 of the New York City Charter, for an amendment of the Zoning Resolution of the City of New York, modifying APPENDIX F for the purpose of establishing a Mandatory Inclusionary Housing area.","https://zap-api-production.herokuapp.com/projects/2019K0158?include=actions,milestones,dispositions,dispositions.action,users,assignments.user,packages,artifacts",https://zap.planning.nyc.gov/projects/2019K0158
2019K0175,1220 Avenue P Rezoning,2021,395,b68d9dfe-40f4-ea11-a814-001dd8309f34,2019K0175 - ZM - BK BP,Submitted,Conditional Favorable,,,"IN THE MATTER OF an application submitted by Omni Enterprises, LLC pursuant to Sections 197-c and 201 of the New York City Charter for an amendment of the Zoning Map, Section No. 22d, by changing from an R5B District to an R7A District property bounded by Avenue P, East 13th Street, a line 140 feet southerly of Avenue P, East 12th Street, a line 100 feet southerly of Avenue P, and a line midway between Coney Island Avenue and East 12th Street, Borough of Brooklyn, Community District 15, as shown on a diagram (for illustrative purposes only) dated November 1, 2021, and subject to the conditions of CEQR Declaration E-653.","https://zap-api-production.herokuapp.com/projects/2019K0175?include=actions,milestones,dispositions,dispositions.action,users,assignments.user,packages,artifacts",https://zap.planning.nyc.gov/projects/2019K0175
2019K0175,1220 Avenue P Rezoning,2021,395,3f4e9cf2-40f4-ea11-a814-001dd8309f34,2019K0175 - ZM - BK CB15,Submitted,,,Unfavorable,"IN THE MATTER OF an application submitted by Omni Enterprises, LLC pursuant to Sections 197-c and 201 of the New York City Charter for an amendment of the Zoning Map, Section No. 22d, by changing from an R5B District to an R7A District property bounded by Avenue P, East 13th Street, a line 140 feet southerly of Avenue P, East 12th Street, a line 100 feet southerly of Avenue P, and a line midway between Coney Island Avenue and East 12th Street, Borough of Brooklyn, Community District 15, as shown on a diagram (for illustrative purposes only) dated November 1, 2021, and subject to the conditions of CEQR Declaration E-653.","https://zap-api-production.herokuapp.com/projects/2019K0175?include=actions,milestones,dispositions,dispositions.action,users,assignments.user,packages,artifacts",https://zap.planning.nyc.gov/projects/2019K0175
2019K0177,Cooper Park Commons,2021,396,ea42d6c0-b0ce-eb11-8235-001dd8049b61,2019K0177 - HA - BK BP,Submitted,Favorable,,,"IN THE MATTER OF an application submitted by the Department of Housing Preservation and Development (HPD) 1) pursuant to Article 16 of the General Municipal Law of New York State for: a. the designation of property located at 288 Jackson Avenue (Block 2885, Lot 1) as an Urban Development Action Area; and b. an Urban Development Action Area Project for such area; and 2) pursuant to Section 197-c of the New York City Charter for the disposition of such property to a developer to be selected by HPD; to facilitate the enlargement of two existing buildings and the construction of two new buildings containing approximately 556 affordable and senior housing units, a 200-bed homeless shelter and community facility and commercial space, Borough of Brooklyn, Community District 1.","https://zap-api-production.herokuapp.com/projects/2019K0177?include=actions,milestones,dispositions,dispositions.action,users,assignments.user,packages,artifacts",https://zap.planning.nyc.gov/projects/2019K0177
2019K0177,Cooper Park Commons,2021,396,a5f4cdcc-b0ce-eb11-8235-001dd8049b61,2019K0177 - HA - BK CB1,Submitted,,,Favorable,"IN THE MATTER OF an application submitted by the Department of Housing Preservation and Development (HPD) 1) pursuant to Article 16 of the General Municipal Law of New York State for: a. the designation of property located at 288 Jackson Avenue (Block 2885, Lot 1) as an Urban Development Action Area; and b. an Urban Development Action Area Project for such area; and 2) pursuant to Section 197-c of the New York City Charter for the disposition of such property to a developer to be selected by HPD; to facilitate the enlargement of two existing buildings and the construction of two new buildings containing approximately 556 affordable and senior housing units, a 200-bed homeless shelter and community facility and commercial space, Borough of Brooklyn, Community District 1.","https://zap-api-production.herokuapp.com/projects/2019K0177?include=actions,milestones,dispositions,dispositions.action,users,assignments.user,packages,artifacts",https://zap.planning.nyc.gov/projects/2019K0177
2019K0177,Cooper Park Commons,2021,396,5242d6c0-b0ce-eb11-8235-001dd8049b61,2019K0177 - PP - BK BP,Submitted,Favorable,,,"IN THE MATTER OF an application submitted by the Department of Housing Preservation and Development (HPD), pursuant to Sections 197-c of the New York City Charter, to modify the restriction limiting use of property located at 20 Kingsland Avenue (Block 2885, Lot 10) from a health care facility use to general community facility uses, Borough of Brooklyn, Community District 1.","https://zap-api-production.herokuapp.com/projects/2019K0177?include=actions,milestones,dispositions,dispositions.action,users,assignments.user,packages,artifacts",https://zap.planning.nyc.gov/projects/2019K0177
2019K0177,Cooper Park Commons,2021,396,92f4cdcc-b0ce-eb11-8235-001dd8049b61,2019K0177 - PP - BK CB1,Submitted,,,Favorable,"IN THE MATTER OF an application submitted by the Department of Housing Preservation and Development (HPD), pursuant to Sections 197-c of the New York City Charter, to modify the restriction limiting use of property located at 20 Kingsland Avenue (Block 2885, Lot 10) from a health care facility use to general community facility uses, Borough of Brooklyn, Community District 1.","https://zap-api-production.herokuapp.com/projects/2019K0177?include=actions,milestones,dispositions,dispositions.action,users,assignments.user,packages,artifacts",https://zap.planning.nyc.gov/projects/2019K0177
2019K0208,Glenmore Manor,2021,397,4fb6af3a-9a57-eb11-a811-001dd83098a1,2019K0208 - HA - BK BP,Submitted,Conditional Favorable,,,"IN THE MATTER OF an application submitted by the Department of Housing Preservation and Development (HPD) 1) pursuant to Article 16 of the General Municipal Law of New York State for: a. the designation of property located at 305-309 Mother Gaston Boulevard (Block 3692, Lots 1, 2, 3 and 4), 46 – 64 Christopher Avenue (Block 3692, Lots 23, 24, 25, 26, 27, 28, 29, 30, 31 and 32), 111-117 Glenmore Avenue (Block 3692, Lots 34, 35 and 37) as an Urban Development Action Area; and b. Urban Development Action Area Project for such area; and 2) pursuant to Section 197-c of the New York City Charter for the disposition of such property to a developer to be selected by HPD; to facilitate the development of an 11-story mixed use development containing approximately 232 affordable housing units, commercial and community facility space, Borough of Brooklyn, Community District 16.","https://zap-api-production.herokuapp.com/projects/2019K0208?include=actions,milestones,dispositions,dispositions.action,users,assignments.user,packages,artifacts",https://zap.planning.nyc.gov/projects/2019K0208
2019K0208,Glenmore Manor,2021,397,f8a80925-9a57-eb11-a811-001dd8309d89,2019K0208 - HA - BK CB16,Submitted,,,Unfavorable,"IN THE MATTER OF an application submitted by the Department of Housing Preservation and Development (HPD) 1) pursuant to Article 16 of the General Municipal Law of New York State for: a. the designation of property located at 305-309 Mother Gaston Boulevard (Block 3692, Lots 1, 2, 3 and 4), 46 – 64 Christopher Avenue (Block 3692, Lots 23, 24, 25, 26, 27, 28, 29, 30, 31 and 32), 111-117 Glenmore Avenue (Block 3692, Lots 34, 35 and 37) as an Urban Development Action Area; and b. Urban Development Action Area Project for such area; and 2) pursuant to Section 197-c of the New York City Charter for the disposition of such property to a developer to be selected by HPD; to facilitate the development of an 11-story mixed use development containing approximately 232 affordable housing units, commercial and community facility space, Borough of Brooklyn, Community District 16.","https://zap-api-production.herokuapp.com/projects/2019K0208?include=actions,milestones,dispositions,dispositions.action,users,assignments.user,packages,artifacts",https://zap.planning.nyc.gov/projects/2019K0208
2019K0208,Glenmore Manor,2021,397,56b6af3a-9a57-eb11-a811-001dd83098a1,2019K0208 - HU - BK BP,Submitted,Conditional Favorable,,,"IN THE MATTER OF an application submitted by the Department of Housing Preservation and Development (HPD), pursuant to Section 505 of Article 15 of the General Municipal (Urban Renewal) Law of New York State and Section 197-c of the New York City Charter, for the third amendment to the Brownsville II Urban Renewal Plan, Borough of Brooklyn, Community District 16.","https://zap-api-production.herokuapp.com/projects/2019K0208?include=actions,milestones,dispositions,dispositions.action,users,assignments.user,packages,artifacts",https://zap.planning.nyc.gov/projects/2019K0208
2019K0208,Glenmore Manor,2021,397,02a90925-9a57-eb11-a811-001dd8309d89,2019K0208 - HU - BK CB16,Submitted,,,Unfavorable,"IN THE MATTER OF an application submitted by the Department of Housing Preservation and Development (HPD), pursuant to Section 505 of Article 15 of the General Municipal (Urban Renewal) Law of New York State and Section 197-c of the New York City Charter, for the third amendment to the Brownsville II Urban Renewal Plan, Borough of Brooklyn, Community District 16.","https://zap-api-production.herokuapp.com/projects/2019K0208?include=actions,milestones,dispositions,dispositions.action,users,assignments.user,packages,artifacts",https://zap.planning.nyc.gov/projects/2019K0208
2019K0208,Glenmore Manor,2021,397,29b6af3a-9a57-eb11-a811-001dd83098a1,2019K0208 - ZM - BK BP,Submitted,Conditional Favorable,,,"IN THE MATTER OF an application submitted by NYC Housing Preservation and Development pursuant to Sections 197-c and 201 of the New York City Charter for an amendment of the Zoning Map, Section No. 17c and 17d: 1. changing from an R6 District to an R7A District property bounded by Liberty Avenue, Christopher Avenue, a line 100 feet northerly of Glenmore Avenue, and a line midway between Mother Gaston Boulevard and Christopher Avenue; 2. changing from an R6 District to an R7D District property bounded by a line 100 feet northerly of Glenmore Avenue, Christopher Avenue, Glenmore Avenue, and Mother Gaston Boulevard; 3. establishing within the proposed R7A District a C2-4 District bounded by Liberty Avenue, Christopher Avenue, a line 100 feet northerly of Glenmore Avenue, and a line midway between Mother Gaston Boulevard and Christopher Avenue; and 4. establishing within the proposed R7D District a C2-4 District bounded by a line 100 feet northerly of Glenmore Avenue, Christopher Avenue, Glenmore Avenue, and Mother Gaston Boulevard; as shown on a diagram (for illustrative purposes only) dated April 19, 2021.","https://zap-api-production.herokuapp.com/projects/2019K0208?include=actions,milestones,dispositions,dispositions.action,users,assignments.user,packages,artifacts",https://zap.planning.nyc.gov/projects/2019K0208
2019K0208,Glenmore Manor,2021,397,c6a80925-9a57-eb11-a811-001dd8309d89,2019K0208 - ZM - BK CB16,Submitted,,,Unfavorable,"IN THE MATTER OF an application submitted by NYC Housing Preservation and Development pursuant to Sections 197-c and 201 of the New York City Charter for an amendment of the Zoning Map, Section No. 17c and 17d: 1. changing from an R6 District to an R7A District property bounded by Liberty Avenue, Christopher Avenue, a line 100 feet northerly of Glenmore Avenue, and a line midway between Mother Gaston Boulevard and Christopher Avenue; 2. changing from an R6 District to an R7D District property bounded by a line 100 feet northerly of Glenmore Avenue, Christopher Avenue, Glenmore Avenue, and Mother Gaston Boulevard; 3. establishing within the proposed R7A District a C2-4 District bounded by Liberty Avenue, Christopher Avenue, a line 100 feet northerly of Glenmore Avenue, and a line midway between Mother Gaston Boulevard and Christopher Avenue; and 4. establishing within the proposed R7D District a C2-4 District bounded by a line 100 feet northerly of Glenmore Avenue, Christopher Avenue, Glenmore Avenue, and Mother Gaston Boulevard; as shown on a diagram (for illustrative purposes only) dated April 19, 2021.","https://zap-api-production.herokuapp.com/projects/2019K0208?include=actions,milestones,dispositions,dispositions.action,users,assignments.user,packages,artifacts",https://zap.planning.nyc.gov/projects/2019K0208
2019K0213,103 Lee Avenue,2021,398,5a8164cb-468b-eb11-b1b0-001dd801877a,2019K0213 - ZM - BK BP,Submitted,Conditional Favorable,,,"York City Charter for an amendment of the Zoning Map, Section No. 12d: 1. eliminating from within an existing R6 District a C1-3 District bounded by Williamsburg Street East, Lee Avenue, and the southwesterly prolongation of a line midway between Keap Street and Hooper Street; 2. changing from an R6 District to an R7X District property bounded by Williamsburg Street East, Keap Street and its southwesterly centerline prolongation, a line 100 feet northeasterly of Lee Avenue, and a line midway between Keap Street and Hooper Street and its southwesterly prolongation; and 3. establishing within the proposed R7X District a C2-4 District bounded by Williamsburg Street East, Keap Street and its southwesterly centerline prolongation, a line 100 feet northeasterly of Lee Avenue, and a line midway between Keap Street and Hooper Street and its southwesterly prolongation; Borough of Brooklyn, Community District 1, as shown on a diagram (for illustrative purposes only) dated November 15, 2021.","https://zap-api-production.herokuapp.com/projects/2019K0213?include=actions,milestones,dispositions,dispositions.action,users,assignments.user,packages,artifacts",https://zap.planning.nyc.gov/projects/2019K0213
2019K0213,103 Lee Avenue,2021,398,384f03c5-468b-eb11-b1b0-001dd801877a,2019K0213 - ZM - BK CB1,Submitted,,,Conditional Favorable,"York City Charter for an amendment of the Zoning Map, Section No. 12d: 1. eliminating from within an existing R6 District a C1-3 District bounded by Williamsburg Street East, Lee Avenue, and the southwesterly prolongation of a line midway between Keap Street and Hooper Street; 2. changing from an R6 District to an R7X District property bounded by Williamsburg Street East, Keap Street and its southwesterly centerline prolongation, a line 100 feet northeasterly of Lee Avenue, and a line midway between Keap Street and Hooper Street and its southwesterly prolongation; and 3. establishing within the proposed R7X District a C2-4 District bounded by Williamsburg Street East, Keap Street and its southwesterly centerline prolongation, a line 100 feet northeasterly of Lee Avenue, and a line midway between Keap Street and Hooper Street and its southwesterly prolongation; Borough of Brooklyn, Community District 1, as shown on a diagram (for illustrative purposes only) dated November 15, 2021.","https://zap-api-production.herokuapp.com/projects/2019K0213?include=actions,milestones,dispositions,dispositions.action,users,assignments.user,packages,artifacts",https://zap.planning.nyc.gov/projects/2019K0213
2019K0224,270 Nostrand Avenue Rezoning,2021,399,b7cfdfb4-7d1f-eb11-a812-001dd83098a1,2019K0224 - ZM - BK BP,Submitted,Unfavorable,,,"IN THE MATTER OF an application submitted by BRP East Brooklyn Development LLC pursuant to Sections 197-c and 201 of the New York City Charter for an amendment of the Zoning Map, Section No. 17a: 1. changing from an R7A District to an R8A District property bounded by Dekalb Avenue, Nostrand Avenue, Kosciuszko Street, and a line 240 feet westerly of Nostrand Avenue; and 2. establishing within the proposed R8A District a C2-4 District bounded by Dekalb Avenue, Nostrand Avenue, Kosciuszko Street, a line 100 feet westerly of Nostrand Avenue, a line midway between Dekalb Avenue and Kosciusko Street, and a line 240 feet westerly of Nostrand Avenue; Borough of Brooklyn, Community District 3, as shown on a diagram (for illustrative purposes only) dated April 5, 2021, and subject to the conditions of CEQR Declaration E-606.","https://zap-api-production.herokuapp.com/projects/2019K0224?include=actions,milestones,dispositions,dispositions.action,users,assignments.user,packages,artifacts",https://zap.planning.nyc.gov/projects/2019K0224
2019K0224,270 Nostrand Avenue Rezoning,2021,399,4a33b4ab-7d1f-eb11-a813-001dd8309530,2019K0224 - ZM - BK CB3,Submitted,,,Unfavorable,"IN THE MATTER OF an application submitted by BRP East Brooklyn Development LLC pursuant to Sections 197-c and 201 of the New York City Charter for an amendment of the Zoning Map, Section No. 17a: 1. changing from an R7A District to an R8A District property bounded by Dekalb Avenue, Nostrand Avenue, Kosciuszko Street, and a line 240 feet westerly of Nostrand Avenue; and 2. establishing within the proposed R8A District a C2-4 District bounded by Dekalb Avenue, Nostrand Avenue, Kosciuszko Street, a line 100 feet westerly of Nostrand Avenue, a line midway between Dekalb Avenue and Kosciusko Street, and a line 240 feet westerly of Nostrand Avenue; Borough of Brooklyn, Community District 3, as shown on a diagram (for illustrative purposes only) dated April 5, 2021, and subject to the conditions of CEQR Declaration E-606.","https://zap-api-production.herokuapp.com/projects/2019K0224?include=actions,milestones,dispositions,dispositions.action,users,assignments.user,packages,artifacts",https://zap.planning.nyc.gov/projects/2019K0224
2019K0271,2300 Cropsey Avenue,2021,400,16141e09-f2ba-ea11-a812-001dd8309870,2019K0271 - ZM - BK BP,Submitted,Conditional Favorable,,,"IN THE MATTER OF an application submitted by Cropsey Partners LLC pursuant to Sections 197-c and 201 of the New York City Charter for the amendment of the Zoning Map, Section No. 28c, by establishing within an existing R6 District a C2-4 District bounded by Cropsey Avenue, a line 380 feet northwesterly of 24th Avenue, Leif Ericson Drive and a line 620 feet northwesterly of 24th Avenue, Borough of Brooklyn, Community District 11, as shown on a diagram (for illustrative purposes only) dated December 13, 2021.","https://zap-api-production.herokuapp.com/projects/2019K0271?include=actions,milestones,dispositions,dispositions.action,users,assignments.user,packages,artifacts",https://zap.planning.nyc.gov/projects/2019K0271
2019K0271,2300 Cropsey Avenue,2021,400,e2131e09-f2ba-ea11-a812-001dd8309870,2019K0271 - ZM - BK CB11,Submitted,,,Favorable,"IN THE MATTER OF an application submitted by Cropsey Partners LLC pursuant to Sections 197-c and 201 of the New York City Charter for the amendment of the Zoning Map, Section No. 28c, by establishing within an existing R6 District a C2-4 District bounded by Cropsey Avenue, a line 380 feet northwesterly of 24th Avenue, Leif Ericson Drive and a line 620 feet northwesterly of 24th Avenue, Borough of Brooklyn, Community District 11, as shown on a diagram (for illustrative purposes only) dated December 13, 2021.","https://zap-api-production.herokuapp.com/projects/2019K0271?include=actions,milestones,dispositions,dispositions.action,users,assignments.user,packages,artifacts",https://zap.planning.nyc.gov/projects/2019K0271
2019K0333,98 Third Avenue,2021,401,4c56ad08-df99-ea11-a811-001dd8309d89,2019K0333 - ZM - BK BP,Submitted,Conditional Favorable,,,"IN THE MATTER OF an application submitted by 98 Third Avenue Realty LLC pursuant to Sections 197-c and 201 of the New York City Charter for an amendment of the Zoning Map, Section No. 16c: 1. changing from an M1-2 District to an R6B District property bounded by a line midway between Bergen Street and Wyckoff Street, a line 100 feet northwesterly of 3rd Avenue, Wyckoff Street, and a line 120 feet northwesterly of 3rd Avenue; 2. changing from an M1-2 District to an R7D District property bounded by Bergen Street, 3rd Avenue, Wyckoff Street, and a line 100 feet northwesterly of 3rd Avenue; and 3. establishing within the proposed R7D District a C2-4 District bounded by Bergen Street, 3rd Avenue, Wyckoff Street, and a line 100 feet northwesterly of 3rd Avenue; Borough of Brooklyn, Community District 2, as shown on a diagram (for illustrative purposes only) dated December 13, 2021, and subject to the conditions of CEQR Declaration E-647.","https://zap-api-production.herokuapp.com/projects/2019K0333?include=actions,milestones,dispositions,dispositions.action,users,assignments.user,packages,artifacts",https://zap.planning.nyc.gov/projects/2019K0333
2019K0333,98 Third Avenue,2021,401,403b4f06-df99-ea11-a811-001dd8309870,2019K0333 - ZM - BK CB2,Submitted,,,Favorable,"IN THE MATTER OF an application submitted by 98 Third Avenue Realty LLC pursuant to Sections 197-c and 201 of the New York City Charter for an amendment of the Zoning Map, Section No. 16c: 1. changing from an M1-2 District to an R6B District property bounded by a line midway between Bergen Street and Wyckoff Street, a line 100 feet northwesterly of 3rd Avenue, Wyckoff Street, and a line 120 feet northwesterly of 3rd Avenue; 2. changing from an M1-2 District to an R7D District property bounded by Bergen Street, 3rd Avenue, Wyckoff Street, and a line 100 feet northwesterly of 3rd Avenue; and 3. establishing within the proposed R7D District a C2-4 District bounded by Bergen Street, 3rd Avenue, Wyckoff Street, and a line 100 feet northwesterly of 3rd Avenue; Borough of Brooklyn, Community District 2, as shown on a diagram (for illustrative purposes only) dated December 13, 2021, and subject to the conditions of CEQR Declaration E-647.","https://zap-api-production.herokuapp.com/projects/2019K0333?include=actions,milestones,dispositions,dispositions.action,users,assignments.user,packages,artifacts",https://zap.planning.nyc.gov/projects/2019K0333
2019K0442,79 Quay Street Rezoning,2021,402,899f4252-dd2a-eb11-a813-001dd8309870,2019K0442 - ZM - BK BP,Submitted,Conditional Favorable,,,"IN THE MATTER OF an application submitted by Quay Plaza LLC pursuant to Sections 197-c and 201 of the New York City Charter for an amendment of the Zoning Map, Section No. 12c, by changing from an M1-2/R6A District to an M1-4/R7D District property bounded by a line 100 feet northerly of Quay Street, a line 100 feet westerly of Franklin Street, Quay Street, and West Street, Borough of the Brooklyn, Community District 1, as shown on a diagram (for illustrative purposes only) dated June 21, 2021, and subject to the conditions of CEQR Declaration E-622.","https://zap-api-production.herokuapp.com/projects/2019K0442?include=actions,milestones,dispositions,dispositions.action,users,assignments.user,packages,artifacts",https://zap.planning.nyc.gov/projects/2019K0442
2019K0442,79 Quay Street Rezoning,2021,402,b85a3e4c-dd2a-eb11-a813-001dd8309870,2019K0442 - ZM - BK CB1,Submitted,,,Conditional Favorable,"IN THE MATTER OF an application submitted by Quay Plaza LLC pursuant to Sections 197-c and 201 of the New York City Charter for an amendment of the Zoning Map, Section No. 12c, by changing from an M1-2/R6A District to an M1-4/R7D District property bounded by a line 100 feet northerly of Quay Street, a line 100 feet westerly of Franklin Street, Quay Street, and West Street, Borough of the Brooklyn, Community District 1, as shown on a diagram (for illustrative purposes only) dated June 21, 2021, and subject to the conditions of CEQR Declaration E-622.","https://zap-api-production.herokuapp.com/projects/2019K0442?include=actions,milestones,dispositions,dispositions.action,users,assignments.user,packages,artifacts",https://zap.planning.nyc.gov/projects/2019K0442
2019K0457,1045 Atlantic Avenue,2021,403,52f27482-bb6b-eb11-b0b1-001dd8309530,2019K0457 - ZM - BK BP,Submitted,Conditional Favorable,,,"IN THE MATTER OF an application submitted by Atlantic Brooklyn LLC pursuant to Sections 197-c and 201 of the New York City Charter for an amendment of the Zoning Map, Section Nos. 16c & 17a, by changing from an M1-1 District to a C6-3A District property bounded by a line midway between Lefferts Place and Atlantic Avenue, a line perpendicular to the northeasterly street line of Atlantic Avenue distant 180 feet northwesterly (as measured along the street line) from the point of intersection of the northeasterly street line of Atlantic Avenue and the westerly street line of Franklin Avenue, the northeasterly boundary line of the Long Island Rail Road right-of-way (Atlantic Division), and a line perpendicular to the northeasterly street line of Atlantic Avenue distant 210 feet southeasterly (as measured along the street line) from the point of intersection of the northeasterly street line of Atlantic Avenue and the easterly street line of Classon Avenue, Borough of Brooklyn, Community District 3, as shown on a diagram (for illustrative purposes only) dated June 21, 2021, and subject to the conditions of CEQR Declaration E-631.","https://zap-api-production.herokuapp.com/projects/2019K0457?include=actions,milestones,dispositions,dispositions.action,users,assignments.user,packages,artifacts",https://zap.planning.nyc.gov/projects/2019K0457
2019K0457,1045 Atlantic Avenue,2021,403,559ff27d-bb6b-eb11-b0b0-001dd8309f34,2019K0457 - ZM - BK CB3,Submitted,,,Conditional Favorable,"IN THE MATTER OF an application submitted by Atlantic Brooklyn LLC pursuant to Sections 197-c and 201 of the New York City Charter for an amendment of the Zoning Map, Section Nos. 16c & 17a, by changing from an M1-1 District to a C6-3A District property bounded by a line midway between Lefferts Place and Atlantic Avenue, a line perpendicular to the northeasterly street line of Atlantic Avenue distant 180 feet northwesterly (as measured along the street line) from the point of intersection of the northeasterly street line of Atlantic Avenue and the westerly street line of Franklin Avenue, the northeasterly boundary line of the Long Island Rail Road right-of-way (Atlantic Division), and a line perpendicular to the northeasterly street line of Atlantic Avenue distant 210 feet southeasterly (as measured along the street line) from the point of intersection of the northeasterly street line of Atlantic Avenue and the easterly street line of Classon Avenue, Borough of Brooklyn, Community District 3, as shown on a diagram (for illustrative purposes only) dated June 21, 2021, and subject to the conditions of CEQR Declaration E-631.","https://zap-api-production.herokuapp.com/projects/2019K0457?include=actions,milestones,dispositions,dispositions.action,users,assignments.user,packages,artifacts",https://zap.planning.nyc.gov/projects/2019K0457
2020K0153,130 St. Felix Street,2021,404,181f2f69-6670-eb11-b0b1-001dd8309530,2020K0153 - ZM - BK BP,Submitted,Conditional Favorable,,,"## 130 St. Felix Street CD 02 C 210278 ZMK IN THE MATTER OF an application submitted by 130 St. Felix Street LLC pursuant to Sections 197-c and 201 of the New York City Charter for an amendment of the Zoning Map, Section No. 16c: 1. changing from an existing C6-1 District to an C6-4 District property bounded by a line 330 feet northerly of Hanson Place, St. Felix Street, Hanson Place, a line midway between Ashland Place and St. Felix Street, a line 100 feet northerly of Hanson Place, Ashland Place, a line 250 feet northerly of Hanson Place, and a line midway between Ashland Place and St. Felix Street; and 2. changing from an existing C6-1 District to an C6-6 District property bounded by a line 100 feet northerly of Hanson Place, a line midway between Ashland Place and St. Felix Street, Hanson Place, and Ashland Place; Borough of Brooklyn, Community District 2, as shown on a diagram (for illustrative purposes only) dated May 3, 2021, and subject to the conditions of CEQR Declaration E-616.","https://zap-api-production.herokuapp.com/projects/2020K0153?include=actions,milestones,dispositions,dispositions.action,users,assignments.user,packages,artifacts",https://zap.planning.nyc.gov/projects/2020K0153
2020K0153,130 St. Felix Street,2021,404,3972b95c-6670-eb11-b0b1-001dd8309f34,2020K0153 - ZM - BK CB2,Submitted,,,Unfavorable,"IN THE MATTER OF an application submitted by 130 St. Felix Street LLC pursuant to Sections 197-c and 201 of the New York City Charter for an amendment of the Zoning Map, Section No. 16c: 1. changing from an existing C6-1 District to an C6-4 District property bounded by a line 330 feet northerly of Hanson Place, St. Felix Street, Hanson Place, a line midway between Ashland Place and St. Felix Street, a line 100 feet northerly of Hanson Place, Ashland Place, a line 250 feet northerly of Hanson Place, and a line midway between Ashland Place and St. Felix Street; and 2. changing from an existing C6-1 District to an C6-6 District property bounded by a line 100 feet northerly of Hanson Place, a line midway between Ashland Place and St. Felix Street, Hanson Place, and Ashland Place; Borough of Brooklyn, Community District 2, as shown on a diagram (for illustrative purposes only) dated May 3, 2021, and subject to the conditions of CEQR Declaration E-616.","https://zap-api-production.herokuapp.com/projects/2020K0153?include=actions,milestones,dispositions,dispositions.action,users,assignments.user,packages,artifacts",https://zap.planning.nyc.gov/projects/2020K0153
2020K0153,130 St. Felix Street,2021,404,1b202f69-6670-eb11-b0b1-001dd8309530,2020K0153 - ZS - BK BP,Submitted,Conditional Favorable,,,"IN THE MATTER OF an application submitted by 130 St. Felix Street, LLC pursuant to Sections 197-c and 201 of the New York City Charter for the grant of a special permit pursuant to Section 74-533 of the Zoning Resolution to waive all required accessory off-street parking spaces for dwelling units in a development within a Transit Zone, that includes at least 20 percent of all dwelling units as income-restricted housing units, in connection with a proposed mixed-use development, on property generally bounded by a line 330 feet northerly of Hanson Place, St. Felix Street, a line 165 feet northerly of Hanson Place, a line midway between Ashland Place and St. Felix Street, Hanson Place, Ashland Place, a line 250 feet northerly of Hanson Place, and a line midway between Ashland Place and St. Felix Street (Block 2111, Lots 37, 40, & 1001-1199), in C6-4* and C6-6* Districts, within the Special Downtown Brooklyn District, Borough of Brooklyn, Community District 2. * Note: The development site is proposed to be rezoned by changing an existing C6-1 District to C6-4 and C6-6 Districts under a concurrent related application for a Zoning Map change (C 210278 ZMK). Plans for this proposal are on file with the City Planning Commission and may be seen at 120 Broadway, 31st Floor, New York, N.Y. 10271-0001.","https://zap-api-production.herokuapp.com/projects/2020K0153?include=actions,milestones,dispositions,dispositions.action,users,assignments.user,packages,artifacts",https://zap.planning.nyc.gov/projects/2020K0153
2020K0153,130 St. Felix Street,2021,404,49202f69-6670-eb11-b0b1-001dd8309530,2020K0153 - ZS - BK BP,Submitted,Conditional Favorable,,,"IN THE MATTER OF an application submitted by 130 St. Felix Street, LLC pursuant to Sections 197-c and 201 of the New York City Charter for the grant of a special permit pursuant to Section 101-82* of the Zoning Resolution to modify the tower lot coverage requirements of Section 101-223 (Tower Regulations), to modify the rear yard requirements of Section 23-532 (Required rear yard equivalents), to modify the inner court dimension requirements of Section 23-851 (Minimum dimensions of inner courts), in connection with a proposed mixed-use development, on property generally bounded by a line 330 feet northerly of Hanson Place, St. Felix Street, a line 165 feet northerly of Hanson Place, a line midway between Ashland Place and St. Felix Street, Hanson Place, Ashland Place, a line 250 feet northerly of Hanson Place, and a line midway between Ashland Place and St. Felix Street (Block 2111, Lots 37, 40, & 1001-1199), in C6-4* and C6-6* Districts, within the Special Downtown Brooklyn District, Borough of Brooklyn, Community District 2. * Note: A zoning text amendment is proposed to Section 101-82 under a concurrent related application for a Zoning Text change (N 210279 ZRK). ** Note: The development site is proposed to be rezoned by changing an existing C6-1 District to C6-4 and C6-6 Districts under a concurrent related application for a Zoning Map change (C 210278 ZMK). Plans for this proposal are on file with the City Planning Commission and may be seen at 120 Broadway, 31st Floor, New York, NY 10271-0001.","https://zap-api-production.herokuapp.com/projects/2020K0153?include=actions,milestones,dispositions,dispositions.action,users,assignments.user,packages,artifacts",https://zap.planning.nyc.gov/projects/2020K0153
2020K0153,130 St. Felix Street,2021,404,e372b95c-6670-eb11-b0b1-001dd8309f34,2020K0153 - ZS - BK CB2,Submitted,,,Unfavorable,"IN THE MATTER OF an application submitted by 130 St. Felix Street, LLC pursuant to Sections 197-c and 201 of the New York City Charter for the grant of a special permit pursuant to Section 74-533 of the Zoning Resolution to waive all required accessory off-street parking spaces for dwelling units in a development within a Transit Zone, that includes at least 20 percent of all dwelling units as income-restricted housing units, in connection with a proposed mixed-use development, on property generally bounded by a line 330 feet northerly of Hanson Place, St. Felix Street, a line 165 feet northerly of Hanson Place, a line midway between Ashland Place and St. Felix Street, Hanson Place, Ashland Place, a line 250 feet northerly of Hanson Place, and a line midway between Ashland Place and St. Felix Street (Block 2111, Lots 37, 40, & 1001-1199), in C6-4* and C6-6* Districts, within the Special Downtown Brooklyn District, Borough of Brooklyn, Community District 2. * Note: The development site is proposed to be rezoned by changing an existing C6-1 District to C6-4 and C6-6 Districts under a concurrent related application for a Zoning Map change (C 210278 ZMK). Plans for this proposal are on file with the City Planning Commission and may be seen at 120 Broadway, 31st Floor, New York, N.Y. 10271-0001.","https://zap-api-production.herokuapp.com/projects/2020K0153?include=actions,milestones,dispositions,dispositions.action,users,assignments.user,packages,artifacts",https://zap.planning.nyc.gov/projects/2020K0153
2020K0153,130 St. Felix Street,2021,404,2573b95c-6670-eb11-b0b1-001dd8309f34,2020K0153 - ZS - BK CB2,Submitted,,,Unfavorable,"IN THE MATTER OF an application submitted by 130 St. Felix Street, LLC pursuant to Sections 197-c and 201 of the New York City Charter for the grant of a special permit pursuant to Section 101-82* of the Zoning Resolution to modify the tower lot coverage requirements of Section 101-223 (Tower Regulations), to modify the rear yard requirements of Section 23-532 (Required rear yard equivalents), to modify the inner court dimension requirements of Section 23-851 (Minimum dimensions of inner courts), in connection with a proposed mixed-use development, on property generally bounded by a line 330 feet northerly of Hanson Place, St. Felix Street, a line 165 feet northerly of Hanson Place, a line midway between Ashland Place and St. Felix Street, Hanson Place, Ashland Place, a line 250 feet northerly of Hanson Place, and a line midway between Ashland Place and St. Felix Street (Block 2111, Lots 37, 40, & 1001-1199), in C6-4* and C6-6* Districts, within the Special Downtown Brooklyn District, Borough of Brooklyn, Community District 2. * Note: A zoning text amendment is proposed to Section 101-82 under a concurrent related application for a Zoning Text change (N 210279 ZRK). ** Note: The development site is proposed to be rezoned by changing an existing C6-1 District to C6-4 and C6-6 Districts under a concurrent related application for a Zoning Map change (C 210278 ZMK). Plans for this proposal are on file with the City Planning Commission and may be seen at 120 Broadway, 31st Floor, New York, NY 10271-0001.","https://zap-api-production.herokuapp.com/projects/2020K0153?include=actions,milestones,dispositions,dispositions.action,users,assignments.user,packages,artifacts",https://zap.planning.nyc.gov/projects/2020K0153
2020K0199,Broadway Triangle - Bartlett Crossing,2021,405,23aef2c5-8b48-ec11-8c60-001dd804f64f,2020K0199 - HA - BK BP,Submitted,Favorable,,,"IN THE MATTER OF an application submitted by the Department of Housing Preservation and Development (HPD) 1. pursuant to Article 16 of the General Municipal Law of New York State for: a. the designation of property located at 31 Bartlett Street (Block 2269, Lot 52) as an Urban Development Action Area; and b. an Urban Development Action Area Project for such area; and 2. pursuant to Section 197-c of the New York City Charter for the disposition of such property to a developer to be selected by HPD; to facilitate the development of a nine-story building containing approximately 29 affordable housing units, Borough of Brooklyn, Community District 1.","https://zap-api-production.herokuapp.com/projects/2020K0199?include=actions,milestones,dispositions,dispositions.action,users,assignments.user,packages,artifacts",https://zap.planning.nyc.gov/projects/2020K0199
2020K0199,Broadway Triangle - Bartlett Crossing,2021,405,0591bf32-8c48-ec11-8c60-001dd804f57a,2020K0199 - HA - BK CB1,Submitted,,,Favorable,"IN THE MATTER OF an application submitted by the Department of Housing Preservation and Development (HPD) 1. pursuant to Article 16 of the General Municipal Law of New York State for: a. the designation of property located at 31 Bartlett Street (Block 2269, Lot 52) as an Urban Development Action Area; and b. an Urban Development Action Area Project for such area; and 2. pursuant to Section 197-c of the New York City Charter for the disposition of such property to a developer to be selected by HPD; to facilitate the development of a nine-story building containing approximately 29 affordable housing units, Borough of Brooklyn, Community District 1.","https://zap-api-production.herokuapp.com/projects/2020K0199?include=actions,milestones,dispositions,dispositions.action,users,assignments.user,packages,artifacts",https://zap.planning.nyc.gov/projects/2020K0199
2020K0259,840 Lorimer Street Rezoning,2021,406,aa1e2927-e017-ec11-b6e5-001dd804c003,2020K0259 - ZM - BK BP,Submitted,Conditional Favorable,,,"IN THE MATTER OF an application submitted by Zucker Enterprises, LLC pursuant to Sections 197-c and 201 of the New York City Charter for the amendment of the Zoning Map, Section No. 13a: 1. eliminating from within an existing R6A District a C2-4 District bounded by a line perpendicular to the northeasterly street line of Lorimer Street distant 135 feet northwesterly (a measured along the street line) from the point of intersection of the northeasterly street line of Lorimer Street and the northwesterly street line of Driggs Avenue, Manhattan Avenue, Driggs Avenue, and a line midway between Lorimer Street and Manhattan Avenue; 2. eliminating a Special Mixed Use District (MX-8) bounded by a line perpendicular to the northeasterly street line of Lorimer Street distant 135 feet northwesterly (a measured along the street line) from the point of intersection of the northeasterly street line of Lorimer Street and the northwesterly street line of Driggs Avenue, a line midway between Lorimer Street and Manhattan Avenue, Driggs Avenue, and Lorimer Street; 3. changing from an R6A District to a C4-5D District property bounded by a line perpendicular to the northeasterly street line of Lorimer Street distant 135 feet northwesterly (a measured along the street line) from the point of intersection of the northeasterly street line of Lorimer Street and the northwesterly street line of Driggs Avenue, Manhattan Avenue, Driggs Avenue, and a line midway between Lorimer Street and Manhattan Avenue; and 4. changing from an M1-2/R6 District to a C4-5D District property bounded by a line perpendicular to the northeasterly street line of Lorimer Street distant 135 feet northwesterly (a measured along the street line) from the point of intersection of the northeasterly street line of Lorimer Street and the northwesterly street line of Driggs Avenue, a line midway between Lorimer Street and Manhattan Avenue, Driggs Avenue, and Lorimer Street; as shown on a diagram (for illustrative purposes only) dated November 29, 2021, and subject to the conditions of CEQR Declaration E-650.","https://zap-api-production.herokuapp.com/projects/2020K0259?include=actions,milestones,dispositions,dispositions.action,users,assignments.user,packages,artifacts",https://zap.planning.nyc.gov/projects/2020K0259
2020K0259,840 Lorimer Street Rezoning,2021,406,7dd63021-e017-ec11-b6e5-001dd804c003,2020K0259 - ZM - BK CB1,Submitted,,,Conditional Unfavorable,"IN THE MATTER OF an application submitted by Zucker Enterprises, LLC pursuant to Sections 197-c and 201 of the New York City Charter for the amendment of the Zoning Map, Section No. 13a: 1. eliminating from within an existing R6A District a C2-4 District bounded by a line perpendicular to the northeasterly street line of Lorimer Street distant 135 feet northwesterly (a measured along the street line) from the point of intersection of the northeasterly street line of Lorimer Street and the northwesterly street line of Driggs Avenue, Manhattan Avenue, Driggs Avenue, and a line midway between Lorimer Street and Manhattan Avenue; 2. eliminating a Special Mixed Use District (MX-8) bounded by a line perpendicular to the northeasterly street line of Lorimer Street distant 135 feet northwesterly (a measured along the street line) from the point of intersection of the northeasterly street line of Lorimer Street and the northwesterly street line of Driggs Avenue, a line midway between Lorimer Street and Manhattan Avenue, Driggs Avenue, and Lorimer Street; 3. changing from an R6A District to a C4-5D District property bounded by a line perpendicular to the northeasterly street line of Lorimer Street distant 135 feet northwesterly (a measured along the street line) from the point of intersection of the northeasterly street line of Lorimer Street and the northwesterly street line of Driggs Avenue, Manhattan Avenue, Driggs Avenue, and a line midway between Lorimer Street and Manhattan Avenue; and 4. changing from an M1-2/R6 District to a C4-5D District property bounded by a line perpendicular to the northeasterly street line of Lorimer Street distant 135 feet northwesterly (a measured along the street line) from the point of intersection of the northeasterly street line of Lorimer Street and the northwesterly street line of Driggs Avenue, a line midway between Lorimer Street and Manhattan Avenue, Driggs Avenue, and Lorimer Street; as shown on a diagram (for illustrative purposes only) dated November 29, 2021, and subject to the conditions of CEQR Declaration E-650.","https://zap-api-production.herokuapp.com/projects/2020K0259?include=actions,milestones,dispositions,dispositions.action,users,assignments.user,packages,artifacts",https://zap.planning.nyc.gov/projects/2020K0259
2020K0270,2134 COYLE STREET REZONING,2021,407,4eb0d8b1-b953-eb11-a811-001dd8309530,2020K0270 - ZM - BK BP,Submitted,Conditional Favorable,,,"IN THE MATTER OF an application submitted by Coyle Properties LLC pursuant to Sections 197-c and 201 of the New York City Charter for an amendment of the Zoning Map, Section No. 29a: 1. eliminating from within an existing R4 District a C1-2 District bounded by a line 100 feet southerly of Avenue U, Coyle Street, a line 100 feet northerly of Avenue V, and a line midway between Ford Street and Coyle Street; 2. changing from an R4 District to an R6A District property bounded by a line 100 feet southerly of Avenue U, Coyle Street, a line 100 feet northerly of Avenue V, and a line midway between Ford Street and Coyle Street; and 3. establishing within the proposed R6A District a C2-4 District bounded by a line 100 feet southerly of Avenue U, Coyle Street, a line 100 feet northerly of Avenue V, and a line midway between Ford Street and Coyle Street; Borough of Brooklyn, Community District 15, as shown on a diagram (for illustrative purposes only) dated August 30, 2021, and subject to the conditions of CEQR Declaration E-620.","https://zap-api-production.herokuapp.com/projects/2020K0270?include=actions,milestones,dispositions,dispositions.action,users,assignments.user,packages,artifacts",https://zap.planning.nyc.gov/projects/2020K0270
2020K0270,2134 COYLE STREET REZONING,2021,407,39c086ad-b953-eb11-a811-001dd8309870,2020K0270 - ZM - BK CB15,Submitted,,,Favorable,"IN THE MATTER OF an application submitted by Coyle Properties LLC pursuant to Sections 197-c and 201 of the New York City Charter for an amendment of the Zoning Map, Section No. 29a: 1. eliminating from within an existing R4 District a C1-2 District bounded by a line 100 feet southerly of Avenue U, Coyle Street, a line 100 feet northerly of Avenue V, and a line midway between Ford Street and Coyle Street; 2. changing from an R4 District to an R6A District property bounded by a line 100 feet southerly of Avenue U, Coyle Street, a line 100 feet northerly of Avenue V, and a line midway between Ford Street and Coyle Street; and 3. establishing within the proposed R6A District a C2-4 District bounded by a line 100 feet southerly of Avenue U, Coyle Street, a line 100 feet northerly of Avenue V, and a line midway between Ford Street and Coyle Street; Borough of Brooklyn, Community District 15, as shown on a diagram (for illustrative purposes only) dated August 30, 2021, and subject to the conditions of CEQR Declaration E-620.","https://zap-api-production.herokuapp.com/projects/2020K0270?include=actions,milestones,dispositions,dispositions.action,users,assignments.user,packages,artifacts",https://zap.planning.nyc.gov/projects/2020K0270
2020K0316,Sutter Place NCP,2021,408,98e2721d-e45c-ec11-8f8e-001dd8050089,2020K0316 - HA - BK BP,Submitted,Favorable,,,"IN THE MATTER OF an application submitted by the Department of Housing Preservation and Development (HPD) 1. pursuant to Article 16 of the General Municipal Law of New York State for: a. the designation of property located at 492-496 Glenmore Avenue (Block 3725, Lots 12 and 13), 2358- 2362 Pitkin Avenue (Block 4015, Lots 22, 23, and 24), 943 Dumont Avenue (Block 4063, Lot 52), and 743 Blake Avenue (Block 3775, Lot 150) as an Urban Development Action Area; and b. an Urban Development Action Area Project for such area; and pursuant to Section 197-c of the New York City Charter for the disposition of such property to a developer to be selected by HPD; 2. to facilitate the development of four buildings containing an approximate total of 46 affordable housing units and a commercial space, Borough of Brooklyn, Community District 5.","https://zap-api-production.herokuapp.com/projects/2020K0316?include=actions,milestones,dispositions,dispositions.action,users,assignments.user,packages,artifacts",https://zap.planning.nyc.gov/projects/2020K0316
2020K0316,Sutter Place NCP,2021,408,bb24e427-e45c-ec11-8f8e-001dd80502e1,2020K0316 - HA - BK CB5,Not Submitted,,,,"IN THE MATTER OF an application submitted by the Department of Housing Preservation and Development (HPD) 1. pursuant to Article 16 of the General Municipal Law of New York State for: a. the designation of property located at 492-496 Glenmore Avenue (Block 3725, Lots 12 and 13), 2358- 2362 Pitkin Avenue (Block 4015, Lots 22, 23, and 24), 943 Dumont Avenue (Block 4063, Lot 52), and 743 Blake Avenue (Block 3775, Lot 150) as an Urban Development Action Area; and b. an Urban Development Action Area Project for such area; and pursuant to Section 197-c of the New York City Charter for the disposition of such property to a developer to be selected by HPD; 2. to facilitate the development of four buildings containing an approximate total of 46 affordable housing units and a commercial space, Borough of Brooklyn, Community District 5.","https://zap-api-production.herokuapp.com/projects/2020K0316?include=actions,milestones,dispositions,dispositions.action,users,assignments.user,packages,artifacts",https://zap.planning.nyc.gov/projects/2020K0316
2020K0384,1034 - 1042 Atlantic Avenue Rezoning,2021,409,8f95ddf3-2bb3-eb11-8236-001dd804b95c,2020K0384 - ZM - BK BP,Submitted,Conditional Favorable,,,"IN THE MATTER OF an application submitted by EMP Capital Group pursuant to Sections 197-c and 201 of the New York City Charter for an amendment of the Zoning Map, Section No. 16c: 1. changing from an M1-1 District to an R7A District property bounded by a line midway between Atlantic Avenue and Pacific Street, Classon Avenue, Pacific Street, and a line 315 feet northwesterly of Classon Avenue; 2. changing from an M1-1 District to a C6-3A District property bounded by the northeasterly boundary line of the Long Island Rail Road right-of-way (Atlantic Division), Classon Avenue, a line midway between Atlantic Avenue and Pacific Street, and a line 315 feet northwesterly of Classon Avenue; and 3. establishing within the proposed R7A District a C2-4 District bounded by a line midway between Atlantic Avenue and Pacific Street, Classon Avenue, Pacific Street, and a line 315 feet northwesterly of Classon Avenue; Borough of Brooklyn, Community District 8, as shown on a diagram (for illustrative purposes only) dated September 20, 2021, and subject to the conditions of CEQR Declaration E-637.","https://zap-api-production.herokuapp.com/projects/2020K0384?include=actions,milestones,dispositions,dispositions.action,users,assignments.user,packages,artifacts",https://zap.planning.nyc.gov/projects/2020K0384
2020K0384,1034 - 1042 Atlantic Avenue Rezoning,2021,409,58c5f8ea-2bb3-eb11-8236-001dd804b8ff,2020K0384 - ZM - BK CB8,Submitted,,,Conditional Unfavorable,"IN THE MATTER OF an application submitted by EMP Capital Group pursuant to Sections 197-c and 201 of the New York City Charter for an amendment of the Zoning Map, Section No. 16c: 1. changing from an M1-1 District to an R7A District property bounded by a line midway between Atlantic Avenue and Pacific Street, Classon Avenue, Pacific Street, and a line 315 feet northwesterly of Classon Avenue; 2. changing from an M1-1 District to a C6-3A District property bounded by the northeasterly boundary line of the Long Island Rail Road right-of-way (Atlantic Division), Classon Avenue, a line midway between Atlantic Avenue and Pacific Street, and a line 315 feet northwesterly of Classon Avenue; and 3. establishing within the proposed R7A District a C2-4 District bounded by a line midway between Atlantic Avenue and Pacific Street, Classon Avenue, Pacific Street, and a line 315 feet northwesterly of Classon Avenue; Borough of Brooklyn, Community District 8, as shown on a diagram (for illustrative purposes only) dated September 20, 2021, and subject to the conditions of CEQR Declaration E-637.","https://zap-api-production.herokuapp.com/projects/2020K0384?include=actions,milestones,dispositions,dispositions.action,users,assignments.user,packages,artifacts",https://zap.planning.nyc.gov/projects/2020K0384
2020K0384,1034 - 1042 Atlantic Avenue Rezoning,2021,409,7294ddf3-2bb3-eb11-8236-001dd804b95c,2020K0384 - ZS - BK BP,Submitted,Conditional Favorable,,,"IN THE MATTER OF an application submitted by EMP Capital Group pursuant to Sections 197-c and 201 of the New York City Charter for the grant of a special permit pursuant to Section 74-533 of the Zoning Resolution to reduce the required accessory off-street parking spaces to 20 for dwelling units in a development within a Transit Zone, that includes at least 20 percent of all dwelling units as income-restricted housing units, in connection with a proposed mixed-use development on property located at 1034 -1042 Atlantic Avenue (Block 1125, Lots 29 and 33) in R7A/C2-4* and C6-3A* Districts, Borough of Brooklyn, Community District 8. * Note: The site is proposed to be rezoned by changing an existing M1-1 District to R7A/C2-4 and C6-3A Districts under a concurrent related application for a Zoning Map change (C 210386 ZMK). Plans for this proposal are on file with the City Planning Commission and may be seen at 120 Broadway, 31st Floor, New York, NY, 10271-0001.","https://zap-api-production.herokuapp.com/projects/2020K0384?include=actions,milestones,dispositions,dispositions.action,users,assignments.user,packages,artifacts",https://zap.planning.nyc.gov/projects/2020K0384
2020K0384,1034 - 1042 Atlantic Avenue Rezoning,2021,409,c7c4f8ea-2bb3-eb11-8236-001dd804b8ff,2020K0384 - ZS - BK CB8,Submitted,,,Conditional Unfavorable,"IN THE MATTER OF an application submitted by EMP Capital Group pursuant to Sections 197-c and 201 of the New York City Charter for the grant of a special permit pursuant to Section 74-533 of the Zoning Resolution to reduce the required accessory off-street parking spaces to 20 for dwelling units in a development within a Transit Zone, that includes at least 20 percent of all dwelling units as income-restricted housing units, in connection with a proposed mixed-use development on property located at 1034 -1042 Atlantic Avenue (Block 1125, Lots 29 and 33) in R7A/C2-4* and C6-3A* Districts, Borough of Brooklyn, Community District 8. * Note: The site is proposed to be rezoned by changing an existing M1-1 District to R7A/C2-4 and C6-3A Districts under a concurrent related application for a Zoning Map change (C 210386 ZMK). Plans for this proposal are on file with the City Planning Commission and may be seen at 120 Broadway, 31st Floor, New York, NY, 10271-0001.","https://zap-api-production.herokuapp.com/projects/2020K0384?include=actions,milestones,dispositions,dispositions.action,users,assignments.user,packages,artifacts",https://zap.planning.nyc.gov/projects/2020K0384
2020K0405,870 - 888 Atlantic Avenue Rezoning,2021,410,370f06b6-7a15-ec11-b6e5-001dd804c003,2020K0405 - ZM - BK BP,Submitted,Conditional Favorable,,,"IN THE MATTER OF an application submitted by Y & T Development LLC pursuant to Sections 197-c and 201 of the New York City Charter for an amendment of the Zoning Map, Section No. 16c, by changing from an M1-1 District to a C6-3A District property bounded by the northeasterly boundary line of the Long Island Rail Road right-of-way (Atlantic Division), a line 200 feet northwesterly of Underhill Avenue, a line midway between Atlantic Avenue and Pacific Street, and a line 200 feet southeasterly of Vanderbilt Avenue, Borough of Brooklyn, Community District 8, as shown on a diagram (for illustrative purposes only) dated September 20, 2021, and subject to the conditions of CEQR Declaration E-642.","https://zap-api-production.herokuapp.com/projects/2020K0405?include=actions,milestones,dispositions,dispositions.action,users,assignments.user,packages,artifacts",https://zap.planning.nyc.gov/projects/2020K0405
2020K0405,870 - 888 Atlantic Avenue Rezoning,2021,410,a1126153-4c8e-eb11-b1ad-001dd8021c20,2020K0405 - ZM - BK CB8,Submitted,,,Conditional Unfavorable,"IN THE MATTER OF an application submitted by Y & T Development LLC pursuant to Sections 197-c and 201 of the New York City Charter for an amendment of the Zoning Map, Section No. 16c, by changing from an M1-1 District to a C6-3A District property bounded by the northeasterly boundary line of the Long Island Rail Road right-of-way (Atlantic Division), a line 200 feet northwesterly of Underhill Avenue, a line midway between Atlantic Avenue and Pacific Street, and a line 200 feet southeasterly of Vanderbilt Avenue, Borough of Brooklyn, Community District 8, as shown on a diagram (for illustrative purposes only) dated September 20, 2021, and subject to the conditions of CEQR Declaration E-642.","https://zap-api-production.herokuapp.com/projects/2020K0405?include=actions,milestones,dispositions,dispositions.action,users,assignments.user,packages,artifacts",https://zap.planning.nyc.gov/projects/2020K0405
2020K0405,870 - 888 Atlantic Avenue Rezoning,2021,410,300f06b6-7a15-ec11-b6e5-001dd804c003,2020K0405 - ZS - BK BP,Submitted,Conditional Favorable,,,"---IN THE MATTER OF an application submitted by Y & T Development LLC pursuant to Sections 197-c and 201 of the New York City Charter for the grant of a special permit pursuant to Section 74-533 of the Zoning Resolution to reduce the required accessory off-street parking spaces to 40 for dwelling units in a development within a Transit Zone, that includes at least 20 percent of all dwelling units as income-restricted housing units, in connection with a proposed mixed-use development on property located at 870-888 Atlantic Avenue (Block 1122, Lots 21 and 26) in a C6-3A* District, Borough of Brooklyn, Community District 8. *Note: The site is proposed to be rezoned by changing an existing M1-1 District to a C6-3A District under a concurrent related application for a Zoning Map change (C 210335 ZMK). Plans for this proposal are on file with the City Planning Commission and may be seen at 120 Broadway, 31st Floor, New York, NY, 10271-0001.","https://zap-api-production.herokuapp.com/projects/2020K0405?include=actions,milestones,dispositions,dispositions.action,users,assignments.user,packages,artifacts",https://zap.planning.nyc.gov/projects/2020K0405
2020K0405,870 - 888 Atlantic Avenue Rezoning,2021,410,90126153-4c8e-eb11-b1ad-001dd8021c20,2020K0405 - ZS - BK CB8,Submitted,,,Conditional Unfavorable,"IN THE MATTER OF an application submitted by Y & T Development LLC pursuant to Sections 197-c and 201 of the New York City Charter for the grant of a special permit pursuant to Section 74-533 of the Zoning Resolution to reduce the required accessory off-street parking spaces to 40 for dwelling units in a development within a Transit Zone, that includes at least 20 percent of all dwelling units as income-restricted housing units, in connection with a proposed mixed-use development on property located at 870-888 Atlantic Avenue (Block 1122, Lots 21 and 26) in a C6-3A* District, Borough of Brooklyn, Community District 8. *Note: The site is proposed to be rezoned by changing an existing M1-1 District to a C6-3A District under a concurrent related application for a Zoning Map change (C 210335 ZMK). Plans for this proposal are on file with the City Planning Commission and may be seen at 120 Broadway, 31st Floor, New York, NY, 10271-0001.","https://zap-api-production.herokuapp.com/projects/2020K0405?include=actions,milestones,dispositions,dispositions.action,users,assignments.user,packages,artifacts",https://zap.planning.nyc.gov/projects/2020K0405
2020K0425,749 Van Sinderen Avenue Rezoning,2021,411,ab0924ae-6770-eb11-b0b0-001dd8309870,2020K0425 - ZM - BK BP,Submitted,Conditional Favorable,,,"IN THE MATTER OF an application submitted by ENY Community Residences LLC pursuant to Sections 197-c and 201 of the New York City Charter for an amendment of the Zoning Map, Section No. 17d, by changing from an M1-1 District to a C4-4L District property bounded by a line 430 feet northerly of Linden Boulevard, a line midway between Van Sinderen Avenue and Snediker Avenue, a line 90 feet northerly of Linden Boulevard, and Van Sinderen Avenue, Borough of Brooklyn, Community District 5, as shown on a diagram (for illustrative purposes only) dated July 12, 2021, and subject to the conditions of CEQR Declaration E-632.","https://zap-api-production.herokuapp.com/projects/2020K0425?include=actions,milestones,dispositions,dispositions.action,users,assignments.user,packages,artifacts",https://zap.planning.nyc.gov/projects/2020K0425
2020K0425,749 Van Sinderen Avenue Rezoning,2021,411,a634dba6-6770-eb11-b0b0-001dd8309ba3,2020K0425 - ZM - BK CB5,Submitted,,,Favorable,"IN THE MATTER OF an application submitted by ENY Community Residences LLC pursuant to Sections 197-c and 201 of the New York City Charter for an amendment of the Zoning Map, Section No. 17d, by changing from an M1-1 District to a C4-4L District property bounded by a line 430 feet northerly of Linden Boulevard, a line midway between Van Sinderen Avenue and Snediker Avenue, a line 90 feet northerly of Linden Boulevard, and Van Sinderen Avenue, Borough of Brooklyn, Community District 5, as shown on a diagram (for illustrative purposes only) dated July 12, 2021, and subject to the conditions of CEQR Declaration E-632.","https://zap-api-production.herokuapp.com/projects/2020K0425?include=actions,milestones,dispositions,dispositions.action,users,assignments.user,packages,artifacts",https://zap.planning.nyc.gov/projects/2020K0425
2021K0173,3285 Fulton Street Rezoning,2021,412,89703681-ce1b-ec11-b6e5-001dd830ac14,2021K0173 - ZM - BK BP,Submitted,Conditional Favorable,,,"IN THE MATTER OF an application submitted by MHANY Management, Inc. and Cypress Hills Local Development Corporation pursuant to Sections 197-c and 201 of the New York City Charter for an amendment of the Zoning Map, Section No. 17c: 1. eliminating from within an existing R5 District a C2-3 District bounded by a line 150 feet northerly of Fulton Street, Pine Street, Fulton Street, and Euclid Avenue - Father John Kreg Place; 2. changing from an R5 District to an R7A District property bounded by a line 100 feet northerly of Fulton Street, Pine Street, Fulton Street, and Euclid Avenue - Father John Kreg Place; 3. establishing within the proposed R7A District a C2-4 District bounded by a line 100 feet northerly of Fulton Street, Pine Street, Fulton Street, and Euclid Avenue - Father John Kreg Place; and 4. establishing a Special Enhanced Commercial District (EC-6) bounded by a line 100 feet northerly of Fulton Street, Pine Street, Fulton Street, and Euclid Avenue - Father John Kreg Place Borough of Brooklyn, Community District 5, as shown on a diagram (for illustrative purposes only) dated November 1, 2021, and subject to the conditions of CEQR Declaration E-654.","https://zap-api-production.herokuapp.com/projects/2021K0173?include=actions,milestones,dispositions,dispositions.action,users,assignments.user,packages,artifacts",https://zap.planning.nyc.gov/projects/2021K0173
2021K0173,3285 Fulton Street Rezoning,2021,412,ea617933-ce1b-ec11-b6e5-001dd830ac14,2021K0173 - ZM - BK CB5,Submitted,,,Unfavorable,"IN THE MATTER OF an application submitted by MHANY Management, Inc. and Cypress Hills Local Development Corporation pursuant to Sections 197-c and 201 of the New York City Charter for an amendment of the Zoning Map, Section No. 17c: 1. eliminating from within an existing R5 District a C2-3 District bounded by a line 150 feet northerly of Fulton Street, Pine Street, Fulton Street, and Euclid Avenue - Father John Kreg Place; 2. changing from an R5 District to an R7A District property bounded by a line 100 feet northerly of Fulton Street, Pine Street, Fulton Street, and Euclid Avenue - Father John Kreg Place; 3. establishing within the proposed R7A District a C2-4 District bounded by a line 100 feet northerly of Fulton Street, Pine Street, Fulton Street, and Euclid Avenue - Father John Kreg Place; and 4. establishing a Special Enhanced Commercial District (EC-6) bounded by a line 100 feet northerly of Fulton Street, Pine Street, Fulton Street, and Euclid Avenue - Father John Kreg Place Borough of Brooklyn, Community District 5, as shown on a diagram (for illustrative purposes only) dated November 1, 2021, and subject to the conditions of CEQR Declaration E-654.","https://zap-api-production.herokuapp.com/projects/2021K0173?include=actions,milestones,dispositions,dispositions.action,users,assignments.user,packages,artifacts",https://zap.planning.nyc.gov/projects/2021K0173
2021K0237,River Ring,2021,413,85e1b3ad-befe-eb11-94ee-001dd8309321,2021K0237 - ML - BK BP,Submitted,Conditional Favorable,,,"IN THE MATTER OF an application submitted by River Street Partners LLC pursuant to Section 197-c of the New York City Charter for a landfill of approximately 6,230 square feet located in the East River, in connection with a proposed mixed-use development, within a large-scale general development, on property generally bounded by North 3rd Street, River Street, North 1st Street, a line 200 feet northwesterly of River Street, Grand Ferry Park, and the U.S. Pierhead Line (Block 2355, Lots 1 and 20; Block 2361, Lots 1, 20 and 21; and Block 2376, Lot 50; and the demapped portions of Metropolitan Avenue** and North 1st Street**), in C6-2 District***, Borough of Brooklyn, Community District 1. * Note: Section 74-743 is proposed to be changed under a concurrent related application for a Zoning Text Change (N 220063 ZRK). ** Note: Portions of Metropolitan Avenue and North 1st Street are proposed to be demapped under a concurrent related application for a City Map change (C 210425 MMK). *** Note: This site is proposed to be rezoned by changing an existing M3-1 District to a C6-2 District under a concurrent related application for a Zoning Map change (C 220062 ZMK). Plans for this proposal are on file with the City Planning Commission and may be seen at 120 Broadway, 31st Floor, New York, NY 10271-0001.","https://zap-api-production.herokuapp.com/projects/2021K0237?include=actions,milestones,dispositions,dispositions.action,users,assignments.user,packages,artifacts",https://zap.planning.nyc.gov/projects/2021K0237
2021K0237,River Ring,2021,413,39a6f0b3-befe-eb11-94ee-001dd8309f3a,2021K0237 - ML - BK CB1,Submitted,,,Conditional Favorable,"IN THE MATTER OF an application submitted by River Street Partners LLC pursuant to Section 197-c of the New York City Charter for a landfill of approximately 6,230 square feet located in the East River, in connection with a proposed mixed-use development, within a large-scale general development, on property generally bounded by North 3rd Street, River Street, North 1st Street, a line 200 feet northwesterly of River Street, Grand Ferry Park, and the U.S. Pierhead Line (Block 2355, Lots 1 and 20; Block 2361, Lots 1, 20 and 21; and Block 2376, Lot 50; and the demapped portions of Metropolitan Avenue** and North 1st Street**), in C6-2 District***, Borough of Brooklyn, Community District 1. * Note: Section 74-743 is proposed to be changed under a concurrent related application for a Zoning Text Change (N 220063 ZRK). ** Note: Portions of Metropolitan Avenue and North 1st Street are proposed to be demapped under a concurrent related application for a City Map change (C 210425 MMK). *** Note: This site is proposed to be rezoned by changing an existing M3-1 District to a C6-2 District under a concurrent related application for a Zoning Map change (C 220062 ZMK). Plans for this proposal are on file with the City Planning Commission and may be seen at 120 Broadway, 31st Floor, New York, NY 10271-0001.","https://zap-api-production.herokuapp.com/projects/2021K0237?include=actions,milestones,dispositions,dispositions.action,users,assignments.user,packages,artifacts",https://zap.planning.nyc.gov/projects/2021K0237
2021K0237,River Ring,2021,413,b5e2b3ad-befe-eb11-94ee-001dd8309321,2021K0237 - ZM - BK BP,Submitted,Conditional Favorable,,,"IN THE MATTER OF an application submitted by River Street Partners LLC pursuant to Sections 197-c and 201 of the New York City Charter for an amendment of the Zoning Map, Section No. 12c: 1. changing from an M3-1 District to a C6-2 District property bounded by North 3rd Street, River Street, North 1st Street, a line 200 feet northwesterly of River Street, a northeasterly boundary line of Grand Ferry Park, and the U.S. Pierhead Line; and 2. changing from an M3-1 District to an M1-4 District property bounded by North 3rd Street, Kent Avenue, North 1st Street, and River Street; Borough of Brooklyn, Community District 1, as shown on a diagram (for illustrative purposes only) dated August 16, 2021, and subject to the conditions of CEQR Declaration E-636.","https://zap-api-production.herokuapp.com/projects/2021K0237?include=actions,milestones,dispositions,dispositions.action,users,assignments.user,packages,artifacts",https://zap.planning.nyc.gov/projects/2021K0237
2021K0237,River Ring,2021,413,cb53ebb9-befe-eb11-94ee-001dd8309f3a,2021K0237 - ZM - BK CB1,Submitted,,,Conditional Favorable,"IN THE MATTER OF an application submitted by River Street Partners LLC pursuant to Sections 197-c and 201 of the New York City Charter for an amendment of the Zoning Map, Section No. 12c: 1. changing from an M3-1 District to a C6-2 District property bounded by North 3rd Street, River Street, North 1st Street, a line 200 feet northwesterly of River Street, a northeasterly boundary line of Grand Ferry Park, and the U.S. Pierhead Line; and 2. changing from an M3-1 District to an M1-4 District property bounded by North 3rd Street, Kent Avenue, North 1st Street, and River Street; Borough of Brooklyn, Community District 1, as shown on a diagram (for illustrative purposes only) dated August 16, 2021, and subject to the conditions of CEQR Declaration E-636.","https://zap-api-production.herokuapp.com/projects/2021K0237?include=actions,milestones,dispositions,dispositions.action,users,assignments.user,packages,artifacts",https://zap.planning.nyc.gov/projects/2021K0237
2021K0237,River Ring,2021,413,ece3b3ad-befe-eb11-94ee-001dd8309321,2021K0237 - ZS - BK BP,Submitted,Conditional Favorable,,,"IN THE MATTER OF an application submitted by River Street Partners LLC pursuant to Sections 197-c and 201 of the New York City Charter for, for the grant of special permits pursuant to the following Sections of the Zoning Resolution: 1. Section 74-743(a)(2) - to modify the height and setback, floor area distribution, maximum residential tower size, and maximum width of building walls facing a shoreline requirements of Section 62-341 (Developments on land and platforms); and 2. Section 74-743(a)(13)*: a. to allow existing land projecting seaward of the bulkhead line to be replaced or reconstructed with new platforms and such platform be included as part of the upland lot; b. to allow such new piers and platforms to be considered lot area for the purposes of determining allowable floor area, dwelling units, and other bulk regulations of Section 62-31(b) & (c) (Bulk Computations on Waterfront Zoning Lots); and c. to waive the requirements of Sections 62-242 (Uses on new piers and platforms), 62-54 (Requirements for Public Access on Piers, and Section 62-63 (Design Requirements for Public Access on Piers and Floating Structures); in connection with a proposed mixed-use development, within a large-scale general development, on property generally bounded by North 3rd Street, River Street, North 1st Street, a line 200 feet northwesterly of River Street, Grand Ferry Park, and the U.S. Pierhead Line (Block 2355, Lots 1 and 20; Block 2361, Lots 1, 20 and 21; and Block 2376, Lot 50; and the demapped portions of Metropolitan Avenue** and North 1st Street**), in a C6-2 District***, Borough of Brooklyn, Community District 1. * Note: Section 74-743 is proposed to be changed under a concurrent related application for a Zoning Text Change (N 220063 ZRK). ** Note: Portions of Metropolitan Avenue and North 1st Street are proposed to be demapped under a concurrent related application for a City Map change (C 210425 MMK).","https://zap-api-production.herokuapp.com/projects/2021K0237?include=actions,milestones,dispositions,dispositions.action,users,assignments.user,packages,artifacts",https://zap.planning.nyc.gov/projects/2021K0237
2021K0237,River Ring,2021,413,8ce6b3ad-befe-eb11-94ee-001dd8309321,2021K0237 - ZS - BK BP,Submitted,Conditional Favorable,,,"IN THE MATTER OF an application submitted by River Street Partners LLC pursuant to Sections 197-c and 201 of the New York City Charter for the grant of a special permit pursuant to Section 74-533 of the Zoning Resolution to reduce the number of required accessory off-street parking spaces from 40 percent to 20 percent, for dwelling units in a development within a Transit Zone, that includes at least 20 percent of all dwelling units as income-restricted housing units, in connection with a proposed mixed-use development, within a large-scale general development, on property generally bounded by North 3rd Street, River Street, North 1st Street, a line 200 feet northwesterly of River Street, Grand Ferry Park, and the U.S. Pierhead Line (Block 2355, Lots 1 and 20; Block 2361, Lots 1, 20 and 21; and Block 2376, Lot 50; and the demapped portions of Metropolitan Avenue** and North 1st Street**), in C6-2 District***, Borough of Brooklyn, Community District 1. * Note: Section 74-743 is proposed to be changed under a concurrent related application for a Zoning Text Change (N 220063 ZRK). ** Note: Portions of Metropolitan Avenue and North 1st Street are proposed to be demapped under a concurrent related application for a City Map change (C 210425 MMK). *** Note: This site is proposed to be rezoned by changing an existing M3-1 District to a C6-2 District under a concurrent related application for a Zoning Map change (C 220062 ZMK). Plans for this proposal are on file with the City Planning Commission and may be seen at 120 Broadway, 31st Floor, New York, NY 10271-0001.","https://zap-api-production.herokuapp.com/projects/2021K0237?include=actions,milestones,dispositions,dispositions.action,users,assignments.user,packages,artifacts",https://zap.planning.nyc.gov/projects/2021K0237
2021K0237,River Ring,2021,413,ee53ebb9-befe-eb11-94ee-001dd8309f3a,2021K0237 - ZS - BK CB1,Submitted,,,Conditional Favorable,"IN THE MATTER OF an application submitted by River Street Partners LLC pursuant to Sections 197-c and 201 of the New York City Charter for, for the grant of special permits pursuant to the following Sections of the Zoning Resolution: 1. Section 74-743(a)(2) - to modify the height and setback, floor area distribution, maximum residential tower size, and maximum width of building walls facing a shoreline requirements of Section 62-341 (Developments on land and platforms); and 2. Section 74-743(a)(13)*: a. to allow existing land projecting seaward of the bulkhead line to be replaced or reconstructed with new platforms and such platform be included as part of the upland lot; b. to allow such new piers and platforms to be considered lot area for the purposes of determining allowable floor area, dwelling units, and other bulk regulations of Section 62-31(b) & (c) (Bulk Computations on Waterfront Zoning Lots); and c. to waive the requirements of Sections 62-242 (Uses on new piers and platforms), 62-54 (Requirements for Public Access on Piers, and Section 62-63 (Design Requirements for Public Access on Piers and Floating Structures); in connection with a proposed mixed-use development, within a large-scale general development, on property generally bounded by North 3rd Street, River Street, North 1st Street, a line 200 feet northwesterly of River Street, Grand Ferry Park, and the U.S. Pierhead Line (Block 2355, Lots 1 and 20; Block 2361, Lots 1, 20 and 21; and Block 2376, Lot 50; and the demapped portions of Metropolitan Avenue** and North 1st Street**), in a C6-2 District***, Borough of Brooklyn, Community District 1. * Note: Section 74-743 is proposed to be changed under a concurrent related application for a Zoning Text Change (N 220063 ZRK). ** Note: Portions of Metropolitan Avenue and North 1st Street are proposed to be demapped under a concurrent related application for a City Map change (C 210425 MMK).","https://zap-api-production.herokuapp.com/projects/2021K0237?include=actions,milestones,dispositions,dispositions.action,users,assignments.user,packages,artifacts",https://zap.planning.nyc.gov/projects/2021K0237
2021K0237,River Ring,2021,413,1854ebb9-befe-eb11-94ee-001dd8309f3a,2021K0237 - ZS - BK CB1,Submitted,,,Conditional Favorable,"IN THE MATTER OF an application submitted by River Street Partners LLC pursuant to Sections 197-c and 201 of the New York City Charter for the grant of a special permit pursuant to Section 74-533 of the Zoning Resolution to reduce the number of required accessory off-street parking spaces from 40 percent to 20 percent, for dwelling units in a development within a Transit Zone, that includes at least 20 percent of all dwelling units as income-restricted housing units, in connection with a proposed mixed-use development, within a large-scale general development, on property generally bounded by North 3rd Street, River Street, North 1st Street, a line 200 feet northwesterly of River Street, Grand Ferry Park, and the U.S. Pierhead Line (Block 2355, Lots 1 and 20; Block 2361, Lots 1, 20 and 21; and Block 2376, Lot 50; and the demapped portions of Metropolitan Avenue** and North 1st Street**), in C6-2 District***, Borough of Brooklyn, Community District 1. * Note: Section 74-743 is proposed to be changed under a concurrent related application for a Zoning Text Change (N 220063 ZRK). ** Note: Portions of Metropolitan Avenue and North 1st Street are proposed to be demapped under a concurrent related application for a City Map change (C 210425 MMK). *** Note: This site is proposed to be rezoned by changing an existing M3-1 District to a C6-2 District under a concurrent related application for a Zoning Map change (C 220062 ZMK). Plans for this proposal are on file with the City Planning Commission and may be seen at 120 Broadway, 31st Floor, New York, NY 10271-0001.","https://zap-api-production.herokuapp.com/projects/2021K0237?include=actions,milestones,dispositions,dispositions.action,users,assignments.user,packages,artifacts",https://zap.planning.nyc.gov/projects/2021K0237
2021K0389,ENY I URP 5th Amendment,2021,414,be6a59f7-d511-ec11-b6e5-001dd8309d96,2021K0389 - HU - BK BP,Submitted,Favorable,,,"IN THE MATTER OF an application submitted by the Department of Housing Preservation and Development (HPD), pursuant to Section 505 of Article 15 of the General Municipal (Urban Renewal) Law of New York State and Section 197-c of the New York City Charter, for the fifth amendment to the East New York I Urban Renewal Plan for the East New York I Urban Renewal Area, Borough of Brooklyn, Community District 5.","https://zap-api-production.herokuapp.com/projects/2021K0389?include=actions,milestones,dispositions,dispositions.action,users,assignments.user,packages,artifacts",https://zap.planning.nyc.gov/projects/2021K0389
2021K0389,ENY I URP 5th Amendment,2021,414,573a50dd-d511-ec11-b6e5-001dd830aab1,2021K0389 - HU - BK CB5,Draft,,,,"IN THE MATTER OF an application submitted by the Department of Housing Preservation and Development (HPD), pursuant to Section 505 of Article 15 of the General Municipal (Urban Renewal) Law of New York State and Section 197-c of the New York City Charter, for the fifth amendment to the East New York I Urban Renewal Plan for the East New York I Urban Renewal Area, Borough of Brooklyn, Community District 5.","https://zap-api-production.herokuapp.com/projects/2021K0389?include=actions,milestones,dispositions,dispositions.action,users,assignments.user,packages,artifacts",https://zap.planning.nyc.gov/projects/2021K0389
P2015K0307,307 Kent Avenue Rezoning,2021,415,08128436-787a-ea11-a811-001dd8309f34,P2015K0307 - ZM - BK BP,Submitted,Conditional Favorable,,,"IN THE MATTER OF an application submitted by 307 Kent Associates pursuant to Sections 197-c and 201 of the New York City Charter for an amendment of the Zoning Map, Section No. 12d: 1. changing from an M3-1 District to an M1-5 District property bounded by South 2nd Street, a line 300 feet northwesterly of Wythe Avenue, South 3rd Street, and Kent Avenue; 2. changing from an M3-1 District to an M1-4/R6A District property bounded by South 2nd Street, a line 210 feet northwesterly of Wythe Avenue, South 3rd Street, and a line 300 feet northwesterly of Wythe Street; and 3. establishing a Special Mixed Use District (MX-8) bounded by South 2nd Street, a line 210 feet northwesterly of Wythe Avenue, South 3rd Street, and a line 300 feet northwesterly of Wythe Street; Borough of Brooklyn, Community District 1, as shown on a diagram (for illustrative purposes only) dated April 5, 2021, and subject to the conditions of CEQR Declaration E-592.","https://zap-api-production.herokuapp.com/projects/P2015K0307?include=actions,milestones,dispositions,dispositions.action,users,assignments.user,packages,artifacts",https://zap.planning.nyc.gov/projects/P2015K0307
P2015K0307,307 Kent Avenue Rezoning,2021,415,1d2e1e41-787a-ea11-a811-001dd8309530,P2015K0307 - ZM - BK CB1,Submitted,,,Favorable,"IN THE MATTER OF an application submitted by 307 Kent Associates pursuant to Sections 197-c and 201 of the New York City Charter for an amendment of the Zoning Map, Section No. 12d: 1. changing from an M3-1 District to an M1-5 District property bounded by South 2nd Street, a line 300 feet northwesterly of Wythe Avenue, South 3rd Street, and Kent Avenue; 2. changing from an M3-1 District to an M1-4/R6A District property bounded by South 2nd Street, a line 210 feet northwesterly of Wythe Avenue, South 3rd Street, and a line 300 feet northwesterly of Wythe Street; and 3. establishing a Special Mixed Use District (MX-8) bounded by South 2nd Street, a line 210 feet northwesterly of Wythe Avenue, South 3rd Street, and a line 300 feet northwesterly of Wythe Street; Borough of Brooklyn, Community District 1, as shown on a diagram (for illustrative purposes only) dated April 5, 2021, and subject to the conditions of CEQR Declaration E-592.","https://zap-api-production.herokuapp.com/projects/P2015K0307?include=actions,milestones,dispositions,dispositions.action,users,assignments.user,packages,artifacts",https://zap.planning.nyc.gov/projects/P2015K0307
P2015K0307,307 Kent Avenue Rezoning,2021,415,b8118436-787a-ea11-a811-001dd8309f34,P2015K0307 - ZR - BK BP,Submitted,Conditional Favorable,,,"IN THE MATTER OF an application submitted by 307 Kent Associates pursuant to Sections 197-c and 201 of the New York City Charter for an amendment of the Zoning Map, Section No. 12d: 1. changing from an M3-1 District to an M1-5 District property bounded by South 2nd Street, a line 300 feet northwesterly of Wythe Avenue, South 3rd Street, and Kent Avenue; 2. changing from an M3-1 District to an M1-4/R6A District property bounded by South 2nd Street, a line 210 feet northwesterly of Wythe Avenue, South 3rd Street, and a line 300 feet northwesterly of Wythe Street; and 3. establishing a Special Mixed Use District (MX-8) bounded by South 2nd Street, a line 210 feet northwesterly of Wythe Avenue, South 3rd Street, and a line 300 feet northwesterly of Wythe Street; Borough of Brooklyn, Community District 1, as shown on a diagram (for illustrative purposes only) dated April 5, 2021, and subject to the conditions of CEQR Declaration E-592.","https://zap-api-production.herokuapp.com/projects/P2015K0307?include=actions,milestones,dispositions,dispositions.action,users,assignments.user,packages,artifacts",https://zap.planning.nyc.gov/projects/P2015K0307
P2015K0307,307 Kent Avenue Rezoning,2021,415,132e1e41-787a-ea11-a811-001dd8309530,P2015K0307 - ZR - BK CB1,Submitted,,,Favorable,"IN THE MATTER OF an application submitted by 307 Kent Associates pursuant to Sections 197-c and 201 of the New York City Charter for an amendment of the Zoning Map, Section No. 12d: 1. changing from an M3-1 District to an M1-5 District property bounded by South 2nd Street, a line 300 feet northwesterly of Wythe Avenue, South 3rd Street, and Kent Avenue; 2. changing from an M3-1 District to an M1-4/R6A District property bounded by South 2nd Street, a line 210 feet northwesterly of Wythe Avenue, South 3rd Street, and a line 300 feet northwesterly of Wythe Street; and 3. establishing a Special Mixed Use District (MX-8) bounded by South 2nd Street, a line 210 feet northwesterly of Wythe Avenue, South 3rd Street, and a line 300 feet northwesterly of Wythe Street; Borough of Brooklyn, Community District 1, as shown on a diagram (for illustrative purposes only) dated April 5, 2021, and subject to the conditions of CEQR Declaration E-592.","https://zap-api-production.herokuapp.com/projects/P2015K0307?include=actions,milestones,dispositions,dispositions.action,users,assignments.user,packages,artifacts",https://zap.planning.nyc.gov/projects/P2015K0307
P2018K0031,824 Metropolitan Avenue,2021,416,1fc09720-4f7f-ea11-a811-001dd8309ba3,P2018K0031 - ZM - BK BP,Submitted,Conditional Favorable,,,"IN THE MATTER OF an application submitted by 824 Metropolitan Avenue Owner LLC pursuant to Sections 197-c and 201 of the New York City Charter for an amendment of the Zoning Map, Section No. 13b: 1. changing from an R6B District to an R7A District property bounded by Metropolitan Avenue, a line perpendicular to the southerly street line of Metropolitan Avenue of distant 215 feet easterly (as measured along the street line) from the point of intersection of the southerly street line of Metropolitan Avenue and the northeasterly street line of Bushwick Avenue, a line midway between Metropolitan Avenue and Devoe Street, and a line 150 feet northeasterly of Bushwick Avenue; 2. changing from a C8-2 District to an R7A District property bounded by Metropolitan Avenue, a line 150 feet northeasterly of Bushwick Avenue, a line midway between Metropolitan Avenue and Devoe Street, and Bushwick Avenue; and 3. establishing within the proposed R7A District a C2-4 District bounded by Metropolitan Avenue, a line 150 feet northeasterly of Bushwick Avenue, a line midway between Metropolitan Avenue and Devoe Street, and Bushwick Avenue; Borough of Brooklyn, Community District 1, as shown on a diagram (for illustrative purposes only) dated May 17, 2021, and subject to the conditions of CEQR Declaration of E-618.","https://zap-api-production.herokuapp.com/projects/P2018K0031?include=actions,milestones,dispositions,dispositions.action,users,assignments.user,packages,artifacts",https://zap.planning.nyc.gov/projects/P2018K0031
P2018K0031,824 Metropolitan Avenue,2021,416,b3e94ba9-c37d-ea11-a811-001dd8309870,P2018K0031 - ZM - BK CB1,Submitted,,,Conditional Favorable,"IN THE MATTER OF an application submitted by 824 Metropolitan Avenue Owner LLC pursuant to Sections 197-c and 201 of the New York City Charter for an amendment of the Zoning Map, Section No. 13b: 1. changing from an R6B District to an R7A District property bounded by Metropolitan Avenue, a line perpendicular to the southerly street line of Metropolitan Avenue of distant 215 feet easterly (as measured along the street line) from the point of intersection of the southerly street line of Metropolitan Avenue and the northeasterly street line of Bushwick Avenue, a line midway between Metropolitan Avenue and Devoe Street, and a line 150 feet northeasterly of Bushwick Avenue; 2. changing from a C8-2 District to an R7A District property bounded by Metropolitan Avenue, a line 150 feet northeasterly of Bushwick Avenue, a line midway between Metropolitan Avenue and Devoe Street, and Bushwick Avenue; and 3. establishing within the proposed R7A District a C2-4 District bounded by Metropolitan Avenue, a line 150 feet northeasterly of Bushwick Avenue, a line midway between Metropolitan Avenue and Devoe Street, and Bushwick Avenue; Borough of Brooklyn, Community District 1, as shown on a diagram (for illustrative purposes only) dated May 17, 2021, and subject to the conditions of CEQR Declaration of E-618.","https://zap-api-production.herokuapp.com/projects/P2018K0031?include=actions,milestones,dispositions,dispositions.action,users,assignments.user,packages,artifacts",https://zap.planning.nyc.gov/projects/P2018K0031
P2018K0031,824 Metropolitan Avenue,2021,416,38c09720-4f7f-ea11-a811-001dd8309ba3,P2018K0031 - ZR - BK BP,Submitted,Conditional Favorable,,,"CD 1 N 200315 ZRK PUBLIC HEARING: IN THE MATTER OF an application submitted by 824 Metropolitan Avenue Owner LLC, pursuant to Section 201 of the New York City Charter, for an amendment of the Zoning Resolution of the City of New York, modifying Appendix F for the purpose of establishing a Mandatory Inclusionary Housing area.","https://zap-api-production.herokuapp.com/projects/P2018K0031?include=actions,milestones,dispositions,dispositions.action,users,assignments.user,packages,artifacts",https://zap.planning.nyc.gov/projects/P2018K0031
P2018K0031,824 Metropolitan Avenue,2021,416,e9e94ba9-c37d-ea11-a811-001dd8309870,P2018K0031 - ZR - BK CB1,Submitted,,,Conditional Favorable,"CD 1 N 200315 ZRK PUBLIC HEARING: IN THE MATTER OF an application submitted by 824 Metropolitan Avenue Owner LLC, pursuant to Section 201 of the New York City Charter, for an amendment of the Zoning Resolution of the City of New York, modifying Appendix F for the purpose of establishing a Mandatory Inclusionary Housing area.","https://zap-api-production.herokuapp.com/projects/P2018K0031?include=actions,milestones,dispositions,dispositions.action,users,assignments.user,packages,artifacts",https://zap.planning.nyc.gov/projects/P2018K0031
P2018K0275,Sutter Avenue Rezoning,2021,417,c0c92979-a0ca-ea11-a812-001dd8309f34,P2018K0275 - ZM - BK BP,Submitted,Conditional Favorable,,,"IN THE MATTER OF an application submitted by Almonte Lincoln LLC pursuant to Sections 197-c and 201 of the New York City Charter for an amendment of the Zoning Map, Section Nos. 17c and18a: 1. changing from an R5 District to an R6A District property bounded by a line 90 feet northerly of Sutter Avenue, Lincoln Avenue, Sutter Avenue, and Autumn Avenue; and 2. establishing within the proposed R6A District a C2-4 District bounded by a line 90 feet northerly of Sutter Avenue, Lincoln Avenue, Sutter Avenue, and Autumn Avenue; Borough of Brooklyn, Community District 5, as shown on a diagram (for illustrative purposes only) dated October 4, 2021, and subject to the conditions of CEQR Declaration E-633.","https://zap-api-production.herokuapp.com/projects/P2018K0275?include=actions,milestones,dispositions,dispositions.action,users,assignments.user,packages,artifacts",https://zap.planning.nyc.gov/projects/P2018K0275
P2018K0275,Sutter Avenue Rezoning,2021,417,2bc82979-a0ca-ea11-a812-001dd8309f34,P2018K0275 - ZM - BK CB5,Submitted,,,Conditional Favorable,"IN THE MATTER OF an application submitted by Almonte Lincoln LLC pursuant to Sections 197-c and 201 of the New York City Charter for an amendment of the Zoning Map, Section Nos. 17c and18a: 1. changing from an R5 District to an R6A District property bounded by a line 90 feet northerly of Sutter Avenue, Lincoln Avenue, Sutter Avenue, and Autumn Avenue; and 2. establishing within the proposed R6A District a C2-4 District bounded by a line 90 feet northerly of Sutter Avenue, Lincoln Avenue, Sutter Avenue, and Autumn Avenue; Borough of Brooklyn, Community District 5, as shown on a diagram (for illustrative purposes only) dated October 4, 2021, and subject to the conditions of CEQR Declaration E-633.","https://zap-api-production.herokuapp.com/projects/P2018K0275?include=actions,milestones,dispositions,dispositions.action,users,assignments.user,packages,artifacts",https://zap.planning.nyc.gov/projects/P2018K0275
P2018K0300,2840 Knapp Street Rezoning,2021,418,27903c51-9243-ea11-a9c1-001dd8308d01,P2018K0300 - ZM - BK BP,Submitted,Conditional Favorable,,,"IN THE MATTER OF an application submitted by Lipkaw Realty, LLC pursuant to Sections 197-c and 201 of the New York City Charter for an amendment of the Zoning Map, Section No. 29a, changing from an R5 to an R6 District property bounded by the Shore Parkway (northerly portion), Knapp Street, a line 250 feet northerly of Emmons Avenue, and Brigham Street and its northerly centerline prolongation, as shown on a diagram (for illustrative purposes only) dated April 19, 2021, and subject to the conditions of CEQR Declaration of E-611.","https://zap-api-production.herokuapp.com/projects/P2018K0300?include=actions,milestones,dispositions,dispositions.action,users,assignments.user,packages,artifacts",https://zap.planning.nyc.gov/projects/P2018K0300
P2018K0300,2840 Knapp Street Rezoning,2021,418,df2be145-9243-ea11-a9cb-001dd8308ef1,P2018K0300 - ZM - BK CB15,Submitted,,,Conditional Favorable,"IN THE MATTER OF an application submitted by Lipkaw Realty, LLC pursuant to Sections 197-c and 201 of the New York City Charter for an amendment of the Zoning Map, Section No. 29a, changing from an R5 to an R6 District property bounded by the Shore Parkway (northerly portion), Knapp Street, a line 250 feet northerly of Emmons Avenue, and Brigham Street and its northerly centerline prolongation, as shown on a diagram (for illustrative purposes only) dated April 19, 2021, and subject to the conditions of CEQR Declaration of E-611.","https://zap-api-production.herokuapp.com/projects/P2018K0300?include=actions,milestones,dispositions,dispositions.action,users,assignments.user,packages,artifacts",https://zap.planning.nyc.gov/projects/P2018K0300
P2018K0320,2892 Nostrand Avenue Rezoning,2021,419,ff80547a-1299-ea11-a811-001dd8309530,P2018K0320 - ZM - BK BP,Submitted,Conditional Favorable,,,"IN THE MATTER OF an application submitted by Mikerose Realty, Inc. pursuant to Sections 197-c and 201 of the New York City Charter for an amendment of the Zoning Map, Section No. 23b: 1. changing from an R3-2 District to an R6B Disrict property bounded by a line 800 feet northerly of Avenue P, Nostrand Avenue, a line 700 feet northerly of Avenue P, and a line 110 feet westerly of Nostrand Avenue; 2. changing from an R3-2 District to an R7A District property bounded by a line 700 feet northerly of Avenue P, Nostrand Avenue, a line 300 feet northerly of Avenue P, and a line 110 feet westerly of Nostrand Avenue; 3. establishing within the proposed R6B District a C2-4 District bounded by a line 800 feet northerly of Avenue P, Nostrand Avenue, a line 700 feet northerly of Avenue P, and a line 110 feet westerly of Nostrand Avenue; and 4. establishing within the proposed R7A District a C2-4 District bounded by a line 700 feet northerly of Avenue P, Nostrand Avenue, a line 540 feet northerly of Avenue P, and a line 110 feet westerly of Nostrand Avenue; Borough of Brooklyn, Community District 15, as shown on a diagram (for illustrative purposes only) dated August 16, 2021, and subject to the conditions of CEQR Declaration E-579.","https://zap-api-production.herokuapp.com/projects/P2018K0320?include=actions,milestones,dispositions,dispositions.action,users,assignments.user,packages,artifacts",https://zap.planning.nyc.gov/projects/P2018K0320
P2018K0320,2892 Nostrand Avenue Rezoning,2021,419,9130f575-1299-ea11-a811-001dd8309870,P2018K0320 - ZM - BK CB15,Submitted,,,Unfavorable,"IN THE MATTER OF an application submitted by Mikerose Realty, Inc. pursuant to Sections 197-c and 201 of the New York City Charter for an amendment of the Zoning Map, Section No. 23b: 1. changing from an R3-2 District to an R6B Disrict property bounded by a line 800 feet northerly of Avenue P, Nostrand Avenue, a line 700 feet northerly of Avenue P, and a line 110 feet westerly of Nostrand Avenue; 2. changing from an R3-2 District to an R7A District property bounded by a line 700 feet northerly of Avenue P, Nostrand Avenue, a line 300 feet northerly of Avenue P, and a line 110 feet westerly of Nostrand Avenue; 3. establishing within the proposed R6B District a C2-4 District bounded by a line 800 feet northerly of Avenue P, Nostrand Avenue, a line 700 feet northerly of Avenue P, and a line 110 feet westerly of Nostrand Avenue; and 4. establishing within the proposed R7A District a C2-4 District bounded by a line 700 feet northerly of Avenue P, Nostrand Avenue, a line 540 feet northerly of Avenue P, and a line 110 feet westerly of Nostrand Avenue; Borough of Brooklyn, Community District 15, as shown on a diagram (for illustrative purposes only) dated August 16, 2021, and subject to the conditions of CEQR Declaration E-579.","https://zap-api-production.herokuapp.com/projects/P2018K0320?include=actions,milestones,dispositions,dispositions.action,users,assignments.user,packages,artifacts",https://zap.planning.nyc.gov/projects/P2018K0320
2019M0041,633-641 West 142nd Street Rezoning,2021,421,ee60fc8e-c35c-eb11-a812-001dd8309f34,2019M0041 - ZM - MN BP,Deactivated,,,,"IN THE MATTER OF an application submitted by Soma 142, LLC pursuant to Sections 197-c and 201 of the New York City Charter for an amendment of the Zoning Map, Section No. 6a, by changing from an existing R6A District to an R9A District property bounded by a line midway between West 142rd Street and West 143rd Street and its westerly prolongation, a line 365 feet westerly of Broadway, West 142nd Street and its westerly prolongation, and the easterly boundary line of Riverside Park, Borough of Manhattan, Community District 9, as shown on a diagram (for illustrative purposes only) dated March 15, 2021, and subject to the conditions of CEQR Declaration E-607.","https://zap-api-production.herokuapp.com/projects/2019M0041?include=actions,milestones,dispositions,dispositions.action,users,assignments.user,packages,artifacts",https://zap.planning.nyc.gov/projects/2019M0041
2019M0041,633-641 West 142nd Street Rezoning,2021,421,2d44ec88-c35c-eb11-a812-001dd8309f34,2019M0041 - ZM - MN CB9,Submitted,,,Unfavorable,"IN THE MATTER OF an application submitted by Soma 142, LLC pursuant to Sections 197-c and 201 of the New York City Charter for an amendment of the Zoning Map, Section No. 6a, by changing from an existing R6A District to an R9A District property bounded by a line midway between West 142rd Street and West 143rd Street and its westerly prolongation, a line 365 feet westerly of Broadway, West 142nd Street and its westerly prolongation, and the easterly boundary line of Riverside Park, Borough of Manhattan, Community District 9, as shown on a diagram (for illustrative purposes only) dated March 15, 2021, and subject to the conditions of CEQR Declaration E-607.","https://zap-api-production.herokuapp.com/projects/2019M0041?include=actions,milestones,dispositions,dispositions.action,users,assignments.user,packages,artifacts",https://zap.planning.nyc.gov/projects/2019M0041
2019M0237,Las Raices,2021,422,4dcbc81b-d4b1-eb11-8236-001dd804b9f9,2019M0237 - PP - MN BP,Submitted,Conditional Favorable,,,"IN THE MATTER OF an application submitted by the Department of Housing Preservation and Development (HPD) pursuant to Section 197-c of the New York City Charter, for the disposition of a city owned property located at 303 East 102nd Street (Block 1674, Lot 104), 338 East 117th Street (Block 1688, Lot 34), 505-507 East 118th Street (Block 1815, Lots 5 and 6), 1761-1763 Park Avenue (Block 1771, Lots 1 and 2) for four new buildings containing approximately 81 affordable dwelling units and community facility space, Borough of Manhattan, Community District 11.","https://zap-api-production.herokuapp.com/projects/2019M0237?include=actions,milestones,dispositions,dispositions.action,users,assignments.user,packages,artifacts",https://zap.planning.nyc.gov/projects/2019M0237
2019M0237,Las Raices,2021,422,7ac3e32b-d4b1-eb11-8236-001dd804b8ff,2019M0237 - PP - MN CB11,Submitted,,,Favorable,"IN THE MATTER OF an application submitted by the Department of Housing Preservation and Development (HPD) pursuant to Section 197-c of the New York City Charter, for the disposition of a city owned property located at 303 East 102nd Street (Block 1674, Lot 104), 338 East 117th Street (Block 1688, Lot 34), 505-507 East 118th Street (Block 1815, Lots 5 and 6), 1761-1763 Park Avenue (Block 1771, Lots 1 and 2) for four new buildings containing approximately 81 affordable dwelling units and community facility space, Borough of Manhattan, Community District 11.","https://zap-api-production.herokuapp.com/projects/2019M0237?include=actions,milestones,dispositions,dispositions.action,users,assignments.user,packages,artifacts",https://zap.planning.nyc.gov/projects/2019M0237
2019M0430,New York Blood Center,2021,423,0069b6ba-0b93-eb11-b1ac-001dd8018a6d,2019M0430 - ZM - MN BP,Submitted,Unfavorable,,,"IN THE MATTER OF an application submitted by New York Blood Center, Inc. pursuant to Sections 197-c and 201 of the New York City Charter for an amendment of the Zoning Map, Section No. 8c: 1. changing from an R8B District to a C2-7 District property bounded by East 67th Street, a line 325 feet easterly of Second Avenue, East 66th Street and a line 100 feet easterly of Second Avenue; and 2. changing from a C1-9 District to a C2-8 District property bounded by East 67th Street, a line 100 feet easterly of Second Avenue, East 66th Street, Second Avenue, East 66th Street, and a line 100 feet westerly of Second Avenue; Borough of Manhattan, Community District 8, as shown on a diagram (for illustrative purposes only) dated April 19, 2021, and subject to the conditions of CEQR Declaration E-612.","https://zap-api-production.herokuapp.com/projects/2019M0430?include=actions,milestones,dispositions,dispositions.action,users,assignments.user,packages,artifacts",https://zap.planning.nyc.gov/projects/2019M0430
2019M0430,New York Blood Center,2021,423,e9ec41b1-0b93-eb11-b1ad-001dd80187c1,2019M0430 - ZM - MN CB8,Submitted,,,Unfavorable,"IN THE MATTER OF an application submitted by New York Blood Center, Inc. pursuant to Sections 197-c and 201 of the New York City Charter for an amendment of the Zoning Map, Section No. 8c: 1. changing from an R8B District to a C2-7 District property bounded by East 67th Street, a line 325 feet easterly of Second Avenue, East 66th Street and a line 100 feet easterly of Second Avenue; and 2. changing from a C1-9 District to a C2-8 District property bounded by East 67th Street, a line 100 feet easterly of Second Avenue, East 66th Street, Second Avenue, East 66th Street, and a line 100 feet westerly of Second Avenue; Borough of Manhattan, Community District 8, as shown on a diagram (for illustrative purposes only) dated April 19, 2021, and subject to the conditions of CEQR Declaration E-612.","https://zap-api-production.herokuapp.com/projects/2019M0430?include=actions,milestones,dispositions,dispositions.action,users,assignments.user,packages,artifacts",https://zap.planning.nyc.gov/projects/2019M0430
2019M0430,New York Blood Center,2021,423,3169b6ba-0b93-eb11-b1ac-001dd8018a6d,2019M0430 - ZS - MN BP,Submitted,Unfavorable,,,"IN THE MATTER OF an application submitted by New York Blood Center, Inc. pursuant to Sections 197-c and 201 of the New York City Charter for the grant of a special permit pursuant to Section 74-48* of the Zoning Resolution as follows: 1. to allow a scientific research and development facility as a commercial use; 2. to allow the floor area ratio regulations, up to the maximum floor area ratio permitted for community facility uses for the District, to apply to the scientific research and development facility use; 3. to modify the height and setback regulations of Section 33-432 (In other Commercial Districts), and the required yard equivalents regulations of Section 33-283 (Required rear yard equivalents); and, 4. to modify the signage regulations of Section 32-641 (Total surface area of signs), Section 32-642 (Non-illuminated signs), Section32-643 (Illuminated non-flashing signs), Section 32-655 (Permitted Projections or Height of Signs), and Section 32-67 (Special Provisions Applying Along District Boundaries); to facilitate a proposed 16-story building on property located at 310 East 67th Street (Block 1441, Lot 40), in a C2-7** District, Borough of Manhattan, Community District 8. *Note: A zoning text amendment is proposed to Section 74-48 under a concurrent related application for a Zoning Text change (N 210352 ZRM). ** Note: This site is proposed to be rezoned by changing an R8B District to a C2-7 District under a concurrent related application for a Zoning Map change (C 210351 ZMM). Plans for this proposal are on file with the City Planning Commission and may be seen at 120 Broadway, 31st Floor, New York, NY 10271-0001.","https://zap-api-production.herokuapp.com/projects/2019M0430?include=actions,milestones,dispositions,dispositions.action,users,assignments.user,packages,artifacts",https://zap.planning.nyc.gov/projects/2019M0430
2019M0430,New York Blood Center,2021,423,03ed41b1-0b93-eb11-b1ad-001dd80187c1,2019M0430 - ZS - MN CB8,Submitted,,,Unfavorable,"IN THE MATTER OF an application submitted by New York Blood Center, Inc. pursuant to Sections 197-c and 201 of the New York City Charter for the grant of a special permit pursuant to Section 74-48* of the Zoning Resolution as follows: 1. to allow a scientific research and development facility as a commercial use; 2. to allow the floor area ratio regulations, up to the maximum floor area ratio permitted for community facility uses for the District, to apply to the scientific research and development facility use; 3. to modify the height and setback regulations of Section 33-432 (In other Commercial Districts), and the required yard equivalents regulations of Section 33-283 (Required rear yard equivalents); and, 4. to modify the signage regulations of Section 32-641 (Total surface area of signs), Section 32-642 (Non-illuminated signs), Section32-643 (Illuminated non-flashing signs), Section 32-655 (Permitted Projections or Height of Signs), and Section 32-67 (Special Provisions Applying Along District Boundaries); to facilitate a proposed 16-story building on property located at 310 East 67th Street (Block 1441, Lot 40), in a C2-7** District, Borough of Manhattan, Community District 8. *Note: A zoning text amendment is proposed to Section 74-48 under a concurrent related application for a Zoning Text change (N 210352 ZRM). ** Note: This site is proposed to be rezoned by changing an R8B District to a C2-7 District under a concurrent related application for a Zoning Map change (C 210351 ZMM). Plans for this proposal are on file with the City Planning Commission and may be seen at 120 Broadway, 31st Floor, New York, NY 10271-0001.","https://zap-api-production.herokuapp.com/projects/2019M0430?include=actions,milestones,dispositions,dispositions.action,users,assignments.user,packages,artifacts",https://zap.planning.nyc.gov/projects/2019M0430
2020M0503,Castle III: 107-111 E 123rd Street,2021,424,069190af-75ff-eb11-94ee-001dd8309993,2020M0503 - HA - MN BP,Submitted,Conditional Favorable,,,"IN THE MATTER OF an application submitted by the Department of Housing Preservation and Development (HPD) 1) pursuant to Article 16 of the General Municipal Law of New York State for: a. the designation of property located at 107-111 East 123rd Street (Block 1772, Lots 4, 7 and 8) as an Urban Development Action Area; and b. an Urban Development Action Area Project for such area; and 2) pursuant to Section 197-c of the New York City Charter for the disposition of such property to a developer to be selected by HPD; to facilitate the development of a 15-story building containing approximately 81 supportive and affordable housing units, Borough of Manhattan, Community District 11.","https://zap-api-production.herokuapp.com/projects/2020M0503?include=actions,milestones,dispositions,dispositions.action,users,assignments.user,packages,artifacts",https://zap.planning.nyc.gov/projects/2020M0503
2020M0503,Castle III: 107-111 E 123rd Street,2021,424,527fc69e-75ff-eb11-94ee-001dd8309613,2020M0503 - HA - MN CB11,Submitted,,,Conditional Favorable,"IN THE MATTER OF an application submitted by the Department of Housing Preservation and Development (HPD) 1) pursuant to Article 16 of the General Municipal Law of New York State for: a. the designation of property located at 107-111 East 123rd Street (Block 1772, Lots 4, 7 and 8) as an Urban Development Action Area; and b. an Urban Development Action Area Project for such area; and 2) pursuant to Section 197-c of the New York City Charter for the disposition of such property to a developer to be selected by HPD; to facilitate the development of a 15-story building containing approximately 81 supportive and affordable housing units, Borough of Manhattan, Community District 11.","https://zap-api-production.herokuapp.com/projects/2020M0503?include=actions,milestones,dispositions,dispositions.action,users,assignments.user,packages,artifacts",https://zap.planning.nyc.gov/projects/2020M0503
2021M0107,495 Eleventh Ave (Slaughterhouse),2021,425,16b5e8fb-478b-eb11-b1ad-001dd8021c20,2021M0107 - PC - MN BP,Submitted,Conditional Favorable,,,"IN THE MATTER OF an application submitted by New York Police Department (NYPD) and the Department of Citywide Administrative Services (DCAS), pursuant to Section 197-c of the New York City Charter, for a site selection and acquisition of property located at 495 Eleventh Avenue (Block 685, Lot 38) for use as an NYPD vehicle storage facility, Borough of Manhattan, Community District 4.","https://zap-api-production.herokuapp.com/projects/2021M0107?include=actions,milestones,dispositions,dispositions.action,users,assignments.user,packages,artifacts",https://zap.planning.nyc.gov/projects/2021M0107
2021M0107,495 Eleventh Ave (Slaughterhouse),2021,425,55e274f6-478b-eb11-b1ac-001dd8021c22,2021M0107 - PC - MN CB4,Submitted,,,Conditional Favorable,"IN THE MATTER OF an application submitted by New York Police Department (NYPD) and the Department of Citywide Administrative Services (DCAS), pursuant to Section 197-c of the New York City Charter, for a site selection and acquisition of property located at 495 Eleventh Avenue (Block 685, Lot 38) for use as an NYPD vehicle storage facility, Borough of Manhattan, Community District 4.","https://zap-api-production.herokuapp.com/projects/2021M0107?include=actions,milestones,dispositions,dispositions.action,users,assignments.user,packages,artifacts",https://zap.planning.nyc.gov/projects/2021M0107
2021M0234,New Providence Redevelopment 225 East 45th Street,2021,427,503a78fe-3e28-ec11-b6e5-001dd804ce3d,2021M0234 - HA - MN BP,Submitted,Conditional Favorable,,,"IN THE MATTER OF an application submitted by the Department of Housing Preservation and Development (HPD) 1) pursuant to Article 16 of the General Municipal Law of New York State for: a. the designation of property located at 215-225 East 45th Street (Block 1319, Lots 8 and 11) as an Urban Development Action Area; and b. an Urban Development Action Area Project for such area; and 2) pursuant to Section 197-c of the New York City Charter for the disposition of such property to a developer to be selected by HPD; to facilitate a development containing approximately 171 shelter beds and 130 supportive and affordable housing units, Borough of Manhattan, Community District 6.","https://zap-api-production.herokuapp.com/projects/2021M0234?include=actions,milestones,dispositions,dispositions.action,users,assignments.user,packages,artifacts",https://zap.planning.nyc.gov/projects/2021M0234
2021M0234,New Providence Redevelopment 225 East 45th Street,2021,427,a91ab206-3f28-ec11-b6e5-001dd804cc98,2021M0234 - HA - MN CB6,Submitted,,,Favorable,"IN THE MATTER OF an application submitted by the Department of Housing Preservation and Development (HPD) 1) pursuant to Article 16 of the General Municipal Law of New York State for: a. the designation of property located at 215-225 East 45th Street (Block 1319, Lots 8 and 11) as an Urban Development Action Area; and b. an Urban Development Action Area Project for such area; and 2) pursuant to Section 197-c of the New York City Charter for the disposition of such property to a developer to be selected by HPD; to facilitate a development containing approximately 171 shelter beds and 130 supportive and affordable housing units, Borough of Manhattan, Community District 6.","https://zap-api-production.herokuapp.com/projects/2021M0234?include=actions,milestones,dispositions,dispositions.action,users,assignments.user,packages,artifacts",https://zap.planning.nyc.gov/projects/2021M0234
2021M0234,New Providence Redevelopment 225 East 45th Street,2021,427,c2f17ff8-3e28-ec11-b6e5-001dd804ce3d,2021M0234 - PS - MN BP,Submitted,Conditional Favorable,,,"IN THE MATTER OF an application submitted by the Department of Housing Preservation and Development (HPD) and the Department of Homeless Services (DHS), pursuant to Section 197-c of the New York City Charter, modifying the restriction limiting the capacity of the shelter facility located at 215-225 East 45th Street (Block 1319, Lots 8 and 11) for use as supportive and affordable housing, Borough of Manhattan, Community District 6.","https://zap-api-production.herokuapp.com/projects/2021M0234?include=actions,milestones,dispositions,dispositions.action,users,assignments.user,packages,artifacts",https://zap.planning.nyc.gov/projects/2021M0234
2021M0234,New Providence Redevelopment 225 East 45th Street,2021,427,201ab206-3f28-ec11-b6e5-001dd804cc98,2021M0234 - PS - MN CB6,Submitted,,,Favorable,"IN THE MATTER OF an application submitted by the Department of Housing Preservation and Development (HPD) and the Department of Homeless Services (DHS), pursuant to Section 197-c of the New York City Charter, modifying the restriction limiting the capacity of the shelter facility located at 215-225 East 45th Street (Block 1319, Lots 8 and 11) for use as supportive and affordable housing, Borough of Manhattan, Community District 6.","https://zap-api-production.herokuapp.com/projects/2021M0234?include=actions,milestones,dispositions,dispositions.action,users,assignments.user,packages,artifacts",https://zap.planning.nyc.gov/projects/2021M0234
P2014M0470,The Windermere,2021,428,00734250-cf34-eb11-a813-001dd8309870,P2014M0470 - ZS - MN BP,Submitted,Conditional Favorable,,,"IN THE MATTER OF an application submitted by Windermere Properties LLC pursuant to Sections 197-c and 201 of the New York City Charter for the grant of a special permit pursuant to Section 74-711 of the Zoning Resolution to modify: 1. the use regulations of: a. Section 22-10 (Uses Permitted As-of Right) to allow the conversion of residential floor area to commercial floor area; and b. Section 32-421 (Limitation on Floors Occupied by Commercial Uses) to allow commercial use in Use Group 6 uses to be located above the first story of a building occupied by residential use on its upper stories; and 2. the bulk regulations of: a. Sections 35-32 (Open Space Ratio for Residential Portions of Buildings) and 23-15 (Open Space and Floor Area Regulations in R6 through R10 Districts) to reduce the required amount of open space; b. Section 33-43 (Maximum Height of Walls and Required Setbacks) to allow the building to penetrate the permitted height and setback requirements; c. Section 23-86 (Minimum Distance between Legally Required Windows and Walls or Lot Lines) to reduce the minimum required distance between legally required windows and walls; and d. Section 23-87 (Permitted Obstructions in Courts) to allow portions of the building to be located within the inner court; in connection with the proposed conversion, alteration and enlargement of an existing 8-story building, on property located at 400-406 West 57th Street (Block 1066, Lot 32), in C1-8 and R8/C1-5 Districts, within the Special Clinton District. Plans for this proposal are on file with the City Planning Commission and may be seen at 120 Broadway, 31st Floor, New York, N.Y. 10271.","https://zap-api-production.herokuapp.com/projects/P2014M0470?include=actions,milestones,dispositions,dispositions.action,users,assignments.user,packages,artifacts",https://zap.planning.nyc.gov/projects/P2014M0470
P2014M0470,The Windermere,2021,428,d5f9d750-ce34-eb11-a813-001dd8309f34,P2014M0470 - ZS - MN CB4,Submitted,,,Conditional Favorable,"IN THE MATTER OF an application submitted by Windermere Properties LLC pursuant to Sections 197-c and 201 of the New York City Charter for the grant of a special permit pursuant to Section 74-711 of the Zoning Resolution to modify: 1. the use regulations of: a. Section 22-10 (Uses Permitted As-of Right) to allow the conversion of residential floor area to commercial floor area; and b. Section 32-421 (Limitation on Floors Occupied by Commercial Uses) to allow commercial use in Use Group 6 uses to be located above the first story of a building occupied by residential use on its upper stories; and 2. the bulk regulations of: a. Sections 35-32 (Open Space Ratio for Residential Portions of Buildings) and 23-15 (Open Space and Floor Area Regulations in R6 through R10 Districts) to reduce the required amount of open space; b. Section 33-43 (Maximum Height of Walls and Required Setbacks) to allow the building to penetrate the permitted height and setback requirements; c. Section 23-86 (Minimum Distance between Legally Required Windows and Walls or Lot Lines) to reduce the minimum required distance between legally required windows and walls; and d. Section 23-87 (Permitted Obstructions in Courts) to allow portions of the building to be located within the inner court; in connection with the proposed conversion, alteration and enlargement of an existing 8-story building, on property located at 400-406 West 57th Street (Block 1066, Lot 32), in C1-8 and R8/C1-5 Districts, within the Special Clinton District. Plans for this proposal are on file with the City Planning Commission and may be seen at 120 Broadway, 31st Floor, New York, N.Y. 10271.","https://zap-api-production.herokuapp.com/projects/P2014M0470?include=actions,milestones,dispositions,dispositions.action,users,assignments.user,packages,artifacts",https://zap.planning.nyc.gov/projects/P2014M0470
P2018M0215,One 45/ Museum of Civil Rights,2021,429,b8844293-0138-ec11-b6e5-001dd804c97e,P2018M0215 - ZM - MN BP,Submitted,Conditional Unfavorable,,,"IN THE MATTER OF an application submitted by One45 Lenox LLC pursuant to Sections 197-c and 201 of the New York City Charter for an amendment of the Zoning Map, Section No. 6a: 1. eliminating from an existing R7-2 District a C1-4 District bounded by a line midway between West 144th Street and West 145th Street, Lenox Avenue - Malcolm X. Boulevard, West 144th Street, and a line 100 feet northwesterly of Lenox Avenue - Malcolm X. Boulevard; 2. changing from an R7-2 District to a C4-6 District property bounded by a line midway between West 144th Street and West 145th Street, Lenox Avenue - Malcolm X. Boulevard, West 144th Street, and a line 100 feet northwesterly of Lenox Avenue - Malcolm X. Boulevard; and 3. changing from a C8-3 District to a C4-6 District property bounded by West 145th Street, Lenox Avenue - Malcolm X. Boulevard, a line midway between West 144th Street and West 145th Street, and a line 160 feet southeasterly of Adam Clayton Powell Jr. Boulevard; Borough of Manhattan, Community District 10, as shown on a diagram (for illustrative purposes only) dated November 15, 2021, and subject to the conditions of CEQR Declaration E-651.","https://zap-api-production.herokuapp.com/projects/P2018M0215?include=actions,milestones,dispositions,dispositions.action,users,assignments.user,packages,artifacts",https://zap.planning.nyc.gov/projects/P2018M0215
P2018M0215,One 45/ Museum of Civil Rights,2021,429,ff844293-0138-ec11-b6e5-001dd804c97e,P2018M0215 - ZS - MN BP,Submitted,Conditional Unfavorable,,,"IN THE MATTER OF an application submitted by One45 Lenox LLC pursuant to Sections 197-c and 201 of the New York City Charter for the grant of a special permit pursuant to Section 74-743 of the Zoning Resolution to modify the tower regulations of Section 35-64 (Special Tower Regulations for Mixed Buildings) of a mixed-use building (Building 1), in connection with a proposed mixed-use development, within a large-scale general development, bounded by West 145th Street, Lenox Avenue - Malcolm X. Boulevard, West 144th Street, a line 100 feet northwesterly of Lenox Avenue - Malcolm X. Boulevard, a line midway between West 144th Street and West 145th Street, and a line 160 feet southeasterly of Adam Clayton Powell Jr. Boulevard (Block 2013, Lots 29, 33, 38, 44 and 50), in a C4-6* District, Borough of Manhattan, Community District 10. * Note: This site is proposed to be rezoned by changing existing R7-2/C1-4 and C8-3 Districts to a C4-6 District, under a concurrent related application for a Zoning Map Amendment (C 220134 ZMM). Plans for this proposal are on file with the City Planning Commission and may be seen at 120 Broadway, 31st Floor, New York, NY 10271-0001.","https://zap-api-production.herokuapp.com/projects/P2018M0215?include=actions,milestones,dispositions,dispositions.action,users,assignments.user,packages,artifacts",https://zap.planning.nyc.gov/projects/P2018M0215
P2018M0215,One 45/ Museum of Civil Rights,2021,429,07854293-0138-ec11-b6e5-001dd804c97e,P2018M0215 - ZS - MN BP,Submitted,Conditional Unfavorable,,,"IN THE MATTER OF an application submitted by One45 Lenox LLC pursuant to Sections 197-c and 201 of the New York City Charter for the grant of a special permit pursuant to Section 74-744* of the Zoning Resolution to modify requirements of Section 32-42 (Location Within Buildings) to allow commercial uses (banquet hall use & office amenity space) to be located above residential use, and to modify the requirements of Section 32-423 (Limitation on ground floor location) to allow Use Group 9 uses (banquet hall use) to be located within 50 feet of the street wall of a mixed-use building (Building 1), in connection with a proposed mixed-use development, within a large-scale general development, bounded by West 145th Street, Lenox Avenue - Malcolm X. Boulevard, West 144th Street, a line 100 feet northwesterly of Lenox Avenue - Malcolm X. Boulevard, a line midway between West 144th Street and West 145th Street, and a line 160 feet southeasterly of Adam Clayton Powell Jr. Boulevard (Block 2013, Lots 29, 33, 38, 44 and 50), in a C4-6* District, Borough of Manhattan, Community District 10. * Note: A zoning text amendment is proposed to Section 74-744 under a concurrent related application for a Zoning Text change (N 220135 ZRM). ** Note: This site is proposed to be rezoned by changing existing R7-2/C1-4 and C8-3 Districts to a C4-6 District, under a concurrent related application for a Zoning Map amendment (C 220134 ZMM). Plans for this proposal are on file with the City Planning Commission and may be seen at 120 Broadway, 31st Floor, New York, NY 10271-0001.","https://zap-api-production.herokuapp.com/projects/P2018M0215?include=actions,milestones,dispositions,dispositions.action,users,assignments.user,packages,artifacts",https://zap.planning.nyc.gov/projects/P2018M0215
P2018M0215,One 45/ Museum of Civil Rights,2021,429,2b854293-0138-ec11-b6e5-001dd804c97e,P2018M0215 - ZS - MN BP,Submitted,Conditional Unfavorable,,,"IN THE MATTER OF an application submitted by One45 Lenox LLC pursuant to Sections 197-c and 201 of the New York City Charter for the grant of a special permit pursuant to Section 74-533 of the Zoning Resolution to reduce the required accessory off-street parking spaces to 130 spaces (20%) for dwelling units in a development within a Transit Zone, that includes at least 20 percent of all dwelling units as income-restricted housing units, in connection with a proposed mixed-use development, within a large-scale general development, bounded by West 145th Street, Lenox Avenue - Malcolm X. Boulevard, West 144th Street, a line 100 feet northwesterly of Lenox Avenue - Malcolm X. Boulevard, a line midway between West 144th Street and West 145th Street, and a line 160 feet southeasterly of Adam Clayton Powell Jr. Boulevard (Block 2013, Lots 29, 33, 38, 44 and 50), in a C4-6* District, Borough of Manhattan, Community District 10. * Note: This site is proposed to be rezoned by changing existing R7-2/C1-4 and C8-3 Districts to a C4-6 District, under a concurrent related application for a Zoning Map amendment (C 220134 ZMM). Plans for this proposal are on file with the City Planning Commission and may be seen at 120 Broadway, 31st Floor, New York, NY 10271-0001.","https://zap-api-production.herokuapp.com/projects/P2018M0215?include=actions,milestones,dispositions,dispositions.action,users,assignments.user,packages,artifacts",https://zap.planning.nyc.gov/projects/P2018M0215
P2018M0215,One 45/ Museum of Civil Rights,2021,429,fdaa58a5-0138-ec11-b6e5-001dd804c97e,"P2018M0215_ZM_Whyte, Minah",Submitted,,,Unfavorable,"IN THE MATTER OF an application submitted by One45 Lenox LLC pursuant to Sections 197-c and 201 of the New York City Charter for an amendment of the Zoning Map, Section No. 6a: 1. eliminating from an existing R7-2 District a C1-4 District bounded by a line midway between West 144th Street and West 145th Street, Lenox Avenue - Malcolm X. Boulevard, West 144th Street, and a line 100 feet northwesterly of Lenox Avenue - Malcolm X. Boulevard; 2. changing from an R7-2 District to a C4-6 District property bounded by a line midway between West 144th Street and West 145th Street, Lenox Avenue - Malcolm X. Boulevard, West 144th Street, and a line 100 feet northwesterly of Lenox Avenue - Malcolm X. Boulevard; and 3. changing from a C8-3 District to a C4-6 District property bounded by West 145th Street, Lenox Avenue - Malcolm X. Boulevard, a line midway between West 144th Street and West 145th Street, and a line 160 feet southeasterly of Adam Clayton Powell Jr. Boulevard; Borough of Manhattan, Community District 10, as shown on a diagram (for illustrative purposes only) dated November 15, 2021, and subject to the conditions of CEQR Declaration E-651.","https://zap-api-production.herokuapp.com/projects/P2018M0215?include=actions,milestones,dispositions,dispositions.action,users,assignments.user,packages,artifacts",https://zap.planning.nyc.gov/projects/P2018M0215
P2018M0215,One 45/ Museum of Civil Rights,2021,429,43ab58a5-0138-ec11-b6e5-001dd804c97e,"P2018M0215_ZS_Whyte, Minah",Submitted,,,Unfavorable,"IN THE MATTER OF an application submitted by One45 Lenox LLC pursuant to Sections 197-c and 201 of the New York City Charter for the grant of a special permit pursuant to Section 74-743 of the Zoning Resolution to modify the tower regulations of Section 35-64 (Special Tower Regulations for Mixed Buildings) of a mixed-use building (Building 1), in connection with a proposed mixed-use development, within a large-scale general development, bounded by West 145th Street, Lenox Avenue - Malcolm X. Boulevard, West 144th Street, a line 100 feet northwesterly of Lenox Avenue - Malcolm X. Boulevard, a line midway between West 144th Street and West 145th Street, and a line 160 feet southeasterly of Adam Clayton Powell Jr. Boulevard (Block 2013, Lots 29, 33, 38, 44 and 50), in a C4-6* District, Borough of Manhattan, Community District 10. * Note: This site is proposed to be rezoned by changing existing R7-2/C1-4 and C8-3 Districts to a C4-6 District, under a concurrent related application for a Zoning Map Amendment (C 220134 ZMM). Plans for this proposal are on file with the City Planning Commission and may be seen at 120 Broadway, 31st Floor, New York, NY 10271-0001.","https://zap-api-production.herokuapp.com/projects/P2018M0215?include=actions,milestones,dispositions,dispositions.action,users,assignments.user,packages,artifacts",https://zap.planning.nyc.gov/projects/P2018M0215
P2018M0215,One 45/ Museum of Civil Rights,2021,429,4bab58a5-0138-ec11-b6e5-001dd804c97e,"P2018M0215_ZS_Whyte, Minah",Submitted,,,Unfavorable,"IN THE MATTER OF an application submitted by One45 Lenox LLC pursuant to Sections 197-c and 201 of the New York City Charter for the grant of a special permit pursuant to Section 74-744* of the Zoning Resolution to modify requirements of Section 32-42 (Location Within Buildings) to allow commercial uses (banquet hall use & office amenity space) to be located above residential use, and to modify the requirements of Section 32-423 (Limitation on ground floor location) to allow Use Group 9 uses (banquet hall use) to be located within 50 feet of the street wall of a mixed-use building (Building 1), in connection with a proposed mixed-use development, within a large-scale general development, bounded by West 145th Street, Lenox Avenue - Malcolm X. Boulevard, West 144th Street, a line 100 feet northwesterly of Lenox Avenue - Malcolm X. Boulevard, a line midway between West 144th Street and West 145th Street, and a line 160 feet southeasterly of Adam Clayton Powell Jr. Boulevard (Block 2013, Lots 29, 33, 38, 44 and 50), in a C4-6* District, Borough of Manhattan, Community District 10. * Note: A zoning text amendment is proposed to Section 74-744 under a concurrent related application for a Zoning Text change (N 220135 ZRM). ** Note: This site is proposed to be rezoned by changing existing R7-2/C1-4 and C8-3 Districts to a C4-6 District, under a concurrent related application for a Zoning Map amendment (C 220134 ZMM). Plans for this proposal are on file with the City Planning Commission and may be seen at 120 Broadway, 31st Floor, New York, NY 10271-0001.","https://zap-api-production.herokuapp.com/projects/P2018M0215?include=actions,milestones,dispositions,dispositions.action,users,assignments.user,packages,artifacts",https://zap.planning.nyc.gov/projects/P2018M0215
P2018M0215,One 45/ Museum of Civil Rights,2021,429,62ab58a5-0138-ec11-b6e5-001dd804c97e,"P2018M0215_ZS_Whyte, Minah",Submitted,,,Unfavorable,"IN THE MATTER OF an application submitted by One45 Lenox LLC pursuant to Sections 197-c and 201 of the New York City Charter for the grant of a special permit pursuant to Section 74-533 of the Zoning Resolution to reduce the required accessory off-street parking spaces to 130 spaces (20%) for dwelling units in a development within a Transit Zone, that includes at least 20 percent of all dwelling units as income-restricted housing units, in connection with a proposed mixed-use development, within a large-scale general development, bounded by West 145th Street, Lenox Avenue - Malcolm X. Boulevard, West 144th Street, a line 100 feet northwesterly of Lenox Avenue - Malcolm X. Boulevard, a line midway between West 144th Street and West 145th Street, and a line 160 feet southeasterly of Adam Clayton Powell Jr. Boulevard (Block 2013, Lots 29, 33, 38, 44 and 50), in a C4-6* District, Borough of Manhattan, Community District 10. * Note: This site is proposed to be rezoned by changing existing R7-2/C1-4 and C8-3 Districts to a C4-6 District, under a concurrent related application for a Zoning Map amendment (C 220134 ZMM). Plans for this proposal are on file with the City Planning Commission and may be seen at 120 Broadway, 31st Floor, New York, NY 10271-0001.","https://zap-api-production.herokuapp.com/projects/P2018M0215?include=actions,milestones,dispositions,dispositions.action,users,assignments.user,packages,artifacts",https://zap.planning.nyc.gov/projects/P2018M0215
2019Q0065,98-81 Queens Boulevard Rezoning,2021,430,f12c6e84-8f28-eb11-a813-001dd8309870,2019Q0065 - ZM - QN BP,Submitted,Conditional Unfavorable,,,"IN THE MATTER OF an application submitted by Trylon LLC pursuant to Sections 197-c and 201 of the New York City Charter for an amendment of the Zoning Map, Section No. 14a: 1. eliminating from within an existing R7-1 District a C1-2 District bounded by 66th Avenue, 99th Street, 66th Road and Queens Boulevard; 2. changing from an R7-1 District to an R8X District property bounded by 66th Avenue, 99th Street, 66th Road and Queens Boulevard; and 3. establishing within the proposed R8X District a C2-4 District bounded by 66th Avenue, 99th Street, 66th Road and Queens Boulevard; Borough of Queens, Community District 6, as shown on a diagram (for illustrative purposes only) dated October 4, 2021, and subject to the conditions of CEQR Declaration E-634.","https://zap-api-production.herokuapp.com/projects/2019Q0065?include=actions,milestones,dispositions,dispositions.action,users,assignments.user,packages,artifacts",https://zap.planning.nyc.gov/projects/2019Q0065
2019Q0065,98-81 Queens Boulevard Rezoning,2021,430,578d1081-8f28-eb11-a813-001dd83098a1,2019Q0065 - ZM - QN CB6,Submitted,,,Conditional Unfavorable,"IN THE MATTER OF an application submitted by Trylon LLC pursuant to Sections 197-c and 201 of the New York City Charter for an amendment of the Zoning Map, Section No. 14a: 1. eliminating from within an existing R7-1 District a C1-2 District bounded by 66th Avenue, 99th Street, 66th Road and Queens Boulevard; 2. changing from an R7-1 District to an R8X District property bounded by 66th Avenue, 99th Street, 66th Road and Queens Boulevard; and 3. establishing within the proposed R8X District a C2-4 District bounded by 66th Avenue, 99th Street, 66th Road and Queens Boulevard; Borough of Queens, Community District 6, as shown on a diagram (for illustrative purposes only) dated October 4, 2021, and subject to the conditions of CEQR Declaration E-634.","https://zap-api-production.herokuapp.com/projects/2019Q0065?include=actions,milestones,dispositions,dispositions.action,users,assignments.user,packages,artifacts",https://zap.planning.nyc.gov/projects/2019Q0065
2019Q0127,Resilient Edgemere Community Initiative,2021,431,9624034d-e35c-ec11-8f8e-001dd8050806,2019Q0127 - HA - QN BP,Submitted,Conditional Favorable,,,"IN THE MATTER OF an application submitted by the Department of Housing Preservation and Development (HPD) 1) pursuant to Article 16 of the General Municipal Law of New York State for: a. the designation of property located at Rockaway Beach Boulevard ( Block 15852, Lots 64, 68) ; (Block 15851, Lots 33, 35, 40, 42, 44, 58, 59) ; (Block 15850, Lot 6), (Block 15849 Lots 6, 8, 9, 10, 17, 18, 19, 20, 27, 28, 29) ; (Block 15848, Lots 52, 54, 55, 57, 58, 60, 62, 63, 65, 67), (Block 15847, Lots 79, 80, 81, 82, 83, 84, 85, 86, 87, 88, 89), the demapped roadbed of Beach 43rd Street between Blocks 15852 and 15851 and the demapped roadbed of Beach 39th Street between Blocks 15848 and 15849 b. an Urban Development Action Area Project for such area; and 2. pursuant to Section 197-c of the New York City Charter for the disposition of such property to a developer to be selected by HPD ; to facilitate the development of approximately 1,222 residential housing units, and commercial, community facility and open space, Borough of Queens, Community District 14.","https://zap-api-production.herokuapp.com/projects/2019Q0127?include=actions,milestones,dispositions,dispositions.action,users,assignments.user,packages,artifacts",https://zap.planning.nyc.gov/projects/2019Q0127
2019Q0127,Resilient Edgemere Community Initiative,2021,431,6807e964-e35c-ec11-8f8e-001dd8050806,2019Q0127 - HA - QN CB14,Submitted,,,Unfavorable,"IN THE MATTER OF an application submitted by the Department of Housing Preservation and Development (HPD) 1) pursuant to Article 16 of the General Municipal Law of New York State for: a. the designation of property located at Rockaway Beach Boulevard ( Block 15852, Lots 64, 68) ; (Block 15851, Lots 33, 35, 40, 42, 44, 58, 59) ; (Block 15850, Lot 6), (Block 15849 Lots 6, 8, 9, 10, 17, 18, 19, 20, 27, 28, 29) ; (Block 15848, Lots 52, 54, 55, 57, 58, 60, 62, 63, 65, 67), (Block 15847, Lots 79, 80, 81, 82, 83, 84, 85, 86, 87, 88, 89), the demapped roadbed of Beach 43rd Street between Blocks 15852 and 15851 and the demapped roadbed of Beach 39th Street between Blocks 15848 and 15849 b. an Urban Development Action Area Project for such area; and 2. pursuant to Section 197-c of the New York City Charter for the disposition of such property to a developer to be selected by HPD ; to facilitate the development of approximately 1,222 residential housing units, and commercial, community facility and open space, Borough of Queens, Community District 14.","https://zap-api-production.herokuapp.com/projects/2019Q0127?include=actions,milestones,dispositions,dispositions.action,users,assignments.user,packages,artifacts",https://zap.planning.nyc.gov/projects/2019Q0127
2019Q0127,Resilient Edgemere Community Initiative,2021,431,e224034d-e35c-ec11-8f8e-001dd8050806,2019Q0127 - HU - QN BP,Submitted,Conditional Favorable,,,"IN THE MATTER OF an application submitted by the Department of Housing Preservation and Development (HPD), pursuant to Section 505 of Article 15 of the General Municipal (Urban Renewal) Law of New York State and Section 197-c of the New York City Charter, for the second amendment to the Edgemere Urban Renewal Plan, Borough of Queens, Community District 14.","https://zap-api-production.herokuapp.com/projects/2019Q0127?include=actions,milestones,dispositions,dispositions.action,users,assignments.user,packages,artifacts",https://zap.planning.nyc.gov/projects/2019Q0127
2019Q0127,Resilient Edgemere Community Initiative,2021,431,8207e964-e35c-ec11-8f8e-001dd8050806,2019Q0127 - HU - QN CB14,Submitted,,,Unfavorable,"IN THE MATTER OF an application submitted by the Department of Housing Preservation and Development (HPD), pursuant to Section 505 of Article 15 of the General Municipal (Urban Renewal) Law of New York State and Section 197-c of the New York City Charter, for the second amendment to the Edgemere Urban Renewal Plan, Borough of Queens, Community District 14.","https://zap-api-production.herokuapp.com/projects/2019Q0127?include=actions,milestones,dispositions,dispositions.action,users,assignments.user,packages,artifacts",https://zap.planning.nyc.gov/projects/2019Q0127
2019Q0174,185-17 Hillside Avenue Rezoning,2021,432,15335785-a868-eb11-b0b0-001dd8309d89,2019Q0174 - ZM - QN BP,Submitted,Conditional Favorable,,,"IN THE MATTER OF an application submitted by 18517 Hillside LLC pursuant to Sections 197-c and 201 of the New York City Charter for an amendment of the Zoning Map, Section No. 15b: 1. changing from an R3X District to an R7A District property bounded by a line 140 feet northerly of Hillside Avenue, a line 100 feet westerly of Chelsea Street, a line 100 feet northerly of Hillside Avenue, and Dalny Road; 2. changing from an R6A District to an R7A District property bounded by a line 100 feet northerly of Hillside Avenue, Chelsea Street, Hillside Avenue, and Dalny Road; 3. establishing within a proposed R7A District a C2-4 District bounded by a line 140 feet northerly of Hillside Avenue, a line 100 feet westerly of Chelsea Street, a line 100 feet northerly of Hillside Avenue, and Dalny Road; and 4. establishing a Special Downtown Jamaica District (DJ) bounded by a line 140 feet northerly of Hillside Avenue, a line 100 feet westerly of Chelsea Street, a line 100 feet northerly of Hillside Avenue, and Dalny Road; as shown on a diagram (for illustrative purposes only) dated May 3, 2021, and subject to the conditions of CEQR Declaration E-591.","https://zap-api-production.herokuapp.com/projects/2019Q0174?include=actions,milestones,dispositions,dispositions.action,users,assignments.user,packages,artifacts",https://zap.planning.nyc.gov/projects/2019Q0174
2019Q0174,185-17 Hillside Avenue Rezoning,2021,432,9d3da57d-a868-eb11-b0b0-001dd8309870,2019Q0174 - ZM - QN CB8,Submitted,,,Unfavorable,"IN THE MATTER OF an application submitted by 18517 Hillside LLC pursuant to Sections 197-c and 201 of the New York City Charter for an amendment of the Zoning Map, Section No. 15b: 1. changing from an R3X District to an R7A District property bounded by a line 140 feet northerly of Hillside Avenue, a line 100 feet westerly of Chelsea Street, a line 100 feet northerly of Hillside Avenue, and Dalny Road; 2. changing from an R6A District to an R7A District property bounded by a line 100 feet northerly of Hillside Avenue, Chelsea Street, Hillside Avenue, and Dalny Road; 3. establishing within a proposed R7A District a C2-4 District bounded by a line 140 feet northerly of Hillside Avenue, a line 100 feet westerly of Chelsea Street, a line 100 feet northerly of Hillside Avenue, and Dalny Road; and 4. establishing a Special Downtown Jamaica District (DJ) bounded by a line 140 feet northerly of Hillside Avenue, a line 100 feet westerly of Chelsea Street, a line 100 feet northerly of Hillside Avenue, and Dalny Road; as shown on a diagram (for illustrative purposes only) dated May 3, 2021, and subject to the conditions of CEQR Declaration E-591.","https://zap-api-production.herokuapp.com/projects/2019Q0174?include=actions,milestones,dispositions,dispositions.action,users,assignments.user,packages,artifacts",https://zap.planning.nyc.gov/projects/2019Q0174
2019Q0239,Broadway and 11th Street Rezoning,2021,433,cf1e3fe3-7cc7-ea11-a812-001dd8309ba3,2019Q0239 - ZM - QN BP,Submitted,Conditional Favorable,,,"IN THE MATTER OF an application submitted by 11 St & Broadway LLC pursuant to Sections 197-c and 201 of the New York City Charter for an amendment of the Zoning Map, Section No. 9a: 1. changing from an R5 District to an M1-4/R7A District bounded by Broadway, 12th Street, 33rd Avenue, and 11th Street; and 2. establishing a Special Mixed Use District (MX-3) bounded by Broadway, 12th Street, 33rd Avenue, and 11th Street; Borough of Queens, Community District 1, as shown on a diagram (for illustrative purposes only) dated April 19th, 2021, and subject to the conditions of CEQR Declaration E-613.","https://zap-api-production.herokuapp.com/projects/2019Q0239?include=actions,milestones,dispositions,dispositions.action,users,assignments.user,packages,artifacts",https://zap.planning.nyc.gov/projects/2019Q0239
2019Q0239,Broadway and 11th Street Rezoning,2021,433,2b71e1e0-7cc7-ea11-a812-001dd8309530,2019Q0239 - ZM - QN CB1,Submitted,,,Favorable,"IN THE MATTER OF an application submitted by 11 St & Broadway LLC pursuant to Sections 197-c and 201 of the New York City Charter for an amendment of the Zoning Map, Section No. 9a: 1. changing from an R5 District to an M1-4/R7A District bounded by Broadway, 12th Street, 33rd Avenue, and 11th Street; and 2. establishing a Special Mixed Use District (MX-3) bounded by Broadway, 12th Street, 33rd Avenue, and 11th Street; Borough of Queens, Community District 1, as shown on a diagram (for illustrative purposes only) dated April 19th, 2021, and subject to the conditions of CEQR Declaration E-613.","https://zap-api-production.herokuapp.com/projects/2019Q0239?include=actions,milestones,dispositions,dispositions.action,users,assignments.user,packages,artifacts",https://zap.planning.nyc.gov/projects/2019Q0239
2019Q0280,45-20 83rd Street Rezoning,2021,434,0c547b3f-f0d7-ea11-a813-001dd8309ba3,2019Q0280 - ZM - QN BP,Submitted,Conditional Favorable,,,"IN THE MATTER OF an application submitted by Sunshine Elmhurst LLC pursuant to Sections 197-c and 201 of the New York City Charter for an amendment of the Zoning Map, Section No. 9d, changing from an M1-1 to an R7A District property bounded by the the southeasterly street line of 47th Avenue and its northeasterly prolongation, 83rd Street and its southeasterly prolongation, the northerly boundary line of the Long Island Railroad (Northside Division), and a line passing through a point along the southeasterly street line of 47th Avenue 149 feet southwesterly (as measured along the street line) from the point of intersection of the southeasterly street line of 47th Avenue and the easterly street line of 82nd Street and proceeding southeasterly at an angle 48 degrees to the southeasterly street line of 47th Avenue, Borough of Queens, Community District 4, as shown on a diagram (for illustrative purposes only) dated July 26, 2021, and subject to the conditions of CEQR Declaration of E-630.","https://zap-api-production.herokuapp.com/projects/2019Q0280?include=actions,milestones,dispositions,dispositions.action,users,assignments.user,packages,artifacts",https://zap.planning.nyc.gov/projects/2019Q0280
2019Q0280,45-20 83rd Street Rezoning,2021,434,f7e1d537-f0d7-ea11-a813-001dd8309d89,2019Q0280 - ZM - QN CB4,Submitted,,,Unfavorable,"IN THE MATTER OF an application submitted by Sunshine Elmhurst LLC pursuant to Sections 197-c and 201 of the New York City Charter for an amendment of the Zoning Map, Section No. 9d, changing from an M1-1 to an R7A District property bounded by the the southeasterly street line of 47th Avenue and its northeasterly prolongation, 83rd Street and its southeasterly prolongation, the northerly boundary line of the Long Island Railroad (Northside Division), and a line passing through a point along the southeasterly street line of 47th Avenue 149 feet southwesterly (as measured along the street line) from the point of intersection of the southeasterly street line of 47th Avenue and the easterly street line of 82nd Street and proceeding southeasterly at an angle 48 degrees to the southeasterly street line of 47th Avenue, Borough of Queens, Community District 4, as shown on a diagram (for illustrative purposes only) dated July 26, 2021, and subject to the conditions of CEQR Declaration of E-630.","https://zap-api-production.herokuapp.com/projects/2019Q0280?include=actions,milestones,dispositions,dispositions.action,users,assignments.user,packages,artifacts",https://zap.planning.nyc.gov/projects/2019Q0280
2020Q0120,103-16 Van Wyck Expressway Rezoning,2021,435,37140eba-252a-eb11-a813-001dd8309f34,2020Q0120 - ZM - QN BP,Submitted,Conditional Favorable,,,"IN THE MATTER OF an application submitted by 10316 Van Wyck Exp LLC pursuant to Sections 197-c and 201 of the New York City Charter for an amendment of the Zoning Map, Section No. 18c: 1. changing from an R3A District to an R6B District property bounded by a line 100 feet southeasterly of Liberty Avenue, the northeasterly service road of Van Wyck Expressway, a line 195 feet northwesterly of 105th Avenue and its northeasterly prolongation, and a line midway between 135th Street and Van Wyck Expressway; and 2. establishing within a proposed R6B District a C2-3 District bounded by a line 100 feet southeasterly of Liberty Avenue, Van Wyck Expressway, a line 195 feet northwesterly of 105th Avenue, and a line midway between 135th Street and Van Wyck Expressway; Borough of Queens, Community District 10, as shown on a diagram (for illustrative purposes only) dated July 26, 2021.","https://zap-api-production.herokuapp.com/projects/2020Q0120?include=actions,milestones,dispositions,dispositions.action,users,assignments.user,packages,artifacts",https://zap.planning.nyc.gov/projects/2020Q0120
2020Q0120,103-16 Van Wyck Expressway Rezoning,2021,435,03c28eb5-252a-eb11-a813-001dd8309ba3,2020Q0120 - ZM - QN CB10,Submitted,,,Favorable,"IN THE MATTER OF an application submitted by 10316 Van Wyck Exp LLC pursuant to Sections 197-c and 201 of the New York City Charter for an amendment of the Zoning Map, Section No. 18c: 1. changing from an R3A District to an R6B District property bounded by a line 100 feet southeasterly of Liberty Avenue, the northeasterly service road of Van Wyck Expressway, a line 195 feet northwesterly of 105th Avenue and its northeasterly prolongation, and a line midway between 135th Street and Van Wyck Expressway; and 2. establishing within a proposed R6B District a C2-3 District bounded by a line 100 feet southeasterly of Liberty Avenue, Van Wyck Expressway, a line 195 feet northwesterly of 105th Avenue, and a line midway between 135th Street and Van Wyck Expressway; Borough of Queens, Community District 10, as shown on a diagram (for illustrative purposes only) dated July 26, 2021.","https://zap-api-production.herokuapp.com/projects/2020Q0120?include=actions,milestones,dispositions,dispositions.action,users,assignments.user,packages,artifacts",https://zap.planning.nyc.gov/projects/2020Q0120
2020Q0296,31st Street and Hoyt Ave. Rezoning,2021,436,3b47a642-cf34-eb11-a813-001dd8309f34,2020Q0296 - ZM - QN BP,Submitted,Conditional Favorable,,,"IN THE MATTER OF an application submitted by MDM Development Group LLC, 2441 Astoria Associates, LLC, and 31 Neptune LLC pursuant to Sections 197-c and 201 of the New York City Charter for an amendment of the Zoning Map, Section No. 9a: 1. changing from an R5B District to a C4-4 District property bounded by a line 130 feet southwesterly of 24th Avenue, a line 90 feet southeasterly of 31st Street, a line 200 feet northeasterly of 24th Road, and a line 80 feet southeasterly of 31st Street; 2. changing from a C4-3 District to a C4-4 District property bounded by a line 200 feet northeasterly of 24th Avenue, a line 90 feet southeasterly of 31st Street, a line 130 feet southwesterly of 24th Avenue, a line 80 feet southeasterly of 31st Street, a line 200 feet northeasterly of 24th Road, and 31st Street; 3. changing from an R5B District to a C4-5X District property bounded by a line 200 feet northeasterly of 24th Road, a line 90 feet southeasterly of 31st Street, 24th Road, 32nd Street, Astoria Boulevard North, and a line 80 feet southeasterly of 31st Street; and 4. changing from a C4-3 District to a C4-5X District property bounded by a line 200 feet northeasterly of 24th Road, a line 80 feet southeasterly of 31st Street, Astoria Boulevard North, and 31st Street. Borough of Queens, Community District 1, as shown on a diagram (for illustrative purposes only) dated June 21, 2021, and subject to the conditions of CEQR Declaration E-623.","https://zap-api-production.herokuapp.com/projects/2020Q0296?include=actions,milestones,dispositions,dispositions.action,users,assignments.user,packages,artifacts",https://zap.planning.nyc.gov/projects/2020Q0296
2020Q0296,31st Street and Hoyt Ave. Rezoning,2021,436,44ac593e-cf34-eb11-a813-001dd8309870,2020Q0296 - ZM - QN CB1,Submitted,,,Unfavorable,"IN THE MATTER OF an application submitted by MDM Development Group LLC, 2441 Astoria Associates, LLC, and 31 Neptune LLC pursuant to Sections 197-c and 201 of the New York City Charter for an amendment of the Zoning Map, Section No. 9a: 1. changing from an R5B District to a C4-4 District property bounded by a line 130 feet southwesterly of 24th Avenue, a line 90 feet southeasterly of 31st Street, a line 200 feet northeasterly of 24th Road, and a line 80 feet southeasterly of 31st Street; 2. changing from a C4-3 District to a C4-4 District property bounded by a line 200 feet northeasterly of 24th Avenue, a line 90 feet southeasterly of 31st Street, a line 130 feet southwesterly of 24th Avenue, a line 80 feet southeasterly of 31st Street, a line 200 feet northeasterly of 24th Road, and 31st Street; 3. changing from an R5B District to a C4-5X District property bounded by a line 200 feet northeasterly of 24th Road, a line 90 feet southeasterly of 31st Street, 24th Road, 32nd Street, Astoria Boulevard North, and a line 80 feet southeasterly of 31st Street; and 4. changing from a C4-3 District to a C4-5X District property bounded by a line 200 feet northeasterly of 24th Road, a line 80 feet southeasterly of 31st Street, Astoria Boulevard North, and 31st Street. Borough of Queens, Community District 1, as shown on a diagram (for illustrative purposes only) dated June 21, 2021, and subject to the conditions of CEQR Declaration E-623.","https://zap-api-production.herokuapp.com/projects/2020Q0296?include=actions,milestones,dispositions,dispositions.action,users,assignments.user,packages,artifacts",https://zap.planning.nyc.gov/projects/2020Q0296
2020Q0378,97-04 Sutphin Boulevard Rezoning,2021,437,fd1a1272-983a-eb11-a813-001dd83098a1,2020Q0378 - ZM - QN BP,Submitted,Conditional Favorable,,,"IN THE MATTER OF an application submitted by BG Sutphin LLC pursuant to Sections 197-c and 201 of the New York City Charter for an amendment of the Zoning Map, Section No. 14d, by changing from a C4-5X District to a C6-3 District property bounded by 97th Avenue, 146th Street, a line 100 feet southeasterly of 97th Avenue and Waltham Street, Borough of Queens, Community District 12, as shown on a diagram (for illustrative purposes only) dated August 30, 2021, and subject to the conditions of CEQR Declaration E-639.","https://zap-api-production.herokuapp.com/projects/2020Q0378?include=actions,milestones,dispositions,dispositions.action,users,assignments.user,packages,artifacts",https://zap.planning.nyc.gov/projects/2020Q0378
2020Q0378,97-04 Sutphin Boulevard Rezoning,2021,437,ef220e6b-983a-eb11-a813-001dd8309ba3,2020Q0378 - ZM - QN CB12,Submitted,,,Unfavorable,"IN THE MATTER OF an application submitted by BG Sutphin LLC pursuant to Sections 197-c and 201 of the New York City Charter for an amendment of the Zoning Map, Section No. 14d, by changing from a C4-5X District to a C6-3 District property bounded by 97th Avenue, 146th Street, a line 100 feet southeasterly of 97th Avenue and Waltham Street, Borough of Queens, Community District 12, as shown on a diagram (for illustrative purposes only) dated August 30, 2021, and subject to the conditions of CEQR Declaration E-639.","https://zap-api-production.herokuapp.com/projects/2020Q0378?include=actions,milestones,dispositions,dispositions.action,users,assignments.user,packages,artifacts",https://zap.planning.nyc.gov/projects/2020Q0378
P2016Q0436,62-04 Roosevelt Ave Rezoning,2021,438,80240d48-7bf7-e911-a9b0-001dd8308d01,P2016Q0436 - ZM - QNBP,Submitted,Conditional Favorable,,,"IN THE MATTER OF an application submitted by Woodside 63 Management, LLC and Mare Nostrum Elements, Inc pursuant to Sections 197-c and 201 of the New York City Charter for an amendment of the Zoning Map, Section No. 9d: 1. eliminating from an existing R6 District a C1-4 District bounded by Roosevelt Avenue, 63rd Street, a line 100 feet southerly of Roosevelt Avenue, and the northwesterly prolongation of the southwesterly street line of Trimble Road; and 2. changing from an existing R6 to a C4-4 District property bounded by Roosevelt Avenue, 63rd Street and its southerly prolongation, and the northwesterly prolongation of the southwesterly street line of Trimble Road; as shown on a diagram (for illustrative purposes only) dated April 5, 2021, and subject to the conditions of CEQR Declaration of E-603.","https://zap-api-production.herokuapp.com/projects/P2016Q0436?include=actions,milestones,dispositions,dispositions.action,users,assignments.user,packages,artifacts",https://zap.planning.nyc.gov/projects/P2016Q0436
P2016Q0436,62-04 Roosevelt Ave Rezoning,2021,438,73c7613f-7bf7-e911-a99d-001dd830809a,P2016Q0436 - ZM - QNCB2,Submitted,,,Conditional Favorable,"IN THE MATTER OF an application submitted by Woodside 63 Management, LLC and Mare Nostrum Elements, Inc pursuant to Sections 197-c and 201 of the New York City Charter for an amendment of the Zoning Map, Section No. 9d: 1. eliminating from an existing R6 District a C1-4 District bounded by Roosevelt Avenue, 63rd Street, a line 100 feet southerly of Roosevelt Avenue, and the northwesterly prolongation of the southwesterly street line of Trimble Road; and 2. changing from an existing R6 to a C4-4 District property bounded by Roosevelt Avenue, 63rd Street and its southerly prolongation, and the northwesterly prolongation of the southwesterly street line of Trimble Road; as shown on a diagram (for illustrative purposes only) dated April 5, 2021, and subject to the conditions of CEQR Declaration of E-603.","https://zap-api-production.herokuapp.com/projects/P2016Q0436?include=actions,milestones,dispositions,dispositions.action,users,assignments.user,packages,artifacts",https://zap.planning.nyc.gov/projects/P2016Q0436
P2017Q0212,Beach 67th Street Rezoning,2021,439,d491f312-7e3e-e811-8133-1458d04d06c0,P2017Q0212 - Borough President - QNBP,Submitted,Favorable,,,"IN THE MATTER OF an application submitted by Brisa Builders Development LLC and God’s Battalion of Prayer Properties, Inc. pursuant to Sections 197-c and 201 of the New York City Charter for the amendment of the Zoning Map, Section No. 30c, by changing from an R4A District to an R6 District property bounded by a line 540 feet northerly of Beach Channel Drive, a line midway between Beach 66th Street and Beach 67th Street, a line 230 feet northerly of Beach Channel Drive, Beach 67th Street, a line 100 feet northerly of Beach Channel Drive, Beach 68th Street, a line 380 feet northerly of Beach Channel Drive, and Beach 67th Street, as shown on a diagram (for illustrative purposes only) dated March 1, 2021, and subject to the conditions of CEQR Declaration E-605.","https://zap-api-production.herokuapp.com/projects/P2017Q0212?include=actions,milestones,dispositions,dispositions.action,users,assignments.user,packages,artifacts",https://zap.planning.nyc.gov/projects/P2017Q0212
P2017Q0212,Beach 67th Street Rezoning,2021,439,5d532ef8-7d3e-e811-8133-1458d04d06c0,P2017Q0212 - Community Board - QNCB14,Submitted,,,Conditional Favorable,"IN THE MATTER OF an application submitted by Brisa Builders Development LLC and God’s Battalion of Prayer Properties, Inc. pursuant to Sections 197-c and 201 of the New York City Charter for the amendment of the Zoning Map, Section No. 30c, by changing from an R4A District to an R6 District property bounded by a line 540 feet northerly of Beach Channel Drive, a line midway between Beach 66th Street and Beach 67th Street, a line 230 feet northerly of Beach Channel Drive, Beach 67th Street, a line 100 feet northerly of Beach Channel Drive, Beach 68th Street, a line 380 feet northerly of Beach Channel Drive, and Beach 67th Street, as shown on a diagram (for illustrative purposes only) dated March 1, 2021, and subject to the conditions of CEQR Declaration E-605.","https://zap-api-production.herokuapp.com/projects/P2017Q0212?include=actions,milestones,dispositions,dispositions.action,users,assignments.user,packages,artifacts",https://zap.planning.nyc.gov/projects/P2017Q0212
P2018Q0199,146-93 Guy Brewer Blvd Rezoning,2021,440,ce5fbf0c-9243-ea11-a9c1-001dd8308d01,P2018Q0199 - ZM - QN BP,Submitted,Conditional Favorable,,,"IN THE MATTER OF an application submitted by Ranbir LLC pursuant to Sections 197-c and 201 of the New York City Charter for an amendment of the Zoning Map, Section No. 19b: 1. changing from an R3-2 District to an R6A District property bounded by 146th Terrace, a line 100 feet easterly of Guy R. Brewer Boulevard, 147th Avenue, and Guy R. Brewer Boulevard; and 2. establishing within the proposed R6A District a C2-2 District bounded by 146th Terrace, a line 100 feet easterly of Guy R. Brewer Boulevard, 147th Avenue, and Guy R. Brewer Boulevard; Borough of Queens, Community District 13, as shown on a diagram (for illustrative purposes only) dated November 1, 2021, and subject to the conditions of CEQR Declaration E-646","https://zap-api-production.herokuapp.com/projects/P2018Q0199?include=actions,milestones,dispositions,dispositions.action,users,assignments.user,packages,artifacts",https://zap.planning.nyc.gov/projects/P2018Q0199
P2018Q0199,146-93 Guy Brewer Blvd Rezoning,2021,440,72e8c706-9243-ea11-a9c1-001dd8308d01,P2018Q0199 - ZM - QN CB13,Submitted,,,Unfavorable,"IN THE MATTER OF an application submitted by Ranbir LLC pursuant to Sections 197-c and 201 of the New York City Charter for an amendment of the Zoning Map, Section No. 19b: 1. changing from an R3-2 District to an R6A District property bounded by 146th Terrace, a line 100 feet easterly of Guy R. Brewer Boulevard, 147th Avenue, and Guy R. Brewer Boulevard; and 2. establishing within the proposed R6A District a C2-2 District bounded by 146th Terrace, a line 100 feet easterly of Guy R. Brewer Boulevard, 147th Avenue, and Guy R. Brewer Boulevard; Borough of Queens, Community District 13, as shown on a diagram (for illustrative purposes only) dated November 1, 2021, and subject to the conditions of CEQR Declaration E-646","https://zap-api-production.herokuapp.com/projects/P2018Q0199?include=actions,milestones,dispositions,dispositions.action,users,assignments.user,packages,artifacts",https://zap.planning.nyc.gov/projects/P2018Q0199
2019R0212,River North,2021,441,28019548-6570-eb11-b0b1-001dd83098a1,2019R0212 - ZM - SI CB1,Submitted,,,Unfavorable,"IN THE MATTER OF an application submitted by Richmond SI Owner, LLC pursuant to Sections 197-c and 201 of the New York City Charter for an amendment of the Zoning Map, Section No. 21c: 1. eliminating from an existing R6 District a C2-2 District bounded by Richmond Terrace, Hamilton Avenue, a line 100 feet westerly of Stuyvesant Place, a line 100 feet southwesterly of Richmond Terrace, and Nicholas Street; 2. eliminating a Special Hillsides Preservation District (HS) bounded by Richmond Terrace, Stuyvesant Place, Hamilton Avenue, a line 185 feet westerly of Stuyvesant Place, a line 185 feet southwesterly of Richmond Terrace, and Nicholas Street; 3. changing from an R6 District to an R7-3 District property bounded by Richmond Terrace, Stuyvesant Place, Hamilton Avenue, a line 185 feet westerly of Stuyvesant Place, a line 185 feet southwesterly of Richmond Terrace, and Nicholas Street; 4. establishing within an existing R6 District a C2-4 District bounded by Richmond Terrace, Hamilton Avenue, and Stuyvesant Place; 5. establishing within a proposed R7-3 District a C2-4 District bounded by Richmond Terrace, Stuyvesant Place, Hamilton Avenue, a line 185 feet westerly of Stuyvesant Place, a line 185 feet southwesterly of Richmond Terrace, and Nicholas Street; and 6. establishing a Special St. George District (SG) bounded by Richmond Terrace, Hamilton Avenue, a line 185 feet westerly of Stuyvesant Place, a line 185 feet southwesterly of Richmond Terrace, and Nicholas Street; Borough of Staten Island, Community District 1, as shown on a diagram (for illustrative purposes only) dated May 3, 2021, and subject to the conditions of CEQR Declaration E-614.","https://zap-api-production.herokuapp.com/projects/2019R0212?include=actions,milestones,dispositions,dispositions.action,users,assignments.user,packages,artifacts",https://zap.planning.nyc.gov/projects/2019R0212
2019R0212,River North,2021,441,38019548-6570-eb11-b0b1-001dd83098a1,2019R0212 - ZS - SI CB1,Submitted,,,Unfavorable,"IN THE MATTER OF an application submitted by Richmond SI Owner, LLC pursuant to Sections 197-c and 201 of the New York City Charter for the grant of a special permit pursuant to Section 128-62* of the Zoning Resolution as follows: 1. to modify the rear yard requirements of Section 23-47 (Minimum Required rear yard); 2. to modify the permitted obstruction requirements of Section 128-31 (Rooftop Regulations) and Section 33-42 (Permitted Obstructions); 3. to modify the height and setback requirements of Section 128-33* (Maximum Base Height) and Section 128-34* (Maximum Building Height); and 4. to modify the planting requirements of Section 128-42 (Planting Areas); in connection with a proposed mixed-use development, on property located at 24 Stuyvesant Place (Block 13, Lots 82, 92, 100 and p/o Lot 8), in an R7-3/C2-4** District, within the Special St. George District (SG)**, Borough of Staten Island, Community District 1. * Note: Sections 128-33, 128-34 & 128-62 are proposed to be change under a concurrent related application for a Zoning Text change (N 210290 ZRR). ** Note: This site is proposed to be rezoned by changing R6(HS) & R6/C2-2(HS) Districts to an R7-3/C2-4(SG) District under a concurrent related application for a Zoning Map change (C 210289 ZMR).","https://zap-api-production.herokuapp.com/projects/2019R0212?include=actions,milestones,dispositions,dispositions.action,users,assignments.user,packages,artifacts",https://zap.planning.nyc.gov/projects/2019R0212
2019R0212,River North,2021,441,797ec84c-6570-eb11-b0b0-001dd8309870,"2019R0212_ZM_Zaccone, Brooke",Submitted,Unfavorable,,,"IN THE MATTER OF an application submitted by Richmond SI Owner, LLC pursuant to Sections 197-c and 201 of the New York City Charter for an amendment of the Zoning Map, Section No. 21c: 1. eliminating from an existing R6 District a C2-2 District bounded by Richmond Terrace, Hamilton Avenue, a line 100 feet westerly of Stuyvesant Place, a line 100 feet southwesterly of Richmond Terrace, and Nicholas Street; 2. eliminating a Special Hillsides Preservation District (HS) bounded by Richmond Terrace, Stuyvesant Place, Hamilton Avenue, a line 185 feet westerly of Stuyvesant Place, a line 185 feet southwesterly of Richmond Terrace, and Nicholas Street; 3. changing from an R6 District to an R7-3 District property bounded by Richmond Terrace, Stuyvesant Place, Hamilton Avenue, a line 185 feet westerly of Stuyvesant Place, a line 185 feet southwesterly of Richmond Terrace, and Nicholas Street; 4. establishing within an existing R6 District a C2-4 District bounded by Richmond Terrace, Hamilton Avenue, and Stuyvesant Place; 5. establishing within a proposed R7-3 District a C2-4 District bounded by Richmond Terrace, Stuyvesant Place, Hamilton Avenue, a line 185 feet westerly of Stuyvesant Place, a line 185 feet southwesterly of Richmond Terrace, and Nicholas Street; and 6. establishing a Special St. George District (SG) bounded by Richmond Terrace, Hamilton Avenue, a line 185 feet westerly of Stuyvesant Place, a line 185 feet southwesterly of Richmond Terrace, and Nicholas Street; Borough of Staten Island, Community District 1, as shown on a diagram (for illustrative purposes only) dated May 3, 2021, and subject to the conditions of CEQR Declaration E-614.","https://zap-api-production.herokuapp.com/projects/2019R0212?include=actions,milestones,dispositions,dispositions.action,users,assignments.user,packages,artifacts",https://zap.planning.nyc.gov/projects/2019R0212
2019R0212,River North,2021,441,b17ec84c-6570-eb11-b0b0-001dd8309870,"2019R0212_ZS_Zaccone, Brooke",Submitted,Unfavorable,,,"IN THE MATTER OF an application submitted by Richmond SI Owner, LLC pursuant to Sections 197-c and 201 of the New York City Charter for the grant of a special permit pursuant to Section 128-62* of the Zoning Resolution as follows: 1. to modify the rear yard requirements of Section 23-47 (Minimum Required rear yard); 2. to modify the permitted obstruction requirements of Section 128-31 (Rooftop Regulations) and Section 33-42 (Permitted Obstructions); 3. to modify the height and setback requirements of Section 128-33* (Maximum Base Height) and Section 128-34* (Maximum Building Height); and 4. to modify the planting requirements of Section 128-42 (Planting Areas); in connection with a proposed mixed-use development, on property located at 24 Stuyvesant Place (Block 13, Lots 82, 92, 100 and p/o Lot 8), in an R7-3/C2-4** District, within the Special St. George District (SG)**, Borough of Staten Island, Community District 1. * Note: Sections 128-33, 128-34 & 128-62 are proposed to be change under a concurrent related application for a Zoning Text change (N 210290 ZRR). ** Note: This site is proposed to be rezoned by changing R6(HS) & R6/C2-2(HS) Districts to an R7-3/C2-4(SG) District under a concurrent related application for a Zoning Map change (C 210289 ZMR).","https://zap-api-production.herokuapp.com/projects/2019R0212?include=actions,milestones,dispositions,dispositions.action,users,assignments.user,packages,artifacts",https://zap.planning.nyc.gov/projects/2019R0212
P2018R0326,252 Victory Boulevard,2021,442,ffa632f3-4299-eb11-b1ad-001dd8021c20,P2018R0326 - ZM - SI CB1,Submitted,,,Favorable,"IN THE MATTER OF an application submitted by Victory Boulevard Realty, LLC pursuant to Sections 197-c and 201 of the New York City Charter for an amendment of the Zoning Map, Section No. 21c: 1. changing from an R3-2 District to an R6B District property bounded by the northwesterly centerline prolongation of Avon Place, the northeasterly prolongation of the northwesterly streetline of Rosewood Place, the northwesterly prolongation of a line 100 feet southwesterly of Avon Place, a line midway between Victory Boulevard and Rosewood Place and its the northeasterly prolongation, the northwesterly centerline prolongation of Bayview Place, and Victory Boulevard; 2. changing from an R3X District to an R6B District property bounded by the northwesterly prolongation of a line 100 feet southwesterly of Avon Place, the northeasterly prolongation of the northwesterly streetline of Rosewood Place, the northwesterly centerline prolongation of Bayview Place, and a line midway between Victory Boulevard and Rosewood Place and its the northeasterly prolongation; 3. establishing within an existing R3-2 District a C1-3 District bounded by the northwesterly centerline prolongation of Bayview Place, a line midway between Victory Boulevard and Rosewood Place, a line 400 feet northeasterly of Cebra Avenue, and Victory Boulevard; and 4. establishing within the proposed R6B District a C1-3 District bounded by northwesterly centerline prolongation of Avon Place, a line 75 feet southeasterly of Victory Boulevard, the northwesterly centerline prolongation of Bayview Place, and Victory Boulevard; Borough of Staten Island, Community District 1, as shown on a diagram (for illustrative purposes only) dated May 3, 2021, and subject to the conditions of CEQR Declaration E-615.","https://zap-api-production.herokuapp.com/projects/P2018R0326?include=actions,milestones,dispositions,dispositions.action,users,assignments.user,packages,artifacts",https://zap.planning.nyc.gov/projects/P2018R0326
P2018R0326,252 Victory Boulevard,2021,442,da652df9-4299-eb11-b1ad-001dd8021c20,"P2018R0326_ZM_Zaccone, Brooke",Submitted,Favorable,,,"IN THE MATTER OF an application submitted by Victory Boulevard Realty, LLC pursuant to Sections 197-c and 201 of the New York City Charter for an amendment of the Zoning Map, Section No. 21c: 1. changing from an R3-2 District to an R6B District property bounded by the northwesterly centerline prolongation of Avon Place, the northeasterly prolongation of the northwesterly streetline of Rosewood Place, the northwesterly prolongation of a line 100 feet southwesterly of Avon Place, a line midway between Victory Boulevard and Rosewood Place and its the northeasterly prolongation, the northwesterly centerline prolongation of Bayview Place, and Victory Boulevard; 2. changing from an R3X District to an R6B District property bounded by the northwesterly prolongation of a line 100 feet southwesterly of Avon Place, the northeasterly prolongation of the northwesterly streetline of Rosewood Place, the northwesterly centerline prolongation of Bayview Place, and a line midway between Victory Boulevard and Rosewood Place and its the northeasterly prolongation; 3. establishing within an existing R3-2 District a C1-3 District bounded by the northwesterly centerline prolongation of Bayview Place, a line midway between Victory Boulevard and Rosewood Place, a line 400 feet northeasterly of Cebra Avenue, and Victory Boulevard; and 4. establishing within the proposed R6B District a C1-3 District bounded by northwesterly centerline prolongation of Avon Place, a line 75 feet southeasterly of Victory Boulevard, the northwesterly centerline prolongation of Bayview Place, and Victory Boulevard; Borough of Staten Island, Community District 1, as shown on a diagram (for illustrative purposes only) dated May 3, 2021, and subject to the conditions of CEQR Declaration E-615.","https://zap-api-production.herokuapp.com/projects/P2018R0326?include=actions,milestones,dispositions,dispositions.action,users,assignments.user,packages,artifacts",https://zap.planning.nyc.gov/projects/P2018R0326
2019X0184,1810 Randall Avenue Rezoning,2022,443,3d04fbeb-d047-ec11-8c60-001dd804f2b1,2019X0184 - ZM - BX BP,Submitted,Favorable,,,"IN THE MATTER OF an application submitted by Second Pentecostal Church of God La Hermosa and Vertical Community Development, LLC pursuant to Sections 197-c and 201 of the New York City Charter for the amendment of the Zoning Map, Section No. 7a: 1. eliminating from within an existing R4A District a C1-2 District bounded by a line 100 feet southerly of Randall Avenue, a line midway between Beach Avenue and Taylor Avenue, a line 150 feet southerly of Randall Avenue, and Beach Avenue; 2. eliminating from within an existing R5 District to a C1-2 District bounded by a line 100 feet southerly of Randall Avenue, Taylor Avenue, a line 150 feet southerly of Randall Avenue, and a line midway between Beach Avenue and Taylor Avenue; 3. changing from an R4A District to an R6 District property bounded by Randall Avenue, a line midway between Beach Avenue and Taylor Avenue, line 100 feet southerly of Randall Avenue, and Beach Avenue; and 4. changing from an R5 District to an R6 District property bounded by Randall Avenue, Taylor Avenue, a line 100 feet southerly of Randall Avenue, and a line midway between Beach Avenue and Taylor Avenue; Borough of the Bronx, Community District 9, as shown on a diagram (for illustrative purposes only) dated February 28, 2022, and subject to the conditions of CEQR Declaration E-660","https://zap-api-production.herokuapp.com/projects/2019X0184?include=actions,milestones,dispositions,dispositions.action,users,assignments.user,packages,artifacts",https://zap.planning.nyc.gov/projects/2019X0184
2019X0184,1810 Randall Avenue Rezoning,2022,443,32c5f9df-d047-ec11-8c60-001dd804f2b1,2019X0184 - ZM - BX CB9,Submitted,,,Conditional Favorable,"IN THE MATTER OF an application submitted by Second Pentecostal Church of God La Hermosa and Vertical Community Development, LLC pursuant to Sections 197-c and 201 of the New York City Charter for the amendment of the Zoning Map, Section No. 7a: 1. eliminating from within an existing R4A District a C1-2 District bounded by a line 100 feet southerly of Randall Avenue, a line midway between Beach Avenue and Taylor Avenue, a line 150 feet southerly of Randall Avenue, and Beach Avenue; 2. eliminating from within an existing R5 District to a C1-2 District bounded by a line 100 feet southerly of Randall Avenue, Taylor Avenue, a line 150 feet southerly of Randall Avenue, and a line midway between Beach Avenue and Taylor Avenue; 3. changing from an R4A District to an R6 District property bounded by Randall Avenue, a line midway between Beach Avenue and Taylor Avenue, line 100 feet southerly of Randall Avenue, and Beach Avenue; and 4. changing from an R5 District to an R6 District property bounded by Randall Avenue, Taylor Avenue, a line 100 feet southerly of Randall Avenue, and a line midway between Beach Avenue and Taylor Avenue; Borough of the Bronx, Community District 9, as shown on a diagram (for illustrative purposes only) dated February 28, 2022, and subject to the conditions of CEQR Declaration E-660","https://zap-api-production.herokuapp.com/projects/2019X0184?include=actions,milestones,dispositions,dispositions.action,users,assignments.user,packages,artifacts",https://zap.planning.nyc.gov/projects/2019X0184
2019X0192,Morris Heights NCP,2022,444,73ab27ec-3e18-e911-815e-1458d04d0698,2019X0192 - Borough President - BXBP,Deactivated,,,,"IN THE MATTER OF an application submitted by the Department of Housing Preservation and Development (HPD) 1) pursuant to Article 16 of the General Municipal Law of New York State for: a. the designation of property located at 30 West 182nd Street (Block 3195, Lot 21) and 1647 Popham Avenue (Block 2877, Lot 278) as an Urban Development Action Area; and b. an Urban Development Action Area Project for such area; and 2) pursuant to Section 197-c of the New York City Charter for the disposition of such property to a developer to be selected by HPD; to facilitate the development of two buildings containing an approximate total of 28 affordable housing units, Borough of the Bronx, Community District 5.","https://zap-api-production.herokuapp.com/projects/2019X0192?include=actions,milestones,dispositions,dispositions.action,users,assignments.user,packages,artifacts",https://zap.planning.nyc.gov/projects/2019X0192
2019X0192,Morris Heights NCP,2022,444,79f7a727-3e18-e911-8152-1458d054d020,2019X0192 - Community Board - BXCB5,Deactivated,,,,"IN THE MATTER OF an application submitted by the Department of Housing Preservation and Development (HPD) 1) pursuant to Article 16 of the General Municipal Law of New York State for: a. the designation of property located at 30 West 182nd Street (Block 3195, Lot 21) and 1647 Popham Avenue (Block 2877, Lot 278) as an Urban Development Action Area; and b. an Urban Development Action Area Project for such area; and 2) pursuant to Section 197-c of the New York City Charter for the disposition of such property to a developer to be selected by HPD; to facilitate the development of two buildings containing an approximate total of 28 affordable housing units, Borough of the Bronx, Community District 5.","https://zap-api-production.herokuapp.com/projects/2019X0192?include=actions,milestones,dispositions,dispositions.action,users,assignments.user,packages,artifacts",https://zap.planning.nyc.gov/projects/2019X0192
2019X0192,Morris Heights NCP,2022,444,cbf35b95-47b4-ec11-983f-001dd804dd9a,2019X0192 - HA - BX BP,Submitted,Favorable,,,"IN THE MATTER OF an application submitted by the Department of Housing Preservation and Development (HPD) 1) pursuant to Article 16 of the General Municipal Law of New York State for: a. the designation of property located at 30 West 182nd Street (Block 3195, Lot 21) and 1647 Popham Avenue (Block 2877, Lot 278) as an Urban Development Action Area; and b. an Urban Development Action Area Project for such area; and 2) pursuant to Section 197-c of the New York City Charter for the disposition of such property to a developer to be selected by HPD; to facilitate the development of two buildings containing an approximate total of 28 affordable housing units, Borough of the Bronx, Community District 5.","https://zap-api-production.herokuapp.com/projects/2019X0192?include=actions,milestones,dispositions,dispositions.action,users,assignments.user,packages,artifacts",https://zap.planning.nyc.gov/projects/2019X0192
2019X0192,Morris Heights NCP,2022,444,6df9e0a4-47b4-ec11-983f-001dd804d3f2,2019X0192 - HA - BX CB5,Submitted,,,Favorable,"IN THE MATTER OF an application submitted by the Department of Housing Preservation and Development (HPD) 1) pursuant to Article 16 of the General Municipal Law of New York State for: a. the designation of property located at 30 West 182nd Street (Block 3195, Lot 21) and 1647 Popham Avenue (Block 2877, Lot 278) as an Urban Development Action Area; and b. an Urban Development Action Area Project for such area; and 2) pursuant to Section 197-c of the New York City Charter for the disposition of such property to a developer to be selected by HPD; to facilitate the development of two buildings containing an approximate total of 28 affordable housing units, Borough of the Bronx, Community District 5.","https://zap-api-production.herokuapp.com/projects/2019X0192?include=actions,milestones,dispositions,dispositions.action,users,assignments.user,packages,artifacts",https://zap.planning.nyc.gov/projects/2019X0192
2019X0240,2560 Boston Road Rezoning,2022,445,ac8d5764-3089-ec11-8d20-001dd804f369,2019X0240 - ZM - BX BP,Submitted,Favorable,,,"IN THE MATTER OF an application submitted by Boston Road Associates, pursuant to Sections 197-c and 201 of the New York City Charter for an amendment of the Zoning Map, Section No 4a: 1. changing from an R6 District to an R7-2 District property bounded by a line 100' southeasterly of Boston Road, Matthews Avenue, a line 350 feet northerly of Mace Avenue, a line midway between Barnes Avenue and Matthews Avenue, a line 250 feet northerly of Mace Avenue, and Barnes Avenue; 2. changing from a C8-1 District to an R7-2 District property bounded by Boston Road, Matthews Avenue, a line 100' southeasterly of Boston Road, and Barnes Avenue; and 3. establishing within the proposed R7-2 District a C2-4 District bounded by Boston Road, Matthews Avenue, a line 350 feet northerly of Mace Avenue, a line midway between Barnes Avenue and Matthews Avenue, a line 250 feet northerly of Mace Avenue, and Barnes Avenue; Borough of the Bronx, Community District 11, as shown on a diagram (for illustrative purposes only) dated October 24, 2022, and subject to the conditions of CEQR Declaration E-694.","https://zap-api-production.herokuapp.com/projects/2019X0240?include=actions,milestones,dispositions,dispositions.action,users,assignments.user,packages,artifacts",https://zap.planning.nyc.gov/projects/2019X0240
2019X0240,2560 Boston Road Rezoning,2022,445,6b699152-3089-ec11-8d20-001dd804fa7b,2019X0240 - ZM - BX CB11,Submitted,,,Unfavorable,"IN THE MATTER OF an application submitted by Boston Road Associates, pursuant to Sections 197-c and 201 of the New York City Charter for an amendment of the Zoning Map, Section No 4a: 1. changing from an R6 District to an R7-2 District property bounded by a line 100' southeasterly of Boston Road, Matthews Avenue, a line 350 feet northerly of Mace Avenue, a line midway between Barnes Avenue and Matthews Avenue, a line 250 feet northerly of Mace Avenue, and Barnes Avenue; 2. changing from a C8-1 District to an R7-2 District property bounded by Boston Road, Matthews Avenue, a line 100' southeasterly of Boston Road, and Barnes Avenue; and 3. establishing within the proposed R7-2 District a C2-4 District bounded by Boston Road, Matthews Avenue, a line 350 feet northerly of Mace Avenue, a line midway between Barnes Avenue and Matthews Avenue, a line 250 feet northerly of Mace Avenue, and Barnes Avenue; Borough of the Bronx, Community District 11, as shown on a diagram (for illustrative purposes only) dated October 24, 2022, and subject to the conditions of CEQR Declaration E-694.","https://zap-api-production.herokuapp.com/projects/2019X0240?include=actions,milestones,dispositions,dispositions.action,users,assignments.user,packages,artifacts",https://zap.planning.nyc.gov/projects/2019X0240
2019X0246,Morrisania Open Door,2022,446,79eed8e3-8325-e911-815e-1458d04d0698,2019X0246 - Borough President - BXBP,Deactivated,,,,"IN THE MATTER OF an application submitted by the Department of Housing Preservation and Development (HPD) 1) pursuant to Article 16 of the General Municipal Law of New York State for: a. the designation of property located at 1312-1314 Chisholm Street (Block 2972, Lots 15 and 16) as an Urban Development Action Area; and b. an Urban Development Action Area Project for such area; and 2) pursuant to Section 197-c of the New York City Charter for the disposition of such property to a developer to be selected by HPD; to facilitate the development of a six-story building containing approximately 23 affordable housing units, Borough of the Bronx, Community District 5.","https://zap-api-production.herokuapp.com/projects/2019X0246?include=actions,milestones,dispositions,dispositions.action,users,assignments.user,packages,artifacts",https://zap.planning.nyc.gov/projects/2019X0246
2019X0246,Morrisania Open Door,2022,446,f4190dcc-8325-e911-815e-1458d04d0698,2019X0246 - Community Board - BXCB3,Deactivated,,,,"IN THE MATTER OF an application submitted by the Department of Housing Preservation and Development (HPD) 1) pursuant to Article 16 of the General Municipal Law of New York State for: a. the designation of property located at 1312-1314 Chisholm Street (Block 2972, Lots 15 and 16) as an Urban Development Action Area; and b. an Urban Development Action Area Project for such area; and 2) pursuant to Section 197-c of the New York City Charter for the disposition of such property to a developer to be selected by HPD; to facilitate the development of a six-story building containing approximately 23 affordable housing units, Borough of the Bronx, Community District 5.","https://zap-api-production.herokuapp.com/projects/2019X0246?include=actions,milestones,dispositions,dispositions.action,users,assignments.user,packages,artifacts",https://zap.planning.nyc.gov/projects/2019X0246
2019X0246,Morrisania Open Door,2022,446,ca207146-41b4-ec11-983f-001dd804d7e3,2019X0246 - HA - BX BP,Submitted,Favorable,,,"IN THE MATTER OF an application submitted by the Department of Housing Preservation and Development (HPD) 1) pursuant to Article 16 of the General Municipal Law of New York State for: a. the designation of property located at 1312-1314 Chisholm Street (Block 2972, Lots 15 and 16) as an Urban Development Action Area; and b. an Urban Development Action Area Project for such area; and 2) pursuant to Section 197-c of the New York City Charter for the disposition of such property to a developer to be selected by HPD; to facilitate the development of a six-story building containing approximately 23 affordable housing units, Borough of the Bronx, Community District 3.","https://zap-api-production.herokuapp.com/projects/2019X0246?include=actions,milestones,dispositions,dispositions.action,users,assignments.user,packages,artifacts",https://zap.planning.nyc.gov/projects/2019X0246
2019X0246,Morrisania Open Door,2022,446,ed025469-41b4-ec11-983f-001dd804db73,2019X0246 - HA - BX CB3,Submitted,,,Favorable,"IN THE MATTER OF an application submitted by the Department of Housing Preservation and Development (HPD) 1) pursuant to Article 16 of the General Municipal Law of New York State for: a. the designation of property located at 1312-1314 Chisholm Street (Block 2972, Lots 15 and 16) as an Urban Development Action Area; and b. an Urban Development Action Area Project for such area; and 2) pursuant to Section 197-c of the New York City Charter for the disposition of such property to a developer to be selected by HPD; to facilitate the development of a six-story building containing approximately 23 affordable housing units, Borough of the Bronx, Community District 3.","https://zap-api-production.herokuapp.com/projects/2019X0246?include=actions,milestones,dispositions,dispositions.action,users,assignments.user,packages,artifacts",https://zap.planning.nyc.gov/projects/2019X0246
2019X0252,4541 Furman Avenue Rezoning,2022,447,5bf54fb1-9225-ea11-a9a7-001dd830809a,2019X0252 - ZM - BX BP,Submitted,Favorable,,,"IN THE MATTER OF an application submitted by Markland 4551 LLC pursuant to Sections 197-c and 201 of the New York City Charter for an amendment of the Zoning Map, Section No. 2a: 1. changing from an M1-1 District to an R7D District property bounded by White Plains Road, East 240th Street, Furman Avenue, and a line 300 feet northeasterly of East 239th Street; and 2. establishing within the proposed R7D District a C2-4 District bounded by White Plains Road, East 240th Street, a line midway between White Plains Road and Furman Avenue, and a line 300 feet northeasterly of East 239th Street Borough of the Bronx, Community District 12, as shown on a diagram (for illustrative purposes only) dated January 3, 2022, and subject to the conditions of CEQR Declaration E-656","https://zap-api-production.herokuapp.com/projects/2019X0252?include=actions,milestones,dispositions,dispositions.action,users,assignments.user,packages,artifacts",https://zap.planning.nyc.gov/projects/2019X0252
2019X0252,4541 Furman Avenue Rezoning,2022,447,bd9e51ab-9225-ea11-a9a7-001dd830809a,2019X0252 - ZM - BX CB12,Submitted,,,Unfavorable,"IN THE MATTER OF an application submitted by Markland 4551 LLC pursuant to Sections 197-c and 201 of the New York City Charter for an amendment of the Zoning Map, Section No. 2a: 1. changing from an M1-1 District to an R7D District property bounded by White Plains Road, East 240th Street, Furman Avenue, and a line 300 feet northeasterly of East 239th Street; and 2. establishing within the proposed R7D District a C2-4 District bounded by White Plains Road, East 240th Street, a line midway between White Plains Road and Furman Avenue, and a line 300 feet northeasterly of East 239th Street Borough of the Bronx, Community District 12, as shown on a diagram (for illustrative purposes only) dated January 3, 2022, and subject to the conditions of CEQR Declaration E-656","https://zap-api-production.herokuapp.com/projects/2019X0252?include=actions,milestones,dispositions,dispositions.action,users,assignments.user,packages,artifacts",https://zap.planning.nyc.gov/projects/2019X0252
2021X0367,2017 Grand Concourse,2022,450,e558a460-82ab-ec11-b400-001dd804d995,2021X0367 - HA - BX BP,Submitted,Favorable,,,"IN THE MATTER OF an application submitted by the Department of Housing Preservation and Development (HPD) 1) pursuant to Article 16 of the General Municipal Law of New York State for: a. the designation of property located at 2017 Grand Concourse (Block 2808, Lot 90) as an Urban Development Action Area; and b. an Urban Development Action Area Project for such area; and 2) pursuant to Section 197-c of the New York City Charter for the disposition of such property to a developer to be selected by HPD; to facilitate the development of a new nine-story affordable housing building containing approximately 33 affordable housing units, Borough of the Bronx, Community District 5.","https://zap-api-production.herokuapp.com/projects/2021X0367?include=actions,milestones,dispositions,dispositions.action,users,assignments.user,packages,artifacts",https://zap.planning.nyc.gov/projects/2021X0367
2021X0367,2017 Grand Concourse,2022,450,c574a554-82ab-ec11-b400-001dd804d995,2021X0367 - HA - BX CB5,Submitted,,,Favorable,"IN THE MATTER OF an application submitted by the Department of Housing Preservation and Development (HPD) 1) pursuant to Article 16 of the General Municipal Law of New York State for: a. the designation of property located at 2017 Grand Concourse (Block 2808, Lot 90) as an Urban Development Action Area; and b. an Urban Development Action Area Project for such area; and 2) pursuant to Section 197-c of the New York City Charter for the disposition of such property to a developer to be selected by HPD; to facilitate the development of a new nine-story affordable housing building containing approximately 33 affordable housing units, Borough of the Bronx, Community District 5.","https://zap-api-production.herokuapp.com/projects/2021X0367?include=actions,milestones,dispositions,dispositions.action,users,assignments.user,packages,artifacts",https://zap.planning.nyc.gov/projects/2021X0367
2021X0367,2017 Grand Concourse,2022,450,fb58a460-82ab-ec11-b400-001dd804d995,2021X0367 - PQ - BX BP,Submitted,Favorable,,,"IN THE MATTER OF an application submitted by the Department of Housing Preservation and Development pursuant to Section 197-c of the New York City Charter, for the acquisition of property located at 2017 Grand Concourse (Block 2808, Lot 90), to facilitate the development of a new nine-story affordable housing building containing approximately 33 affordable housing units, Borough of the Bronx, Community District 5.","https://zap-api-production.herokuapp.com/projects/2021X0367?include=actions,milestones,dispositions,dispositions.action,users,assignments.user,packages,artifacts",https://zap.planning.nyc.gov/projects/2021X0367
2021X0367,2017 Grand Concourse,2022,450,e874a554-82ab-ec11-b400-001dd804d995,2021X0367 - PQ - BX CB5,Submitted,,,Favorable,"IN THE MATTER OF an application submitted by the Department of Housing Preservation and Development pursuant to Section 197-c of the New York City Charter, for the acquisition of property located at 2017 Grand Concourse (Block 2808, Lot 90), to facilitate the development of a new nine-story affordable housing building containing approximately 33 affordable housing units, Borough of the Bronx, Community District 5.","https://zap-api-production.herokuapp.com/projects/2021X0367?include=actions,milestones,dispositions,dispositions.action,users,assignments.user,packages,artifacts",https://zap.planning.nyc.gov/projects/2021X0367
2018K0395,1880-1888 Coney Island Avenue Rezoning,2022,451,c2709d78-6a30-ed11-9daf-001dd8308a2c,2018K0395 - ZM - BK BP,Submitted,Conditional Favorable,,,"IN THE MATTER OF an application submitted by Plaza Realty, LLC pursuant to Sections 197-c and 201 of the New York City Charter for the amendment of the Zoning Map, Section No. 22d, changing from a C8-2 District to a C4-5A District property bounded by Avenue O, Coney Island Avenue, a line 590 feet southerly of Avenue O, and a line midway between East 10th Street and Coney Island Avenue, Borough of Brooklyn, Community District 12, as shown on a diagram (for illustrative purposes only) dated September 6, 2022, and subject to the conditions of CEQR Declaration E-684.","https://zap-api-production.herokuapp.com/projects/2018K0395?include=actions,milestones,dispositions,dispositions.action,users,assignments.user,packages,artifacts",https://zap.planning.nyc.gov/projects/2018K0395
2018K0395,1880-1888 Coney Island Avenue Rezoning,2022,451,10c88372-6a30-ed11-9daf-001dd8308a2c,2018K0395 - ZM - BK CB12,Submitted,,,Unfavorable,"IN THE MATTER OF an application submitted by Plaza Realty, LLC pursuant to Sections 197-c and 201 of the New York City Charter for the amendment of the Zoning Map, Section No. 22d, changing from a C8-2 District to a C4-5A District property bounded by Avenue O, Coney Island Avenue, a line 590 feet southerly of Avenue O, and a line midway between East 10th Street and Coney Island Avenue, Borough of Brooklyn, Community District 12, as shown on a diagram (for illustrative purposes only) dated September 6, 2022, and subject to the conditions of CEQR Declaration E-684.","https://zap-api-production.herokuapp.com/projects/2018K0395?include=actions,milestones,dispositions,dispositions.action,users,assignments.user,packages,artifacts",https://zap.planning.nyc.gov/projects/2018K0395
2019K0038,Innovative Urban Village (ENY CCC),2022,452,4d22b7a3-618b-ec11-8d20-001dd804fb22,2019K0038 - ZM - BK BP,Submitted,Conditional Favorable,,,"IN THE MATTER OF an application submitted by Innovative Urban Living, LLC pursuant to Sections 197-c and 201 of the New York City Charter for an amendment of the Zoning Map, Section No. 17d: 1. changing from an R5 District to an R7-2 District property bounded by Flatlands Avenue, Pennsylvania Avenue, a line 295 feet southeasterly of Flatlands Avenue, a line 235 feet southwesterly of Pennsylvania Avenue, a line 370 feet southeasterly of Flatlands Avenue, a line 535 feet southwesterly of Pennsylvania Avenue, a line 550 feet southeasterly of Flatlands Avenue, a line 245 feet northwesterly of Vandalia Avenue, and Louisiana Avenue; and 2. establishing within the proposed R7-2 District a C2-4 District bounded by Flatlands Avenue, Pennsylvania Avenue, a line 295 feet southeasterly of Flatlands Avenue, a line 235 feet southwesterly of Pennsylvania Avenue, a line 370 feet southeasterly of Flatlands Avenue, a line 535 feet southwesterly of Pennsylvania Avenue, a line 550 feet southeasterly of Flatlands Avenue, a line 245 feet northwesterly of Vandalia Avenue, and Louisiana Avenue; Borough of Brooklyn, Community District 5, as shown on a diagram (for illustrative purposes only) dated May 9, 2022, and subject to the conditions of CEQR Declaration E-679.","https://zap-api-production.herokuapp.com/projects/2019K0038?include=actions,milestones,dispositions,dispositions.action,users,assignments.user,packages,artifacts",https://zap.planning.nyc.gov/projects/2019K0038
2019K0038,Innovative Urban Village (ENY CCC),2022,452,d330279e-618b-ec11-8d20-001dd804f369,2019K0038 - ZM - BK CB5,Submitted,,,Conditional Favorable,"IN THE MATTER OF an application submitted by Innovative Urban Living, LLC pursuant to Sections 197-c and 201 of the New York City Charter for an amendment of the Zoning Map, Section No. 17d: 1. changing from an R5 District to an R7-2 District property bounded by Flatlands Avenue, Pennsylvania Avenue, a line 295 feet southeasterly of Flatlands Avenue, a line 235 feet southwesterly of Pennsylvania Avenue, a line 370 feet southeasterly of Flatlands Avenue, a line 535 feet southwesterly of Pennsylvania Avenue, a line 550 feet southeasterly of Flatlands Avenue, a line 245 feet northwesterly of Vandalia Avenue, and Louisiana Avenue; and 2. establishing within the proposed R7-2 District a C2-4 District bounded by Flatlands Avenue, Pennsylvania Avenue, a line 295 feet southeasterly of Flatlands Avenue, a line 235 feet southwesterly of Pennsylvania Avenue, a line 370 feet southeasterly of Flatlands Avenue, a line 535 feet southwesterly of Pennsylvania Avenue, a line 550 feet southeasterly of Flatlands Avenue, a line 245 feet northwesterly of Vandalia Avenue, and Louisiana Avenue; Borough of Brooklyn, Community District 5, as shown on a diagram (for illustrative purposes only) dated May 9, 2022, and subject to the conditions of CEQR Declaration E-679.","https://zap-api-production.herokuapp.com/projects/2019K0038?include=actions,milestones,dispositions,dispositions.action,users,assignments.user,packages,artifacts",https://zap.planning.nyc.gov/projects/2019K0038
2019K0038,Innovative Urban Village (ENY CCC),2022,452,0f22b7a3-618b-ec11-8d20-001dd804fb22,2019K0038 - ZS - BK BP,Submitted,Conditional Favorable,,,"IN THE MATTER OF an application submitted by Innovative Urban Living, LLC pursuant to Sections 197-c and 201 of the New York City Charter for the grant of a special permit pursuant to Section 74-512 of the Zoning Resolution to allow an unattended public parking garage with a maximum capacity of 500 spaces within a proposed 7-story garage building, and to permit some of such spaces to be located on the roof of such public parking garage, in connection with a proposed mixed-use development, on property located at 12020 Flatlands Avenue (Block 4430, Lot 1, and Block 4434, Lots 1 & 10), in an R7-2/C2-4* District, Borough of Brooklyn, Community District 5. *Note: This site is proposed to be rezoned by changing an existing R5 District to R7-2/C2-4 District, under a concurrent related application for a Zoning Map change (C 220312 ZMK). Plans for this proposal are on file with the City Planning Commission and may be seen on the Zoning Application Portal at https://zap.planning.nyc.gov/projects/2019K0038, or the Department of City Planning, 120 Broadway, 31st Floor, New York, NY, 10271-0001.","https://zap-api-production.herokuapp.com/projects/2019K0038?include=actions,milestones,dispositions,dispositions.action,users,assignments.user,packages,artifacts",https://zap.planning.nyc.gov/projects/2019K0038
2019K0038,Innovative Urban Village (ENY CCC),2022,452,3922b7a3-618b-ec11-8d20-001dd804fb22,2019K0038 - ZS - BK BP,Submitted,Conditional Favorable,,,"IN THE MATTER OF an application submitted by Innovative Urban Living, LLC pursuant to Sections 197-c and 201 of the New York City Charter for the grant of a special permit pursuant to the following Sections of the Zoning Resolution Section 74-743(a)(2) of Zoning Resolution to modify: 1. the side and rear yard regulations of Section 23-40 (YARD REGULATIONS), Section 23-50 (Additional Yard Regulations), Section 33-30 (OTHER SPECIAL PPROVISIONS FOR REAR YARDS), and 35-50 (MODIFICATION OF YARD REGULATIONS); 2. the height and setback requirements of Sections 23-66 (Height and Setback Requirements for Quality Housing Buildings), 23-69 (Special Height Limitations), and 35-65 (Height and Setback Requirements for Quality Housing Buildings); and 3. the minimum distance between buildings regulations of Section 23-711 (Standard minimum distance between buildings); in connection with a proposed mixed-use development, within a Large-scale General Development generally bounded by Flatlands Avenue, Pennsylvania Avenue, a line 295 feet southeasterly of Flatlands Avenue, a line 235 feet southwesterly of Pennsylvania Avenue, a line 370 feet southeasterly of Flatlands Avenue, a line 535 feet southwesterly of Pennsylvania Avenue, a line 550 feet southeasterly of Flatlands Avenue, a line 245 feet northwesterly of Vandalia Avenue, and Louisiana Avenue (Block 4430, Lot 1, and Block 4434, Lots 1 & 10), in an R7-2/C2-4* District, Borough of Brooklyn, Community District 5. *Note: This site is proposed to be rezoned by changing an existing R5 District to R7-2/C2-4 District, under a concurrent related application for a Zoning Map change (C 220312 ZMK). Plans for this proposal are on file with the City Planning Commission and may be seen on the Zoning Application Portal at https://zap.planning.nyc.gov/projects/2019K0038, or the Department of City Planning, 120 Broadway, 31st Floor, New York, NY,","https://zap-api-production.herokuapp.com/projects/2019K0038?include=actions,milestones,dispositions,dispositions.action,users,assignments.user,packages,artifacts",https://zap.planning.nyc.gov/projects/2019K0038
2019K0038,Innovative Urban Village (ENY CCC),2022,452,8930279e-618b-ec11-8d20-001dd804f369,2019K0038 - ZS - BK CB5,Submitted,,,Conditional Favorable,"IN THE MATTER OF an application submitted by Innovative Urban Living, LLC pursuant to Sections 197-c and 201 of the New York City Charter for the grant of a special permit pursuant to Section 74-512 of the Zoning Resolution to allow an unattended public parking garage with a maximum capacity of 500 spaces within a proposed 7-story garage building, and to permit some of such spaces to be located on the roof of such public parking garage, in connection with a proposed mixed-use development, on property located at 12020 Flatlands Avenue (Block 4430, Lot 1, and Block 4434, Lots 1 & 10), in an R7-2/C2-4* District, Borough of Brooklyn, Community District 5. *Note: This site is proposed to be rezoned by changing an existing R5 District to R7-2/C2-4 District, under a concurrent related application for a Zoning Map change (C 220312 ZMK). Plans for this proposal are on file with the City Planning Commission and may be seen on the Zoning Application Portal at https://zap.planning.nyc.gov/projects/2019K0038, or the Department of City Planning, 120 Broadway, 31st Floor, New York, NY, 10271-0001.","https://zap-api-production.herokuapp.com/projects/2019K0038?include=actions,milestones,dispositions,dispositions.action,users,assignments.user,packages,artifacts",https://zap.planning.nyc.gov/projects/2019K0038
2019K0038,Innovative Urban Village (ENY CCC),2022,452,bb30279e-618b-ec11-8d20-001dd804f369,2019K0038 - ZS - BK CB5,Submitted,,,Conditional Favorable,"IN THE MATTER OF an application submitted by Innovative Urban Living, LLC pursuant to Sections 197-c and 201 of the New York City Charter for the grant of a special permit pursuant to the following Sections of the Zoning Resolution Section 74-743(a)(2) of Zoning Resolution to modify: 1. the side and rear yard regulations of Section 23-40 (YARD REGULATIONS), Section 23-50 (Additional Yard Regulations), Section 33-30 (OTHER SPECIAL PPROVISIONS FOR REAR YARDS), and 35-50 (MODIFICATION OF YARD REGULATIONS); 2. the height and setback requirements of Sections 23-66 (Height and Setback Requirements for Quality Housing Buildings), 23-69 (Special Height Limitations), and 35-65 (Height and Setback Requirements for Quality Housing Buildings); and 3. the minimum distance between buildings regulations of Section 23-711 (Standard minimum distance between buildings); in connection with a proposed mixed-use development, within a Large-scale General Development generally bounded by Flatlands Avenue, Pennsylvania Avenue, a line 295 feet southeasterly of Flatlands Avenue, a line 235 feet southwesterly of Pennsylvania Avenue, a line 370 feet southeasterly of Flatlands Avenue, a line 535 feet southwesterly of Pennsylvania Avenue, a line 550 feet southeasterly of Flatlands Avenue, a line 245 feet northwesterly of Vandalia Avenue, and Louisiana Avenue (Block 4430, Lot 1, and Block 4434, Lots 1 & 10), in an R7-2/C2-4* District, Borough of Brooklyn, Community District 5. *Note: This site is proposed to be rezoned by changing an existing R5 District to R7-2/C2-4 District, under a concurrent related application for a Zoning Map change (C 220312 ZMK). Plans for this proposal are on file with the City Planning Commission and may be seen on the Zoning Application Portal at https://zap.planning.nyc.gov/projects/2019K0038, or the Department of City Planning, 120 Broadway, 31st Floor, New York, NY,","https://zap-api-production.herokuapp.com/projects/2019K0038?include=actions,milestones,dispositions,dispositions.action,users,assignments.user,packages,artifacts",https://zap.planning.nyc.gov/projects/2019K0038
2019K0385,1571 McDonald Avenue Rezoning,2022,453,176e88c6-b853-eb11-a811-001dd8309d89,2019K0385 - ZM - BK BP,Submitted,Conditional Favorable,,,"IN THE MATTER OF an application submitted by 1571 Development, LLC pursuant to Sections 197-c and 201 of the New York City Charter for an amendment of the Zoning Map, Section No. 22d: 1. eliminating from within an existing R5 District a C2-3 District bounded by Avenue M, East 2nd Street, a line 150 feet southerly of Avenue M, a line midway between McDonald Avenue and East 2nd Street, Avenue N, and McDonald Avenue; and 2. changing from an R5 District to an C4-4L District property bounded by Avenue M, a line midway between McDonald Avenue and East 2nd Street, Avenue N, and McDonald Avenue; Borough of Brooklyn, Community District 12, as shown on a diagram (for illustrative purposes only) dated May 9, 2022, and subject to the conditions of CEQR Declaration E-673.","https://zap-api-production.herokuapp.com/projects/2019K0385?include=actions,milestones,dispositions,dispositions.action,users,assignments.user,packages,artifacts",https://zap.planning.nyc.gov/projects/2019K0385
2019K0385,1571 McDonald Avenue Rezoning,2022,453,f15797bd-b853-eb11-a811-001dd8309f34,2019K0385 - ZM - BK CB12,Submitted,,,Unfavorable,"IN THE MATTER OF an application submitted by 1571 Development, LLC pursuant to Sections 197-c and 201 of the New York City Charter for an amendment of the Zoning Map, Section No. 22d: 1. eliminating from within an existing R5 District a C2-3 District bounded by Avenue M, East 2nd Street, a line 150 feet southerly of Avenue M, a line midway between McDonald Avenue and East 2nd Street, Avenue N, and McDonald Avenue; and 2. changing from an R5 District to an C4-4L District property bounded by Avenue M, a line midway between McDonald Avenue and East 2nd Street, Avenue N, and McDonald Avenue; Borough of Brooklyn, Community District 12, as shown on a diagram (for illustrative purposes only) dated May 9, 2022, and subject to the conditions of CEQR Declaration E-673.","https://zap-api-production.herokuapp.com/projects/2019K0385?include=actions,milestones,dispositions,dispositions.action,users,assignments.user,packages,artifacts",https://zap.planning.nyc.gov/projects/2019K0385
2019K0385,1571 McDonald Avenue Rezoning,2022,453,1d6e88c6-b853-eb11-a811-001dd8309d89,2019K0385 - ZR - BK BP,Submitted,Conditional Favorable,,,"## 1571 McDonald Avenue Rezoning CD 12 C 210230 ZMK IN THE MATTER OF an application submitted by 1571 Development, LLC pursuant to Sections 197-c and 201 of the New York City Charter for an amendment of the Zoning Map, Section No. 22d: 1. eliminating from within an existing R5 District a C2-3 District bounded by Avenue M, East 2nd Street, a line 150 feet southerly of Avenue M, a line midway between McDonald Avenue and East 2nd Street, Avenue N, and McDonald Avenue; and 2. changing from an R5 District to an C4-4L District property bounded by Avenue M, a line midway between McDonald Avenue and East 2nd Street, Avenue N, and McDonald Avenue; as shown on a diagram (for illustrative purposes only) dated May 9, 2022, and subject to the conditions of CEQR Declaration E-673.","https://zap-api-production.herokuapp.com/projects/2019K0385?include=actions,milestones,dispositions,dispositions.action,users,assignments.user,packages,artifacts",https://zap.planning.nyc.gov/projects/2019K0385
2019K0385,1571 McDonald Avenue Rezoning,2022,453,055897bd-b853-eb11-a811-001dd8309f34,2019K0385 - ZR - BK CB12,Submitted,,,Unfavorable,"## 1571 McDonald Avenue Rezoning CD 12 C 210230 ZMK IN THE MATTER OF an application submitted by 1571 Development, LLC pursuant to Sections 197-c and 201 of the New York City Charter for an amendment of the Zoning Map, Section No. 22d: 1. eliminating from within an existing R5 District a C2-3 District bounded by Avenue M, East 2nd Street, a line 150 feet southerly of Avenue M, a line midway between McDonald Avenue and East 2nd Street, Avenue N, and McDonald Avenue; and 2. changing from an R5 District to an C4-4L District property bounded by Avenue M, a line midway between McDonald Avenue and East 2nd Street, Avenue N, and McDonald Avenue; as shown on a diagram (for illustrative purposes only) dated May 9, 2022, and subject to the conditions of CEQR Declaration E-673.","https://zap-api-production.herokuapp.com/projects/2019K0385?include=actions,milestones,dispositions,dispositions.action,users,assignments.user,packages,artifacts",https://zap.planning.nyc.gov/projects/2019K0385
2019K0406,446-448 Park Avenue Rezoning,2022,454,c1f453d2-e78b-eb11-b1ac-001dd8018a6d,2019K0406 - ZM - BK BP,Submitted,Conditional Favorable,,,"IN THE MATTER OF an application submitted by 446-448 Park Realty Corp. pursuant to Sections 197-c and 201 of the New York City Charter for the amendment of the Zoning Map, Section No. 12d: 1. changing from an M1-1 District to an M1-4/R6A District property bounded by Park Avenue, a line midway between Franklin Avenue and Skillman Street, a line 80 feet southerly of Park Avenue, and a line 105 feet westerly of Franklin Avenue; and 2. establishing a Special Mixed Use District (MX-4) bounded by Park Avenue, a line midway between Franklin Avenue and Skillman Street, a line 80 feet southerly of Park Avenue, and a line 105 feet westerly of Franklin Avenue; Borough of Brooklyn, Community District 3, as shown on a diagram (for illustrative purposes only) dated July 11, 2022, and subject to the conditions of CEQR Declaration E-681.","https://zap-api-production.herokuapp.com/projects/2019K0406?include=actions,milestones,dispositions,dispositions.action,users,assignments.user,packages,artifacts",https://zap.planning.nyc.gov/projects/2019K0406
2019K0406,446-448 Park Avenue Rezoning,2022,454,dd20e2cb-e78b-eb11-b1ad-001dd8021c21,2019K0406 - ZM - BK CB3,Submitted,,,Conditional Favorable,"IN THE MATTER OF an application submitted by 446-448 Park Realty Corp. pursuant to Sections 197-c and 201 of the New York City Charter for the amendment of the Zoning Map, Section No. 12d: 1. changing from an M1-1 District to an M1-4/R6A District property bounded by Park Avenue, a line midway between Franklin Avenue and Skillman Street, a line 80 feet southerly of Park Avenue, and a line 105 feet westerly of Franklin Avenue; and 2. establishing a Special Mixed Use District (MX-4) bounded by Park Avenue, a line midway between Franklin Avenue and Skillman Street, a line 80 feet southerly of Park Avenue, and a line 105 feet westerly of Franklin Avenue; Borough of Brooklyn, Community District 3, as shown on a diagram (for illustrative purposes only) dated July 11, 2022, and subject to the conditions of CEQR Declaration E-681.","https://zap-api-production.herokuapp.com/projects/2019K0406?include=actions,milestones,dispositions,dispositions.action,users,assignments.user,packages,artifacts",https://zap.planning.nyc.gov/projects/2019K0406
2019K0441,41 Summit Street,2022,455,c7e9e743-b084-ea11-a811-001dd8309530,2019K0441 - ZM - BK BP,Submitted,Unfavorable,,,"N THE MATTER OF an application submitted by 41 Summit Street, LLC pursuant to Sections 197-c and 201 of the New York City Charter for an amendment to the Zoning Map, Section No. 16a, changing from an M1-1 District to an R6B District property bounded by a line midway between Carroll Street and Summit Street, a line 350 feet northwesterly of Columbia Street, Summit Street, and a line 380 feet northwesterly of Columbia Street, Borough of Brooklyn, Community District 6, as shown on a diagram (for illustrative purposes only) dated January 18, 2022, and subject to the conditions of CEQR Declaration E-658.","https://zap-api-production.herokuapp.com/projects/2019K0441?include=actions,milestones,dispositions,dispositions.action,users,assignments.user,packages,artifacts",https://zap.planning.nyc.gov/projects/2019K0441
2019K0441,41 Summit Street,2022,455,b9e9e743-b084-ea11-a811-001dd8309530,2019K0441 - ZM - BK CB6,Submitted,,,Favorable,"IN THE MATTER OF an application submitted by 41 Summit Street, LLC pursuant to Sections 197-c and 201 of the New York City Charter for an amendment to the Zoning Map, Section No. 16a, changing from an M1-1 District to an R6B District property bounded by a line midway between Carroll Street and Summit Street, a line 350 feet northwesterly of Columbia Street, Summit Street, and a line 380 feet northwesterly of Columbia Street, Borough of Brooklyn, Community District 6, as shown on a diagram (for illustrative purposes only) dated January 18, 2022, and subject to the conditions of CEQR Declaration E-658.","https://zap-api-production.herokuapp.com/projects/2019K0441?include=actions,milestones,dispositions,dispositions.action,users,assignments.user,packages,artifacts",https://zap.planning.nyc.gov/projects/2019K0441
2019K0461,280 Bergen Street Rezoning,2022,456,704ebb66-cc47-ec11-8c60-001dd804f546,2019K0461 - ZM - BK BP,Submitted,Conditional Favorable,,,"IN THE MATTER OF an application submitted by BNW3 Re-Gen, LLC pursuant to Sections 197-c and 201 of the New York City Charter for an amendment of the Zoning Map, Section No. 16c: 1. changing from an M1-2 District to an R7A District property bounded by Bergen Street, a line 100 feet northwesterly of 3rd Avenue, Wyckoff Street, a line 120 feet northwesterly of 3rd Avenue, a line midway between Bergen Street and Wyckoff Street, a line 275 feet southeasterly of Nevins Street, Wyckoff Street, and Nevins Street; 2. changing from an M1-2 District to an R7D District property bounded by Bergen Street, 3rd Avenue, Wyckoff Street, and a line 100 feet northwesterly of 3rd Avenue; and 3. establishing within the proposed R7D District a C2-4 District bounded by Bergen Street, 3rd Avenue, Wyckoff Street, and a line 100 feet northwesterly of 3rd Avenue; Borough of Brooklyn, Community District 2, as shown on a diagram (for illustrative purposes only) dated June 6, 2022, and subject to the conditions of CEQR Declaration E-682.","https://zap-api-production.herokuapp.com/projects/2019K0461?include=actions,milestones,dispositions,dispositions.action,users,assignments.user,packages,artifacts",https://zap.planning.nyc.gov/projects/2019K0461
2019K0461,280 Bergen Street Rezoning,2022,456,2dbf3c60-cc47-ec11-8c60-001dd804f630,2019K0461 - ZM - BK CB2,Submitted,,,Unfavorable,"IN THE MATTER OF an application submitted by BNW3 Re-Gen, LLC pursuant to Sections 197-c and 201 of the New York City Charter for an amendment of the Zoning Map, Section No. 16c: 1. changing from an M1-2 District to an R7A District property bounded by Bergen Street, a line 100 feet northwesterly of 3rd Avenue, Wyckoff Street, a line 120 feet northwesterly of 3rd Avenue, a line midway between Bergen Street and Wyckoff Street, a line 275 feet southeasterly of Nevins Street, Wyckoff Street, and Nevins Street; 2. changing from an M1-2 District to an R7D District property bounded by Bergen Street, 3rd Avenue, Wyckoff Street, and a line 100 feet northwesterly of 3rd Avenue; and 3. establishing within the proposed R7D District a C2-4 District bounded by Bergen Street, 3rd Avenue, Wyckoff Street, and a line 100 feet northwesterly of 3rd Avenue; Borough of Brooklyn, Community District 2, as shown on a diagram (for illustrative purposes only) dated June 6, 2022, and subject to the conditions of CEQR Declaration E-682.","https://zap-api-production.herokuapp.com/projects/2019K0461?include=actions,milestones,dispositions,dispositions.action,users,assignments.user,packages,artifacts",https://zap.planning.nyc.gov/projects/2019K0461
2019K0467,58 Nixon Court Rezoning,2022,457,eec58f30-992d-eb11-a813-001dd8309d89,2019K0467 - ZM - BK BP,Submitted,Conditional Favorable,,,"IN THE MATTER OF an application submitted by SLG Assets, Inc. pursuant to Sections 197-c and 201 of the New York City Charter for an amendment of the Zoning Map, Section No. 28c: 1. changing from an R5 District to an R7X District property bounded by Murdock Court, Ocean Parkway, Shore Parkway (northerly portion), and a line 460 feet easterly of West Street; and 2. establishing within a proposed R7X District, a C2-4 District bounded by Nixon Court, Ocean Parkway, Shore Parkway (northerly portion), and a line 460 feet easterly of West Street; Borough of Brooklyn, Community District 13, as shown on a diagram (for illustrative purposes only) dated October 24, 2022, and subject to the conditions of CEQR Declaration E-697.","https://zap-api-production.herokuapp.com/projects/2019K0467?include=actions,milestones,dispositions,dispositions.action,users,assignments.user,packages,artifacts",https://zap.planning.nyc.gov/projects/2019K0467
2019K0467,58 Nixon Court Rezoning,2022,457,3b4f432a-992d-eb11-a813-001dd8309530,2019K0467 - ZM - BK CB13,Submitted,,,Unfavorable,"IN THE MATTER OF an application submitted by SLG Assets, Inc. pursuant to Sections 197-c and 201 of the New York City Charter for an amendment of the Zoning Map, Section No. 28c: 1. changing from an R5 District to an R7X District property bounded by Murdock Court, Ocean Parkway, Shore Parkway (northerly portion), and a line 460 feet easterly of West Street; and 2. establishing within a proposed R7X District, a C2-4 District bounded by Nixon Court, Ocean Parkway, Shore Parkway (northerly portion), and a line 460 feet easterly of West Street; Borough of Brooklyn, Community District 13, as shown on a diagram (for illustrative purposes only) dated October 24, 2022, and subject to the conditions of CEQR Declaration E-697.","https://zap-api-production.herokuapp.com/projects/2019K0467?include=actions,milestones,dispositions,dispositions.action,users,assignments.user,packages,artifacts",https://zap.planning.nyc.gov/projects/2019K0467
2020K0228,2080 McDonald Avenue,2022,458,4db0bb89-9a2d-eb11-a813-001dd8309d89,2020K0228 - ZM - BK BP,Submitted,Conditional Favorable,,,"IN THE MATTER OF an application submitted by Jackson Ex 2 Avenue S LLC pursuant to Sections 197-c and 201 of the New York City Charter for an amendment of the Zoning Map, Section No. 28c: 1. changing from an R5B District to a C4-4L District property bounded by a line 170 feet northerly of Avenue S, a line midway between Lake Street and McDonald Avenue, a line 160 feet southerly of Avenue S, and Lake Street; and 2. changing from an M1-1 District to a C4-4L District property bounded by a line 170 feet northerly of Avenue S, McDonald Avenue, a line 160 feet southerly of Avenue S and a line midway between Lake Street and McDonald Avenue; Borough of Brooklyn, Community District 11, as shown on a diagram (for illustrative purposes only) dated April 11, 2022, and subject to the conditions of CEQR Declaration E-662.","https://zap-api-production.herokuapp.com/projects/2020K0228?include=actions,milestones,dispositions,dispositions.action,users,assignments.user,packages,artifacts",https://zap.planning.nyc.gov/projects/2020K0228
2020K0228,2080 McDonald Avenue,2022,458,3bb7867f-9a2d-eb11-a813-001dd8309530,2020K0228 - ZM - BK CB11,Submitted,,,Favorable,"IN THE MATTER OF an application submitted by Jackson Ex 2 Avenue S LLC pursuant to Sections 197-c and 201 of the New York City Charter for an amendment of the Zoning Map, Section No. 28c: 1. changing from an R5B District to a C4-4L District property bounded by a line 170 feet northerly of Avenue S, a line midway between Lake Street and McDonald Avenue, a line 160 feet southerly of Avenue S, and Lake Street; and 2. changing from an M1-1 District to a C4-4L District property bounded by a line 170 feet northerly of Avenue S, McDonald Avenue, a line 160 feet southerly of Avenue S and a line midway between Lake Street and McDonald Avenue; Borough of Brooklyn, Community District 11, as shown on a diagram (for illustrative purposes only) dated April 11, 2022, and subject to the conditions of CEQR Declaration E-662.","https://zap-api-production.herokuapp.com/projects/2020K0228?include=actions,milestones,dispositions,dispositions.action,users,assignments.user,packages,artifacts",https://zap.planning.nyc.gov/projects/2020K0228
2020K0358,Ninth Street Rezoning,2022,459,d293558d-4e92-eb11-b1ad-001dd8021c21,2020K0358 - ZM - BK BP,Submitted,Conditional Favorable,,,"IN THE MATTER OF an application submitted by Angelina Gatto Trust pursuant to Sections 197-c and 201 of the New York City Charter for an amendment of the Zoning Map, Section No. 16c: 1. changing from an M2-1 District to an M1-4/R7A District property bounded by a line midway between 8th Street and 9th Street, a line 100 feet northwesterly of 3rd Avenue, 9th Street, and a line 175 feet southeasterly of 2nd Avenue; and 2. establishing a Special Mixed Use District (MX-25) bounded by a line midway between 8th Street and 9th Street, a line 100 feet northwesterly of 3rd Avenue, 9th Street, and a line 175 feet southeasterly of 2nd Avenue. Borough of Brooklyn, Community District 6, as shown on a diagram (for illustrative purposes only) dated April 25, 2022, and subject to the conditions of CEQR Declaration E-670.","https://zap-api-production.herokuapp.com/projects/2020K0358?include=actions,milestones,dispositions,dispositions.action,users,assignments.user,packages,artifacts",https://zap.planning.nyc.gov/projects/2020K0358
2020K0358,Ninth Street Rezoning,2022,459,e7325d87-4e92-eb11-b1ad-001dd8021c21,2020K0358 - ZM - BK CB6,Submitted,,,Conditional Favorable,"IN THE MATTER OF an application submitted by Angelina Gatto Trust pursuant to Sections 197-c and 201 of the New York City Charter for an amendment of the Zoning Map, Section No. 16c: 1. changing from an M2-1 District to an M1-4/R7A District property bounded by a line midway between 8th Street and 9th Street, a line 100 feet northwesterly of 3rd Avenue, 9th Street, and a line 175 feet southeasterly of 2nd Avenue; and 2. establishing a Special Mixed Use District (MX-25) bounded by a line midway between 8th Street and 9th Street, a line 100 feet northwesterly of 3rd Avenue, 9th Street, and a line 175 feet southeasterly of 2nd Avenue. Borough of Brooklyn, Community District 6, as shown on a diagram (for illustrative purposes only) dated April 25, 2022, and subject to the conditions of CEQR Declaration E-670.","https://zap-api-production.herokuapp.com/projects/2020K0358?include=actions,milestones,dispositions,dispositions.action,users,assignments.user,packages,artifacts",https://zap.planning.nyc.gov/projects/2020K0358
2020K0358,Ninth Street Rezoning,2022,459,f993558d-4e92-eb11-b1ad-001dd8021c21,2020K0358 - ZS - BK BP,Submitted,Conditional Favorable,,,"IN THE MATTER OF an application submitted by Angelina Gatto Trust pursuant to Sections 197-c and 201 of the New York City Charter for the grant of a special permit pursuant to Section 74-533 of the Zoning Resolution to waive all required accessory off-street parking spaces, for dwelling units in a development within a Transit Zone, that includes at least 20 percent of all dwelling units as income-restricted housing units, in connection with a proposed mixed use development, on property located at 153-157 9th Street and 124 8th Street (Block 1002, Lots 48, 49, 50 & 16), in M1-4/R7A* and M2-1 Districts, partially within a Special Mixed Use District (MX-25)*, Borough of Brooklyn, Community District 6. *Note: a portion of the zoning lot is proposed to be rezoned by changing an existing M2-1 District to an M1-4/R7A (MX-25) District under a concurrent related application for a Zoning Map change (C 210348 ZMK). Plans for this proposal are on file with the City Planning Commission and may be seen on the Zoning Application Portal at https://zap.planning.nyc.gov/projects/2020K0358, or the Department of City Planning, 120 Broadway, 31st Floor, New York, NY, 10271-0001.","https://zap-api-production.herokuapp.com/projects/2020K0358?include=actions,milestones,dispositions,dispositions.action,users,assignments.user,packages,artifacts",https://zap.planning.nyc.gov/projects/2020K0358
2020K0358,Ninth Street Rezoning,2022,459,0b335d87-4e92-eb11-b1ad-001dd8021c21,2020K0358 - ZS - BK CB6,Submitted,,,Conditional Favorable,"IN THE MATTER OF an application submitted by Angelina Gatto Trust pursuant to Sections 197-c and 201 of the New York City Charter for the grant of a special permit pursuant to Section 74-533 of the Zoning Resolution to waive all required accessory off-street parking spaces, for dwelling units in a development within a Transit Zone, that includes at least 20 percent of all dwelling units as income-restricted housing units, in connection with a proposed mixed use development, on property located at 153-157 9th Street and 124 8th Street (Block 1002, Lots 48, 49, 50 & 16), in M1-4/R7A* and M2-1 Districts, partially within a Special Mixed Use District (MX-25)*, Borough of Brooklyn, Community District 6. *Note: a portion of the zoning lot is proposed to be rezoned by changing an existing M2-1 District to an M1-4/R7A (MX-25) District under a concurrent related application for a Zoning Map change (C 210348 ZMK). Plans for this proposal are on file with the City Planning Commission and may be seen on the Zoning Application Portal at https://zap.planning.nyc.gov/projects/2020K0358, or the Department of City Planning, 120 Broadway, 31st Floor, New York, NY, 10271-0001.","https://zap-api-production.herokuapp.com/projects/2020K0358?include=actions,milestones,dispositions,dispositions.action,users,assignments.user,packages,artifacts",https://zap.planning.nyc.gov/projects/2020K0358
2020K0479,Paperific Rezoning,2022,460,6fe0d698-7cfc-ec11-bb3b-001dd804c6ff,2020K0479 - ZM - BK BP,Submitted,Conditional Favorable,,,"IN THE MATTER OF an application submitted by Stamford LLC and Capri Optics, Inc. pursuant to Sections 197-c and 201 of the New York City Charter for an amendment of the Zoning Map, Section No. 22c: 1. changing from an M2-1 District to an R6B District property bounded by a line 90 feet northeasterly of 38th Street, a line 220 feet northwesterly of 15th Avenue, 38th Street, and a line 460 feet northwesterly of 15th Avenue; 2. changing from an R6 District to a C4-4A District property bounded by 37th Street, 15th Avenue, 38th Street, and a line 100 feet northwesterly of 15th Avenue; 3. changing from an M1-2 District to a C4-4A District property bounded by 37th Street a line 100 feet northwesterly of 15th Avenue, 38th Street, and a line 200 feet northwesterly of 15th Avenue; and 4. changing from an M2-1 District to a C4-4A District property bounded by 37th Street, a line 200 feet northwesterly of 15th Avenue, 38th Street, a line 220 feet northwesterly of 15th Avenue, a line 90 feet northeasterly of 38th Street, and a line 270 feet northwesterly of 15th Avenue; Borough of Brooklyn, Community District 12, as shown on a diagram (for illustrative purposes only) dated November 7, 2022, and subject to the conditions of CEQR Declaration E-692.","https://zap-api-production.herokuapp.com/projects/2020K0479?include=actions,milestones,dispositions,dispositions.action,users,assignments.user,packages,artifacts",https://zap.planning.nyc.gov/projects/2020K0479
2020K0479,Paperific Rezoning,2022,460,4517d785-7cfc-ec11-bb3b-001dd804c6ff,2020K0479 - ZM - BK CB12,Submitted,,,Favorable,"IN THE MATTER OF an application submitted by Stamford LLC and Capri Optics, Inc. pursuant to Sections 197-c and 201 of the New York City Charter for an amendment of the Zoning Map, Section No. 22c: 1. changing from an M2-1 District to an R6B District property bounded by a line 90 feet northeasterly of 38th Street, a line 220 feet northwesterly of 15th Avenue, 38th Street, and a line 460 feet northwesterly of 15th Avenue; 2. changing from an R6 District to a C4-4A District property bounded by 37th Street, 15th Avenue, 38th Street, and a line 100 feet northwesterly of 15th Avenue; 3. changing from an M1-2 District to a C4-4A District property bounded by 37th Street a line 100 feet northwesterly of 15th Avenue, 38th Street, and a line 200 feet northwesterly of 15th Avenue; and 4. changing from an M2-1 District to a C4-4A District property bounded by 37th Street, a line 200 feet northwesterly of 15th Avenue, 38th Street, a line 220 feet northwesterly of 15th Avenue, a line 90 feet northeasterly of 38th Street, and a line 270 feet northwesterly of 15th Avenue; Borough of Brooklyn, Community District 12, as shown on a diagram (for illustrative purposes only) dated November 7, 2022, and subject to the conditions of CEQR Declaration E-692.","https://zap-api-production.herokuapp.com/projects/2020K0479?include=actions,milestones,dispositions,dispositions.action,users,assignments.user,packages,artifacts",https://zap.planning.nyc.gov/projects/2020K0479
2020K0479,Paperific Rezoning,2022,460,9ee0d698-7cfc-ec11-bb3b-001dd804c6ff,2020K0479 - ZS - BK BP,Submitted,Conditional Favorable,,,"IN THE MATTER OF an application submitted by Stamford LLC and Capri Optics, Inc. pursuant to Sections 197-c and 201 of the New York City Charter for the grant of a special permit pursuant to Section 74-681(a)(2) of the Zoning Resolution to allow a portion of the rightof-way or yard where railroad or transit use has been permanently discontinued or terminated to be included in the lot area in connection with a proposed 5-story building on property located at 1463 38th Street (Block 5348, Lots 15, 17, 49 and 54), in a C4-4A* District. *Note: This site is proposed to be rezoned by changing existing M1-2 and M2-1 Districts to a C4-4A District, under a concurrent related application for a Zoning Map change (C 220470 ZMK). Plans for this proposal are on file with the City Planning Commission and may be seen on the Zoning Application Portal at https://zap.planning.nyc.gov/projects/2020K0479 or at the Department of City Planning, 120 Broadway, 31st Floor, New York, NY 10271-0001.","https://zap-api-production.herokuapp.com/projects/2020K0479?include=actions,milestones,dispositions,dispositions.action,users,assignments.user,packages,artifacts",https://zap.planning.nyc.gov/projects/2020K0479
2020K0479,Paperific Rezoning,2022,460,5a17d785-7cfc-ec11-bb3b-001dd804c6ff,2020K0479 - ZS - BK CB12,Submitted,,,Favorable,"IN THE MATTER OF an application submitted by Stamford LLC and Capri Optics, Inc. pursuant to Sections 197-c and 201 of the New York City Charter for the grant of a special permit pursuant to Section 74-681(a)(2) of the Zoning Resolution to allow a portion of the rightof-way or yard where railroad or transit use has been permanently discontinued or terminated to be included in the lot area in connection with a proposed 5-story building on property located at 1463 38th Street (Block 5348, Lots 15, 17, 49 and 54), in a C4-4A* District. *Note: This site is proposed to be rezoned by changing existing M1-2 and M2-1 Districts to a C4-4A District, under a concurrent related application for a Zoning Map change (C 220470 ZMK). Plans for this proposal are on file with the City Planning Commission and may be seen on the Zoning Application Portal at https://zap.planning.nyc.gov/projects/2020K0479 or at the Department of City Planning, 120 Broadway, 31st Floor, New York, NY 10271-0001.","https://zap-api-production.herokuapp.com/projects/2020K0479?include=actions,milestones,dispositions,dispositions.action,users,assignments.user,packages,artifacts",https://zap.planning.nyc.gov/projects/2020K0479
2021K0458,Livonia4,2022,461,ca70c107-7ddb-ec11-a7b4-001dd8050ab5,2021K0458 - HA - BK BP,Submitted,Conditional Favorable,,,"IN THE MATTER OF an application submitted by the Department of Housing Preservation and Development (HPD) 1) pursuant to Article 16 of the General Municipal Law of New York State for: a) the designation of property located at Livonia Avenue between Christopher Avenue and Mother Gaston Boulevard (Block 3811, Lots 17, 18, 19, 21, 23, 24, 25, 26, 27, 124), Livonia Avenue between Sackman Street and Christopher Avenue (Block 3812, Lots 19, 20, 21, 22 and 121), Livonia Avenue between Powell Street and Sackman Street (Block 3813, Lot 115), Livonia Avenue between Thomas S. Boyland Street and Amboy Street (Block 3586, Lot 26) as an Urban Development Action Area; and b) an Urban Development Action Area Project for such area; and 2) pursuant to Section 197-c of the New York City Charter for the disposition of property located at Livonia Avenue between Christopher Avenue and Mother Gaston Boulevard (Block 3811, Lots 17, 18, 19, 21, 23, 24, 26, 27, 124), Livonia Avenue between Sackman Street and Christopher Avenue (Block 3812, Lots 19, 20, 21, 22 and 121), Livonia Avenue between Powell Street and Sackman Street (Block 3813, Lot 115), Livonia Avenue between Thomas S. Boyland Street and Amboy Street (Block 3586, Lot 26) to a developer to be selected by HPD; to facilitate the development of four new buildings containing an approximate total of 498 affordable housing units, and commercial and community facility space, Borough of Brooklyn, Community District 16.","https://zap-api-production.herokuapp.com/projects/2021K0458?include=actions,milestones,dispositions,dispositions.action,users,assignments.user,packages,artifacts",https://zap.planning.nyc.gov/projects/2021K0458
2021K0458,Livonia4,2022,461,e783d40b-7ddb-ec11-a7b4-001dd8050538,2021K0458 - HA - BK CB16,Submitted,,,Unfavorable,"IN THE MATTER OF an application submitted by the Department of Housing Preservation and Development (HPD) 1) pursuant to Article 16 of the General Municipal Law of New York State for: a) the designation of property located at Livonia Avenue between Christopher Avenue and Mother Gaston Boulevard (Block 3811, Lots 17, 18, 19, 21, 23, 24, 25, 26, 27, 124), Livonia Avenue between Sackman Street and Christopher Avenue (Block 3812, Lots 19, 20, 21, 22 and 121), Livonia Avenue between Powell Street and Sackman Street (Block 3813, Lot 115), Livonia Avenue between Thomas S. Boyland Street and Amboy Street (Block 3586, Lot 26) as an Urban Development Action Area; and b) an Urban Development Action Area Project for such area; and 2) pursuant to Section 197-c of the New York City Charter for the disposition of property located at Livonia Avenue between Christopher Avenue and Mother Gaston Boulevard (Block 3811, Lots 17, 18, 19, 21, 23, 24, 26, 27, 124), Livonia Avenue between Sackman Street and Christopher Avenue (Block 3812, Lots 19, 20, 21, 22 and 121), Livonia Avenue between Powell Street and Sackman Street (Block 3813, Lot 115), Livonia Avenue between Thomas S. Boyland Street and Amboy Street (Block 3586, Lot 26) to a developer to be selected by HPD; to facilitate the development of four new buildings containing an approximate total of 498 affordable housing units, and commercial and community facility space, Borough of Brooklyn, Community District 16.","https://zap-api-production.herokuapp.com/projects/2021K0458?include=actions,milestones,dispositions,dispositions.action,users,assignments.user,packages,artifacts",https://zap.planning.nyc.gov/projects/2021K0458
2021K0458,Livonia4,2022,461,d370c107-7ddb-ec11-a7b4-001dd8050ab5,2021K0458 - HU - BK BP,Submitted,Conditional Favorable,,,"IN THE MATTER OF an application submitted by the Department of Housing Preservation and Development (HPD), pursuant to Section 505 of Article 15 of the General Municipal (Urban Renewal) Law of New York State and Section 197-c of the New York City Charter, for the fourth amendment to the Brownsville II Urban Renewal Plan, Borough of Brooklyn, Community District 16.","https://zap-api-production.herokuapp.com/projects/2021K0458?include=actions,milestones,dispositions,dispositions.action,users,assignments.user,packages,artifacts",https://zap.planning.nyc.gov/projects/2021K0458
2021K0458,Livonia4,2022,461,128fd111-7ddb-ec11-a7b4-001dd8050538,2021K0458 - HU - BK CB16,Submitted,,,Unfavorable,"IN THE MATTER OF an application submitted by the Department of Housing Preservation and Development (HPD), pursuant to Section 505 of Article 15 of the General Municipal (Urban Renewal) Law of New York State and Section 197-c of the New York City Charter, for the fourth amendment to the Brownsville II Urban Renewal Plan, Borough of Brooklyn, Community District 16.","https://zap-api-production.herokuapp.com/projects/2021K0458?include=actions,milestones,dispositions,dispositions.action,users,assignments.user,packages,artifacts",https://zap.planning.nyc.gov/projects/2021K0458
2022K0289,Gateway Site 26a and Phase 5,2022,462,ef3b8842-5fba-ec11-983f-001dd8052007,2022K0289 - HA - BK BP,Submitted,Conditional Favorable,,,"IN THE MATTER OF an application submitted by the Department of Housing Preservation and Development (HPD) 1) pursuant to Article 16 of the General Municipal Law of New York State for: a. the designation of property located at Erskine Street (Block 4586, p/o Lot 1) as an Urban Development Action Area; and b. an Urban Development Action Area Project for such area; and 2) pursuant to Section 197-c of the New York City Charter for the disposition of such property to a developer to be selected by HPD; to facilitate the development of an eight-story mixed-use building with approximately 190 affordable housing units, and community facility space, Borough of Brooklyn, Community District 5.","https://zap-api-production.herokuapp.com/projects/2022K0289?include=actions,milestones,dispositions,dispositions.action,users,assignments.user,packages,artifacts",https://zap.planning.nyc.gov/projects/2022K0289
2022K0289,Gateway Site 26a and Phase 5,2022,462,f5367f34-5fba-ec11-983f-001dd8052007,2022K0289 - HA - BK CB5,Submitted,,,Conditional Favorable,"IN THE MATTER OF an application submitted by the Department of Housing Preservation and Development (HPD) 1) pursuant to Article 16 of the General Municipal Law of New York State for: a. the designation of property located at Erskine Street (Block 4586, p/o Lot 1) as an Urban Development Action Area; and b. an Urban Development Action Area Project for such area; and 2) pursuant to Section 197-c of the New York City Charter for the disposition of such property to a developer to be selected by HPD; to facilitate the development of an eight-story mixed-use building with approximately 190 affordable housing units, and community facility space, Borough of Brooklyn, Community District 5.","https://zap-api-production.herokuapp.com/projects/2022K0289?include=actions,milestones,dispositions,dispositions.action,users,assignments.user,packages,artifacts",https://zap.planning.nyc.gov/projects/2022K0289
2022K0289,Gateway Site 26a and Phase 5,2022,462,293c8842-5fba-ec11-983f-001dd8052007,2022K0289 - HU - BK BP,Submitted,Conditional Favorable,,,"IN THE MATTER OF an application submitted by the Department of Housing Preservation and Development (HPD), pursuant to Section 505 of Article 15 of the General Municipal (Urban Renewal) Law of New York State and Section 197-c of the New York City Charter, for the fourth amendment to the Fresh Creek Urban Renewal Plan, Borough of Brooklyn, Community District 5.","https://zap-api-production.herokuapp.com/projects/2022K0289?include=actions,milestones,dispositions,dispositions.action,users,assignments.user,packages,artifacts",https://zap.planning.nyc.gov/projects/2022K0289
2022K0289,Gateway Site 26a and Phase 5,2022,462,e27f773a-5fba-ec11-983f-001dd8052007,2022K0289 - HU - BK CB5,Submitted,,,Unfavorable,"IN THE MATTER OF an application submitted by the Department of Housing Preservation and Development (HPD), pursuant to Section 505 of Article 15 of the General Municipal (Urban Renewal) Law of New York State and Section 197-c of the New York City Charter, for the fourth amendment to the Fresh Creek Urban Renewal Plan, Borough of Brooklyn, Community District 5.","https://zap-api-production.herokuapp.com/projects/2022K0289?include=actions,milestones,dispositions,dispositions.action,users,assignments.user,packages,artifacts",https://zap.planning.nyc.gov/projects/2022K0289
P2016K0319,Lincoln Wortman Rezoning,2022,463,0be320fd-631e-ed11-b83a-001dd806986c,P2016K0319 - PP - BK BP,Submitted,Conditional Favorable,,,"IN THE MATTER OF an application submitted by the Department of Housing Preservation and Development (HPD) pursuant to Section 197-c of the New York City Charter, for the disposition of city-owned property located at Lincoln Avenue (Block 4531, Lots 20 and 26) between Wortman and Stanley avenues and Wortman Avenue (Block 4531, Lots 29 and 38) between Autumn and Lincoln avenues, pursuant to zoning, Borough of Brooklyn, Community District 5.","https://zap-api-production.herokuapp.com/projects/P2016K0319?include=actions,milestones,dispositions,dispositions.action,users,assignments.user,packages,artifacts",https://zap.planning.nyc.gov/projects/P2016K0319
P2016K0319,Lincoln Wortman Rezoning,2022,463,05e819ec-631e-ed11-b83a-001dd8069f92,P2016K0319 - PP - BK CB5,Not Submitted,,,,"IN THE MATTER OF an application submitted by the Department of Housing Preservation and Development (HPD) pursuant to Section 197-c of the New York City Charter, for the disposition of city-owned property located at Lincoln Avenue (Block 4531, Lots 20 and 26) between Wortman and Stanley avenues and Wortman Avenue (Block 4531, Lots 29 and 38) between Autumn and Lincoln avenues, pursuant to zoning, Borough of Brooklyn, Community District 5.","https://zap-api-production.herokuapp.com/projects/P2016K0319?include=actions,milestones,dispositions,dispositions.action,users,assignments.user,packages,artifacts",https://zap.planning.nyc.gov/projects/P2016K0319
P2016K0319,Lincoln Wortman Rezoning,2022,463,13e320fd-631e-ed11-b83a-001dd806986c,P2016K0319 - PQ - BK BP,Submitted,Conditional Favorable,,,"IN THE MATTER OF an application submitted by the Department of Housing Preservation and Development (HPD) pursuant to Section 197-c of the New York City Charter, for the acquisition of property located at Lincoln Avenue (Block 4531, Lots 20 and 26) between Wortman and Stanley avenues and Wortman Avenue (Block 4531, Lots 29 and 38) between Autumn and Lincoln avenues, to facilitate the construction of two new buildings containing an approximate total of 206 units of affordable housing, Borough of Brooklyn, Community District 5.","https://zap-api-production.herokuapp.com/projects/P2016K0319?include=actions,milestones,dispositions,dispositions.action,users,assignments.user,packages,artifacts",https://zap.planning.nyc.gov/projects/P2016K0319
P2016K0319,Lincoln Wortman Rezoning,2022,463,33e819ec-631e-ed11-b83a-001dd8069f92,P2016K0319 - PQ - BK CB5,Not Submitted,,,,"IN THE MATTER OF an application submitted by the Department of Housing Preservation and Development (HPD) pursuant to Section 197-c of the New York City Charter, for the acquisition of property located at Lincoln Avenue (Block 4531, Lots 20 and 26) between Wortman and Stanley avenues and Wortman Avenue (Block 4531, Lots 29 and 38) between Autumn and Lincoln avenues, to facilitate the construction of two new buildings containing an approximate total of 206 units of affordable housing, Borough of Brooklyn, Community District 5.","https://zap-api-production.herokuapp.com/projects/P2016K0319?include=actions,milestones,dispositions,dispositions.action,users,assignments.user,packages,artifacts",https://zap.planning.nyc.gov/projects/P2016K0319
P2016K0319,Lincoln Wortman Rezoning,2022,463,f0e220fd-631e-ed11-b83a-001dd806986c,P2016K0319 - ZM - BK BP,Submitted,Conditional Favorable,,,"IN THE MATTER OF an application submitted by NYC Department of Housing Preservation and Development and JNB Realty LLC pursuant to Sections 197-c and 201 of the New York City Charter for an amendment of the Zoning Map, Section No. 18b: 1. changing from an R4 District to an R6B District property bounded by a line 140 feet southerly of Stanley Avenue, Lincoln Avenue, a line 140 feet northerly of Wortman Avenue, and a line midway between Autumn Avenue and Lincoln Avenue; and 2. changing from an existing R4 District an R6A District property bounded by a line 140 feet northerly of Wortman Avenue, Lincoln Avenue, Wortman Avenue, and Autumn Avenue; Borough of Brooklyn, Community District 5, as shown on a diagram (for illustrative purposes only) dated December 12, 2022.","https://zap-api-production.herokuapp.com/projects/P2016K0319?include=actions,milestones,dispositions,dispositions.action,users,assignments.user,packages,artifacts",https://zap.planning.nyc.gov/projects/P2016K0319
P2016K0319,Lincoln Wortman Rezoning,2022,463,6be719ec-631e-ed11-b83a-001dd8069f92,P2016K0319 - ZM - BK CB5,Not Submitted,,,,"IN THE MATTER OF an application submitted by NYC Department of Housing Preservation and Development and JNB Realty LLC pursuant to Sections 197-c and 201 of the New York City Charter for an amendment of the Zoning Map, Section No. 18b: 1. changing from an R4 District to an R6B District property bounded by a line 140 feet southerly of Stanley Avenue, Lincoln Avenue, a line 140 feet northerly of Wortman Avenue, and a line midway between Autumn Avenue and Lincoln Avenue; and 2. changing from an existing R4 District an R6A District property bounded by a line 140 feet northerly of Wortman Avenue, Lincoln Avenue, Wortman Avenue, and Autumn Avenue; Borough of Brooklyn, Community District 5, as shown on a diagram (for illustrative purposes only) dated December 12, 2022.","https://zap-api-production.herokuapp.com/projects/P2016K0319?include=actions,milestones,dispositions,dispositions.action,users,assignments.user,packages,artifacts",https://zap.planning.nyc.gov/projects/P2016K0319
2019M0374,705 Tenth Avenue (DEP Site),2022,464,d34f0255-7399-ec11-b400-001dd804f4a0,2019M0374 - HA - MN BP,Submitted,Conditional Favorable,,,"IN THE MATTER OF an application submitted by the Department of Housing Preservation and Development (HPD) 1) pursuant to Article 16 of the General Municipal Law of New York State for: a. the designation of property located at 705 10th Avenue (Block 1077, Lot 29) as an Urban Development Action Area; and b. an Urban Development Action Area Project for such area; and 2) pursuant to Section 197-c of the New York City Charter for the disposition of such property to a developer to be selected by HPD; to facilitate the development of an eight-story building containing approximately 157 affordable housing units and an open space area, Borough of Manhattan, Community District 4.","https://zap-api-production.herokuapp.com/projects/2019M0374?include=actions,milestones,dispositions,dispositions.action,users,assignments.user,packages,artifacts",https://zap.planning.nyc.gov/projects/2019M0374
2019M0374,705 Tenth Avenue (DEP Site),2022,464,45cc1e48-7399-ec11-b400-001dd804f3a5,2019M0374 - HA - MN CB4,Submitted,,,Conditional Unfavorable,"IN THE MATTER OF an application submitted by the Department of Housing Preservation and Development (HPD) 1) pursuant to Article 16 of the General Municipal Law of New York State for: a. the designation of property located at 705 10th Avenue (Block 1077, Lot 29) as an Urban Development Action Area; and b. an Urban Development Action Area Project for such area; and 2) pursuant to Section 197-c of the New York City Charter for the disposition of such property to a developer to be selected by HPD; to facilitate the development of an eight-story building containing approximately 157 affordable housing units and an open space area, Borough of Manhattan, Community District 4.","https://zap-api-production.herokuapp.com/projects/2019M0374?include=actions,milestones,dispositions,dispositions.action,users,assignments.user,packages,artifacts",https://zap.planning.nyc.gov/projects/2019M0374
2019M0374,705 Tenth Avenue (DEP Site),2022,464,ac090a4f-7399-ec11-b400-001dd804f4a0,2019M0374 - ZS - MN BP,Submitted,Conditional Favorable,,,"# 705 Tenth Avenue CD 04 C 220338 ZSM IN THE MATTER OF an application submitted by NYC Department of Housing Preservation and Development pursuant to Sections 197-c and 201 of the New York City Charter for the grant of a special permit pursuant to Section 96-112* of the Zoning Resolution to modify the height and setback requirements of Section 96-104* (Height and setback regulations) and the rear yard regulations of Section 23-532 (Required rear yard equivalents), on a zoning lot that has an area of greater than 40,000 square feet, occupies a frontage of a wide street, and contains existing public infrastructure, in connection with a proposed 8-story mixed-use building, on property located at 705 10th Avenue (Block 1077, Lot 29), in R8 and R8/C2-5 Districts, partially within the Preservation and partially within the Other Areas (C2), within the Special Clinton District. *Note: Section 96-104 is proposed to be changed and a new section 96-112 is proposed to be created under a concurrent related application for a Zoning Text Amendment (N 220339 ZRM). Plans for this proposal are on file with the City Planning Commission and may be seen on the Zoning Application Portal at https://zap.planning.nyc.gov/projects/2019M0374, or the Department of City Planning, 120 Broadway, 31st Floor, New York, NY, 10271-0001.","https://zap-api-production.herokuapp.com/projects/2019M0374?include=actions,milestones,dispositions,dispositions.action,users,assignments.user,packages,artifacts",https://zap.planning.nyc.gov/projects/2019M0374
2019M0374,705 Tenth Avenue (DEP Site),2022,464,0e500255-7399-ec11-b400-001dd804f4a0,2019M0374 - ZS - MN BP,Submitted,Conditional Favorable,,,"# 705 Tenth Avenue CD 04 C 220337 ZSM IN THE MATTER OF an application submitted by NYC Department of Housing Preservation and Development pursuant to Sections 197-c and 201 of the New York City Charter for the grant of a special permit pursuant to Section 74-681 of the Zoning Resolution to allow that portion of a railroad or transit right right-of-way which will be completely covered over by a permanent platform to be included in the lot area, in connection with a proposed 8-story mixed-use building, on property located at 705 10th Avenue (Block 1077, Lot 29), in R8 and R8/C2-5 Districts, partially within the Preservation and partially within the Other Areas (C2), within the Special Clinton District. Plans for this proposal are on file with the City Planning Commission and may be seen on the Zoning Application Portal at https://zap.planning.nyc.gov/projects/2019M0374, or the Department of City Planning, 120 Broadway, 31st Floor, New York, NY, 10271-0001.","https://zap-api-production.herokuapp.com/projects/2019M0374?include=actions,milestones,dispositions,dispositions.action,users,assignments.user,packages,artifacts",https://zap.planning.nyc.gov/projects/2019M0374
2019M0374,705 Tenth Avenue (DEP Site),2022,464,841d2442-7399-ec11-b400-001dd804f3a5,2019M0374 - ZS - MN CB4,Submitted,,,Conditional Unfavorable,"# 705 Tenth Avenue CD 04 C 220338 ZSM IN THE MATTER OF an application submitted by NYC Department of Housing Preservation and Development pursuant to Sections 197-c and 201 of the New York City Charter for the grant of a special permit pursuant to Section 96-112* of the Zoning Resolution to modify the height and setback requirements of Section 96-104* (Height and setback regulations) and the rear yard regulations of Section 23-532 (Required rear yard equivalents), on a zoning lot that has an area of greater than 40,000 square feet, occupies a frontage of a wide street, and contains existing public infrastructure, in connection with a proposed 8-story mixed-use building, on property located at 705 10th Avenue (Block 1077, Lot 29), in R8 and R8/C2-5 Districts, partially within the Preservation and partially within the Other Areas (C2), within the Special Clinton District. *Note: Section 96-104 is proposed to be changed and a new section 96-112 is proposed to be created under a concurrent related application for a Zoning Text Amendment (N 220339 ZRM). Plans for this proposal are on file with the City Planning Commission and may be seen on the Zoning Application Portal at https://zap.planning.nyc.gov/projects/2019M0374, or the Department of City Planning, 120 Broadway, 31st Floor, New York, NY, 10271-0001.","https://zap-api-production.herokuapp.com/projects/2019M0374?include=actions,milestones,dispositions,dispositions.action,users,assignments.user,packages,artifacts",https://zap.planning.nyc.gov/projects/2019M0374
2019M0374,705 Tenth Avenue (DEP Site),2022,464,1ccd1e48-7399-ec11-b400-001dd804f3a5,2019M0374 - ZS - MN CB4,Submitted,,,Conditional Unfavorable,"# 705 Tenth Avenue CD 04 C 220337 ZSM IN THE MATTER OF an application submitted by NYC Department of Housing Preservation and Development pursuant to Sections 197-c and 201 of the New York City Charter for the grant of a special permit pursuant to Section 74-681 of the Zoning Resolution to allow that portion of a railroad or transit right right-of-way which will be completely covered over by a permanent platform to be included in the lot area, in connection with a proposed 8-story mixed-use building, on property located at 705 10th Avenue (Block 1077, Lot 29), in R8 and R8/C2-5 Districts, partially within the Preservation and partially within the Other Areas (C2), within the Special Clinton District. Plans for this proposal are on file with the City Planning Commission and may be seen on the Zoning Application Portal at https://zap.planning.nyc.gov/projects/2019M0374, or the Department of City Planning, 120 Broadway, 31st Floor, New York, NY, 10271-0001.","https://zap-api-production.herokuapp.com/projects/2019M0374?include=actions,milestones,dispositions,dispositions.action,users,assignments.user,packages,artifacts",https://zap.planning.nyc.gov/projects/2019M0374
2020M0112,The Lirio/MTA Site - 806 9th Avenue,2022,465,f08d7aa8-0b52-ec11-8f8f-001dd804d8a3,2020M0112 - PP - MN BP,Submitted,Conditional Favorable,,,"IN THE MATTER OF an application submitted by the Department of Housing Preservation & Development (HPD), pursuant to Section 197-c of the New York City Charter, for the disposition of city owned property located at 806 9th Avenue (Block 1044, Lot 3), to facilitate abuilding containing approximately 111 affordable and supportive housing units, and community facility and retail space, Borough of Manhattan, Community District 4.","https://zap-api-production.herokuapp.com/projects/2020M0112?include=actions,milestones,dispositions,dispositions.action,users,assignments.user,packages,artifacts",https://zap.planning.nyc.gov/projects/2020M0112
2020M0112,The Lirio/MTA Site - 806 9th Avenue,2022,465,8d7c049e-0b52-ec11-8f8e-001dd804d51d,2020M0112 - PP - MN CB4,Submitted,,,Conditional Unfavorable,"IN THE MATTER OF an application submitted by the Department of Housing Preservation & Development (HPD), pursuant to Section 197-c of the New York City Charter, for the disposition of city owned property located at 806 9th Avenue (Block 1044, Lot 3), to facilitate abuilding containing approximately 111 affordable and supportive housing units, and community facility and retail space, Borough of Manhattan, Community District 4.","https://zap-api-production.herokuapp.com/projects/2020M0112?include=actions,milestones,dispositions,dispositions.action,users,assignments.user,packages,artifacts",https://zap.planning.nyc.gov/projects/2020M0112
2020M0112,The Lirio/MTA Site - 806 9th Avenue,2022,465,438e7aa8-0b52-ec11-8f8f-001dd804d8a3,2020M0112 - PQ - MN BP,Submitted,Conditional Favorable,,,"IN THE MATTER OF an application submitted by the Department of Citywide Administrative Services (DCAS) , pursuant to Section 197-c of the New York City Charter, for the acquisition of property located at 806 9th Avenue (Block 1044, Lot 3) to facilitate the expansion of Metropolitan Transportation Authority’s New York City Transit operations Borough of Manhattan, Community District 4.","https://zap-api-production.herokuapp.com/projects/2020M0112?include=actions,milestones,dispositions,dispositions.action,users,assignments.user,packages,artifacts",https://zap.planning.nyc.gov/projects/2020M0112
2020M0112,The Lirio/MTA Site - 806 9th Avenue,2022,465,a37c049e-0b52-ec11-8f8e-001dd804d51d,2020M0112 - PQ - MN CB4,Submitted,,,Conditional Unfavorable,"IN THE MATTER OF an application submitted by the Department of Citywide Administrative Services (DCAS) , pursuant to Section 197-c of the New York City Charter, for the acquisition of property located at 806 9th Avenue (Block 1044, Lot 3) to facilitate the expansion of Metropolitan Transportation Authority’s New York City Transit operations Borough of Manhattan, Community District 4.","https://zap-api-production.herokuapp.com/projects/2020M0112?include=actions,milestones,dispositions,dispositions.action,users,assignments.user,packages,artifacts",https://zap.planning.nyc.gov/projects/2020M0112
2018Q0491,Halletts North,2022,466,2ae8daa9-675f-ec11-8f8e-001dd8050806,2018Q0491 - ZM - QN BP,Submitted,Conditional Favorable,,,"IN THE MATTER OF an application submitted by Astoria Owners LLC pursuant to Sections 197-c and 201 of the New York City Charter for the amendment of the Zoning Map, Section No. 9a: 1. changing from an M1-1 District to an R7-3 District property bounded by the northwesterly streetline of the former 3rd Street*, the U.S. Pierhead and Bulkhead Line, a line 280 feet southeasterly of former 3rd Street*, and 26th Avenue; and 2. establishing within the proposed R7-3 District a C2-4 District bounded by the northwesterly streetline of the former 3rd Street*, the U.S. Pierhead and Bulkhead Line, a line 280 feet southeasterly of former 3rd Street*, and 26th Avenue; Borough of Queens, Community District 1, as shown on a diagram (for illustrative purposes only) dated March 28, 2022 and subject to the conditions of CEQR Declaration E-671. *Note: 3rd Street, northeasterly of 26th Avenue, is proposed to be demapped under a concurrent related application for a City Map Change (C 220206 MMQ).","https://zap-api-production.herokuapp.com/projects/2018Q0491?include=actions,milestones,dispositions,dispositions.action,users,assignments.user,packages,artifacts",https://zap.planning.nyc.gov/projects/2018Q0491
2018Q0491,Halletts North,2022,466,109adbbb-675f-ec11-8f8e-001dd8050806,2018Q0491 - ZM - QN CB1,Submitted,,,Favorable,"IN THE MATTER OF an application submitted by Astoria Owners LLC pursuant to Sections 197-c and 201 of the New York City Charter for the amendment of the Zoning Map, Section No. 9a: 1. changing from an M1-1 District to an R7-3 District property bounded by the northwesterly streetline of the former 3rd Street*, the U.S. Pierhead and Bulkhead Line, a line 280 feet southeasterly of former 3rd Street*, and 26th Avenue; and 2. establishing within the proposed R7-3 District a C2-4 District bounded by the northwesterly streetline of the former 3rd Street*, the U.S. Pierhead and Bulkhead Line, a line 280 feet southeasterly of former 3rd Street*, and 26th Avenue; Borough of Queens, Community District 1, as shown on a diagram (for illustrative purposes only) dated March 28, 2022 and subject to the conditions of CEQR Declaration E-671. *Note: 3rd Street, northeasterly of 26th Avenue, is proposed to be demapped under a concurrent related application for a City Map Change (C 220206 MMQ).","https://zap-api-production.herokuapp.com/projects/2018Q0491?include=actions,milestones,dispositions,dispositions.action,users,assignments.user,packages,artifacts",https://zap.planning.nyc.gov/projects/2018Q0491
2018Q0491,Halletts North,2022,466,38e8daa9-675f-ec11-8f8e-001dd8050806,2018Q0491 - ZS - QN BP,Submitted,Conditional Favorable,,,"IN THE MATTER OF an application submitted by Astoria Owners LLC pursuant to Sections 197-c and 201 of the New York City Charter for the grant of a special permit pursuant to the Section 62-837(a) of the Zoning Resolution to modify the height and setback, the maximum residential tower size and the maximum width of walls facing the shoreline requirements of Section 62-34 (Height and Setback Regulations on Waterfront Blocks), in connection with a proposed mixed use development, within a general large-scale development, on property generally bounded by the westerly streeline of the former 3rd Street*, the U.S. Pierhead and Bulkhead Line, a line 330 feet southeasterly of the westerly streetline of the former 3rd Street*, a line 228.5 feet northeasterly of 26th Avenue, a line 179 feet southeasterly of the westerly streetline of the former 3rd Street, and 26th Avenue (Block 911, Lot 1, and the demapped portion of 3rd Street*, in an R7-3/C2-4** District. *Note: 3rd Street, northeasterly of 26th Avenue, is proposed to be demapped under a concurrent related application for a City Map Change (C 220206 MMQ). **Note: The site is proposed to be rezoned by changing an M1-1 to an R7-3/C2-4 District under a concurrent related application (C 220196 ZMQ). Plans for this proposal are on file with the City Planning Commission and may be seen on the Zoning Application Portal at https://zap.planning.nyc.gov/projects/2020M0112, or the Department of City Planning, 120 Broadway, 31st Floor, New York, NY, 10271-0001.","https://zap-api-production.herokuapp.com/projects/2018Q0491?include=actions,milestones,dispositions,dispositions.action,users,assignments.user,packages,artifacts",https://zap.planning.nyc.gov/projects/2018Q0491
2018Q0491,Halletts North,2022,466,479adbbb-675f-ec11-8f8e-001dd8050806,2018Q0491 - ZS - QN CB1,Submitted,,,Favorable,"IN THE MATTER OF an application submitted by Astoria Owners LLC pursuant to Sections 197-c and 201 of the New York City Charter for the grant of a special permit pursuant to the Section 62-837(a) of the Zoning Resolution to modify the height and setback, the maximum residential tower size and the maximum width of walls facing the shoreline requirements of Section 62-34 (Height and Setback Regulations on Waterfront Blocks), in connection with a proposed mixed use development, within a general large-scale development, on property generally bounded by the westerly streeline of the former 3rd Street*, the U.S. Pierhead and Bulkhead Line, a line 330 feet southeasterly of the westerly streetline of the former 3rd Street*, a line 228.5 feet northeasterly of 26th Avenue, a line 179 feet southeasterly of the westerly streetline of the former 3rd Street, and 26th Avenue (Block 911, Lot 1, and the demapped portion of 3rd Street*, in an R7-3/C2-4** District. *Note: 3rd Street, northeasterly of 26th Avenue, is proposed to be demapped under a concurrent related application for a City Map Change (C 220206 MMQ). **Note: The site is proposed to be rezoned by changing an M1-1 to an R7-3/C2-4 District under a concurrent related application (C 220196 ZMQ). Plans for this proposal are on file with the City Planning Commission and may be seen on the Zoning Application Portal at https://zap.planning.nyc.gov/projects/2020M0112, or the Department of City Planning, 120 Broadway, 31st Floor, New York, NY, 10271-0001.","https://zap-api-production.herokuapp.com/projects/2018Q0491?include=actions,milestones,dispositions,dispositions.action,users,assignments.user,packages,artifacts",https://zap.planning.nyc.gov/projects/2018Q0491
2019Q0404,77-39 Vleigh Place Rezoning,2022,467,b4a8457e-9f19-eb11-a813-001dd8309f34,2019Q0404 - ZM - QN BP,Submitted,Conditional Unfavorable,,,"IN THE MATTER OF an application submitted by VP Capital Holdings LLC pursuant to Sections 197-c and 201 of the New York City Charter for the amendment of the Zoning Map, Section No. 14c: 1. eliminating from within an existing R3-2 District a C1-2 District bounded by 77th Road, a line 150 feet easterly of Vleigh Place, 78th Avenue, and Vleigh Place; 2. changing from an R3-2 District to an R6A District property bounded by 77th Road, a line 400 feet southwesterly of Main Street, 78th Avenue, and Vleigh Place; and 3. establish within the proposed R6A District a C2-3 District bounded by 77th Road, a line 400 feet southwesterly of Main Street, 78th Avenue, and Vleigh Place; Borough of Queens, Community District 8, as shown on a diagram (for illustrative purposes only) dated January 18, 2022, and subject to the conditions of CEQR Declaration E-657.","https://zap-api-production.herokuapp.com/projects/2019Q0404?include=actions,milestones,dispositions,dispositions.action,users,assignments.user,packages,artifacts",https://zap.planning.nyc.gov/projects/2019Q0404
2019Q0404,77-39 Vleigh Place Rezoning,2022,467,492d940b-8512-eb11-a812-001dd8309ba3,2019Q0404 - ZM - QN CB8,Submitted,,,Conditional Unfavorable,"IN THE MATTER OF an application submitted by VP Capital Holdings LLC pursuant to Sections 197-c and 201 of the New York City Charter for the amendment of the Zoning Map, Section No. 14c: 1. eliminating from within an existing R3-2 District a C1-2 District bounded by 77th Road, a line 150 feet easterly of Vleigh Place, 78th Avenue, and Vleigh Place; 2. changing from an R3-2 District to an R6A District property bounded by 77th Road, a line 400 feet southwesterly of Main Street, 78th Avenue, and Vleigh Place; and 3. establish within the proposed R6A District a C2-3 District bounded by 77th Road, a line 400 feet southwesterly of Main Street, 78th Avenue, and Vleigh Place; Borough of Queens, Community District 8, as shown on a diagram (for illustrative purposes only) dated January 18, 2022, and subject to the conditions of CEQR Declaration E-657.","https://zap-api-production.herokuapp.com/projects/2019Q0404?include=actions,milestones,dispositions,dispositions.action,users,assignments.user,packages,artifacts",https://zap.planning.nyc.gov/projects/2019Q0404
2020Q0105,40-25 Crescent Street Rezoning,2022,468,10eb2285-b53c-ec11-b6e6-001dd804d7fc,2020Q0105 - ZM - QN BP,Submitted,Conditional Favorable,,,"IN THE MATTER OF an application submitted by Crescent Street Associates, LLC pursuant to Sections 197-c and 201 of the New York City Charter for an amendment of the Zoning Map, Section No. 9b: 1. changing from an M1-2/R5B District to an M1-2/R6A District property bounded by a line midway between Crescent Street and 27th Street, a line 100 feet southwesterly of 40th Avenue, 27th Street, and a line 100 feet northeasterly of 41st Avenue; and 2. changing from an M1-2/R5D District to an M1-2/R6A District property bounded by Crescent Street, a line 80 feet southwesterly of 40th Avenue, 27th Street, a line 100 feet southwesterly of 40th Avenue, a line midway between Crescent Street and 27th Street, and a line 100 feet northeasterly of 41st Avenue; Borough of Queens, Community District 1, as shown on a diagram (for illustrative purposes only) dated May 9, 2022, and subject to the conditions of CEQR Declaration E-677.","https://zap-api-production.herokuapp.com/projects/2020Q0105?include=actions,milestones,dispositions,dispositions.action,users,assignments.user,packages,artifacts",https://zap.planning.nyc.gov/projects/2020Q0105
2020Q0105,40-25 Crescent Street Rezoning,2022,468,79cc7490-b53c-ec11-b6e5-001dd804d80e,2020Q0105 - ZM - QN CB1,Submitted,,,Favorable,"IN THE MATTER OF an application submitted by Crescent Street Associates, LLC pursuant to Sections 197-c and 201 of the New York City Charter for an amendment of the Zoning Map, Section No. 9b: 1. changing from an M1-2/R5B District to an M1-2/R6A District property bounded by a line midway between Crescent Street and 27th Street, a line 100 feet southwesterly of 40th Avenue, 27th Street, and a line 100 feet northeasterly of 41st Avenue; and 2. changing from an M1-2/R5D District to an M1-2/R6A District property bounded by Crescent Street, a line 80 feet southwesterly of 40th Avenue, 27th Street, a line 100 feet southwesterly of 40th Avenue, a line midway between Crescent Street and 27th Street, and a line 100 feet northeasterly of 41st Avenue; Borough of Queens, Community District 1, as shown on a diagram (for illustrative purposes only) dated May 9, 2022, and subject to the conditions of CEQR Declaration E-677.","https://zap-api-production.herokuapp.com/projects/2020Q0105?include=actions,milestones,dispositions,dispositions.action,users,assignments.user,packages,artifacts",https://zap.planning.nyc.gov/projects/2020Q0105
2020Q0150,141-05 109th Ave. Rezoning,2022,469,6d3a5279-f385-ec11-8d20-001dd804db5c,2020Q0150 - ZM - QN BP,Submitted,Conditional Favorable,,,"IN THE MATTER OF an application submitted by Mal Pal Realty Corp. pursuant to Sections 197-c and 201 of the New York City Charter for the amendment of the Zoning Map, Section No. 18c: 1. changing from an R3A District to an R6B District property bounded by a line 100 feet northwesterly of 109th Avenue, 142nd Street, 109th Avenue, and 139th Street; and 2. establishing within the proposed R6B District a C2-3 District bounded by a line 100 feet northwesterly of 109th Avenue, 142nd Street, 109th Avenue and, 139th Street; Borough of the Queens, Community District 12, as shown on a diagram (for illustrative purposes only) dated November 28, 2022, and subject to the conditions of CEQR Declaration E-693.","https://zap-api-production.herokuapp.com/projects/2020Q0150?include=actions,milestones,dispositions,dispositions.action,users,assignments.user,packages,artifacts",https://zap.planning.nyc.gov/projects/2020Q0150
2020Q0150,141-05 109th Ave. Rezoning,2022,469,8b34256e-f385-ec11-8d20-001dd804db0f,2020Q0150 - ZM - QN CB12,Submitted,,,Unfavorable,"IN THE MATTER OF an application submitted by Mal Pal Realty Corp. pursuant to Sections 197-c and 201 of the New York City Charter for the amendment of the Zoning Map, Section No. 18c: 1. changing from an R3A District to an R6B District property bounded by a line 100 feet northwesterly of 109th Avenue, 142nd Street, 109th Avenue, and 139th Street; and 2. establishing within the proposed R6B District a C2-3 District bounded by a line 100 feet northwesterly of 109th Avenue, 142nd Street, 109th Avenue and, 139th Street; Borough of the Queens, Community District 12, as shown on a diagram (for illustrative purposes only) dated November 28, 2022, and subject to the conditions of CEQR Declaration E-693.","https://zap-api-production.herokuapp.com/projects/2020Q0150?include=actions,milestones,dispositions,dispositions.action,users,assignments.user,packages,artifacts",https://zap.planning.nyc.gov/projects/2020Q0150
2020Q0155,Wetherole Street and 67th Avenue Rezoning,2022,470,81db356a-c7b4-eb11-8236-001dd804b9d6,2020Q0155 - ZM - QN BP,Submitted,Conditional Favorable,,,"IN THE MATTER OF an application submitted by Novel Medicine, P.C. pursuant to Sections 197-c and 201 of the New York City Charter for the amendment of the Zoning Map, Section No. 14a, changing from an R4B District to an R6A District property bounded by a line 100 feet northeasterly of Wetherole Street, 67th Avenue, Wetherole Street, and a line 175 feet northwesterly of 67th Avenue, Borough of Queens, Community District 6, as shown on a diagram (for illustrative purposes only) dated January 31, 2022, and subject to the conditions of CEQR Declaration E-649.","https://zap-api-production.herokuapp.com/projects/2020Q0155?include=actions,milestones,dispositions,dispositions.action,users,assignments.user,packages,artifacts",https://zap.planning.nyc.gov/projects/2020Q0155
2020Q0155,Wetherole Street and 67th Avenue Rezoning,2022,470,4fb11563-c7b4-eb11-8236-001dd804b8ff,2020Q0155 - ZM - QN CB6,Submitted,,,Conditional Favorable,"IN THE MATTER OF an application submitted by Novel Medicine, P.C. pursuant to Sections 197-c and 201 of the New York City Charter for the amendment of the Zoning Map, Section No. 14a, changing from an R4B District to an R6A District property bounded by a line 100 feet northeasterly of Wetherole Street, 67th Avenue, Wetherole Street, and a line 175 feet northwesterly of 67th Avenue, Borough of Queens, Community District 6, as shown on a diagram (for illustrative purposes only) dated January 31, 2022, and subject to the conditions of CEQR Declaration E-649.","https://zap-api-production.herokuapp.com/projects/2020Q0155?include=actions,milestones,dispositions,dispositions.action,users,assignments.user,packages,artifacts",https://zap.planning.nyc.gov/projects/2020Q0155
2020Q0209,11th Street & 34th Avenue Rezoning,2022,471,77fa5ef4-844b-eb11-a811-001dd8309530,2020Q0209 - ZM - QN BP,Submitted,Conditional Favorable,,,"IN THE MATTER OF an application submitted by JPP 33rd Street LLC and Lily & John Realty Inc. pursuant to Sections 197-c and 201 of the New York City Charter for the amendment of the Zoning Map, Section No. 9a; 1. changing from an R5 District to an M1-5 / R6A District property bounded by 33rd Road, 12th Street, 34th Avenue, and 11th Street; and 2. establishing a Special Mixed Use District (MX-23) bounded by 33rd Road, 12th Street, 34th Avenue, and 11th Street, Borough of Queens, Community District 1, as shown on a diagram (for illustrative purposes only) dated February 14, 2022, and subject to the conditions of CEQR Declaration E-661.","https://zap-api-production.herokuapp.com/projects/2020Q0209?include=actions,milestones,dispositions,dispositions.action,users,assignments.user,packages,artifacts",https://zap.planning.nyc.gov/projects/2020Q0209
2020Q0209,11th Street & 34th Avenue Rezoning,2022,471,0cb866ee-844b-eb11-a811-001dd8309530,2020Q0209 - ZM - QN CB1,Submitted,,,Unfavorable,"IN THE MATTER OF an application submitted by JPP 33rd Street LLC and Lily & John Realty Inc. pursuant to Sections 197-c and 201 of the New York City Charter for the amendment of the Zoning Map, Section No. 9a; 1. changing from an R5 District to an M1-5 / R6A District property bounded by 33rd Road, 12th Street, 34th Avenue, and 11th Street; and 2. establishing a Special Mixed Use District (MX-23) bounded by 33rd Road, 12th Street, 34th Avenue, and 11th Street, Borough of Queens, Community District 1, as shown on a diagram (for illustrative purposes only) dated February 14, 2022, and subject to the conditions of CEQR Declaration E-661.","https://zap-api-production.herokuapp.com/projects/2020Q0209?include=actions,milestones,dispositions,dispositions.action,users,assignments.user,packages,artifacts",https://zap.planning.nyc.gov/projects/2020Q0209
2020Q0278,Reform Temple of Forest Hills Rezoning,2022,472,468909fd-0b7a-ec11-8940-001dd804d006,2020Q0278 - ZM - QN BP,Submitted,Conditional Favorable,,,"HE MATTER OF an application submitted by Werber Management, Inc. and Reform Temple of Forest Hills pursuant to Sections 197-c and 201 of the New York City Charter for an amendment of the Zoning Map, Section No. 14a, changing from an R1-2A District an R7D District property bounded by 71st Avenue, a line 175 feet northeasterly of 112th Street, 71st Road, and 112th Street, Borough of Queens, Community District 6, as shown on a diagram (for illustrative purposes only) dated August 22nd, 2022, and subject to the conditions of CEQR Declaration E-685.","https://zap-api-production.herokuapp.com/projects/2020Q0278?include=actions,milestones,dispositions,dispositions.action,users,assignments.user,packages,artifacts",https://zap.planning.nyc.gov/projects/2020Q0278
2020Q0278,Reform Temple of Forest Hills Rezoning,2022,472,01c38af5-0b7a-ec11-8940-001dd804d446,2020Q0278 - ZM - QN CB6,Submitted,,,Conditional Favorable,"N THE MATTER OF an application submitted by Werber Management, Inc. and Reform Temple of Forest Hills pursuant to Sections 197-c and 201 of the New York City Charter for an amendment of the Zoning Map, Section No. 14a, changing from an R1-2A District an R7D District property bounded by 71st Avenue, a line 175 feet northeasterly of 112th Street, 71st Road, and 112th Street, Borough of Queens, Community District 6, as shown on a diagram (for illustrative purposes only) dated August 22nd, 2022, and subject to the conditions of CEQR Declaration E-685.","https://zap-api-production.herokuapp.com/projects/2020Q0278?include=actions,milestones,dispositions,dispositions.action,users,assignments.user,packages,artifacts",https://zap.planning.nyc.gov/projects/2020Q0278
2020Q0446,78-46 Metropolitan Avenue Rezoning,2022,473,ff038ea1-0a2d-ec11-b6e5-001dd804d709,2020Q0446 - ZM - QN BP,Submitted,Conditional Favorable,,,"IN THE MATTER OF an application submitted by Robert Thomas pursuant to Sections 197-c and 201 of the New York City Charter for an amendment of the Zoning Map, Section No. 13d: 1. changing from an R5 District to an R5D District property bounded by Metropolitan Avenue, 79th Street, a line midway between Metropolitan Avenue and 67th Road, and a line 50 feet westerly of 79th Street; and 2. establishing within the proposed R5D District a C2-3 District bounded by Metropolitan Avenue, 79th Street, a line midway between Metropolitan Avenue and 67th Road, and a line 50 feet westerly of 79th Street; Borough of Queens, Community District 5, as shown on a diagram (for illustrative purposes only) dated April 25, 2022, and subject to the conditions of CEQR Declaration E-664.","https://zap-api-production.herokuapp.com/projects/2020Q0446?include=actions,milestones,dispositions,dispositions.action,users,assignments.user,packages,artifacts",https://zap.planning.nyc.gov/projects/2020Q0446
2020Q0446,78-46 Metropolitan Avenue Rezoning,2022,473,67028ea1-0a2d-ec11-b6e5-001dd804d709,2020Q0446 - ZM - QN CB5,Submitted,,,Favorable,"IN THE MATTER OF an application submitted by Robert Thomas pursuant to Sections 197-c and 201 of the New York City Charter for an amendment of the Zoning Map, Section No. 13d: 1. changing from an R5 District to an R5D District property bounded by Metropolitan Avenue, 79th Street, a line midway between Metropolitan Avenue and 67th Road, and a line 50 feet westerly of 79th Street; and 2. establishing within the proposed R5D District a C2-3 District bounded by Metropolitan Avenue, 79th Street, a line midway between Metropolitan Avenue and 67th Road, and a line 50 feet westerly of 79th Street; Borough of Queens, Community District 5, as shown on a diagram (for illustrative purposes only) dated April 25, 2022, and subject to the conditions of CEQR Declaration E-664.","https://zap-api-production.herokuapp.com/projects/2020Q0446?include=actions,milestones,dispositions,dispositions.action,users,assignments.user,packages,artifacts",https://zap.planning.nyc.gov/projects/2020Q0446
2021Q0106,Innovation QNS Rezoning and LSGD,2022,474,b75c81ac-fab0-ec11-983f-001dd804d8b9,2021Q0106 - ZS - QN BP,Submitted,Conditional Unfavorable,,,"IN THE MATTER OF an application submitted by Kaufman Astoria Bedrock I LLC and Silverstein Astoria Member LLC pursuant to Sections 197-c and 201 of the New York City Charter for the grant of a special permit pursuant to Section 74-922 of the Zoning Resolution to allow certain large retail establishments (Use Group 6 and/or Use Group 10A uses) with no limitation on floor area per establishment, in connection with a proposed mixed-use development, on property bounded by 35th Avenue, 38th Street, 36th Avenue, and 37th Street (Block 641, Lots 1, 4, 9, 51, 52 and 56), in M1-4/R7-3* and M1-4/R9* Districts, within a Special Mixed Use District* (MX-24), Borough of Queens, Community District 1. *Note: This site is proposed to be rezoned by changing existing C4-2A and M1-1Districts to M1-4/R7-3, M1-4/R7X, M1-4/R9 and M1-5/R9-1 Districts, under a concurrent related application for a Zoning Map change (C 220364 ZMQ). Plans for this proposal are on file with the City Planning Commission and may be seen on the Zoning Application Portal at https://zap.planning.nyc.gov/projects/2021Q0106, or the Department of City Planning, 120 Broadway, 31st Floor, New York, NY, 10271-0001.","https://zap-api-production.herokuapp.com/projects/2021Q0106?include=actions,milestones,dispositions,dispositions.action,users,assignments.user,packages,artifacts",https://zap.planning.nyc.gov/projects/2021Q0106
2021Q0106,Innovation QNS Rezoning and LSGD,2022,474,df5c81ac-fab0-ec11-983f-001dd804d8b9,2021Q0106 - ZS - QN BP,Submitted,Conditional Unfavorable,,,"IN THE MATTER OF an application submitted by Kaufman Astoria Bedrock I LLC and Silverstein Astoria Member LLC pursuant to Sections 197-c and 201 of the New York City Charter for the grant of a special permit pursuant to Section 74-922 of the Zoning Resolution to allow certain large retail establishments (Use Group 6 and/or Use Group 10A uses) with no limitation on floor area per establishment, in connection with a proposed mixed-use development, on property bounded by 35th Avenue, Steinway Street, a line 180 feet northeasterly of 36th Avenue, and 38th Street (Block 668, Lot 5), in M1-4/R7-3* and M1-4/R9* Districts, within a Special Mixed Use District* (MX-24), Borough of Queens, Community District 1. *Note: This site is proposed to be rezoned by changing existing C4-2A and M1-1Districts to M1-4/R7-3, M1-4/R7X, M1-4/R9 and M1-5/R9-1 Districts, under a concurrent related application for a Zoning Map change (C 220364 ZMQ). Plans for this proposal are on file with the City Planning Commission and may be seen on the Zoning Application Portal at https://zap.planning.nyc.gov/projects/2021Q0106, or the Department of City Planning, 120 Broadway, 31st Floor, New York, NY, 10271-0001.","https://zap-api-production.herokuapp.com/projects/2021Q0106?include=actions,milestones,dispositions,dispositions.action,users,assignments.user,packages,artifacts",https://zap.planning.nyc.gov/projects/2021Q0106
2021Q0106,Innovation QNS Rezoning and LSGD,2022,474,81057cb2-fab0-ec11-983f-001dd804d8b9,2021Q0106 - ZS - QN BP,Submitted,Conditional Unfavorable,,,"IN THE MATTER OF an application submitted by Kaufman Astoria Bedrock I LLC and Silverstein Astoria Member LLC pursuant to Sections 197-c and 201 of the New York City Charter for the grant of a special permit pursuant to Section 74-922 of the Zoning Resolution to allow certain large retail establishments (Use Group 6 and/or Use Group 10A uses) with no limitation on floor area per establishment, in connection with a proposed mixed-use development, on property generally bounded by 35th Avenue, 41st Street, a line 150 feet northeasterly of 36th Avenue, a line midway between Steinway Street and 41st Street, a line 290 feet northeasterly of 36th Avenue, Steinway Street, a line 100 feet southwesterly of 35th Avenue, and a line midway between Steinway Street and 41st Street (Block 669, Lot 13, 16 & 36), in M1-4/R7-3* and M1-4/R9* Districts, within a Special Mixed Use District* (MX-24), Borough of Queens, Community District 1. *Note: This site is proposed to be rezoned by changing existing C4-2A and M1-1Districts to M1-4/R7-3, M1-4/R7X, M1-4/R9 and M1-5/R9-1 Districts, under a concurrent related application for a Zoning Map change (C 220364 ZMQ). Plans for this proposal are on file with the City Planning Commission and may be seen on the Zoning Application Portal at https://zap.planning.nyc.gov/projects/2021Q0106, or the Department of City Planning, 120 Broadway, 31st Floor, New York, NY, 10271-0001.","https://zap-api-production.herokuapp.com/projects/2021Q0106?include=actions,milestones,dispositions,dispositions.action,users,assignments.user,packages,artifacts",https://zap.planning.nyc.gov/projects/2021Q0106
2021Q0106,Innovation QNS Rezoning and LSGD,2022,474,9d057cb2-fab0-ec11-983f-001dd804d8b9,2021Q0106 - ZS - QN BP,Submitted,Conditional Unfavorable,,,"IN THE MATTER OF an application submitted by Kaufman Astoria Bedrock I LLC and Silverstein Astoria Member LLC pursuant to Sections 197-c and 201 of the New York City Charter for the grant of a special permit pursuant to Section 74-922 of the Zoning Resolution to allow certain large retail establishments (Use Group 6 and/or Use Group 10A uses) with no limitation on floor area per establishment, in connection with a proposed mixed-use development, on property generally bounded by 35th Avenue, 42nd Street, a line 295 feet southwesterly of 35th Avenue, a line midway between 41st Street and 42nd Street, 36th Avenue, and 41st Street (Block 670, Lots 4, 8, 20, 27, 30 & 47), in M1-4/R7-3*, M1-4/R7X* and M1-5/R9-1* Districts, within a Special Mixed Use District* (MX-24), Borough of Queens, Community District 1. *Note: This site is proposed to be rezoned by changing existing C4-2A and M1-1Districts to M1-4/R7-3, M1-4/R7X, M1-4/R9 and M1-5/R9-1 Districts, under a concurrent related application for a Zoning Map change (C 220364 ZMQ). Plans for this proposal are on file with the City Planning Commission and may be seen on the Zoning Application Portal at https://zap.planning.nyc.gov/projects/21Q0106, or the Department of City Planning, 120 Broadway, 31st Floor, New York, NY, 10271-0001.","https://zap-api-production.herokuapp.com/projects/2021Q0106?include=actions,milestones,dispositions,dispositions.action,users,assignments.user,packages,artifacts",https://zap.planning.nyc.gov/projects/2021Q0106
2021Q0106,Innovation QNS Rezoning and LSGD,2022,474,b5057cb2-fab0-ec11-983f-001dd804d8b9,2021Q0106 - ZS - QN BP,Submitted,Conditional Unfavorable,,,"IN THE MATTER OF an application submitted by Kaufman Astoria Bedrock I LLC and Silverstein Astoria Member LLC pursuant to Sections 197-c and 201 of the New York City Charter for the grant of a special permit pursuant to Section 74-922 of the Zoning Resolution to allow certain large retail establishments (Use Group 6 and/or Use Group 10A uses) with no limitation on floor area per establishment, in connection with a proposed mixed-use development, on property generally bounded by 35th Avenue, a line 90 feet southeasterly of 42nd Street, a line 100 feet southwesterly of 35th Avenue, 43rd Street, Northern Boulevard, and 42nd Street (Block 671, Lots 1, 8, 12, 20 & 23), in M1-4/R7X* and M1-5/R9-1* Districts, within a Special Mixed Use District* (MX-24), Borough of Queens, Community District 1. *Note: This site is proposed to be rezoned by changing existing C4-2A and M1-1Districts to M1-4/R7-3, M1-4/R7X, M1-4/R9 and M1-5/R9-1 Districts, under a concurrent related application for a Zoning Map change (C 220364 ZMQ). Plans for this proposal are on file with the City Planning Commission and may be seen on the Zoning Application Portal at https://zap.planning.nyc.gov/projects/21Q0106, or the Department of City Planning, 120 Broadway, 31st Floor, New York, NY, 10271-0001.","https://zap-api-production.herokuapp.com/projects/2021Q0106?include=actions,milestones,dispositions,dispositions.action,users,assignments.user,packages,artifacts",https://zap.planning.nyc.gov/projects/2021Q0106
2021Q0106,Innovation QNS Rezoning and LSGD,2022,474,f8057cb2-fab0-ec11-983f-001dd804d8b9,2021Q0106 - ZS - QN BP,Submitted,Conditional Unfavorable,,,"IN THE MATTER OF an application submitted by Kaufman Astoria Bedrock I LLC and Silverstein Astoria Member LLC pursuant to Sections 197-c and 201 of the New York City Charter for the grant of a special permit pursuant to Section 74-745(a) of the Zoning Resolution to allow required or permitted accessory off-street parking spaces to be located anywhere within a large-scale general development without regard for zoning lot lines, in connection with a proposed mixed-use development, within a Large-Scale General Development generally bounded by 35th Avenue, Steinway Street, a line 100 feet southwesterly of 35th Avenue, a line midway between Steinway Street and 41st Street, 35th Avenue, a line 90 feet southeasterly of 42nd Street, a line 100 feet southwesterly of 35th Avenue, 43rd Street, Northern Boulevard, 42nd Street, a line 295 feet southwesterly of 35th Avenue, a line midway between 41st Street and 42nd Street, 36th Avenue, 41st Street, a line 150 feet northeasterly of 36th Avenue, a line midway between Steinway Street and 41st Street, a line 288 feet northeasterly of 36th Avenue, Steinway Street, a line 175 feet northeasterly of 36th Avenue, 38th Street, 36th Avenue, and 37th Street (Block 641, Lots 1, 4, 9, 51, 52 and 56; Block 668, Lot5; Block 669, Lots 13, 16, and 36; Block 670, Lots 4, 8, 20, 27, 30, and 47; and Block 671, Lots 1, 8, 12, 20 and 23), in M1-4/R7-3*, M1-4/R7X*, M1-4/R9* and M1-5/R9-1* Districts, within a Special Mixed Use District (MX-24), Borough of Queens, Community District 1. * Note: This site is proposed to be rezoned by changing existing C4-2A and M1-1Districts to M1-4/R7-3, M1-4/R7X, M1-4/R9 and M1-5/R9-1 Districts, under a concurrent related application for a Zoning Map change (C 220364 ZMQ). Plans for this proposal are on file with the City Planning Commission and may be seen on the Zoning Application Portal at https://zap.planning.nyc.gov/projects/2021Q0106, or the Department of City Planning, 120 Broadway, 31st Floor, New York, NY, 10271-0001.","https://zap-api-production.herokuapp.com/projects/2021Q0106?include=actions,milestones,dispositions,dispositions.action,users,assignments.user,packages,artifacts",https://zap.planning.nyc.gov/projects/2021Q0106
2021Q0106,Innovation QNS Rezoning and LSGD,2022,474,09067cb2-fab0-ec11-983f-001dd804d8b9,2021Q0106 - ZS - QN BP,Submitted,Conditional Unfavorable,,,"IN THE MATTER OF an application submitted by Kaufman Astoria Bedrock I LLC and Silverstein Astoria Member LLC pursuant to Sections 197-c and 201 of the New York City Charter for the grant of special permits pursuant to the following Sections of the Zoning Resolution: 1. Section 74-74(a)(1) - to allow the distribution of total allowable floor area without regard for the zoning lot lines or district boundaries; and 2. Section 74-743(a)(2) - to modify the rear yard regulations of Sections 23-40 (Yard Regulations), 43-40 (Yard Regulations) and 123-65 (Special Yard Regulations), the height and setback requirements of Sections 23-66 (Height and Setback Requirements for Quality Housing Buildings) and 123-66 (Height and Setback Regulations), and the minimum distance between buildings regulations of Section 23-711 (Standard Minimum Distance Between Buildings); in connection with a proposed mixed-use development, within a Large-Scale General Development generally bounded by 35th Avenue, Steinway Street, a line 100 feet southwesterly of 35th Avenue, a line midway between Steinway Street and 41st Street, 35th Avenue, a line 90 feet southeasterly of 42nd Street, a line 100 feet southwesterly of 35th Avenue, 43rd Street, Northern Boulevard, 42nd Street, a line 295 feet southwesterly of 35th Avenue, a line midway between 41st Street and 42nd Street, 36th Avenue, 41st Street, a line 150 feet northeasterly of 36th Avenue, a line midway between Steinway Street and 41st Street, a line 288 feet northeasterly of 36th Avenue, Steinway Street, a line 175 feet northeasterly of 36th Avenue, 38th Street, 36th Avenue, and 37th Street (Block 641, Lots 1, 4, 9, 51, 52 and 56; Block 668, Lot 5; Block 669, Lots 13, 16, and 36; Block 670, Lots 4, 8, 20, 27, 30, and 47; and Block 671, Lot 1, 8, 12, 20 and 23), in M1-4/R7-3*, M1-4/R7X*, M1-4/R9* and M1-5/R9-1* Districts, within a Special Mixed Use District (MX-24). *Note: This site is proposed to be rezoned by changing existing C4-2A and M1-1Districts to M1-4/R7-3, M1-4/R7X, M1-4/R9 and M1-5/R9-1 Districts, under a concurrent related application for a Zoning Map change (C 220364 ZMQ). Plans for this proposal are on file with the City Planning Commission and may be seen on the Zoning Application Portal at https://zap.planning.nyc.gov/projects/2021Q0106, or the Department of City Planning, 120 Broadway, 31st Floor, New York, NY, 10271-0001.","https://zap-api-production.herokuapp.com/projects/2021Q0106?include=actions,milestones,dispositions,dispositions.action,users,assignments.user,packages,artifacts",https://zap.planning.nyc.gov/projects/2021Q0106
2021Q0106,Innovation QNS Rezoning and LSGD,2022,474,24067cb2-fab0-ec11-983f-001dd804d8b9,2021Q0106 - ZS - QN BP,Submitted,Conditional Unfavorable,,,"IN THE MATTER OF an application submitted by Kaufman Astoria Bedrock I LLC and Silverstein Astoria Member LLC pursuant to Sections 197-c and 201 of the New York City Charter, for the grant of a special permit pursuant to Section 74-744(c) of the Zoning Resolution, and subject to the provisions of paragraphs (a)(1), (a)(2) or (a)(3) of Section 74-743 (Special provisions for bulk modification), to modify the signage regulations of Section 32-60 (Sign Regulations) and Section 123-40 (Sign Regulations), in connection with a proposed mixed-use development, within a Large-Scale General Development generally bounded by 35th Avenue, Steinway Street, a line 100 feet southwesterly of 35th Avenue, a line midway between Steinway Street and 41st Street, 35th Avenue, a line 90 feet southeasterly of 42nd Street, a line 100 feet southwesterly of 35th Avenue, 43rd Street, Northern Boulevard, 42nd Street, a line 295 feet southwesterly of 35th Avenue, a line midway between 41st Street and 42nd Street, 36th Avenue, 41st Street, a line 150 feet northeasterly of 36th Avenue, a line midway between Steinway Street and 41st Street, a line 288 feet northeasterly of 36th Avenue, Steinway Street, a line 175 feet northeasterly of 36th Avenue, 38th Street, 36th Avenue, and 37th Street (Block 641, Lots 1, 4, 9, 51, 52 and 56; Block 668, Lot 5; Block 669, Lots 13, 16, and 36; Block 670, Lots 4, 8, 20, 27, 30, and 47; and Block 671, Lot 1, 8, 12, 20 and 23), in M1-4/R7-3*, M1-4/R7X*, M1-4/R9* and M1-5/R9-1* Districts, within a Special Mixed Use District (MX-24), Borough of Queens, Community District 1. *Note: This site is proposed to be rezoned by changing existing C4-2A and M1-1Districts to M1-4/R7-3, M1-4/R7X, M1-4/R9 and M1-5/R9-1 Districts, under a concurrent related application for a Zoning Map change (C 220364 ZMQ). Plans for this proposal are on file with the City Planning Commission and may be seen on the Zoning Application Portal at https://zap.planning.nyc.gov/projects/2021Q0106, or the Department of City Planning, 120 Broadway, 31st Floor, New York, NY, 10271-0001.","https://zap-api-production.herokuapp.com/projects/2021Q0106?include=actions,milestones,dispositions,dispositions.action,users,assignments.user,packages,artifacts",https://zap.planning.nyc.gov/projects/2021Q0106
2021Q0106,Innovation QNS Rezoning and LSGD,2022,474,31067cb2-fab0-ec11-983f-001dd804d8b9,2021Q0106 - ZS - QN BP,Submitted,Conditional Unfavorable,,,"IN THE MATTER OF an application submitted by Kaufman Astoria Bedrock I LLC and Silverstein Astoria Member LLC pursuant to Sections 197-c and 201 of the New York City Charter for the grant of a special permit pursuant to Section 74-745(b)** of the Zoning Resolution to allow a reduction of loading berth requirements of Sections 44-52 (Required Accessory Off-Street Loading Berths) and 123-70 (Parking and Loading), within a Large-Scale General Development generally bounded by 35th Avenue, Steinway Street, a line 100 feet southwesterly of 35th Avenue, a line midway between Steinway Street and 41st Street, 35th Avenue, a line 90 feet southeasterly of 42nd Street, a line 100 feet southwesterly of 35th Avenue, 43rd Street, Northern Boulevard, 42nd Street, a line 295 feet southwesterly of 35th Avenue, a line midway between 41st Street and 42nd Street, 36th Avenue, 41st Street, a line 150 feet northeasterly of 36th Avenue, a line midway between Steinway Street and 41st Street, a line 288 feet northeasterly of 36th Avenue, Steinway Street, a line 175 feet northeasterly of 36th Avenue, 38th Street, 36th Avenue, and 37th Street (Block 641, Lots 1, 4, 9, 51, 52 and 56; Block 668, Lot 5; Block 669, Lots 13, 16, and 36; Block 670, Lots 4, 8, 20, 27, 30, and 47; and Block 671, Lot 1, 8, 12, 20 and 23), in M1-4/R7-3*, M1-4/R7X*, M1-4/R9* and M1-5/R9-1* Districts, within a Special Mixed Use District (MX-24), Borough of Queens, Community 1. *Note: This site is proposed to be rezoned by changing existing C4-2A and M1-1Districts to M1-4/R7-3, M1-4/R7X, M1-4/R9 and M1-5/R9-1 Districts, under a concurrent related application for a Zoning Map change (C 220364 ZMQ). ** Note: Section 74-745(b) is proposed to be changed under a concurrent related application for a Zoning Text Change (N 220367 ZRQ). Plans for this proposal are on file with the City Planning Commission and may be seen on the Zoning Application Portal at https://zap.planning.nyc.gov/projects/2021Q0106, or the Department of City Planning, 120 Broadway, 31st Floor, New York, NY, 10271-0001.","https://zap-api-production.herokuapp.com/projects/2021Q0106?include=actions,milestones,dispositions,dispositions.action,users,assignments.user,packages,artifacts",https://zap.planning.nyc.gov/projects/2021Q0106
2021Q0106,Innovation QNS Rezoning and LSGD,2022,474,9fa34ca8-fab0-ec11-983f-001dd804db0f,2021Q0106 - ZS - QN CB1,Submitted,,,Unfavorable,"IN THE MATTER OF an application submitted by Kaufman Astoria Bedrock I LLC and Silverstein Astoria Member LLC pursuant to Sections 197-c and 201 of the New York City Charter for the grant of a special permit pursuant to Section 74-922 of the Zoning Resolution to allow certain large retail establishments (Use Group 6 and/or Use Group 10A uses) with no limitation on floor area per establishment, in connection with a proposed mixed-use development, on property bounded by 35th Avenue, 38th Street, 36th Avenue, and 37th Street (Block 641, Lots 1, 4, 9, 51, 52 and 56), in M1-4/R7-3* and M1-4/R9* Districts, within a Special Mixed Use District* (MX-24), Borough of Queens, Community District 1. *Note: This site is proposed to be rezoned by changing existing C4-2A and M1-1Districts to M1-4/R7-3, M1-4/R7X, M1-4/R9 and M1-5/R9-1 Districts, under a concurrent related application for a Zoning Map change (C 220364 ZMQ). Plans for this proposal are on file with the City Planning Commission and may be seen on the Zoning Application Portal at https://zap.planning.nyc.gov/projects/2021Q0106, or the Department of City Planning, 120 Broadway, 31st Floor, New York, NY, 10271-0001.","https://zap-api-production.herokuapp.com/projects/2021Q0106?include=actions,milestones,dispositions,dispositions.action,users,assignments.user,packages,artifacts",https://zap.planning.nyc.gov/projects/2021Q0106
2021Q0106,Innovation QNS Rezoning and LSGD,2022,474,34a44ca8-fab0-ec11-983f-001dd804db0f,2021Q0106 - ZS - QN CB1,Submitted,,,Unfavorable,"IN THE MATTER OF an application submitted by Kaufman Astoria Bedrock I LLC and Silverstein Astoria Member LLC pursuant to Sections 197-c and 201 of the New York City Charter for the grant of a special permit pursuant to Section 74-922 of the Zoning Resolution to allow certain large retail establishments (Use Group 6 and/or Use Group 10A uses) with no limitation on floor area per establishment, in connection with a proposed mixed-use development, on property bounded by 35th Avenue, Steinway Street, a line 180 feet northeasterly of 36th Avenue, and 38th Street (Block 668, Lot 5), in M1-4/R7-3* and M1-4/R9* Districts, within a Special Mixed Use District* (MX-24), Borough of Queens, Community District 1. *Note: This site is proposed to be rezoned by changing existing C4-2A and M1-1Districts to M1-4/R7-3, M1-4/R7X, M1-4/R9 and M1-5/R9-1 Districts, under a concurrent related application for a Zoning Map change (C 220364 ZMQ). Plans for this proposal are on file with the City Planning Commission and may be seen on the Zoning Application Portal at https://zap.planning.nyc.gov/projects/2021Q0106, or the Department of City Planning, 120 Broadway, 31st Floor, New York, NY, 10271-0001.","https://zap-api-production.herokuapp.com/projects/2021Q0106?include=actions,milestones,dispositions,dispositions.action,users,assignments.user,packages,artifacts",https://zap.planning.nyc.gov/projects/2021Q0106
2021Q0106,Innovation QNS Rezoning and LSGD,2022,474,81a44ca8-fab0-ec11-983f-001dd804db0f,2021Q0106 - ZS - QN CB1,Submitted,,,Unfavorable,"IN THE MATTER OF an application submitted by Kaufman Astoria Bedrock I LLC and Silverstein Astoria Member LLC pursuant to Sections 197-c and 201 of the New York City Charter for the grant of a special permit pursuant to Section 74-922 of the Zoning Resolution to allow certain large retail establishments (Use Group 6 and/or Use Group 10A uses) with no limitation on floor area per establishment, in connection with a proposed mixed-use development, on property generally bounded by 35th Avenue, 41st Street, a line 150 feet northeasterly of 36th Avenue, a line midway between Steinway Street and 41st Street, a line 290 feet northeasterly of 36th Avenue, Steinway Street, a line 100 feet southwesterly of 35th Avenue, and a line midway between Steinway Street and 41st Street (Block 669, Lot 13, 16 & 36), in M1-4/R7-3* and M1-4/R9* Districts, within a Special Mixed Use District* (MX-24), Borough of Queens, Community District 1. *Note: This site is proposed to be rezoned by changing existing C4-2A and M1-1Districts to M1-4/R7-3, M1-4/R7X, M1-4/R9 and M1-5/R9-1 Districts, under a concurrent related application for a Zoning Map change (C 220364 ZMQ). Plans for this proposal are on file with the City Planning Commission and may be seen on the Zoning Application Portal at https://zap.planning.nyc.gov/projects/2021Q0106, or the Department of City Planning, 120 Broadway, 31st Floor, New York, NY, 10271-0001.","https://zap-api-production.herokuapp.com/projects/2021Q0106?include=actions,milestones,dispositions,dispositions.action,users,assignments.user,packages,artifacts",https://zap.planning.nyc.gov/projects/2021Q0106
2021Q0106,Innovation QNS Rezoning and LSGD,2022,474,c4a44ca8-fab0-ec11-983f-001dd804db0f,2021Q0106 - ZS - QN CB1,Submitted,,,Unfavorable,"IN THE MATTER OF an application submitted by Kaufman Astoria Bedrock I LLC and Silverstein Astoria Member LLC pursuant to Sections 197-c and 201 of the New York City Charter for the grant of a special permit pursuant to Section 74-922 of the Zoning Resolution to allow certain large retail establishments (Use Group 6 and/or Use Group 10A uses) with no limitation on floor area per establishment, in connection with a proposed mixed-use development, on property generally bounded by 35th Avenue, 42nd Street, a line 295 feet southwesterly of 35th Avenue, a line midway between 41st Street and 42nd Street, 36th Avenue, and 41st Street (Block 670, Lots 4, 8, 20, 27, 30 & 47), in M1-4/R7-3*, M1-4/R7X* and M1-5/R9-1* Districts, within a Special Mixed Use District* (MX-24), Borough of Queens, Community District 1. *Note: This site is proposed to be rezoned by changing existing C4-2A and M1-1Districts to M1-4/R7-3, M1-4/R7X, M1-4/R9 and M1-5/R9-1 Districts, under a concurrent related application for a Zoning Map change (C 220364 ZMQ). Plans for this proposal are on file with the City Planning Commission and may be seen on the Zoning Application Portal at https://zap.planning.nyc.gov/projects/21Q0106, or the Department of City Planning, 120 Broadway, 31st Floor, New York, NY, 10271-0001.","https://zap-api-production.herokuapp.com/projects/2021Q0106?include=actions,milestones,dispositions,dispositions.action,users,assignments.user,packages,artifacts",https://zap.planning.nyc.gov/projects/2021Q0106
2021Q0106,Innovation QNS Rezoning and LSGD,2022,474,fea44ca8-fab0-ec11-983f-001dd804db0f,2021Q0106 - ZS - QN CB1,Submitted,,,Unfavorable,"IN THE MATTER OF an application submitted by Kaufman Astoria Bedrock I LLC and Silverstein Astoria Member LLC pursuant to Sections 197-c and 201 of the New York City Charter for the grant of a special permit pursuant to Section 74-922 of the Zoning Resolution to allow certain large retail establishments (Use Group 6 and/or Use Group 10A uses) with no limitation on floor area per establishment, in connection with a proposed mixed-use development, on property generally bounded by 35th Avenue, a line 90 feet southeasterly of 42nd Street, a line 100 feet southwesterly of 35th Avenue, 43rd Street, Northern Boulevard, and 42nd Street (Block 671, Lots 1, 8, 12, 20 & 23), in M1-4/R7X* and M1-5/R9-1* Districts, within a Special Mixed Use District* (MX-24), Borough of Queens, Community District 1. *Note: This site is proposed to be rezoned by changing existing C4-2A and M1-1Districts to M1-4/R7-3, M1-4/R7X, M1-4/R9 and M1-5/R9-1 Districts, under a concurrent related application for a Zoning Map change (C 220364 ZMQ). Plans for this proposal are on file with the City Planning Commission and may be seen on the Zoning Application Portal at https://zap.planning.nyc.gov/projects/21Q0106, or the Department of City Planning, 120 Broadway, 31st Floor, New York, NY, 10271-0001.","https://zap-api-production.herokuapp.com/projects/2021Q0106?include=actions,milestones,dispositions,dispositions.action,users,assignments.user,packages,artifacts",https://zap.planning.nyc.gov/projects/2021Q0106
2021Q0106,Innovation QNS Rezoning and LSGD,2022,474,75a54ca8-fab0-ec11-983f-001dd804db0f,2021Q0106 - ZS - QN CB1,Submitted,,,Unfavorable,"IN THE MATTER OF an application submitted by Kaufman Astoria Bedrock I LLC and Silverstein Astoria Member LLC pursuant to Sections 197-c and 201 of the New York City Charter for the grant of a special permit pursuant to Section 74-745(a) of the Zoning Resolution to allow required or permitted accessory off-street parking spaces to be located anywhere within a large-scale general development without regard for zoning lot lines, in connection with a proposed mixed-use development, within a Large-Scale General Development generally bounded by 35th Avenue, Steinway Street, a line 100 feet southwesterly of 35th Avenue, a line midway between Steinway Street and 41st Street, 35th Avenue, a line 90 feet southeasterly of 42nd Street, a line 100 feet southwesterly of 35th Avenue, 43rd Street, Northern Boulevard, 42nd Street, a line 295 feet southwesterly of 35th Avenue, a line midway between 41st Street and 42nd Street, 36th Avenue, 41st Street, a line 150 feet northeasterly of 36th Avenue, a line midway between Steinway Street and 41st Street, a line 288 feet northeasterly of 36th Avenue, Steinway Street, a line 175 feet northeasterly of 36th Avenue, 38th Street, 36th Avenue, and 37th Street (Block 641, Lots 1, 4, 9, 51, 52 and 56; Block 668, Lot5; Block 669, Lots 13, 16, and 36; Block 670, Lots 4, 8, 20, 27, 30, and 47; and Block 671, Lots 1, 8, 12, 20 and 23), in M1-4/R7-3*, M1-4/R7X*, M1-4/R9* and M1-5/R9-1* Districts, within a Special Mixed Use District (MX-24), Borough of Queens, Community District 1. * Note: This site is proposed to be rezoned by changing existing C4-2A and M1-1Districts to M1-4/R7-3, M1-4/R7X, M1-4/R9 and M1-5/R9-1 Districts, under a concurrent related application for a Zoning Map change (C 220364 ZMQ). Plans for this proposal are on file with the City Planning Commission and may be seen on the Zoning Application Portal at https://zap.planning.nyc.gov/projects/2021Q0106, or the Department of City Planning, 120 Broadway, 31st Floor, New York, NY, 10271-0001.","https://zap-api-production.herokuapp.com/projects/2021Q0106?include=actions,milestones,dispositions,dispositions.action,users,assignments.user,packages,artifacts",https://zap.planning.nyc.gov/projects/2021Q0106
2021Q0106,Innovation QNS Rezoning and LSGD,2022,474,d3a54ca8-fab0-ec11-983f-001dd804db0f,2021Q0106 - ZS - QN CB1,Submitted,,,Unfavorable,"IN THE MATTER OF an application submitted by Kaufman Astoria Bedrock I LLC and Silverstein Astoria Member LLC pursuant to Sections 197-c and 201 of the New York City Charter for the grant of special permits pursuant to the following Sections of the Zoning Resolution: 1. Section 74-74(a)(1) - to allow the distribution of total allowable floor area without regard for the zoning lot lines or district boundaries; and 2. Section 74-743(a)(2) - to modify the rear yard regulations of Sections 23-40 (Yard Regulations), 43-40 (Yard Regulations) and 123-65 (Special Yard Regulations), the height and setback requirements of Sections 23-66 (Height and Setback Requirements for Quality Housing Buildings) and 123-66 (Height and Setback Regulations), and the minimum distance between buildings regulations of Section 23-711 (Standard Minimum Distance Between Buildings); in connection with a proposed mixed-use development, within a Large-Scale General Development generally bounded by 35th Avenue, Steinway Street, a line 100 feet southwesterly of 35th Avenue, a line midway between Steinway Street and 41st Street, 35th Avenue, a line 90 feet southeasterly of 42nd Street, a line 100 feet southwesterly of 35th Avenue, 43rd Street, Northern Boulevard, 42nd Street, a line 295 feet southwesterly of 35th Avenue, a line midway between 41st Street and 42nd Street, 36th Avenue, 41st Street, a line 150 feet northeasterly of 36th Avenue, a line midway between Steinway Street and 41st Street, a line 288 feet northeasterly of 36th Avenue, Steinway Street, a line 175 feet northeasterly of 36th Avenue, 38th Street, 36th Avenue, and 37th Street (Block 641, Lots 1, 4, 9, 51, 52 and 56; Block 668, Lot 5; Block 669, Lots 13, 16, and 36; Block 670, Lots 4, 8, 20, 27, 30, and 47; and Block 671, Lot 1, 8, 12, 20 and 23), in M1-4/R7-3*, M1-4/R7X*, M1-4/R9* and M1-5/R9-1* Districts, within a Special Mixed Use District (MX-24). *Note: This site is proposed to be rezoned by changing existing C4-2A and M1-1Districts to M1-4/R7-3, M1-4/R7X, M1-4/R9 and M1-5/R9-1 Districts, under a concurrent related application for a Zoning Map change (C 220364 ZMQ). Plans for this proposal are on file with the City Planning Commission and may be seen on the Zoning Application Portal at https://zap.planning.nyc.gov/projects/2021Q0106, or the Department of City Planning, 120 Broadway, 31st Floor, New York, NY, 10271-0001.","https://zap-api-production.herokuapp.com/projects/2021Q0106?include=actions,milestones,dispositions,dispositions.action,users,assignments.user,packages,artifacts",https://zap.planning.nyc.gov/projects/2021Q0106
2021Q0106,Innovation QNS Rezoning and LSGD,2022,474,61a64ca8-fab0-ec11-983f-001dd804db0f,2021Q0106 - ZS - QN CB1,Submitted,,,Unfavorable,"IN THE MATTER OF an application submitted by Kaufman Astoria Bedrock I LLC and Silverstein Astoria Member LLC pursuant to Sections 197-c and 201 of the New York City Charter, for the grant of a special permit pursuant to Section 74-744(c) of the Zoning Resolution, and subject to the provisions of paragraphs (a)(1), (a)(2) or (a)(3) of Section 74-743 (Special provisions for bulk modification), to modify the signage regulations of Section 32-60 (Sign Regulations) and Section 123-40 (Sign Regulations), in connection with a proposed mixed-use development, within a Large-Scale General Development generally bounded by 35th Avenue, Steinway Street, a line 100 feet southwesterly of 35th Avenue, a line midway between Steinway Street and 41st Street, 35th Avenue, a line 90 feet southeasterly of 42nd Street, a line 100 feet southwesterly of 35th Avenue, 43rd Street, Northern Boulevard, 42nd Street, a line 295 feet southwesterly of 35th Avenue, a line midway between 41st Street and 42nd Street, 36th Avenue, 41st Street, a line 150 feet northeasterly of 36th Avenue, a line midway between Steinway Street and 41st Street, a line 288 feet northeasterly of 36th Avenue, Steinway Street, a line 175 feet northeasterly of 36th Avenue, 38th Street, 36th Avenue, and 37th Street (Block 641, Lots 1, 4, 9, 51, 52 and 56; Block 668, Lot 5; Block 669, Lots 13, 16, and 36; Block 670, Lots 4, 8, 20, 27, 30, and 47; and Block 671, Lot 1, 8, 12, 20 and 23), in M1-4/R7-3*, M1-4/R7X*, M1-4/R9* and M1-5/R9-1* Districts, within a Special Mixed Use District (MX-24), Borough of Queens, Community District 1. *Note: This site is proposed to be rezoned by changing existing C4-2A and M1-1Districts to M1-4/R7-3, M1-4/R7X, M1-4/R9 and M1-5/R9-1 Districts, under a concurrent related application for a Zoning Map change (C 220364 ZMQ). Plans for this proposal are on file with the City Planning Commission and may be seen on the Zoning Application Portal at https://zap.planning.nyc.gov/projects/2021Q0106, or the Department of City Planning, 120 Broadway, 31st Floor, New York, NY, 10271-0001.","https://zap-api-production.herokuapp.com/projects/2021Q0106?include=actions,milestones,dispositions,dispositions.action,users,assignments.user,packages,artifacts",https://zap.planning.nyc.gov/projects/2021Q0106
2021Q0106,Innovation QNS Rezoning and LSGD,2022,474,d1a64ca8-fab0-ec11-983f-001dd804db0f,2021Q0106 - ZS - QN CB1,Submitted,,,Unfavorable,"IN THE MATTER OF an application submitted by Kaufman Astoria Bedrock I LLC and Silverstein Astoria Member LLC pursuant to Sections 197-c and 201 of the New York City Charter for the grant of a special permit pursuant to Section 74-745(b)** of the Zoning Resolution to allow a reduction of loading berth requirements of Sections 44-52 (Required Accessory Off-Street Loading Berths) and 123-70 (Parking and Loading), within a Large-Scale General Development generally bounded by 35th Avenue, Steinway Street, a line 100 feet southwesterly of 35th Avenue, a line midway between Steinway Street and 41st Street, 35th Avenue, a line 90 feet southeasterly of 42nd Street, a line 100 feet southwesterly of 35th Avenue, 43rd Street, Northern Boulevard, 42nd Street, a line 295 feet southwesterly of 35th Avenue, a line midway between 41st Street and 42nd Street, 36th Avenue, 41st Street, a line 150 feet northeasterly of 36th Avenue, a line midway between Steinway Street and 41st Street, a line 288 feet northeasterly of 36th Avenue, Steinway Street, a line 175 feet northeasterly of 36th Avenue, 38th Street, 36th Avenue, and 37th Street (Block 641, Lots 1, 4, 9, 51, 52 and 56; Block 668, Lot 5; Block 669, Lots 13, 16, and 36; Block 670, Lots 4, 8, 20, 27, 30, and 47; and Block 671, Lot 1, 8, 12, 20 and 23), in M1-4/R7-3*, M1-4/R7X*, M1-4/R9* and M1-5/R9-1* Districts, within a Special Mixed Use District (MX-24), Borough of Queens, Community 1. *Note: This site is proposed to be rezoned by changing existing C4-2A and M1-1Districts to M1-4/R7-3, M1-4/R7X, M1-4/R9 and M1-5/R9-1 Districts, under a concurrent related application for a Zoning Map change (C 220364 ZMQ). ** Note: Section 74-745(b) is proposed to be changed under a concurrent related application for a Zoning Text Change (N 220367 ZRQ). Plans for this proposal are on file with the City Planning Commission and may be seen on the Zoning Application Portal at https://zap.planning.nyc.gov/projects/2021Q0106, or the Department of City Planning, 120 Broadway, 31st Floor, New York, NY, 10271-0001.","https://zap-api-production.herokuapp.com/projects/2021Q0106?include=actions,milestones,dispositions,dispositions.action,users,assignments.user,packages,artifacts",https://zap.planning.nyc.gov/projects/2021Q0106
2021Q0306,25-46 Far Rockaway Blvd Rezoning,2022,475,64037e9b-045c-eb11-a811-001dd8309d89,2021Q0306 - ZM - QN BP,Submitted,Conditional Favorable,,,"IN THE MATTER OF an application submitted by Queens Realty Holdings of NY LTD pursuant to Sections 197-c and 201 of the New York City Charter for an amendment of the Zoning Map, Section No. 31a, by changing an existing R4-1 District to an R6B District property bounded by Ocean Crest Boulevard, a line 115 feet northeasterly of Hartman Lane, Beach Channel Drive, a line 80 feet northeasterly of Hartman Lane, Far Rockaway Boulevard, and Hartman Lane, Borough of Queens, Community District 14, as shown on a diagram (for illustrative purposes only) dated November 7, 2022, and subject to the conditions of CEQR Declaration E-676.","https://zap-api-production.herokuapp.com/projects/2021Q0306?include=actions,milestones,dispositions,dispositions.action,users,assignments.user,packages,artifacts",https://zap.planning.nyc.gov/projects/2021Q0306
2021Q0306,25-46 Far Rockaway Blvd Rezoning,2022,475,d08df191-045c-eb11-a811-001dd8309530,2021Q0306 - ZM - QN CB14,Submitted,,,Unfavorable,"IN THE MATTER OF an application submitted by Queens Realty Holdings of NY LTD pursuant to Sections 197-c and 201 of the New York City Charter for an amendment of the Zoning Map, Section No. 31a, by changing an existing R4-1 District to an R6B District property bounded by Ocean Crest Boulevard, a line 115 feet northeasterly of Hartman Lane, Beach Channel Drive, a line 80 feet northeasterly of Hartman Lane, Far Rockaway Boulevard, and Hartman Lane, Borough of Queens, Community District 14, as shown on a diagram (for illustrative purposes only) dated November 7, 2022, and subject to the conditions of CEQR Declaration E-676.","https://zap-api-production.herokuapp.com/projects/2021Q0306?include=actions,milestones,dispositions,dispositions.action,users,assignments.user,packages,artifacts",https://zap.planning.nyc.gov/projects/2021Q0306
2021Q0426,Halletts North City Map Change,2022,476,4a993050-255c-ec11-8f8e-001dd8050089,2021Q0426 - MM - QN BP,Submitted,Conditional Favorable,,,"IN THE MATTER OF an application submitted by Astoria Owners LLC pursuant to Sections 197-c and 199 of the New York City Charter for an amendment to the City Map involving: 1) the elimination of 3rd Street within the area bounded by 8th Street, 26th Avenue, 2nd Street and the U.S. Pierhead and Bulkhead line; 2) the adjustment of grades and block dimensions necessitated thereby; including authorization for any acquisition or disposition of real property related thereto, in accordance with Map No. 5037, dated March 14, 2022 and signed by the Borough President.","https://zap-api-production.herokuapp.com/projects/2021Q0426?include=actions,milestones,dispositions,dispositions.action,users,assignments.user,packages,artifacts",https://zap.planning.nyc.gov/projects/2021Q0426
2021Q0426,Halletts North City Map Change,2022,476,27d45947-255c-ec11-8f8e-001dd80509a3,2021Q0426 - MM - QN CB1,Submitted,,,Favorable,"IN THE MATTER OF an application submitted by Astoria Owners LLC pursuant to Sections 197-c and 199 of the New York City Charter for an amendment to the City Map involving: 1) the elimination of 3rd Street within the area bounded by 8th Street, 26th Avenue, 2nd Street and the U.S. Pierhead and Bulkhead line; 2) the adjustment of grades and block dimensions necessitated thereby; including authorization for any acquisition or disposition of real property related thereto, in accordance with Map No. 5037, dated March 14, 2022 and signed by the Borough President.","https://zap-api-production.herokuapp.com/projects/2021Q0426?include=actions,milestones,dispositions,dispositions.action,users,assignments.user,packages,artifacts",https://zap.planning.nyc.gov/projects/2021Q0426
P2017Q0146,35-01 Vernon Boulevard Rezoning,2022,477,89937033-67f5-eb11-bacb-001dd804936c,P2017Q0146 - ZM - QN BP,Submitted,Conditional Favorable,,,"IN THE MATTER OF an application submitted by Agayev Holding LLC pursuant to Sections 197-c and 201 of the New York City Charter for an amendment of the Zoning Map, Section No. 9a: 1. changing from an R5 District to an M1-4/R7A District property bounded by Vernon Boulevard, 35th Avenue, 9th Street, and a line 175 feet southwesterly of 35th Avenue; and 2. establishing a Special Mixed Use District (MX-23) bounded by Vernon Boulevard, 35th Avenue, 9th Street, and a line 175 feet southwesterly of 35th Avenue; Borough of Queens, Community District 1, as shown on a diagram (for illustrative purposes only) dated January 3, 2022 and subject to the conditions of CEQR Declaration E-645.","https://zap-api-production.herokuapp.com/projects/P2017Q0146?include=actions,milestones,dispositions,dispositions.action,users,assignments.user,packages,artifacts",https://zap.planning.nyc.gov/projects/P2017Q0146
P2017Q0146,35-01 Vernon Boulevard Rezoning,2022,477,0488da2b-67f5-eb11-bacb-001dd80499c8,P2017Q0146 - ZM - QN CB1,Submitted,,,Favorable,"IN THE MATTER OF an application submitted by Agayev Holding LLC pursuant to Sections 197-c and 201 of the New York City Charter for an amendment of the Zoning Map, Section No. 9a: 1. changing from an R5 District to an M1-4/R7A District property bounded by Vernon Boulevard, 35th Avenue, 9th Street, and a line 175 feet southwesterly of 35th Avenue; and 2. establishing a Special Mixed Use District (MX-23) bounded by Vernon Boulevard, 35th Avenue, 9th Street, and a line 175 feet southwesterly of 35th Avenue; Borough of Queens, Community District 1, as shown on a diagram (for illustrative purposes only) dated January 3, 2022 and subject to the conditions of CEQR Declaration E-645.","https://zap-api-production.herokuapp.com/projects/P2017Q0146?include=actions,milestones,dispositions,dispositions.action,users,assignments.user,packages,artifacts",https://zap.planning.nyc.gov/projects/P2017Q0146
2021X0108,1460-1480 Sheridan Boulevard Rezoning,2023,478,a9e29b72-81d9-ed11-a7c7-001dd806a358,2021X0108_ZM_BX BP,Submitted,Conditional Favorable,,,"IN THE MATTER OF an application submitted by Simone Companies pursuant to Sections 197-c and 201 of the New York City Charter for an amendment of the Zoning Map, Section No. 3d: 1. changing from an M1-1 District to an R7-3 District property bounded by the northwesterly centerline prolongation of East 172nd Street, the U.S Pierhead and Bulkhead Line, the westerly boundary line of the New York New Haven & Hartford Railroad right-of-way, a line 300 feet northerly of Westchester Avenue and its westerly prolongation, and Sheridan Expressway; and 2. establishing within the proposed R7-3 District a C2-4 District bounded by the northwesterly centerline prolongation of East 172nd Street, the U.S Pierhead and Bulkhead Line, the westerly boundary line of the New York New Haven & Hartford Railroad right-of-way, a line 300 feet northerly of Westchester Avenue and its westerly prolongation, and Sheridan Expressway; as shown on a diagram (for illustrative purposes only) dated April 10, 2023, and subject to the conditions of CEQR Declaration E-714.","https://zap-api-production.herokuapp.com/projects/2021X0108?include=actions,milestones,dispositions,dispositions.action,users,assignments.user,packages,artifacts",https://zap.planning.nyc.gov/projects/2021X0108
2021X0108,1460-1480 Sheridan Boulevard Rezoning,2023,478,b78e696f-81d9-ed11-a7c7-001dd806ac02,2021X0108_ZM_BX CB9,Submitted,,,Conditional Favorable,"IN THE MATTER OF an application submitted by Simone Companies pursuant to Sections 197-c and 201 of the New York City Charter for an amendment of the Zoning Map, Section No. 3d: 1. changing from an M1-1 District to an R7-3 District property bounded by the northwesterly centerline prolongation of East 172nd Street, the U.S Pierhead and Bulkhead Line, the westerly boundary line of the New York New Haven & Hartford Railroad right-of-way, a line 300 feet northerly of Westchester Avenue and its westerly prolongation, and Sheridan Expressway; and 2. establishing within the proposed R7-3 District a C2-4 District bounded by the northwesterly centerline prolongation of East 172nd Street, the U.S Pierhead and Bulkhead Line, the westerly boundary line of the New York New Haven & Hartford Railroad right-of-way, a line 300 feet northerly of Westchester Avenue and its westerly prolongation, and Sheridan Expressway; as shown on a diagram (for illustrative purposes only) dated April 10, 2023, and subject to the conditions of CEQR Declaration E-714.","https://zap-api-production.herokuapp.com/projects/2021X0108?include=actions,milestones,dispositions,dispositions.action,users,assignments.user,packages,artifacts",https://zap.planning.nyc.gov/projects/2021X0108
2023X0300,East Tremont Cluster NCP,2023,479,9293977d-2062-ee11-be6e-001dd804e66d,2023X0300_HA_BX BP,Submitted,Conditional Favorable,,,"IN THE MATTER OF an application submitted by the Department of Housing Preservation and Development (HPD) 1) pursuant to Article 16 of the General Municipal Law of New York State for: a. the designation of property located at 907 East 175th Street (Block 2958, Lot 120), 1900 Marmion Avenue (Block 2960, Lot 21) and 706 Fairmount Place (Block 2950, Lot 18) as an Urban Development Action Area; and b. an Urban Development Action Area Project for such area; and 2) pursuant to Section 197-c of the New York City Charter for the disposition of such property to a developer to be selected by HPD; to facilitate the development of three buildings containing an approximate total of 63 residential units, Borough of the Bronx, Community District 6.","https://zap-api-production.herokuapp.com/projects/2023X0300?include=actions,milestones,dispositions,dispositions.action,users,assignments.user,packages,artifacts",https://zap.planning.nyc.gov/projects/2023X0300
2023X0300,East Tremont Cluster NCP,2023,479,59579b07-2162-ee11-be6e-001dd804efb7,2023X0300_HA_BX CB6,Submitted,,,Conditional Favorable,"IN THE MATTER OF an application submitted by the Department of Housing Preservation and Development (HPD) 1) pursuant to Article 16 of the General Municipal Law of New York State for: a. the designation of property located at 907 East 175th Street (Block 2958, Lot 120), 1900 Marmion Avenue (Block 2960, Lot 21) and 706 Fairmount Place (Block 2950, Lot 18) as an Urban Development Action Area; and b. an Urban Development Action Area Project for such area; and 2) pursuant to Section 197-c of the New York City Charter for the disposition of such property to a developer to be selected by HPD; to facilitate the development of three buildings containing an approximate total of 63 residential units, Borough of the Bronx, Community District 6.","https://zap-api-production.herokuapp.com/projects/2023X0300?include=actions,milestones,dispositions,dispositions.action,users,assignments.user,packages,artifacts",https://zap.planning.nyc.gov/projects/2023X0300
2024X0124,Melrose Concourse NCP,2023,480,9bf6c111-bf87-ee11-8178-001dd804e106,2024X0124_HA_BX BP,Submitted,Conditional Favorable,,,"IN THE MATTER OF an application submitted by the Department of Housing Preservation and Development (HPD) 1) pursuant to Article 16 of the General Municipal Law of New York State for: a. the designation of property located at 404 Claremont Parkway (Block 2896, Lot 96), 1169 Washington Avenue (Block 2389, Lot 47), and 12 Gouverneur Place (Block 2388, Lot 55) as an Urban Development Action Area; and b. an Urban Development Action Area Project for such area; and 2) pursuant to Section 197-c of the New York City Charter for the disposition of such property to a developer to be selected by HPD; to facilitate the development of three buildings containing an approximate total of 71 affordable housing units, Borough of the Bronx, Community District 3.","https://zap-api-production.herokuapp.com/projects/2024X0124?include=actions,milestones,dispositions,dispositions.action,users,assignments.user,packages,artifacts",https://zap.planning.nyc.gov/projects/2024X0124
2024X0124,Melrose Concourse NCP,2023,480,6bbbd6ff-be87-ee11-8178-001dd804e106,2024X0124_HA_BX CB3,Submitted,,,Favorable,"IN THE MATTER OF an application submitted by the Department of Housing Preservation and Development (HPD) 1) pursuant to Article 16 of the General Municipal Law of New York State for: a. the designation of property located at 404 Claremont Parkway (Block 2896, Lot 96), 1169 Washington Avenue (Block 2389, Lot 47), and 12 Gouverneur Place (Block 2388, Lot 55) as an Urban Development Action Area; and b. an Urban Development Action Area Project for such area; and 2) pursuant to Section 197-c of the New York City Charter for the disposition of such property to a developer to be selected by HPD; to facilitate the development of three buildings containing an approximate total of 71 affordable housing units, Borough of the Bronx, Community District 3.","https://zap-api-production.herokuapp.com/projects/2024X0124?include=actions,milestones,dispositions,dispositions.action,users,assignments.user,packages,artifacts",https://zap.planning.nyc.gov/projects/2024X0124
2024X0124,Melrose Concourse NCP,2023,480,def6c111-bf87-ee11-8178-001dd804e106,2024X0124_PQ_BX BP,Submitted,Conditional Favorable,,,"IN THE MATTER OF an application submitted by the Department of Housing Preservation and Development (HPD) pursuant to Section 197-c of the New York City Charter, for the acquisition of property located at 1169 Washington Avenue (Block 2389, p/o Lot 47) to facilitate development of a building containing approximately 34 affordable housing units, Borough of the Bronx, Community District 3.","https://zap-api-production.herokuapp.com/projects/2024X0124?include=actions,milestones,dispositions,dispositions.action,users,assignments.user,packages,artifacts",https://zap.planning.nyc.gov/projects/2024X0124
2024X0124,Melrose Concourse NCP,2023,480,a2bbd6ff-be87-ee11-8178-001dd804e106,2024X0124_PQ_BX CB3,Submitted,,,Favorable,"IN THE MATTER OF an application submitted by the Department of Housing Preservation and Development (HPD) pursuant to Section 197-c of the New York City Charter, for the acquisition of property located at 1169 Washington Avenue (Block 2389, p/o Lot 47) to facilitate development of a building containing approximately 34 affordable housing units, Borough of the Bronx, Community District 3.","https://zap-api-production.herokuapp.com/projects/2024X0124?include=actions,milestones,dispositions,dispositions.action,users,assignments.user,packages,artifacts",https://zap.planning.nyc.gov/projects/2024X0124
P2018X0270,893 Eagle Avenue Rezoning,2023,481,4a7a92d9-039b-ec11-b400-001dd804f3a5,P2018X0270 - ZM - BX BP,Submitted,Favorable,,,"IN THE MATTER OF an application submitted by the Housing Options and Geriatric Association Resources, Inc. pursuant to Sections 197-c and 201 of the New York City Charter for for an amendment of the Zoning Map, Section No. 6c, changing from an R6 District to a R7-2 District property bounded by a line 100 feet northerly of East 161st Street, Eagle Avenue, East 161st Street and a line midway between Third Avenue and Eagle Avenue, Borough of the Bronx, Community District 3, as shown on a diagram (for illustrative purposes only) dated February 13, 2023, and subject to the conditions of CEQR Declaration E-667.","https://zap-api-production.herokuapp.com/projects/P2018X0270?include=actions,milestones,dispositions,dispositions.action,users,assignments.user,packages,artifacts",https://zap.planning.nyc.gov/projects/P2018X0270
P2018X0270,893 Eagle Avenue Rezoning,2023,481,b606ffcd-039b-ec11-b400-001dd804c7bf,P2018X0270 - ZM - BX CB3,Submitted,,,Favorable,"IN THE MATTER OF an application submitted by the Housing Options and Geriatric Association Resources, Inc. pursuant to Sections 197-c and 201 of the New York City Charter for for an amendment of the Zoning Map, Section No. 6c, changing from an R6 District to a R7-2 District property bounded by a line 100 feet northerly of East 161st Street, Eagle Avenue, East 161st Street and a line midway between Third Avenue and Eagle Avenue, Borough of the Bronx, Community District 3, as shown on a diagram (for illustrative purposes only) dated February 13, 2023, and subject to the conditions of CEQR Declaration E-667.","https://zap-api-production.herokuapp.com/projects/P2018X0270?include=actions,milestones,dispositions,dispositions.action,users,assignments.user,packages,artifacts",https://zap.planning.nyc.gov/projects/P2018X0270
P2018X0270,893 Eagle Avenue Rezoning,2023,481,a2898fdf-039b-ec11-b400-001dd804f3a5,P2018X0270 - ZS - BX BP,Submitted,Favorable,,,"IN THE MATTER OF an application submitted by the Housing Options and Geriatric Association Resources, Inc. pursuant to Sections 197-c and 201 of the New York City Charter for the grant of a special permit pursuant to Section 74-903 of the Zoning Resolution to modify the requirements of 24-111 (Maximum Floor Area Ratio for Certain Community Facility Uses) to permit the allowable community facility floor area ratio of Section 24-11 (Maximum Floor Area Ratio and Percentage of Lot Coverage) to apply to a non-profit institution with sleeping accommodations, in connection with a proposed 11-story building on property located at 893 Eagle Avenue (Block 2620, Lots 49, 50, 52 & 56), in an R7-2* District, Borough of the Bronx, Community District 3. *Note: This site is proposed to be rezoned by changing an R6 District to an R7-2 District under a concurrent related application for a Zoning Map change (C 220334 ZMX). Plans for this proposal are on file with the City Planning Commission and may be seen on the Zoning Application Portal at https://zap.planning.nyc.gov/projects/P2018X0270, or at the Department of City Planning, 120 Broadway, 31st Floor, New York, N.Y. 10271.","https://zap-api-production.herokuapp.com/projects/P2018X0270?include=actions,milestones,dispositions,dispositions.action,users,assignments.user,packages,artifacts",https://zap.planning.nyc.gov/projects/P2018X0270
P2018X0270,893 Eagle Avenue Rezoning,2023,481,3807ffcd-039b-ec11-b400-001dd804c7bf,P2018X0270 - ZS - BX CB3,Submitted,,,Favorable,"IN THE MATTER OF an application submitted by the Housing Options and Geriatric Association Resources, Inc. pursuant to Sections 197-c and 201 of the New York City Charter for the grant of a special permit pursuant to Section 74-903 of the Zoning Resolution to modify the requirements of 24-111 (Maximum Floor Area Ratio for Certain Community Facility Uses) to permit the allowable community facility floor area ratio of Section 24-11 (Maximum Floor Area Ratio and Percentage of Lot Coverage) to apply to a non-profit institution with sleeping accommodations, in connection with a proposed 11-story building on property located at 893 Eagle Avenue (Block 2620, Lots 49, 50, 52 & 56), in an R7-2* District, Borough of the Bronx, Community District 3. *Note: This site is proposed to be rezoned by changing an R6 District to an R7-2 District under a concurrent related application for a Zoning Map change (C 220334 ZMX). Plans for this proposal are on file with the City Planning Commission and may be seen on the Zoning Application Portal at https://zap.planning.nyc.gov/projects/P2018X0270, or at the Department of City Planning, 120 Broadway, 31st Floor, New York, N.Y. 10271.","https://zap-api-production.herokuapp.com/projects/P2018X0270?include=actions,milestones,dispositions,dispositions.action,users,assignments.user,packages,artifacts",https://zap.planning.nyc.gov/projects/P2018X0270
2019K0060,1289 Atlantic Avenue Rezoning,2023,482,428cd0ed-f9e7-ea11-a815-001dd8309870,2019K0060 - ZM - BK BP,Submitted,Conditional Favorable,,,"IN THE MATTER OF an application submitted by AA Atlantic LLC pursuant to Sections 197-c and 201 of the New York City Charter for an amendment of the Zoning Map, Section No. 17a: 1. changing from an M1-1 District to an R6B District property bounded by a line midway between Herkimer Street and Atlantic Avenue, New York Avenue, a line 25 feet northerly of Atlantic Avenue, a line 80 feet westerly of New York Avenue, a line 50 feet northerly of Atlantic Avenue, a line 100 feet westerly of New York Avenue, a line 150 feet northerly of Atlantic Avenue, and a line 150 feet easterly of Nostrand Avenue; and 2. changing from an M1-1 District to a C4-5X District property bounded by a line 150 feet northerly of Atlantic Avenue, a line 100 feet westerly of New York Avenue, a line 50 feet northerly of Atlantic Avenue, a line 80 feet westerly of New York Avenue, a line 25 feet northerly of Atlantic Avenue, New York Avenue, the northerly boundary line of the Long Island Railroad right-of-way (Atlantic Division), and a line 150 feet easterly of Nostrand Avenue; as shown on a diagram (for illustrative purposes only) dated October 30, 2023, and subject to the conditions of CEQR Declaration E-732.","https://zap-api-production.herokuapp.com/projects/2019K0060?include=actions,milestones,dispositions,dispositions.action,users,assignments.user,packages,artifacts",https://zap.planning.nyc.gov/projects/2019K0060
2019K0060,1289 Atlantic Avenue Rezoning,2023,482,abc9e4e3-f9e7-ea11-a816-001dd83098a1,2019K0060 - ZM - BK CB3,Submitted,,,Favorable,"IN THE MATTER OF an application submitted by AA Atlantic LLC pursuant to Sections 197-c and 201 of the New York City Charter for an amendment of the Zoning Map, Section No. 17a: 1. changing from an M1-1 District to an R6B District property bounded by a line midway between Herkimer Street and Atlantic Avenue, New York Avenue, a line 25 feet northerly of Atlantic Avenue, a line 80 feet westerly of New York Avenue, a line 50 feet northerly of Atlantic Avenue, a line 100 feet westerly of New York Avenue, a line 150 feet northerly of Atlantic Avenue, and a line 150 feet easterly of Nostrand Avenue; and 2. changing from an M1-1 District to a C4-5X District property bounded by a line 150 feet northerly of Atlantic Avenue, a line 100 feet westerly of New York Avenue, a line 50 feet northerly of Atlantic Avenue, a line 80 feet westerly of New York Avenue, a line 25 feet northerly of Atlantic Avenue, New York Avenue, the northerly boundary line of the Long Island Railroad right-of-way (Atlantic Division), and a line 150 feet easterly of Nostrand Avenue; as shown on a diagram (for illustrative purposes only) dated October 30, 2023, and subject to the conditions of CEQR Declaration E-732.","https://zap-api-production.herokuapp.com/projects/2019K0060?include=actions,milestones,dispositions,dispositions.action,users,assignments.user,packages,artifacts",https://zap.planning.nyc.gov/projects/2019K0060
2020K0289,1160 Flushing Avenue,2023,483,be1268f5-4087-eb11-b1ad-001dd80185d1,2020K0289 - ZM - BK BP,Submitted,Conditional Favorable,,,"IN THE MATTER OF an application submitted by 1160 Flushing Avenue LLC, pursuant to Sections 197-c and 201 of the New York City Charter for an amendment of the Zoning Map, Section No. 13b, changing from an M1-1 District to an M1-5 District property bounded by Flushing Avenue, Wyckoff Avenue, Jefferson Street and a line 250 feet northeasterly of Irving Avenue, Borough of Brooklyn, Community District 4, as shown on a diagram (for illustrative purposes only) dated February 13, 2023, and subject to the conditions of CEQR Declaration E-674.","https://zap-api-production.herokuapp.com/projects/2020K0289?include=actions,milestones,dispositions,dispositions.action,users,assignments.user,packages,artifacts",https://zap.planning.nyc.gov/projects/2020K0289
2020K0289,1160 Flushing Avenue,2023,483,b3cc52ec-4087-eb11-b1ac-001dd80187c1,2020K0289 - ZM - BK CB4,Submitted,,,Conditional Favorable,"IN THE MATTER OF an application submitted by 1160 Flushing Avenue LLC, pursuant to Sections 197-c and 201 of the New York City Charter for an amendment of the Zoning Map, Section No. 13b, changing from an M1-1 District to an M1-5 District property bounded by Flushing Avenue, Wyckoff Avenue, Jefferson Street and a line 250 feet northeasterly of Irving Avenue, Borough of Brooklyn, Community District 4, as shown on a diagram (for illustrative purposes only) dated February 13, 2023, and subject to the conditions of CEQR Declaration E-674.","https://zap-api-production.herokuapp.com/projects/2020K0289?include=actions,milestones,dispositions,dispositions.action,users,assignments.user,packages,artifacts",https://zap.planning.nyc.gov/projects/2020K0289
2020K0390,Belmont Osborn Rezoning,2023,484,e79d93c0-cfda-ec11-a7b4-001dd805062a,2020K0390 - ZM - BK BP,Submitted,Favorable,,,"IN THE MATTER OF an application submitted by Osborn Belmont Properties LLC pursuant to Sections 197-c and 201 of the New York City Charter for an amendment of the Zoning Map, Section No. 17d: 1. eliminating from within an existing R6 District a C1-3 District bounded by a line midway between Pitkin Avenue and Belmont Avenue, Watkins Street, a line 100 feet northerly of Belmont Avenue, Osborne Street, Belmont Avenue, and Thatford Avenue; 2. changing from an R6 District to an R7A District property bounded by a line midway between Pitkin Avenue and Belmont Avenue, Watkins Street, a line 100 feet northerly of Belmont Avenue, Osborne Street, Belmont Avenue, and Thatford Avenue; 3. changing from a C4-3 District to an R7A District property bounded by a line 100 feet southerly of Pitkin Avenue, Watkins Street, a line midway between Pitkin Avenue and Belmont Avenue, and Osborne Street; and 3. establishing within the proposed R7A District a C2-4 District bounded by a line midway between Pitkin Avenue and Belmont Avenue, Osborne Street, a line 100 feet southerly of Pitkin Avenue, Watkins Street, a line 100 feet northerly of Belmont Avenue, Osborne Street, Belmont Avenue, and Thatford Avenue; as shown on a diagram (for illustrative purposes only) dated April 24, 2023, and subject to the conditions of CEQR Declaration E-715.","https://zap-api-production.herokuapp.com/projects/2020K0390?include=actions,milestones,dispositions,dispositions.action,users,assignments.user,packages,artifacts",https://zap.planning.nyc.gov/projects/2020K0390
2020K0390,Belmont Osborn Rezoning,2023,484,b64ff0b3-cfda-ec11-a7b4-001dd80504eb,2020K0390 - ZM - BK CB16,Submitted,,,Favorable,"IN THE MATTER OF an application submitted by Osborn Belmont Properties LLC pursuant to Sections 197-c and 201 of the New York City Charter for an amendment of the Zoning Map, Section No. 17d: 1. eliminating from within an existing R6 District a C1-3 District bounded by a line midway between Pitkin Avenue and Belmont Avenue, Watkins Street, a line 100 feet northerly of Belmont Avenue, Osborne Street, Belmont Avenue, and Thatford Avenue; 2. changing from an R6 District to an R7A District property bounded by a line midway between Pitkin Avenue and Belmont Avenue, Watkins Street, a line 100 feet northerly of Belmont Avenue, Osborne Street, Belmont Avenue, and Thatford Avenue; 3. changing from a C4-3 District to an R7A District property bounded by a line 100 feet southerly of Pitkin Avenue, Watkins Street, a line midway between Pitkin Avenue and Belmont Avenue, and Osborne Street; and 3. establishing within the proposed R7A District a C2-4 District bounded by a line midway between Pitkin Avenue and Belmont Avenue, Osborne Street, a line 100 feet southerly of Pitkin Avenue, Watkins Street, a line 100 feet northerly of Belmont Avenue, Osborne Street, Belmont Avenue, and Thatford Avenue; as shown on a diagram (for illustrative purposes only) dated April 24, 2023, and subject to the conditions of CEQR Declaration E-715.","https://zap-api-production.herokuapp.com/projects/2020K0390?include=actions,milestones,dispositions,dispositions.action,users,assignments.user,packages,artifacts",https://zap.planning.nyc.gov/projects/2020K0390
2020K0477,341 10th Street Rezoning and LSGD Special Permits,2023,485,9d085389-9c61-ee11-be6e-001dd804e781,2020K0477_ZM_BK BP,Submitted,Conditional Favorable,,,"IN THE MATTER OF an application submitted by Stellar 341 LLC pursuant to Sections 197-c and 201 of the New York City Charter for an amendment of the Zoning Map, Section No. 16d: &nbsp;1. &nbsp; &nbsp; &nbsp; &nbsp; changing from an existing R6A District to an R7-3 District property bounded by 9th Street, a line 100 feet northwesterly of 5th Avenue, a line midway between 9th Street and 10th Street, a line 100 feet southeasterly of 4th Avenue, a line 100 feet northeasterly of 10th Street, and a line 345 feet northwesterly of 5th Avenue;2. &nbsp; &nbsp; &nbsp; &nbsp; changing from an R6B District to an R7-3 District property bounded by a line midway between 9th Street and 10th Street, a line 100 feet northwesterly of 5th Avenue, 10th Street, and a line 100 feet southeasterly of 4th Avenue; and3. &nbsp; &nbsp; &nbsp; &nbsp; establishing within the proposed R7-3 District a C2-4 District bounded by 9th Street, a line 100 feet northwesterly of 5th Avenue, a line 100 feet northeasterly of 10th Street, and a line 345 feet northwesterly of 5th Avenue;Borough of Brooklyn, Community District 6, as shown on a diagram (for illustrative purposes only) dated October 2, 2023, and subject to the conditions of CEQR Declaration E-730.","https://zap-api-production.herokuapp.com/projects/2020K0477?include=actions,milestones,dispositions,dispositions.action,users,assignments.user,packages,artifacts",https://zap.planning.nyc.gov/projects/2020K0477
2020K0477,341 10th Street Rezoning and LSGD Special Permits,2023,485,a493f980-9c61-ee11-be6e-001dd804e2db,2020K0477_ZM_BK CB6,Submitted,,,Conditional Unfavorable,"IN THE MATTER OF an application submitted by Stellar 341 LLC pursuant to Sections 197-c and 201 of the New York City Charter for an amendment of the Zoning Map, Section No. 16d: &nbsp;1. &nbsp; &nbsp; &nbsp; &nbsp; changing from an existing R6A District to an R7-3 District property bounded by 9th Street, a line 100 feet northwesterly of 5th Avenue, a line midway between 9th Street and 10th Street, a line 100 feet southeasterly of 4th Avenue, a line 100 feet northeasterly of 10th Street, and a line 345 feet northwesterly of 5th Avenue;2. &nbsp; &nbsp; &nbsp; &nbsp; changing from an R6B District to an R7-3 District property bounded by a line midway between 9th Street and 10th Street, a line 100 feet northwesterly of 5th Avenue, 10th Street, and a line 100 feet southeasterly of 4th Avenue; and3. &nbsp; &nbsp; &nbsp; &nbsp; establishing within the proposed R7-3 District a C2-4 District bounded by 9th Street, a line 100 feet northwesterly of 5th Avenue, a line 100 feet northeasterly of 10th Street, and a line 345 feet northwesterly of 5th Avenue;Borough of Brooklyn, Community District 6, as shown on a diagram (for illustrative purposes only) dated October 2, 2023, and subject to the conditions of CEQR Declaration E-730.","https://zap-api-production.herokuapp.com/projects/2020K0477?include=actions,milestones,dispositions,dispositions.action,users,assignments.user,packages,artifacts",https://zap.planning.nyc.gov/projects/2020K0477
2020K0477,341 10th Street Rezoning and LSGD Special Permits,2023,485,a9085389-9c61-ee11-be6e-001dd804e781,2020K0477_ZS_BK BP,Submitted,Conditional Favorable,,,"IN THE MATTER OF an application submitted by Stellar 341 LLC pursuant to Sections 197-c and 201 of the New York City Charter for the grant of a special permit pursuant to Section 74-743(a)(2) of the Zoning Resolution to modify the height and setback requirements of Sections 23-664 (Modified height and setback regulations for certain Inclusionary Housing buildings or affordable independent residence for seniors), and the rear yard regulations of Section 23-47 (Minimum Required Rear Yards) and Section 23-532 (Required rear yard equivalents), in connection with a proposed mixed-use development, within a large-scale general development, generally bounded by a line 100 feet northeasterly of 10th Street, a line 345 feet northwesterly of 5th Avenue, 9th Street, a line 95 feet northwesterly of 5th Avenue, 10th Street, and a line 88 feet southeasterly of 4th Avenue (Block 1010, Lot 26), within R7-3* and R7-3/C2-4* Districts, and partially within C4-4D and C4-3A Districts, Borough of Brooklyn, Community District 6. * Note: The site is proposed to be rezoned by changing from existing R6A and R6B Districts to R7-3 and R7-3/C2-4 Districts under a concurrent related application for a Zoning Map change (C 230337 ZMK). Plans for this proposal are on file with the City Planning Commission and may be seen on the Zoning Application Portal at https://zap.planning.nyc.gov/projects/2020K0477, or at 120 Broadway, 31st Floor, New York, N.Y. 10271-0001.","https://zap-api-production.herokuapp.com/projects/2020K0477?include=actions,milestones,dispositions,dispositions.action,users,assignments.user,packages,artifacts",https://zap.planning.nyc.gov/projects/2020K0477
2020K0477,341 10th Street Rezoning and LSGD Special Permits,2023,485,af085389-9c61-ee11-be6e-001dd804e781,2020K0477_ZS_BK BP,Submitted,Conditional Favorable,,,"IN THE MATTER OF an application submitted by Stellar 341 LLC pursuant to Sections 197-c and 201 of the New York City Charter for the grant of a special permit pursuant to Section 74-532 of the Zoning Resolution to allow the reduction of previously required accessory residential off-street parking spaces from 77 spaces to 39 spaces, and to allow the waiver of the required accessory residential off-street parking spaces, in connection with a proposed mixed-used development seeking bulk modifications, within a &nbsp;large-scale general development in a Transit Zone, generally bounded by &nbsp;a line 100 feet northeasterly of 10th Street, a line 345 feet northwesterly of 5th Avenue, 9th Street, a line 95 feet northwesterly of 5th Avenue, 10th Street, and a line 88 feet southeasterly of 4th Avenue (Block 1010, Lot 26), in R7-3* and R7-3/C2-4* Districts, and partially within C4-4D and C4-3A Districts, Borough of Brooklyn, Community District 6. * Note: The site is proposed to be rezoned by changing from existing R6A and R6B Districts to R7-3 and R7-3/C2-4 Districts under a concurrent related application for a Zoning Map change (C 230337 ZMK). Plans for this proposal are on file with the City Planning Commission and may be seen on the Zoning Application Portal at https://zap.planning.nyc.gov/projects/2020K0477,or at 120 Broadway, 31st Floor, New York, N.Y. 10271-0001","https://zap-api-production.herokuapp.com/projects/2020K0477?include=actions,milestones,dispositions,dispositions.action,users,assignments.user,packages,artifacts",https://zap.planning.nyc.gov/projects/2020K0477
2020K0477,341 10th Street Rezoning and LSGD Special Permits,2023,485,b093f980-9c61-ee11-be6e-001dd804e2db,2020K0477_ZS_BK CB6,Submitted,,,Conditional Unfavorable,"IN THE MATTER OF an application submitted by Stellar 341 LLC pursuant to Sections 197-c and 201 of the New York City Charter for the grant of a special permit pursuant to Section 74-743(a)(2) of the Zoning Resolution to modify the height and setback requirements of Sections 23-664 (Modified height and setback regulations for certain Inclusionary Housing buildings or affordable independent residence for seniors), and the rear yard regulations of Section 23-47 (Minimum Required Rear Yards) and Section 23-532 (Required rear yard equivalents), in connection with a proposed mixed-use development, within a large-scale general development, generally bounded by a line 100 feet northeasterly of 10th Street, a line 345 feet northwesterly of 5th Avenue, 9th Street, a line 95 feet northwesterly of 5th Avenue, 10th Street, and a line 88 feet southeasterly of 4th Avenue (Block 1010, Lot 26), within R7-3* and R7-3/C2-4* Districts, and partially within C4-4D and C4-3A Districts, Borough of Brooklyn, Community District 6. * Note: The site is proposed to be rezoned by changing from existing R6A and R6B Districts to R7-3 and R7-3/C2-4 Districts under a concurrent related application for a Zoning Map change (C 230337 ZMK). Plans for this proposal are on file with the City Planning Commission and may be seen on the Zoning Application Portal at https://zap.planning.nyc.gov/projects/2020K0477, or at 120 Broadway, 31st Floor, New York, N.Y. 10271-0001.","https://zap-api-production.herokuapp.com/projects/2020K0477?include=actions,milestones,dispositions,dispositions.action,users,assignments.user,packages,artifacts",https://zap.planning.nyc.gov/projects/2020K0477
2020K0477,341 10th Street Rezoning and LSGD Special Permits,2023,485,b693f980-9c61-ee11-be6e-001dd804e2db,2020K0477_ZS_BK CB6,Submitted,,,Conditional Unfavorable,"IN THE MATTER OF an application submitted by Stellar 341 LLC pursuant to Sections 197-c and 201 of the New York City Charter for the grant of a special permit pursuant to Section 74-532 of the Zoning Resolution to allow the reduction of previously required accessory residential off-street parking spaces from 77 spaces to 39 spaces, and to allow the waiver of the required accessory residential off-street parking spaces, in connection with a proposed mixed-used development seeking bulk modifications, within a &nbsp;large-scale general development in a Transit Zone, generally bounded by &nbsp;a line 100 feet northeasterly of 10th Street, a line 345 feet northwesterly of 5th Avenue, 9th Street, a line 95 feet northwesterly of 5th Avenue, 10th Street, and a line 88 feet southeasterly of 4th Avenue (Block 1010, Lot 26), in R7-3* and R7-3/C2-4* Districts, and partially within C4-4D and C4-3A Districts, Borough of Brooklyn, Community District 6. * Note: The site is proposed to be rezoned by changing from existing R6A and R6B Districts to R7-3 and R7-3/C2-4 Districts under a concurrent related application for a Zoning Map change (C 230337 ZMK). Plans for this proposal are on file with the City Planning Commission and may be seen on the Zoning Application Portal at https://zap.planning.nyc.gov/projects/2020K0477,or at 120 Broadway, 31st Floor, New York, N.Y. 10271-0001","https://zap-api-production.herokuapp.com/projects/2020K0477?include=actions,milestones,dispositions,dispositions.action,users,assignments.user,packages,artifacts",https://zap.planning.nyc.gov/projects/2020K0477
2020K0485,703 Myrtle Ave Rezoning,2023,486,7c94abba-0344-ed11-9daf-001dd830aed3,2020K0485 - ZM - BK BP,Submitted,Favorable,,,"IN THE MATTER OF an application submitted by Ranco Capital, LLC pursuant to Sections 197-c and 201 of the New York City Charter for an amendment of the Zoning Map, Section No. 13b: 1. changing from an M1-1 District to an R7D District property bounded by a line 100 feet northerly of Myrtle Avenue, Walworth Street, Myrtle Avenue, and Spencer Street; and 2. establishing within the proposed R7D District a C2-4 District bounded by a line 100 feet northerly of Myrtle Avenue, Walworth Street, Myrtle Avenue, and Spencer Street; Borough of Brooklyn, Community District 3, as shown on a diagram (for illustrative purposes only) dated April 24, 2023, and subject to the conditions of CEQR Declaration E-695.","https://zap-api-production.herokuapp.com/projects/2020K0485?include=actions,milestones,dispositions,dispositions.action,users,assignments.user,packages,artifacts",https://zap.planning.nyc.gov/projects/2020K0485
2020K0485,703 Myrtle Ave Rezoning,2023,486,fa37aec3-0dec-ec11-bb3c-001dd8051c51,2020K0485 - ZM - BK CB3,Submitted,,,Conditional Favorable,"IN THE MATTER OF an application submitted by Ranco Capital, LLC pursuant to Sections 197-c and 201 of the New York City Charter for an amendment of the Zoning Map, Section No. 13b: 1. changing from an M1-1 District to an R7D District property bounded by a line 100 feet northerly of Myrtle Avenue, Walworth Street, Myrtle Avenue, and Spencer Street; and 2. establishing within the proposed R7D District a C2-4 District bounded by a line 100 feet northerly of Myrtle Avenue, Walworth Street, Myrtle Avenue, and Spencer Street; Borough of Brooklyn, Community District 3, as shown on a diagram (for illustrative purposes only) dated April 24, 2023, and subject to the conditions of CEQR Declaration E-695.","https://zap-api-production.herokuapp.com/projects/2020K0485?include=actions,milestones,dispositions,dispositions.action,users,assignments.user,packages,artifacts",https://zap.planning.nyc.gov/projects/2020K0485
2020K0491,534 Coney Island Avenue,2023,487,cf99d5ed-8804-ed11-82e3-001dd806859a,2020K0491 - ZM - BK BP,Submitted,Favorable,,,"IN THE MATTER OF an application submitted by Remica Property Group Corp. pursuant to Sections 197-c and 201 of the New York City Charter for the amendment of the Zoning Map, Section No. 22c: 1. changing from a C8-2 District to an R7X District property bounded by Hinckley Place, Coney Island Avenue, Beverly Road, a line 100 feet westerly of Coney Island Avenue; and 2. establishing within the proposed R7X District a C2-4 District bounded by Hinckley Place, Coney Island Avenue, Beverly Road, a line 100 feet westerly of Coney Island Avenue; as shown on a diagram (for illustrative purposes only) dated May 22, 2023, and subject to the conditions of CEQR Declaration E-717.","https://zap-api-production.herokuapp.com/projects/2020K0491?include=actions,milestones,dispositions,dispositions.action,users,assignments.user,packages,artifacts",https://zap.planning.nyc.gov/projects/2020K0491
2020K0491,534 Coney Island Avenue,2023,487,42b86eed-8804-ed11-82e3-001dd8068ea4,2020K0491 - ZM - BK CB12,Submitted,,,Conditional Favorable,"IN THE MATTER OF an application submitted by Remica Property Group Corp. pursuant to Sections 197-c and 201 of the New York City Charter for the amendment of the Zoning Map, Section No. 22c: 1. changing from a C8-2 District to an R7X District property bounded by Hinckley Place, Coney Island Avenue, Beverly Road, a line 100 feet westerly of Coney Island Avenue; and 2. establishing within the proposed R7X District a C2-4 District bounded by Hinckley Place, Coney Island Avenue, Beverly Road, a line 100 feet westerly of Coney Island Avenue; as shown on a diagram (for illustrative purposes only) dated May 22, 2023, and subject to the conditions of CEQR Declaration E-717.","https://zap-api-production.herokuapp.com/projects/2020K0491?include=actions,milestones,dispositions,dispositions.action,users,assignments.user,packages,artifacts",https://zap.planning.nyc.gov/projects/2020K0491
2021K0145,281-311 Marcus Garvey Blvd.,2023,488,07cd7eaf-bd71-ed11-9562-001dd806ac02,2021K0145 - ZM - BK BP,Submitted,Favorable,,,"IN THE MATTER OF an application submitted by Omni New York LLC pursuant to Sections 197-c and 201 of the New York City Charter for an amendment of the Zoning Map, Section No. 17a: 1. changing from an R6A District to an R7A District property bounded by a line midway between Quincy Street and Gates Avenue, a line 100 feet easterly of Marcus Garvey Boulevard, a line midway between Gates Avenue and Monroe Street, and Marcus Garvey Boulevard; 2. changing from an R6B District to an R7A District property bounded by: a. Quincy Street, a line 100 feet easterly of Marcus Garvey Boulevard, a line midway between Quincy Street and Gates Avenue, and Marcus Garvey Boulevard; and b. a line midway between Gates Avenue and Monroe Street, a line 100 feet easterly of Marcus Garvey Boulevard, Monroe Street, and Marcus Garvey Boulevard; and3. establishing within the proposed R7A District a C2-4 District bounded by Gates Avenue, a line 100 feet easterly of Marcus Garvey Boulevard, Monroe Street, and Marcus Garvey Boulevard;Borough of Brooklyn, Community District 3, as shown on a diagram (for illustrative purposes only) dated Oct 30, 2023, and subject to the conditions of CEQR Declaration E-706.","https://zap-api-production.herokuapp.com/projects/2021K0145?include=actions,milestones,dispositions,dispositions.action,users,assignments.user,packages,artifacts",https://zap.planning.nyc.gov/projects/2021K0145
2021K0145,281-311 Marcus Garvey Blvd.,2023,488,19d1ef8f-bd71-ed11-9562-001dd806aad2,2021K0145 - ZM - BK CB3,Submitted,,,Favorable,"IN THE MATTER OF an application submitted by Omni New York LLC pursuant to Sections 197-c and 201 of the New York City Charter for an amendment of the Zoning Map, Section No. 17a: 1. changing from an R6A District to an R7A District property bounded by a line midway between Quincy Street and Gates Avenue, a line 100 feet easterly of Marcus Garvey Boulevard, a line midway between Gates Avenue and Monroe Street, and Marcus Garvey Boulevard; 2. changing from an R6B District to an R7A District property bounded by: a. Quincy Street, a line 100 feet easterly of Marcus Garvey Boulevard, a line midway between Quincy Street and Gates Avenue, and Marcus Garvey Boulevard; and b. a line midway between Gates Avenue and Monroe Street, a line 100 feet easterly of Marcus Garvey Boulevard, Monroe Street, and Marcus Garvey Boulevard; and3. establishing within the proposed R7A District a C2-4 District bounded by Gates Avenue, a line 100 feet easterly of Marcus Garvey Boulevard, Monroe Street, and Marcus Garvey Boulevard;Borough of Brooklyn, Community District 3, as shown on a diagram (for illustrative purposes only) dated Oct 30, 2023, and subject to the conditions of CEQR Declaration E-706.","https://zap-api-production.herokuapp.com/projects/2021K0145?include=actions,milestones,dispositions,dispositions.action,users,assignments.user,packages,artifacts",https://zap.planning.nyc.gov/projects/2021K0145
2021K0145,281-311 Marcus Garvey Blvd.,2023,488,eba48a97-bd71-ed11-9562-001dd806ac02,2021K0145 - ZS - BK BP,Submitted,Favorable,,,"IN THE MATTER OF an application submitted by Omni New York LLC pursuant to Sections 197-c and 201 of the New York City Charter for the grant of a special permit pursuant to Section 74-532 of the Zoning Resolution to waive all of the required accessory residential off-street parking spaces for the proposed new development, and to reduce from 234 spaces to 118 spaces the previously required accessory residential parking for an existing development, in connection with a proposed mixed-used development within a large-scale general development in a Transit Zone, bounded by Quincy Street, a line 120 feet easterly of Marcus Garvey Boulevard, a line midway between Quincy Street and Gates Avenue, Lewis Avenue, a line midway between Gates Avenue and Monroe Street, a line 80 feet easterly of Marcus Garvey Boulevard, Monroe Street, and Marcus Garvey Boulevard (Block 1629, Lot 1 and Block 1634, Lot 1), in R6A, R6B, and R7A/C2-4* Districts, Borough of Brooklyn, Community District 3. * Note: A portion of the site is proposed to be rezoned by changing existing R6A and R6B Districts to an R7A District and to establish within the R7A District a C2-4 District, under a concurrent related application for a Zoning Map change (C 230146 ZMK).Plans for this proposal are on file with the City Planning Commission and may be seen on the Zoning Application Portal at https://zap.planning.nyc.gov/projects/2021K0145, or the Department of City Planning, 120 Broadway, 31st Floor, New York, N.Y. 10271-0001.","https://zap-api-production.herokuapp.com/projects/2021K0145?include=actions,milestones,dispositions,dispositions.action,users,assignments.user,packages,artifacts",https://zap.planning.nyc.gov/projects/2021K0145
2021K0145,281-311 Marcus Garvey Blvd.,2023,488,59cd7eaf-bd71-ed11-9562-001dd806ac02,2021K0145 - ZS - BK BP,Submitted,Favorable,,,"IN THE MATTER OF an application submitted by Omni New York LLC pursuant to Sections 197-c and 201 of the New York City Charter for the grant of special permits pursuant to the following Sections of the Zoning Resolution:1. Section 74-743(a)(1) - to allow the distribution of total allowable floor area without regard for the zoning lot lines or district boundaries; and 2. Section 74-743(a)(2) - to modify the height and setback requirements of Section 23-662 (Maximum Height of Buildings and Setback Regulations), Section 23-664 (Modified Height and Setback Regulations for Certain Inclusionary Housing Buildings or Affordable Independent Residences for Seniors), and 23-693 (Special Provisions Applying Adjacent to R1 through R6B Districts);in connection with two proposed mixed-use developments, within a large-scale general development bounded by Quincy Street, a line 120 feet easterly of Marcus Garvey Boulevard, a line midway between Quincy Street and Gates Avenue, Lewis Avenue, a line midway between Gates Avenue and Monroe Street, a line 80 feet easterly of Marcus Garvey Boulevard, Monroe Street, and Marcus Garvey Boulevard (Block 1629, Lot 1 and Block 1634, Lot 1), in R6A, R6B, and R7A/C2-4* Districts, Borough of Brooklyn, Community District 3.*Note: A portion of the site is proposed to be rezoned by changing existing R6A and R6B Districts to an R7A District and mapping a C2-4 District within the R7A District, under a concurrent related application for a Zoning Map change (C 230146 ZMK).Plans for this proposal are on file with the City Planning Commission and may be seen on the Zoning Application Portal at https://zap.planning.nyc.gov/projects/2021K0145 , or the Department of City Planning, 120 Broadway, 31st Floor, New York, NY, 10271-0001.","https://zap-api-production.herokuapp.com/projects/2021K0145?include=actions,milestones,dispositions,dispositions.action,users,assignments.user,packages,artifacts",https://zap.planning.nyc.gov/projects/2021K0145
2021K0145,281-311 Marcus Garvey Blvd.,2023,488,8478f789-bd71-ed11-9562-001dd806aad2,2021K0145 - ZS - BK CB3,Submitted,,,Favorable,"IN THE MATTER OF an application submitted by Omni New York LLC pursuant to Sections 197-c and 201 of the New York City Charter for the grant of a special permit pursuant to Section 74-532 of the Zoning Resolution to waive all of the required accessory residential off-street parking spaces for the proposed new development, and to reduce from 234 spaces to 118 spaces the previously required accessory residential parking for an existing development, in connection with a proposed mixed-used development within a large-scale general development in a Transit Zone, bounded by Quincy Street, a line 120 feet easterly of Marcus Garvey Boulevard, a line midway between Quincy Street and Gates Avenue, Lewis Avenue, a line midway between Gates Avenue and Monroe Street, a line 80 feet easterly of Marcus Garvey Boulevard, Monroe Street, and Marcus Garvey Boulevard (Block 1629, Lot 1 and Block 1634, Lot 1), in R6A, R6B, and R7A/C2-4* Districts, Borough of Brooklyn, Community District 3. * Note: A portion of the site is proposed to be rezoned by changing existing R6A and R6B Districts to an R7A District and to establish within the R7A District a C2-4 District, under a concurrent related application for a Zoning Map change (C 230146 ZMK).Plans for this proposal are on file with the City Planning Commission and may be seen on the Zoning Application Portal at https://zap.planning.nyc.gov/projects/2021K0145, or the Department of City Planning, 120 Broadway, 31st Floor, New York, N.Y. 10271-0001.","https://zap-api-production.herokuapp.com/projects/2021K0145?include=actions,milestones,dispositions,dispositions.action,users,assignments.user,packages,artifacts",https://zap.planning.nyc.gov/projects/2021K0145
2021K0145,281-311 Marcus Garvey Blvd.,2023,488,27d1ef8f-bd71-ed11-9562-001dd806aad2,2021K0145 - ZS - BK CB3,Submitted,,,Favorable,"IN THE MATTER OF an application submitted by Omni New York LLC pursuant to Sections 197-c and 201 of the New York City Charter for the grant of special permits pursuant to the following Sections of the Zoning Resolution:1. Section 74-743(a)(1) - to allow the distribution of total allowable floor area without regard for the zoning lot lines or district boundaries; and 2. Section 74-743(a)(2) - to modify the height and setback requirements of Section 23-662 (Maximum Height of Buildings and Setback Regulations), Section 23-664 (Modified Height and Setback Regulations for Certain Inclusionary Housing Buildings or Affordable Independent Residences for Seniors), and 23-693 (Special Provisions Applying Adjacent to R1 through R6B Districts);in connection with two proposed mixed-use developments, within a large-scale general development bounded by Quincy Street, a line 120 feet easterly of Marcus Garvey Boulevard, a line midway between Quincy Street and Gates Avenue, Lewis Avenue, a line midway between Gates Avenue and Monroe Street, a line 80 feet easterly of Marcus Garvey Boulevard, Monroe Street, and Marcus Garvey Boulevard (Block 1629, Lot 1 and Block 1634, Lot 1), in R6A, R6B, and R7A/C2-4* Districts, Borough of Brooklyn, Community District 3.*Note: A portion of the site is proposed to be rezoned by changing existing R6A and R6B Districts to an R7A District and mapping a C2-4 District within the R7A District, under a concurrent related application for a Zoning Map change (C 230146 ZMK).Plans for this proposal are on file with the City Planning Commission and may be seen on the Zoning Application Portal at https://zap.planning.nyc.gov/projects/2021K0145 , or the Department of City Planning, 120 Broadway, 31st Floor, New York, NY, 10271-0001.","https://zap-api-production.herokuapp.com/projects/2021K0145?include=actions,milestones,dispositions,dispositions.action,users,assignments.user,packages,artifacts",https://zap.planning.nyc.gov/projects/2021K0145
2021K0225,1421 86th Street Rezoning,2023,489,b22fc2f8-be71-ed11-9562-001dd806ac02,2021K0225 - ZM - BK BP,Deactivated,,,,"IN THE MATTER OF an application submitted by 1421-1425 86th Street LLC pursuant to Sections 197-c and 201 of the New York City Charter for an amendment of the Zoning Map, Section No. 22b: 1. eliminating from within an existing R4 District a C2-2 District bounded by 14th Avenue, a line midway between 85th Street and 86th Street, a line 340 feet northwesterly of 15th Avenue, and 86th Street; 2. changing from an R4 District to an R7A District property bounded by 14th Avenue, a line midway between 85th Street and 86th Street, a line 340 feet northwesterly of 15th Avenue, and 86th Street; and 3. establishing within the proposed R7A District a C2-4 District bounded by 14th Avenue, a line midway between 85th Street and 86th Street, a line 340 feet northwesterly of 15th Avenue, and 86th Street; as shown on a diagram (for illustrative purposes only) dated February 27, 2023, and subject to the conditions of CEQR Declaration E-707.","https://zap-api-production.herokuapp.com/projects/2021K0225?include=actions,milestones,dispositions,dispositions.action,users,assignments.user,packages,artifacts",https://zap.planning.nyc.gov/projects/2021K0225
2021K0225,1421 86th Street Rezoning,2023,489,8c6345f1-be71-ed11-9562-001dd806aca6,2021K0225 - ZM - BK CB11,Deactivated,,,,"IN THE MATTER OF an application submitted by 1421-1425 86th Street LLC pursuant to Sections 197-c and 201 of the New York City Charter for an amendment of the Zoning Map, Section No. 22b: 1. eliminating from within an existing R4 District a C2-2 District bounded by 14th Avenue, a line midway between 85th Street and 86th Street, a line 340 feet northwesterly of 15th Avenue, and 86th Street; 2. changing from an R4 District to an R7A District property bounded by 14th Avenue, a line midway between 85th Street and 86th Street, a line 340 feet northwesterly of 15th Avenue, and 86th Street; and 3. establishing within the proposed R7A District a C2-4 District bounded by 14th Avenue, a line midway between 85th Street and 86th Street, a line 340 feet northwesterly of 15th Avenue, and 86th Street; as shown on a diagram (for illustrative purposes only) dated February 27, 2023, and subject to the conditions of CEQR Declaration E-707.","https://zap-api-production.herokuapp.com/projects/2021K0225?include=actions,milestones,dispositions,dispositions.action,users,assignments.user,packages,artifacts",https://zap.planning.nyc.gov/projects/2021K0225
2021K0246,1656 West 10th Street Rezoning,2023,490,47f3bfcb-0085-ec11-8d20-001dd804db0f,2021K0246 - ZM - BK BP,Submitted,Favorable,,,"IN THE MATTER OF an application submitted by Allstar Homecare Agency, Inc. pursuant to Sections 197-c and 201 of the New York City Charter for an amendment of the Zoning Map, Section No. 22d, changing from an R5B District to an R6A District property bounded a line 320 feet southerly of Avenue P, West 10th Street, a line 100 feet northerly of Kings Highway, and a line midway between West 11th Street and West 10th Street, Borough of Brooklyn Community District 11, as shown on a diagram (for illustrative purposes only) dated February 13, 2023 and subject to the conditions of CEQR Declaration E-710.","https://zap-api-production.herokuapp.com/projects/2021K0246?include=actions,milestones,dispositions,dispositions.action,users,assignments.user,packages,artifacts",https://zap.planning.nyc.gov/projects/2021K0246
2021K0246,1656 West 10th Street Rezoning,2023,490,c6f12ec5-0085-ec11-8d20-001dd804d178,2021K0246 - ZM - BK CB11,Submitted,,,Favorable,"IN THE MATTER OF an application submitted by Allstar Homecare Agency, Inc. pursuant to Sections 197-c and 201 of the New York City Charter for an amendment of the Zoning Map, Section No. 22d, changing from an R5B District to an R6A District property bounded a line 320 feet southerly of Avenue P, West 10th Street, a line 100 feet northerly of Kings Highway, and a line midway between West 11th Street and West 10th Street, Borough of Brooklyn Community District 11, as shown on a diagram (for illustrative purposes only) dated February 13, 2023 and subject to the conditions of CEQR Declaration E-710.","https://zap-api-production.herokuapp.com/projects/2021K0246?include=actions,milestones,dispositions,dispositions.action,users,assignments.user,packages,artifacts",https://zap.planning.nyc.gov/projects/2021K0246
2021K0255,Brownsville Arts Center and Apartments,2023,491,8055b50f-153e-ee11-bdf4-001dd804e9c0,2021K0255_HA_BK BP,Submitted,Favorable,,,"IN THE MATTER OF an application submitted by the Department of Housing Preservation and Development (HPD) 1) pursuant to Article 16 of the General Municipal Law of New York State for: a. the designation of property located at 392 Rockaway Avenue/ 47 Chester Street (Block 3499, Lot 15) as an Urban Development Action Area; and b. an Urban Development Action Area Project for such area; and 2) pursuant to Section 197-c of the New York City Charter for the disposition of such property to a developer to be selected by HPD; to facilitate the development of a nine-story mixed-use building containing approximately 290 affordable housing units and community facility space, Borough of Brooklyn, Community District 16.","https://zap-api-production.herokuapp.com/projects/2021K0255?include=actions,milestones,dispositions,dispositions.action,users,assignments.user,packages,artifacts",https://zap.planning.nyc.gov/projects/2021K0255
2021K0255,Brownsville Arts Center and Apartments,2023,491,cca9f4bc-da24-ee11-9cbd-001dd80495fd,2021K0255_HA_BK CB16,Submitted,,,Unfavorable,"IN THE MATTER OF an application submitted by the Department of Housing Preservation and Development (HPD) 1) pursuant to Article 16 of the General Municipal Law of New York State for: a. the designation of property located at 392 Rockaway Avenue/ 47 Chester Street (Block 3499, Lot 15) as an Urban Development Action Area; and b. an Urban Development Action Area Project for such area; and 2) pursuant to Section 197-c of the New York City Charter for the disposition of such property to a developer to be selected by HPD; to facilitate the development of a nine-story mixed-use building containing approximately 290 affordable housing units and community facility space, Borough of Brooklyn, Community District 16.","https://zap-api-production.herokuapp.com/projects/2021K0255?include=actions,milestones,dispositions,dispositions.action,users,assignments.user,packages,artifacts",https://zap.planning.nyc.gov/projects/2021K0255
2021K0255,Brownsville Arts Center and Apartments,2023,491,c355b50f-153e-ee11-bdf4-001dd804e9c0,2021K0255_ZM_BK BP,Submitted,Favorable,,,"IN THE MATTER OF an application submitted by NYC Department of Housing Preservation and Development pursuant to Sections 197-c and 201 of the New York City Charter for an amendment of the Zoning Map, Section No. 17d: 1.eliminating from within an existing R6 District a C2-3 District bounded by a line 615 feet northerly of Pitkin Avenue, Rockaway Avenue, the westerly centerline prolongation of Glenmore Avenue, and Chester Street; 2.changing from an R6 District to an R7A District property bounded by a line 615 feet northerly of Pitkin Avenue, Rockaway Avenue, the westerly centerline prolongation of Glenmore Avenue, and Chester Street; 3.changing from a C4-3 District to an R7A District property bounded by the westerly centerline prolongation of Glenmore Avenue, Rockaway Avenue, a line 270 feet northerly of Pitkin Avenue, and Chester Street; and 4.establishing within the proposed R7A District a C2-4 District bounded by a line 615 feet northerly of Pitkin Avenue, Rockaway Avenue, a line 270 feet northerly of Pitkin Avenue, and a line midway between Rockaway Avenue and Chester Street; as shown on a diagram (for illustrative purposes only) dated August 21st, 2023.","https://zap-api-production.herokuapp.com/projects/2021K0255?include=actions,milestones,dispositions,dispositions.action,users,assignments.user,packages,artifacts",https://zap.planning.nyc.gov/projects/2021K0255
2021K0255,Brownsville Arts Center and Apartments,2023,491,1baaf4bc-da24-ee11-9cbd-001dd80495fd,2021K0255_ZM_BK CB16,Submitted,,,Unfavorable,"IN THE MATTER OF an application submitted by NYC Department of Housing Preservation and Development pursuant to Sections 197-c and 201 of the New York City Charter for an amendment of the Zoning Map, Section No. 17d: 1.eliminating from within an existing R6 District a C2-3 District bounded by a line 615 feet northerly of Pitkin Avenue, Rockaway Avenue, the westerly centerline prolongation of Glenmore Avenue, and Chester Street; 2.changing from an R6 District to an R7A District property bounded by a line 615 feet northerly of Pitkin Avenue, Rockaway Avenue, the westerly centerline prolongation of Glenmore Avenue, and Chester Street; 3.changing from a C4-3 District to an R7A District property bounded by the westerly centerline prolongation of Glenmore Avenue, Rockaway Avenue, a line 270 feet northerly of Pitkin Avenue, and Chester Street; and 4.establishing within the proposed R7A District a C2-4 District bounded by a line 615 feet northerly of Pitkin Avenue, Rockaway Avenue, a line 270 feet northerly of Pitkin Avenue, and a line midway between Rockaway Avenue and Chester Street; as shown on a diagram (for illustrative purposes only) dated August 21st, 2023.","https://zap-api-production.herokuapp.com/projects/2021K0255?include=actions,milestones,dispositions,dispositions.action,users,assignments.user,packages,artifacts",https://zap.planning.nyc.gov/projects/2021K0255
2021K0315,1233 57th Street Rezoning,2023,492,991b26ba-5364-ed11-9562-001dd806aad2,2021K0315 - ZM - BK BP,Submitted,Conditional Favorable,,,"IN THE MATTER OF an application submitted by 1233-57 ST. LLC pursuant to Sections 197-c and 201 of the New York City Charter for an amendment of the Zoning Map, Section No. 22c by changing from an R5 District to an R6A District property bounded by a line midway between 56th Street and 57th Street, a line 150 feet northwesterly of 13th Avenue, 57th Street, and a line 440 feet northwesterly of 13th Avenue, Borough of Brooklyn, Community District 12, as shown on a diagram (for illustrative purposes only) dated February 27, 2023, and subject to the conditions of CEQR Declaration E-709.","https://zap-api-production.herokuapp.com/projects/2021K0315?include=actions,milestones,dispositions,dispositions.action,users,assignments.user,packages,artifacts",https://zap.planning.nyc.gov/projects/2021K0315
2021K0315,1233 57th Street Rezoning,2023,492,18f134b1-5364-ed11-9562-001dd806aca6,2021K0315 - ZM - BK CB12,Submitted,,,Unfavorable,"IN THE MATTER OF an application submitted by 1233-57 ST. LLC pursuant to Sections 197-c and 201 of the New York City Charter for an amendment of the Zoning Map, Section No. 22c by changing from an R5 District to an R6A District property bounded by a line midway between 56th Street and 57th Street, a line 150 feet northwesterly of 13th Avenue, 57th Street, and a line 440 feet northwesterly of 13th Avenue, Borough of Brooklyn, Community District 12, as shown on a diagram (for illustrative purposes only) dated February 27, 2023, and subject to the conditions of CEQR Declaration E-709.","https://zap-api-production.herokuapp.com/projects/2021K0315?include=actions,milestones,dispositions,dispositions.action,users,assignments.user,packages,artifacts",https://zap.planning.nyc.gov/projects/2021K0315
2021K0383,7120 New Utrecht Ave Rezoning,2023,493,c4b0e7c4-5bfd-ec11-bb3b-001dd804d695,2021K0383 - ZM - BK BP,Submitted,Favorable,,,"IN THE MATTER OF an application submitted by 7120 New Utrecht LLC pursuant to Sections 197-c and 201 of the New York City Charter for an amendment of the Zoning Map, Section No. 22d: 1. eliminating from within an existing R5 District a C2-2 District bounded by 71st Street, New Utrecht Avenue, 72nd Street and a line 100 feet northwesterly of New Utrecht Avenue; and 2. changing from an R5 District to a C4-4L District property bounded by 71st Street, New Utrecht Avenue, 72nd Street, a line perpendicular to the northeasterly street line of 72nd Street distant 140 feet northwesterly (as measured along the street line) from the point of intersection of the northeasterly street line of 72nd Street and the northwesterly street line of New Utrecht Avenue, a line midway between 71st Street and 72nd Street, and a line perpendicular to the southwesterly street line of 71st Street distant 80 feet northwesterly (as measured along the street line) from the point of intersection of the southwesterly street line of 71st Street and the northwesterly street line of New Utrecht Avenue; Borough of Brooklyn, Community District 11, as shown on a diagram (for illustrative purposes only) dated January 30, 2023, and subject to the conditions of CEQR Declaration E-704.","https://zap-api-production.herokuapp.com/projects/2021K0383?include=actions,milestones,dispositions,dispositions.action,users,assignments.user,packages,artifacts",https://zap.planning.nyc.gov/projects/2021K0383
2021K0383,7120 New Utrecht Ave Rezoning,2023,493,8165ffac-5bfd-ec11-bb3b-001dd804d695,2021K0383 - ZM - BK CB11,Submitted,,,Unfavorable,"IN THE MATTER OF an application submitted by 7120 New Utrecht LLC pursuant to Sections 197-c and 201 of the New York City Charter for an amendment of the Zoning Map, Section No. 22d: 1. eliminating from within an existing R5 District a C2-2 District bounded by 71st Street, New Utrecht Avenue, 72nd Street and a line 100 feet northwesterly of New Utrecht Avenue; and 2. changing from an R5 District to a C4-4L District property bounded by 71st Street, New Utrecht Avenue, 72nd Street, a line perpendicular to the northeasterly street line of 72nd Street distant 140 feet northwesterly (as measured along the street line) from the point of intersection of the northeasterly street line of 72nd Street and the northwesterly street line of New Utrecht Avenue, a line midway between 71st Street and 72nd Street, and a line perpendicular to the southwesterly street line of 71st Street distant 80 feet northwesterly (as measured along the street line) from the point of intersection of the southwesterly street line of 71st Street and the northwesterly street line of New Utrecht Avenue; Borough of Brooklyn, Community District 11, as shown on a diagram (for illustrative purposes only) dated January 30, 2023, and subject to the conditions of CEQR Declaration E-704.","https://zap-api-production.herokuapp.com/projects/2021K0383?include=actions,milestones,dispositions,dispositions.action,users,assignments.user,packages,artifacts",https://zap.planning.nyc.gov/projects/2021K0383
2021K0449,Jennings Hall Expansion,2023,494,06692147-6cbc-ed11-9886-001dd806a1e0,2021K0449 - ZM - BK BP,Submitted,Favorable,,,"IN THE MATTER OF an application submitted by St. Nicks Alliance pursuant to Sections 197-c and 201 of the New York City Charter for an amendment of the Zoning Map, Section No. 13b: 1. changing from an R6B District to an R7A District property bounded by Powers Street, a line 290 feet easterly of Bushwick Avenue, a line midway between Powers Street and Grand Street, and a line 100 feet easterly of Bushwick Avenue; and2. changing from an R7A District to an R7X District property bounded by Powers Street, a line 100 feet easterly of Bushwick Avenue, a line midway between Powers Street and Grand Street, a line 200 feet easterly of Bushwick Avenue, Grand Street, and Bushwick Avenue; Borough of Brooklyn, Community District 1, as shown on a diagram (for illustrative purposes only) dated September 11, 2023, and subject to the conditions of CEQR Declaration E-729.","https://zap-api-production.herokuapp.com/projects/2021K0449?include=actions,milestones,dispositions,dispositions.action,users,assignments.user,packages,artifacts",https://zap.planning.nyc.gov/projects/2021K0449
2021K0449,Jennings Hall Expansion,2023,494,28e0a23f-6cbc-ed11-9886-001dd806aad2,2021K0449 - ZM - BK CB1,Submitted,,,Favorable,"IN THE MATTER OF an application submitted by St. Nicks Alliance pursuant to Sections 197-c and 201 of the New York City Charter for an amendment of the Zoning Map, Section No. 13b: 1. changing from an R6B District to an R7A District property bounded by Powers Street, a line 290 feet easterly of Bushwick Avenue, a line midway between Powers Street and Grand Street, and a line 100 feet easterly of Bushwick Avenue; and2. changing from an R7A District to an R7X District property bounded by Powers Street, a line 100 feet easterly of Bushwick Avenue, a line midway between Powers Street and Grand Street, a line 200 feet easterly of Bushwick Avenue, Grand Street, and Bushwick Avenue; Borough of Brooklyn, Community District 1, as shown on a diagram (for illustrative purposes only) dated September 11, 2023, and subject to the conditions of CEQR Declaration E-729.","https://zap-api-production.herokuapp.com/projects/2021K0449?include=actions,milestones,dispositions,dispositions.action,users,assignments.user,packages,artifacts",https://zap.planning.nyc.gov/projects/2021K0449
2022K0246,41 Richards Street,2023,495,4794bd4b-8280-ed11-81ad-001dd806aca6,2022K0246 - ZM - BK BP,Submitted,Favorable,,,"IN THE MATTER OF an application submitted by 54 Richards Street LLC pursuant to Sections 197-c and 201 of the New York City Charter for an amendment of the Zoning Map, Section No. 16a, changing from an M1-1 District to an M1-5 District property bounded by Seabring Street, a line 125 feet southeasterly of Richards Street, Commerce Street, and Richards Street, as shown on a diagram (for illustrative purposes only) dated November 1, 2023, and subject to the conditions of CEQR Declaration E-737.","https://zap-api-production.herokuapp.com/projects/2022K0246?include=actions,milestones,dispositions,dispositions.action,users,assignments.user,packages,artifacts",https://zap.planning.nyc.gov/projects/2022K0246
2022K0246,41 Richards Street,2023,495,05f98d42-8280-ed11-81ad-001dd806a1e0,2022K0246 - ZM - BK CB6,Submitted,,,Favorable,"IN THE MATTER OF an application submitted by 54 Richards Street LLC pursuant to Sections 197-c and 201 of the New York City Charter for an amendment of the Zoning Map, Section No. 16a, changing from an M1-1 District to an M1-5 District property bounded by Seabring Street, a line 125 feet southeasterly of Richards Street, Commerce Street, and Richards Street, as shown on a diagram (for illustrative purposes only) dated November 1, 2023, and subject to the conditions of CEQR Declaration E-737.","https://zap-api-production.herokuapp.com/projects/2022K0246?include=actions,milestones,dispositions,dispositions.action,users,assignments.user,packages,artifacts",https://zap.planning.nyc.gov/projects/2022K0246
2022K0343,817 Avenue H Rezoning,2023,496,69231e0f-84e3-ed11-a7c6-001dd806aad2,2022K0343_ZM_BK BP,Submitted,Conditional Favorable,,,"IN THE MATTER OF an application submitted by Agudist Council of Greater New York Inc. pursuant to Sections 197-c and 201 of the New York City Charter for an amendment of the Zoning Map, Section No. 22c: 1. eliminating from within an existing R5 District a C1-3 District bounded by a line 150 feet northerly of Avenue H, East 9th Street, Avenue H, and East 8th Street; 2. changing from an R5 District to an R7A District property bounded by a line 100 feet northerly of Avenue H, East 9th Street, Avenue H, and East 8th Street; and 3. establishing within the proposed R7A District a C2-4 District bounded by a line 100 feet northerly of Avenue H, East 9th Street, Avenue H, and East 8th Street as shown on a diagram (for illustrative purposes only) dated November 1, 2023, and subject to the conditions of CEQR Declaration E-734.","https://zap-api-production.herokuapp.com/projects/2022K0343?include=actions,milestones,dispositions,dispositions.action,users,assignments.user,packages,artifacts",https://zap.planning.nyc.gov/projects/2022K0343
2022K0343,817 Avenue H Rezoning,2023,496,f94f6105-84e3-ed11-a7c6-001dd806aca6,2022K0343_ZM_BK CB14,Submitted,,,Conditional Favorable,"IN THE MATTER OF an application submitted by Agudist Council of Greater New York Inc. pursuant to Sections 197-c and 201 of the New York City Charter for an amendment of the Zoning Map, Section No. 22c: 1. eliminating from within an existing R5 District a C1-3 District bounded by a line 150 feet northerly of Avenue H, East 9th Street, Avenue H, and East 8th Street; 2. changing from an R5 District to an R7A District property bounded by a line 100 feet northerly of Avenue H, East 9th Street, Avenue H, and East 8th Street; and 3. establishing within the proposed R7A District a C2-4 District bounded by a line 100 feet northerly of Avenue H, East 9th Street, Avenue H, and East 8th Street as shown on a diagram (for illustrative purposes only) dated November 1, 2023, and subject to the conditions of CEQR Declaration E-734.","https://zap-api-production.herokuapp.com/projects/2022K0343?include=actions,milestones,dispositions,dispositions.action,users,assignments.user,packages,artifacts",https://zap.planning.nyc.gov/projects/2022K0343
2022K0391,230 Kent Avenue Rezoning,2023,497,715084d5-e34c-ee11-be6d-001dd804e2db,2022K0391_ZM_BK BP,Submitted,Conditional Favorable,,,"IN THE MATTER OF an application submitted by Kent Riverview LLC pursuant to Sections 197-c and 201 of the New York City Charter for an amendment of the Zoning Map, Section No. 12c: 1. changing from an M1-4 District to an M1-4/R7X District property bounded by Metropolitan Avenue, Kent Avenue, North 1st Street, and River Street; and 2. establishing a Special Mixed Use District bounded by Metropolitan Avenue, Kent Avenue, North 1st Street, and River Street; Borough of Brooklyn, Community District 1, as shown on a diagram (for illustrative purposes only) dated August 21, 2023, and subject to the conditions of CEQR Declaration E-723.","https://zap-api-production.herokuapp.com/projects/2022K0391?include=actions,milestones,dispositions,dispositions.action,users,assignments.user,packages,artifacts",https://zap.planning.nyc.gov/projects/2022K0391
2022K0391,230 Kent Avenue Rezoning,2023,497,490e8ccf-e34c-ee11-be6d-001dd804e2db,2022K0391_ZM_BK CB1,Submitted,,,Conditional Unfavorable,"IN THE MATTER OF an application submitted by Kent Riverview LLC pursuant to Sections 197-c and 201 of the New York City Charter for an amendment of the Zoning Map, Section No. 12c: 1. changing from an M1-4 District to an M1-4/R7X District property bounded by Metropolitan Avenue, Kent Avenue, North 1st Street, and River Street; and 2. establishing a Special Mixed Use District bounded by Metropolitan Avenue, Kent Avenue, North 1st Street, and River Street; Borough of Brooklyn, Community District 1, as shown on a diagram (for illustrative purposes only) dated August 21, 2023, and subject to the conditions of CEQR Declaration E-723.","https://zap-api-production.herokuapp.com/projects/2022K0391?include=actions,milestones,dispositions,dispositions.action,users,assignments.user,packages,artifacts",https://zap.planning.nyc.gov/projects/2022K0391
2023K0165,396-400 Avenue X Rezoning,2023,498,7b305320-d419-ee11-8f6e-001dd806ac47,2023K0165_ZM_BK BP,Submitted,Conditional Favorable,,,"IN THE MATTER OF an application submitted by PG Realty Investments LLC pursuant to Sections 197-c and 201 of the New York City Charter for an amendment of the Zoning Map, Section No. 28c: 1. changing from an R4 District to an R7A District property bounded by Avenue X, East 3rd Street, a line 100 feet southerly of Avenue X, and East 2nd Street; and 2. establishing within the proposed R7A District a C2-4 District bounded by Avenue X, East 3rd Street, a line 100 feet southerly of Avenue X, and East 2nd Street; as shown on a diagram (for illustrative purposes only) dated December 11, 2023, and subject to the conditions of CEQR Declaration E-743.","https://zap-api-production.herokuapp.com/projects/2023K0165?include=actions,milestones,dispositions,dispositions.action,users,assignments.user,packages,artifacts",https://zap.planning.nyc.gov/projects/2023K0165
2023K0165,396-400 Avenue X Rezoning,2023,498,74139110-d419-ee11-8f6e-001dd806ac47,2023K0165_ZM_BK CB15,Submitted,,,Conditional Favorable,"IN THE MATTER OF an application submitted by PG Realty Investments LLC pursuant to Sections 197-c and 201 of the New York City Charter for an amendment of the Zoning Map, Section No. 28c: 1. changing from an R4 District to an R7A District property bounded by Avenue X, East 3rd Street, a line 100 feet southerly of Avenue X, and East 2nd Street; and 2. establishing within the proposed R7A District a C2-4 District bounded by Avenue X, East 3rd Street, a line 100 feet southerly of Avenue X, and East 2nd Street; as shown on a diagram (for illustrative purposes only) dated December 11, 2023, and subject to the conditions of CEQR Declaration E-743.","https://zap-api-production.herokuapp.com/projects/2023K0165?include=actions,milestones,dispositions,dispositions.action,users,assignments.user,packages,artifacts",https://zap.planning.nyc.gov/projects/2023K0165
2021M0192,2226 Third Avenue,2023,499,5825e6d4-06f4-ed11-a7c6-001dd806aad2,2021M0192_ZM_MN BP,Submitted,Favorable,,,"IN THE MATTER OF an application submitted by REEC Third Ave LLC pursuant to Sections 197-c and 201 of the New York City Charter for an amendment of the Zoning Map, Section No. 6b: 1. changing from an R7B District to a C4-6 District property bounded by a line 75 feet southerly of East 122nd Street, a line 100 feet westerly of Third Avenue, East 121st Street, and a line 150 feet westerly of Third Avenue; 2. establishing a Special East Harlem Corridors District (EHC) bounded by a line 75 feet southerly of East 122nd Street, a line 100 feet westerly of Third Avenue, East 121st Street and a line 150 feet westerly of Third Avenue; Borough of Manhattan, Community District 11, as shown on a diagram (for illustrative purposes only) dated July 10, 2023, and subject to the conditions of CEQR Declaration E-713.","https://zap-api-production.herokuapp.com/projects/2021M0192?include=actions,milestones,dispositions,dispositions.action,users,assignments.user,packages,artifacts",https://zap.planning.nyc.gov/projects/2021M0192
2021M0192,2226 Third Avenue,2023,499,527d1bd0-06f4-ed11-a7c6-001dd806ac02,2021M0192_ZM_MN CB11,Submitted,,,Conditional Favorable,"IN THE MATTER OF an application submitted by REEC Third Ave LLC pursuant to Sections 197-c and 201 of the New York City Charter for an amendment of the Zoning Map, Section No. 6b: 1. changing from an R7B District to a C4-6 District property bounded by a line 75 feet southerly of East 122nd Street, a line 100 feet westerly of Third Avenue, East 121st Street, and a line 150 feet westerly of Third Avenue; 2. establishing a Special East Harlem Corridors District (EHC) bounded by a line 75 feet southerly of East 122nd Street, a line 100 feet westerly of Third Avenue, East 121st Street and a line 150 feet westerly of Third Avenue; Borough of Manhattan, Community District 11, as shown on a diagram (for illustrative purposes only) dated July 10, 2023, and subject to the conditions of CEQR Declaration E-713.","https://zap-api-production.herokuapp.com/projects/2021M0192?include=actions,milestones,dispositions,dispositions.action,users,assignments.user,packages,artifacts",https://zap.planning.nyc.gov/projects/2021M0192
2021M0192,2226 Third Avenue,2023,499,8625e6d4-06f4-ed11-a7c6-001dd806aad2,2021M0192_ZS_MN BP,Submitted,Favorable,,,"IN THE MATTER OF an application submitted by REEC Third Ave LLC pursuant to Sections 197-c and 201 of the New York City Charter for the grant of a special permit pursuant to Section 138-42* of the Zoning Resolution to allow a reduction in the number of required loading berths from three to one loading berth, in connection with a proposed commercial building on property located at 2226 Third Avenue (Block 1770, Lot 36), in a C4-6** District, within the Special East Harlem Corridors District (EHC)**, Borough of Manhattan, Community District 11. * Note: a zoning text amendment is proposed to create a new special permit (Special Permit for Accessory Off-street Commercial Loading Spaces) under a concurrent related application (N 230345 ZRM). ** Note: a portion of this site is proposed to be rezoned by changing an R7B District to a C4-6 District and establishing a Special East Harlem Corridors District (EHC) under a concurrent related application for a Zoning Map change (C 230344 ZMM). Plans for this proposal are on file with the City Planning Commission and may be seen on the Zoning Application Portal at https://zap.planning.nyc.gov/projects/2021M0192 or at 120 Broadway, 31st Floor, New York, NY 10271-0001.","https://zap-api-production.herokuapp.com/projects/2021M0192?include=actions,milestones,dispositions,dispositions.action,users,assignments.user,packages,artifacts",https://zap.planning.nyc.gov/projects/2021M0192
2021M0192,2226 Third Avenue,2023,499,6b7d1bd0-06f4-ed11-a7c6-001dd806ac02,2021M0192_ZS_MN CB11,Submitted,,,Conditional Favorable,"IN THE MATTER OF an application submitted by REEC Third Ave LLC pursuant to Sections 197-c and 201 of the New York City Charter for the grant of a special permit pursuant to Section 138-42* of the Zoning Resolution to allow a reduction in the number of required loading berths from three to one loading berth, in connection with a proposed commercial building on property located at 2226 Third Avenue (Block 1770, Lot 36), in a C4-6** District, within the Special East Harlem Corridors District (EHC)**, Borough of Manhattan, Community District 11. * Note: a zoning text amendment is proposed to create a new special permit (Special Permit for Accessory Off-street Commercial Loading Spaces) under a concurrent related application (N 230345 ZRM). ** Note: a portion of this site is proposed to be rezoned by changing an R7B District to a C4-6 District and establishing a Special East Harlem Corridors District (EHC) under a concurrent related application for a Zoning Map change (C 230344 ZMM). Plans for this proposal are on file with the City Planning Commission and may be seen on the Zoning Application Portal at https://zap.planning.nyc.gov/projects/2021M0192 or at 120 Broadway, 31st Floor, New York, NY 10271-0001.","https://zap-api-production.herokuapp.com/projects/2021M0192?include=actions,milestones,dispositions,dispositions.action,users,assignments.user,packages,artifacts",https://zap.planning.nyc.gov/projects/2021M0192
2021M0354,East 94th Street Rezoning,2023,500,1c049ce9-0cae-ed11-aacf-001dd806af35,2021M0354 - ZM - MN BP,Submitted,Conditional Favorable,,,"IN THE MATTER OF an application submitted by LM East 94 LLC pursuant to Sections 197-c and 201 of the New York City Charter for an amendment of the Zoning Map, Section No. 6b 1. changing from an M1-4 District to a C2-8 District property bounded a line 315 feet westerly of Second Avenue, a line midway between East 95th Street and East 94th Street, a line 125 feet westerly of Second Avenue, and East 94th Street; 2. changing from an M1-4 District to a C4-6 District property bounded a line 125 feet easterly of Third Avenue, a line midway between East 95th Street and East 94th Street, a line 315 feet westerly of Second Avenue, and East 94th Street; as shown on a diagram (for illustrative purposes only) dated October 16, 2023, and subject to the conditions of CEQR Declaration E-739.","https://zap-api-production.herokuapp.com/projects/2021M0354?include=actions,milestones,dispositions,dispositions.action,users,assignments.user,packages,artifacts",https://zap.planning.nyc.gov/projects/2021M0354
2021M0354,East 94th Street Rezoning,2023,500,6badacd7-0cae-ed11-aacf-001dd806a6a7,2021M0354 - ZM - MN CB8,Submitted,,,Conditional Favorable,"IN THE MATTER OF an application submitted by LM East 94 LLC pursuant to Sections 197-c and 201 of the New York City Charter for an amendment of the Zoning Map, Section No. 6b 1. changing from an M1-4 District to a C2-8 District property bounded a line 315 feet westerly of Second Avenue, a line midway between East 95th Street and East 94th Street, a line 125 feet westerly of Second Avenue, and East 94th Street; 2. changing from an M1-4 District to a C4-6 District property bounded a line 125 feet easterly of Third Avenue, a line midway between East 95th Street and East 94th Street, a line 315 feet westerly of Second Avenue, and East 94th Street; as shown on a diagram (for illustrative purposes only) dated October 16, 2023, and subject to the conditions of CEQR Declaration E-739.","https://zap-api-production.herokuapp.com/projects/2021M0354?include=actions,milestones,dispositions,dispositions.action,users,assignments.user,packages,artifacts",https://zap.planning.nyc.gov/projects/2021M0354
2022M0258,Timbale Terrace,2023,501,30071106-9a2c-ee11-9965-001dd8305eae,2022M0258_HA_MN BP,Submitted,Conditional Favorable,,,"IN THE MATTER OF an application submitted by the Department of Housing Preservation and Development (HPD) 1) pursuant to Article 16 of the General Municipal Law of New York State for: a. the designation of property located at 101 East 118th Street (Block 1767, Lots 1, 2, 3, 4, 67, 68, 69, 71, 72, 168 and169) as an Urban Development Action Area; and b. an Urban Development Action Area Project for such area; and 2) pursuant to Section 197-c of the New York City Charter for the disposition of such property to a developer to be selected by HPD; to facilitate the development of a new 19-story mixed-use building containing approximately 340 affordable housing units, community facility space, and approximately 75 replacement parking spaces for NYPD, Borough of Manhattan, Community District 11.","https://zap-api-production.herokuapp.com/projects/2022M0258?include=actions,milestones,dispositions,dispositions.action,users,assignments.user,packages,artifacts",https://zap.planning.nyc.gov/projects/2022M0258
2022M0258,Timbale Terrace,2023,501,b8550318-9a2c-ee11-9965-001dd8305eae,2022M0258_HA_MN CB11,Submitted,,,Conditional Favorable,"IN THE MATTER OF an application submitted by the Department of Housing Preservation and Development (HPD) 1) pursuant to Article 16 of the General Municipal Law of New York State for: a. the designation of property located at 101 East 118th Street (Block 1767, Lots 1, 2, 3, 4, 67, 68, 69, 71, 72, 168 and169) as an Urban Development Action Area; and b. an Urban Development Action Area Project for such area; and 2) pursuant to Section 197-c of the New York City Charter for the disposition of such property to a developer to be selected by HPD; to facilitate the development of a new 19-story mixed-use building containing approximately 340 affordable housing units, community facility space, and approximately 75 replacement parking spaces for NYPD, Borough of Manhattan, Community District 11.","https://zap-api-production.herokuapp.com/projects/2022M0258?include=actions,milestones,dispositions,dispositions.action,users,assignments.user,packages,artifacts",https://zap.planning.nyc.gov/projects/2022M0258
2022M0258,Timbale Terrace,2023,501,7b071106-9a2c-ee11-9965-001dd8305eae,2022M0258_PQ_MN BP,Submitted,Conditional Favorable,,,"IN THE MATTER OF an application submitted by the New York City Police Department and the Department of Citywide Administrative Services, pursuant to Section 197-c of the New York City Charter, for the acquisition of property located at 101 East 118th Street (Block 1767, Lots 1, 2, 3, 4, 67, 68, 69, 71, 72, 168 and 169) for use as a replacement parking facility, Borough of Manhattan, Community District 11.","https://zap-api-production.herokuapp.com/projects/2022M0258?include=actions,milestones,dispositions,dispositions.action,users,assignments.user,packages,artifacts",https://zap.planning.nyc.gov/projects/2022M0258
2022M0258,Timbale Terrace,2023,501,cc550318-9a2c-ee11-9965-001dd8305eae,2022M0258_PQ_MN CB11,Submitted,,,Conditional Favorable,"IN THE MATTER OF an application submitted by the New York City Police Department and the Department of Citywide Administrative Services, pursuant to Section 197-c of the New York City Charter, for the acquisition of property located at 101 East 118th Street (Block 1767, Lots 1, 2, 3, 4, 67, 68, 69, 71, 72, 168 and 169) for use as a replacement parking facility, Borough of Manhattan, Community District 11.","https://zap-api-production.herokuapp.com/projects/2022M0258?include=actions,milestones,dispositions,dispositions.action,users,assignments.user,packages,artifacts",https://zap.planning.nyc.gov/projects/2022M0258
2019Q0281,42-18 31st Ave Rezoning,2023,502,f842572b-8804-ed11-82e3-001dd8068975,2019Q0281 - ZM - QN BP,Submitted,Conditional Favorable,,,"New York City Charter for an amendment of the Zoning Map, Section Nos. 9a & 9b: 1. eliminating from within an existing R5 District a C1-2 District bounded by 31st Avenue, 44th Street, a line 150 feet southwesterly of 31st Avenue, and 42nd Street; 2. changing from an R5 District to an R6A District property bounded by 31st Avenue, 44th Street, Newtown Road, 43rd Street, a line 100 feet southwesterly of 31st Avenue, and 42nd Street; and 3. establishing within the proposed R6A District a C1-3 District bounded by 31st Avenue, 44th Street, Newtown Road, 43rd Street, a line 100 feet southwesterly of 31st Avenue, and 42nd Street; Borough of Queens, Community District 1, as shown on a diagram (for illustrative purposes only) dated March 27, 2023, and subject to the conditions of CEQR Declaration E-690.","https://zap-api-production.herokuapp.com/projects/2019Q0281?include=actions,milestones,dispositions,dispositions.action,users,assignments.user,packages,artifacts",https://zap.planning.nyc.gov/projects/2019Q0281
2019Q0281,42-18 31st Ave Rezoning,2023,502,d6fe9c25-8804-ed11-82e3-001dd80687c8,2019Q0281 - ZM - QN CB1,Submitted,,,Favorable,"New York City Charter for an amendment of the Zoning Map, Section Nos. 9a & 9b: 1. eliminating from within an existing R5 District a C1-2 District bounded by 31st Avenue, 44th Street, a line 150 feet southwesterly of 31st Avenue, and 42nd Street; 2. changing from an R5 District to an R6A District property bounded by 31st Avenue, 44th Street, Newtown Road, 43rd Street, a line 100 feet southwesterly of 31st Avenue, and 42nd Street; and 3. establishing within the proposed R6A District a C1-3 District bounded by 31st Avenue, 44th Street, Newtown Road, 43rd Street, a line 100 feet southwesterly of 31st Avenue, and 42nd Street; Borough of Queens, Community District 1, as shown on a diagram (for illustrative purposes only) dated March 27, 2023, and subject to the conditions of CEQR Declaration E-690.","https://zap-api-production.herokuapp.com/projects/2019Q0281?include=actions,milestones,dispositions,dispositions.action,users,assignments.user,packages,artifacts",https://zap.planning.nyc.gov/projects/2019Q0281
2020Q0349,21-17 37th Avenue Rezoning,2023,503,a0c1ee25-c354-ee11-be6e-001dd804eab2,2020Q0349_ZM_QN BP,Submitted,Conditional Favorable,,,"IN THE MATTER OF an application submitted by 21-17 37th Ave LLC pursuant to Sections 197-c and 201 of the New York City Charter for an amendment of the Zoning Map, Section No. 9b, by changing from an M1-1 District to an M1-5 District property bounded a line 90 feet northeasterly of 37th Avenue, 22nd Street, 37th Avenue, and 21st Street, Borough of Queens, Community District 1, as shown on a diagram (for illustrative purposes only) dated September 11, 2023, and subject to the conditions of CEQR Declaration E-718.","https://zap-api-production.herokuapp.com/projects/2020Q0349?include=actions,milestones,dispositions,dispositions.action,users,assignments.user,packages,artifacts",https://zap.planning.nyc.gov/projects/2020Q0349
2020Q0349,21-17 37th Avenue Rezoning,2023,503,377cf61f-c354-ee11-be6e-001dd804eab2,2020Q0349_ZM_QN CB1,Submitted,,,Favorable,"IN THE MATTER OF an application submitted by 21-17 37th Ave LLC pursuant to Sections 197-c and 201 of the New York City Charter for an amendment of the Zoning Map, Section No. 9b, by changing from an M1-1 District to an M1-5 District property bounded a line 90 feet northeasterly of 37th Avenue, 22nd Street, 37th Avenue, and 21st Street, Borough of Queens, Community District 1, as shown on a diagram (for illustrative purposes only) dated September 11, 2023, and subject to the conditions of CEQR Declaration E-718.","https://zap-api-production.herokuapp.com/projects/2020Q0349?include=actions,milestones,dispositions,dispositions.action,users,assignments.user,packages,artifacts",https://zap.planning.nyc.gov/projects/2020Q0349
2021Q0168,189-10 Northern Boulevard Commercial Overlay,2023,504,6396997d-4159-ec11-8f8e-001dd80506e4,2021Q0168 - ZM - QN BP,Submitted,Conditional Favorable,,,"IN THE MATTER OF an application submitted by Prince St 606 LLC pursuant to Sections 197-c and 201 of the New York City Charter for an amendment of the Zoning Map, Section No 10d: 1. changing from an R3X District to an R3-2 District property bounded by a line midway between Northern Boulevard and 43rd Road, a line 100 feet northerly of 43rd Road and 189th Street; and 2. establishing within the existing and proposed R3-2 District a C2-3 District bounded by Northern Boulevard, 192nd Street, a line 100 feet northerly of 43rd Road, and 189th Street; Borough of Queens, Community District 11, as shown on a diagram (for illustrative purposes only) dated January 3, 2023, and subject to the conditions of CEQR Declaration E-708.","https://zap-api-production.herokuapp.com/projects/2021Q0168?include=actions,milestones,dispositions,dispositions.action,users,assignments.user,packages,artifacts",https://zap.planning.nyc.gov/projects/2021Q0168
2021Q0168,189-10 Northern Boulevard Commercial Overlay,2023,504,c8590d77-4159-ec11-8f8e-001dd80506e4,2021Q0168_ZM_Joseph Marziliano (CB),Submitted,,,Unfavorable,"IN THE MATTER OF an application submitted by Prince St 606 LLC pursuant to Sections 197-c and 201 of the New York City Charter for an amendment of the Zoning Map, Section No 10d: 1. changing from an R3X District to an R3-2 District property bounded by a line midway between Northern Boulevard and 43rd Road, a line 100 feet northerly of 43rd Road and 189th Street; and 2. establishing within the existing and proposed R3-2 District a C2-3 District bounded by Northern Boulevard, 192nd Street, a line 100 feet northerly of 43rd Road, and 189th Street; Borough of Queens, Community District 11, as shown on a diagram (for illustrative purposes only) dated January 3, 2023, and subject to the conditions of CEQR Declaration E-708.","https://zap-api-production.herokuapp.com/projects/2021Q0168?include=actions,milestones,dispositions,dispositions.action,users,assignments.user,packages,artifacts",https://zap.planning.nyc.gov/projects/2021Q0168
2021Q0363,Ocean Crest Rezoning,2023,505,f8cbe842-5d29-ed11-b83a-001dd8069ae3,2021Q0363 - ZM - QN BP,Submitted,Conditional Favorable,,,"IN THE MATTER OF an application submitted by TCB Beach Channel Drive Limited Partnership pursuant to Sections 197-c and 201 of the New York City Charter for an amendment of the Zoning Map, Section No. 31a by changing from an R4-1 District to an R6A District property bounded by Ocean Crest Boulevard, a line 175 feet northeasterly of Beach 32nd Street, a line 100 feet southeasterly of Ocean Crest Boulevard, a line 250 feet southwesterly of Hartman Lane, Beach Channel Drive, and Beach 32nd Street, Borough of Queens, Community District 14, as shown on a diagram (for illustrative purposes only) dated January 30, 2023, and subject to the conditions of CEQR Declaration E-702.","https://zap-api-production.herokuapp.com/projects/2021Q0363?include=actions,milestones,dispositions,dispositions.action,users,assignments.user,packages,artifacts",https://zap.planning.nyc.gov/projects/2021Q0363
2021Q0363,Ocean Crest Rezoning,2023,505,9c91ef35-5d29-ed11-b83a-001dd8069ae3,2021Q0363 - ZM - QN CB14,Submitted,,,Unfavorable,"IN THE MATTER OF an application submitted by TCB Beach Channel Drive Limited Partnership pursuant to Sections 197-c and 201 of the New York City Charter for an amendment of the Zoning Map, Section No. 31a by changing from an R4-1 District to an R6A District property bounded by Ocean Crest Boulevard, a line 175 feet northeasterly of Beach 32nd Street, a line 100 feet southeasterly of Ocean Crest Boulevard, a line 250 feet southwesterly of Hartman Lane, Beach Channel Drive, and Beach 32nd Street, Borough of Queens, Community District 14, as shown on a diagram (for illustrative purposes only) dated January 30, 2023, and subject to the conditions of CEQR Declaration E-702.","https://zap-api-production.herokuapp.com/projects/2021Q0363?include=actions,milestones,dispositions,dispositions.action,users,assignments.user,packages,artifacts",https://zap.planning.nyc.gov/projects/2021Q0363
2021Q0365,Whitestone Lanes Rezoning,2023,506,b8d2a037-c54b-ed11-bba0-001dd804d08f,2021Q0365 - ZM - QN BP,Submitted,Conditional Favorable,,,"IN THE MATTER OF an application submitted by Mar Mar Realty, LLC pursuant to Sections 197-c and 201 of the New York City Charter for an amendment of the Zoning Map, Section No. 10a, changing from an M1-1 District to an R7A District property bounded by the southeasterly service road of the Whitestone Expressway, Linden Place, a line 240 feet northerly of 31st Road, a line 60 feet easterly of Farrington Street, 31st Road, and Farrington Street and its northerly centerline prolongation, Borough of Queens, Community District 7, as shown on a diagram (for illustrative purposes only) dated July 10, 2023, and subject to the conditions of CEQR Declaration E-719.","https://zap-api-production.herokuapp.com/projects/2021Q0365?include=actions,milestones,dispositions,dispositions.action,users,assignments.user,packages,artifacts",https://zap.planning.nyc.gov/projects/2021Q0365
2021Q0365,Whitestone Lanes Rezoning,2023,506,9721b22b-c54b-ed11-bba0-001dd804d447,2021Q0365 - ZM - QN CB7,Submitted,,,Conditional Favorable,"IN THE MATTER OF an application submitted by Mar Mar Realty, LLC pursuant to Sections 197-c and 201 of the New York City Charter for an amendment of the Zoning Map, Section No. 10a, changing from an M1-1 District to an R7A District property bounded by the southeasterly service road of the Whitestone Expressway, Linden Place, a line 240 feet northerly of 31st Road, a line 60 feet easterly of Farrington Street, 31st Road, and Farrington Street and its northerly centerline prolongation, Borough of Queens, Community District 7, as shown on a diagram (for illustrative purposes only) dated July 10, 2023, and subject to the conditions of CEQR Declaration E-719.","https://zap-api-production.herokuapp.com/projects/2021Q0365?include=actions,milestones,dispositions,dispositions.action,users,assignments.user,packages,artifacts",https://zap.planning.nyc.gov/projects/2021Q0365
2022Q0107,30-11 12th Street Rezoning,2023,507,82d230be-e35e-ed11-9561-001dd806aad2,2022Q0107 - ZM - QN BP,Submitted,Conditional Favorable,,,"IN THE MATTER OF an application submitted by 30-11 12th Street Realty LLC pursuant to Sections 197-c and 201 of the New York City Charter for an amendment of the Zoning Map, Section No. 9a: 1. changing from an R4-1 District to an R6A District property bounded by a line perpendicular to the southerly street line of Welling Court distant 100 feet westerly from the point of intersection of the southerly street line of Welling Court and the northwesterly street line of 12th Street as measured along the southerly streetline of Welling Court, Welling Court, 12th Street, a line 200 feet southwesterly of 30th Avenue and it’s northwesterly prolongation, and a line midway between Welling Court and 12th Street; 2. changing from an R5B District to an R6A District property bounded by 12th Street, a line 150 feet southwesterly of 30th Avenue, a line 100 feet northwesterly of 14th Street, and a line 200 feet southwesterly of 30th Avenue; 3. changing from an R6B District to an R6A District property bounded by 12th Street, 30th Avenue, a line 100 feet northwesterly of 14th Street, and a line 150 feet southwesterly of 30th Avenue; 4. establishing within the proposed R6A District a C2-3 District on property bounded by a line perpendicular to the southerly street line of Welling Court distant 100 feet westerly from the point of intersection of the southerly street line of Welling Court and the northwesterly street line of 12th Street as measured along the southerly streetline of Welling Court, Welling Court, 30th Avenue, a line 100 feet northwesterly of 14th Street, a line 150 feet southwesterly of 30th Avenue and its northwesterly prolongation, and a line midway between Welling Court and 12th Street; as shown on a diagram (for illustrative purposes only) dated October 16, 2023, and subject to the conditions of CEQR Declaration E-733.","https://zap-api-production.herokuapp.com/projects/2022Q0107?include=actions,milestones,dispositions,dispositions.action,users,assignments.user,packages,artifacts",https://zap.planning.nyc.gov/projects/2022Q0107
2022Q0107,30-11 12th Street Rezoning,2023,507,23bb5fae-e35e-ed11-9561-001dd806aa7f,2022Q0107 - ZM - QN CB1,Submitted,,,Favorable,"IN THE MATTER OF an application submitted by 30-11 12th Street Realty LLC pursuant to Sections 197-c and 201 of the New York City Charter for an amendment of the Zoning Map, Section No. 9a: 1. changing from an R4-1 District to an R6A District property bounded by a line perpendicular to the southerly street line of Welling Court distant 100 feet westerly from the point of intersection of the southerly street line of Welling Court and the northwesterly street line of 12th Street as measured along the southerly streetline of Welling Court, Welling Court, 12th Street, a line 200 feet southwesterly of 30th Avenue and it’s northwesterly prolongation, and a line midway between Welling Court and 12th Street; 2. changing from an R5B District to an R6A District property bounded by 12th Street, a line 150 feet southwesterly of 30th Avenue, a line 100 feet northwesterly of 14th Street, and a line 200 feet southwesterly of 30th Avenue; 3. changing from an R6B District to an R6A District property bounded by 12th Street, 30th Avenue, a line 100 feet northwesterly of 14th Street, and a line 150 feet southwesterly of 30th Avenue; 4. establishing within the proposed R6A District a C2-3 District on property bounded by a line perpendicular to the southerly street line of Welling Court distant 100 feet westerly from the point of intersection of the southerly street line of Welling Court and the northwesterly street line of 12th Street as measured along the southerly streetline of Welling Court, Welling Court, 30th Avenue, a line 100 feet northwesterly of 14th Street, a line 150 feet southwesterly of 30th Avenue and its northwesterly prolongation, and a line midway between Welling Court and 12th Street; as shown on a diagram (for illustrative purposes only) dated October 16, 2023, and subject to the conditions of CEQR Declaration E-733.","https://zap-api-production.herokuapp.com/projects/2022Q0107?include=actions,milestones,dispositions,dispositions.action,users,assignments.user,packages,artifacts",https://zap.planning.nyc.gov/projects/2022Q0107
2022Q0117,190 83rd Avenue Rezoning,2023,508,6870ab48-c44b-ed11-bba0-001dd804d5c8,2022Q0117 - ZM - QN BP,Deactivated,,,,"IN THE MATTER OF an application submitted by Emanuel Avezbakiyev pursuant to Sections 197-c and 201 of the New York City Charter for an amendment of the Zoning Map, Section No. 14b, by changing from an R2 District to an R6B District property bounded by a line 215 feet northeasterly of Metropolitan Avenue, 83rd Avenue, a line 150 feet northeasterly of Metropolitan Avenue, and a line midway between Audley Street and 83rd Avenue, Borough of Queens, Community District 9, as shown on a diagram (for illustrative purposes only) dated July 24, 2023, and subject to the conditions of CEQR Declaration E-711.","https://zap-api-production.herokuapp.com/projects/2022Q0117?include=actions,milestones,dispositions,dispositions.action,users,assignments.user,packages,artifacts",https://zap.planning.nyc.gov/projects/2022Q0117
2022Q0117,190 83rd Avenue Rezoning,2023,508,ae654841-c44b-ed11-bba0-001dd804d276,2022Q0117 - ZM - QN CB9,Deactivated,,,,"IN THE MATTER OF an application submitted by Emanuel Avezbakiyev pursuant to Sections 197-c and 201 of the New York City Charter for an amendment of the Zoning Map, Section No. 14b, by changing from an R2 District to an R6B District property bounded by a line 215 feet northeasterly of Metropolitan Avenue, 83rd Avenue, a line 150 feet northeasterly of Metropolitan Avenue, and a line midway between Audley Street and 83rd Avenue, Borough of Queens, Community District 9, as shown on a diagram (for illustrative purposes only) dated July 24, 2023, and subject to the conditions of CEQR Declaration E-711.","https://zap-api-production.herokuapp.com/projects/2022Q0117?include=actions,milestones,dispositions,dispositions.action,users,assignments.user,packages,artifacts",https://zap.planning.nyc.gov/projects/2022Q0117
2022Q0265,23-01 Steinway Street Rezoning,2023,509,0ee9bc93-20f0-ed11-8849-001dd806aad2,2022Q0265_ZM_QN BP,Submitted,Conditional Favorable,,,"IN THE MATTER OF an application submitted by Efraim Realty LLC pursuant to Sections 197-c and 201 of the New York City Charter for an amendment of the Zoning Map, Section No. 9c:1. eliminating from within an existing R5D District a C2-3 District bounded by a line midway between 38th Street and Steinway Street, a line 100 feet northeasterly of 23rd Avenue, Steinway Street, and a line 100 feet southwesterly of 23rd Avenue;2. changing from an R5D District to an R6A District property bounded by a line midway between 38th Street and Steinway Street, a line 100 feet northeasterly of 23rd Avenue, a line midway between Steinway Street and 41st Street, and a line 100 feet southwesterly of 23rd Avenue; and3. establishing within a proposed R6A District a C2-4 District bounded by a line midway between 38th Street and Steinway Street, a line 100 feet northeasterly of 23rd Avenue, a line midway between Steinway Street and 41st Street, and a line 100 feet southwesterly of 23rd Avenue;Borough of Queens, Community 1, as shown on a diagram (for illustrative purposes only) dated October 16, 2023, and subject to the conditions of CEQR Declaration E-744.","https://zap-api-production.herokuapp.com/projects/2022Q0265?include=actions,milestones,dispositions,dispositions.action,users,assignments.user,packages,artifacts",https://zap.planning.nyc.gov/projects/2022Q0265
2022Q0265,23-01 Steinway Street Rezoning,2023,509,d76c946e-20f0-ed11-8849-001dd806a1e0,2022Q0265_ZM_QN CB1,Submitted,,,Favorable,"IN THE MATTER OF an application submitted by Efraim Realty LLC pursuant to Sections 197-c and 201 of the New York City Charter for an amendment of the Zoning Map, Section No. 9c:1. eliminating from within an existing R5D District a C2-3 District bounded by a line midway between 38th Street and Steinway Street, a line 100 feet northeasterly of 23rd Avenue, Steinway Street, and a line 100 feet southwesterly of 23rd Avenue;2. changing from an R5D District to an R6A District property bounded by a line midway between 38th Street and Steinway Street, a line 100 feet northeasterly of 23rd Avenue, a line midway between Steinway Street and 41st Street, and a line 100 feet southwesterly of 23rd Avenue; and3. establishing within a proposed R6A District a C2-4 District bounded by a line midway between 38th Street and Steinway Street, a line 100 feet northeasterly of 23rd Avenue, a line midway between Steinway Street and 41st Street, and a line 100 feet southwesterly of 23rd Avenue;Borough of Queens, Community 1, as shown on a diagram (for illustrative purposes only) dated October 16, 2023, and subject to the conditions of CEQR Declaration E-744.","https://zap-api-production.herokuapp.com/projects/2022Q0265?include=actions,milestones,dispositions,dispositions.action,users,assignments.user,packages,artifacts",https://zap.planning.nyc.gov/projects/2022Q0265
2022Q0295,166-11 91st Avenue Special Permit,2023,510,ed338a93-08bd-ed11-9886-001dd806aad2,2022Q0295 - ZS - QN BP,Submitted,Conditional Favorable,,,"IN THE MATTER OF an application submitted by Amar 16611 91st, LLC pursuant to Sections 197-c and 201 of the New York City Charter for the grant of a special permit pursuant to Section 115-60 of the Zoning Resolution to modify the height requirements of Section 23-692 (Height Limitations for Narrow Buildings or Enlargements), in connection with a proposed mixed-use building on property located at 166-11 91st Avenue (Block 9796, Lot 47), in a C4-5X District, within the Special Downtown Jamaica District, Borough of Queens, Community District 12. Plans for this proposal are on file with the City Planning Commission and may be seen on the Zoning Application Portal at https://zap.planning.nyc.gov/projects/2022Q0295, or the Department of City Planning, 120 Broadway, 31st Floor, New York, NY, 10271-0001.","https://zap-api-production.herokuapp.com/projects/2022Q0295?include=actions,milestones,dispositions,dispositions.action,users,assignments.user,packages,artifacts",https://zap.planning.nyc.gov/projects/2022Q0295
2022Q0295,166-11 91st Avenue Special Permit,2023,510,79c18a8d-08bd-ed11-9886-001dd806aad2,2022Q0295 - ZS - QN CB12,Submitted,,,Favorable,"IN THE MATTER OF an application submitted by Amar 16611 91st, LLC pursuant to Sections 197-c and 201 of the New York City Charter for the grant of a special permit pursuant to Section 115-60 of the Zoning Resolution to modify the height requirements of Section 23-692 (Height Limitations for Narrow Buildings or Enlargements), in connection with a proposed mixed-use building on property located at 166-11 91st Avenue (Block 9796, Lot 47), in a C4-5X District, within the Special Downtown Jamaica District, Borough of Queens, Community District 12. Plans for this proposal are on file with the City Planning Commission and may be seen on the Zoning Application Portal at https://zap.planning.nyc.gov/projects/2022Q0295, or the Department of City Planning, 120 Broadway, 31st Floor, New York, NY, 10271-0001.","https://zap-api-production.herokuapp.com/projects/2022Q0295?include=actions,milestones,dispositions,dispositions.action,users,assignments.user,packages,artifacts",https://zap.planning.nyc.gov/projects/2022Q0295
2023Q0251,Willets Point Phase II,2023,511,a1325d5c-3261-ee11-be6e-001dd804e66d,2023Q0251_ZS_QN BP,Submitted,Conditional Favorable,,,"IN THE MATTER OF an application submitted by Queens Development Group, LLC, City Football Stadium Group, LLC, and the New York City Economic Development Corporation pursuant to Sections 197-c and 201 of the New York City Charter for the grant of a special permit pursuant to Section 74-41 of the Zoning Resolution to allow an arena with a maximum capacity of 25,000 seats on property generally bounded by Seaver Way, 35th Avenue, 127th Street, Willet Point Boulevard**, and 38th Avenue** (Tax Block 1823, Lots 12, 19, 20, 21, 23, 26, 28, 33, 40, 44, 47, 52 and 55; Tax Block 1824, Lots 1, 12, 19, 21, 26, 28, 33, 38, 40, 45, 53 and 100; and Tax Block 1825, Lots 1, 19, 21, 25, 28, 30, 37, 46, 48, 53, 55, 58 and 150), in a C4-4 District, within the Special Willets Point District.** Note: A city map amendment to establish or extend these streets is proposed under a concurrent related application (C 240058 MMQ)Plans for this proposal are on file with the City Planning Commission and may be seen on the Zoning Application Portal at https://zap.planning.nyc.gov/projects/2023Q0251, or the Department of City Planning, 120 Broadway, 31st Floor, New York, NY, 10271-0001.","https://zap-api-production.herokuapp.com/projects/2023Q0251?include=actions,milestones,dispositions,dispositions.action,users,assignments.user,packages,artifacts",https://zap.planning.nyc.gov/projects/2023Q0251
2023Q0251,Willets Point Phase II,2023,511,a7325d5c-3261-ee11-be6e-001dd804e66d,2023Q0251_ZS_QN BP,Submitted,Conditional Favorable,,,"IN THE MATTER OF an application submitted by Queens Development Group, LLC, City Football Stadium Group, LLC, and the New York City Economic Development Corporation pursuant to Sections 197-c and 201 of the New York City Charter for the grant of a special permit pursuant to Section 74-41 of the Zoning Resolution to allow an arena with a maximum capacity of 25,000 seats on property generally bounded by Seaver Way, 35th Avenue, 127th Street, Willet Point Boulevard**, and 38th Avenue** (Tax Block 1823, Lots 12, 19, 20, 21, 23, 26, 28, 33, 40, 44, 47, 52 and 55; Tax Block 1824, Lots 1, 12, 19, 21, 26, 28, 33, 38, 40, 45, 53 and 100; and Tax Block 1825, Lots 1, 19, 21, 25, 28, 30, 37, 46, 48, 53, 55, 58 and 150), in a C4-4 District, within the Special Willets Point District.** Note: A city map amendment to establish or extend these streets is proposed under a concurrent related application (C 240058 MMQ)Plans for this proposal are on file with the City Planning Commission and may be seen on the Zoning Application Portal at https://zap.planning.nyc.gov/projects/2023Q0251, or the Department of City Planning, 120 Broadway, 31st Floor, New York, NY, 10271-0001.","https://zap-api-production.herokuapp.com/projects/2023Q0251?include=actions,milestones,dispositions,dispositions.action,users,assignments.user,packages,artifacts",https://zap.planning.nyc.gov/projects/2023Q0251
2023Q0251,Willets Point Phase II,2023,511,b3325d5c-3261-ee11-be6e-001dd804e66d,2023Q0251_ZS_QN BP,Submitted,Conditional Favorable,,,"IN THE MATTER OF an application submitted by Queens Development Group, LLC, City Football Stadium Group, LLC, and the New York City Economic Development Corporation pursuant to Sections 197-c and 201 of the New York City Charter for the grant of a special permit pursuant to Section 124-60* of the Zoning Resolution to allow the distribution of total allowable floor area without regard for zoning lot lines or district boundaries and to modify: 1. the required parking regulations of Sections 25-23 (Requirements Where Group Parking Facilities are Provided), 25-251 (Income-restricted housing units), 36-21(General Provisions) and 124-50 (OFF-STREET PARKING REGULATIONS); 2. the sign regulations of Sections 32-60 (SIGN REGULATIONS) and 124-15 (Modification of Sign Regulations); 3. the loading requirements of Section 36-62 (Required Accessory Off-Street Loading Berths); 4. the retail continuity regulations of Section 124-14 (Retail Continuity); 5. the height and setback regulations of Section 124-22 (Height and Setback Regulations); 6. the street network requirements of Section 124-30 (Mandatory Improvements); 7. the public open space requirements of Section 124-42 (Types and Standards of Publicly Accessible Open Space); 8. the curb cut requirements of Section 124-53 (Curb Cut Restrictions), in connection with a proposed mixed-use development on property generally bounded by Northern Boulevard, 27th Street, Willets Point Boulevard**, 126th Lane**, 39th Avenue**, Roosevelt Avenue, and Seaver Way (Block 1833, Lots 117, 120, 130, 135 and 140; Block 1823, Lots 12, 19, 20, 21, 23, 26, 28, 33, 40, 44, 47, 52 and 55; Block 1824, Lots 1, 12, 19, 21, 26, 28, 33, 38, 40, 45, 53 and 100; and Block 1825, Lots 1, 19, 21, 25, 28, 30, 37, 46, 48, 53, 55, 58 and 150; Block 1822, Lot 17; and Block 1820, Lots 1, 6, 9, 18, 34 and 108), within a C4-4 District in the Special Willets Point District. *Note: A zoning text amendment to modify Section 124-60 is proposed under a concurrent related application N 240093 ZRQ. ** Note: A city map amendment to establish or extend these streets is proposed under a concurrent related application (C 240058 MMQ) Plans for this proposal are on file with the City Planning Commission and may be seen on the Zoning Application Portal at https://zap.planning.nyc.gov/projects/2021Q0106, or the Department of City Planning, 120 Broadway, 31st Floor, New York, NY, 10271-0001.","https://zap-api-production.herokuapp.com/projects/2023Q0251?include=actions,milestones,dispositions,dispositions.action,users,assignments.user,packages,artifacts",https://zap.planning.nyc.gov/projects/2023Q0251
2023Q0251,Willets Point Phase II,2023,511,c6286654-3261-ee11-be6e-001dd804e341,2023Q0251_ZS_QN CB7,Submitted,,,Conditional Favorable,"IN THE MATTER OF an application submitted by Queens Development Group, LLC, City Football Stadium Group, LLC, and the New York City Economic Development Corporation pursuant to Sections 197-c and 201 of the New York City Charter for the grant of a special permit pursuant to Section 124-60* of the Zoning Resolution to allow the distribution of total allowable floor area without regard for zoning lot lines or district boundaries and to modify: 1. the required parking regulations of Sections 25-23 (Requirements Where Group Parking Facilities are Provided), 25-251 (Income-restricted housing units), 36-21(General Provisions) and 124-50 (OFF-STREET PARKING REGULATIONS); 2. the sign regulations of Sections 32-60 (SIGN REGULATIONS) and 124-15 (Modification of Sign Regulations); 3. the loading requirements of Section 36-62 (Required Accessory Off-Street Loading Berths); 4. the retail continuity regulations of Section 124-14 (Retail Continuity); 5. the height and setback regulations of Section 124-22 (Height and Setback Regulations); 6. the street network requirements of Section 124-30 (Mandatory Improvements); 7. the public open space requirements of Section 124-42 (Types and Standards of Publicly Accessible Open Space); 8. the curb cut requirements of Section 124-53 (Curb Cut Restrictions), in connection with a proposed mixed-use development on property generally bounded by Northern Boulevard, 27th Street, Willets Point Boulevard**, 126th Lane**, 39th Avenue**, Roosevelt Avenue, and Seaver Way (Block 1833, Lots 117, 120, 130, 135 and 140; Block 1823, Lots 12, 19, 20, 21, 23, 26, 28, 33, 40, 44, 47, 52 and 55; Block 1824, Lots 1, 12, 19, 21, 26, 28, 33, 38, 40, 45, 53 and 100; and Block 1825, Lots 1, 19, 21, 25, 28, 30, 37, 46, 48, 53, 55, 58 and 150; Block 1822, Lot 17; and Block 1820, Lots 1, 6, 9, 18, 34 and 108), within a C4-4 District in the Special Willets Point District. *Note: A zoning text amendment to modify Section 124-60 is proposed under a concurrent related application N 240093 ZRQ. ** Note: A city map amendment to establish or extend these streets is proposed under a concurrent related application (C 240058 MMQ) Plans for this proposal are on file with the City Planning Commission and may be seen on the Zoning Application Portal at https://zap.planning.nyc.gov/projects/2021Q0106, or the Department of City Planning, 120 Broadway, 31st Floor, New York, NY, 10271-0001.","https://zap-api-production.herokuapp.com/projects/2023Q0251?include=actions,milestones,dispositions,dispositions.action,users,assignments.user,packages,artifacts",https://zap.planning.nyc.gov/projects/2023Q0251
2023Q0251,Willets Point Phase II,2023,511,f4286654-3261-ee11-be6e-001dd804e341,2023Q0251_ZS_QN CB7,Submitted,,,Conditional Favorable,"IN THE MATTER OF an application submitted by Queens Development Group, LLC, City Football Stadium Group, LLC, and the New York City Economic Development Corporation pursuant to Sections 197-c and 201 of the New York City Charter for the grant of a special permit pursuant to Section 74-802 of the Zoning Resolution to allow a transient hotel (Use Group 5), in connection with a proposed mixed-use development, on property generally bounded by Seaver Way, 38th Avenue**, and the southeasterly centerline prolongation of Willets Point Boulevard** (Block 1833, Lot 117), in a C4-4 District, within the Special Willets Point District.** Note: A city map amendment to establish or extend these streets is proposed under a concurrent related application (C 240058 MMQ)Plans for this proposal are on file with the City Planning Commission and may be seen on the Zoning Application Portal at https://zap.planning.nyc.gov/projects/2023Q0251, or the Department of City Planning, 120 Broadway, 31st Floor, New York, NY, 10271-0001.","https://zap-api-production.herokuapp.com/projects/2023Q0251?include=actions,milestones,dispositions,dispositions.action,users,assignments.user,packages,artifacts",https://zap.planning.nyc.gov/projects/2023Q0251
2023Q0251,Willets Point Phase II,2023,511,2f296654-3261-ee11-be6e-001dd804e341,2023Q0251_ZS_QN CB7,Submitted,,,Conditional Favorable,"IN THE MATTER OF an application submitted by Queens Development Group, LLC, City Football Stadium Group, LLC, and the New York City Economic Development Corporation pursuant to Sections 197-c and 201 of the New York City Charter for the grant of a special permit pursuant to Section 74-802 of the Zoning Resolution to allow a transient hotel (Use Group 5), in connection with a proposed mixed-use development, on property generally bounded by Seaver Way, 38th Avenue**, and the southeasterly centerline prolongation of Willets Point Boulevard** (Block 1833, Lot 117), in a C4-4 District, within the Special Willets Point District.** Note: A city map amendment to establish or extend these streets is proposed under a concurrent related application (C 240058 MMQ)Plans for this proposal are on file with the City Planning Commission and may be seen on the Zoning Application Portal at https://zap.planning.nyc.gov/projects/2023Q0251, or the Department of City Planning, 120 Broadway, 31st Floor, New York, NY, 10271-0001.","https://zap-api-production.herokuapp.com/projects/2023Q0251?include=actions,milestones,dispositions,dispositions.action,users,assignments.user,packages,artifacts",https://zap.planning.nyc.gov/projects/2023Q0251
2024Q0135,Willets Point Phase II Mapping Actions,2023,512,62ed21cc-d73d-ee11-bdf4-001dd804e341,2024Q0135_MM_QN BP,Submitted,Conditional Favorable,,,"IN THE MATTER OF an application submitted by the New York City Economic Development Corporation, Queens Development Group, LLC, and CFG Stadium Group, LLC, pursuant to Sections 197-c and 199 of the New York City Charter and Section 5-430 et seq. of the New York City Administrative Code, for an amendment to the City Map involving: • the establishment of 38th Avenue, 39th Avenue, 126th Lane, and a portion of Willets Point Boulevard within an area generally bounded by Van Wyck Expressway Extension, Roosevelt Avenue, Seaver Way, and Northern Boulevard; • the elimination, discontinuance and closing of 36th Avenue, east of Seaver Way; • the elimination, discontinuance, and closing of streets within an area generally bounded by 127th Street, Northern Boulevard, Van Wyck Expressway Extension, and Roosevelt Avenue; • the raising of grades within streets generally bounded by Northern Boulevard, 127th Street, Willets Point Boulevard, 38th Avenue, and Seaver Way; • the adjustment of grades and block dimensions necessitated thereby; and • any acquisition or disposition of real properties related thereto, in Community District 7, Borough of Queens, in accordance with Maps No. 5038, and 5039, dated September 26, 2023 and Map No. 5040, dated September 28, 2023, and all signed by the Borough President.","https://zap-api-production.herokuapp.com/projects/2024Q0135?include=actions,milestones,dispositions,dispositions.action,users,assignments.user,packages,artifacts",https://zap.planning.nyc.gov/projects/2024Q0135
2024Q0135,Willets Point Phase II Mapping Actions,2023,512,945530c5-d73d-ee11-bdf4-001dd804e197,2024Q0135_MM_QN CB7,Submitted,,,Conditional Favorable,"IN THE MATTER OF an application submitted by the New York City Economic Development Corporation, Queens Development Group, LLC, and CFG Stadium Group, LLC, pursuant to Sections 197-c and 199 of the New York City Charter and Section 5-430 et seq. of the New York City Administrative Code, for an amendment to the City Map involving: • the establishment of 38th Avenue, 39th Avenue, 126th Lane, and a portion of Willets Point Boulevard within an area generally bounded by Van Wyck Expressway Extension, Roosevelt Avenue, Seaver Way, and Northern Boulevard; • the elimination, discontinuance and closing of 36th Avenue, east of Seaver Way; • the elimination, discontinuance, and closing of streets within an area generally bounded by 127th Street, Northern Boulevard, Van Wyck Expressway Extension, and Roosevelt Avenue; • the raising of grades within streets generally bounded by Northern Boulevard, 127th Street, Willets Point Boulevard, 38th Avenue, and Seaver Way; • the adjustment of grades and block dimensions necessitated thereby; and • any acquisition or disposition of real properties related thereto, in Community District 7, Borough of Queens, in accordance with Maps No. 5038, and 5039, dated September 26, 2023 and Map No. 5040, dated September 28, 2023, and all signed by the Borough President.","https://zap-api-production.herokuapp.com/projects/2024Q0135?include=actions,milestones,dispositions,dispositions.action,users,assignments.user,packages,artifacts",https://zap.planning.nyc.gov/projects/2024Q0135
2020R0348,541-545 Bay Street,2023,513,f9bef1b8-1bcb-ec11-983f-001dd80513f8,2020R0348 - ZM - SI CB1,Submitted,,,Favorable,"IN THE MATTER OF an application submitted by Epsilon Enterprises Realty, LLC pursuant to Sections 197-c and 201 of the New York City Charter for an amendment of the Zoning Map, Section No. 21c: 1. changing from a C4-2 District to an R6 District property bounded by Sands Street, the easterly boundary line of the Staten Island Rapid Transit (SIRT) Right-of-Way, Prospect Street, and Bay Street; 2. establishing within a proposed R6 District a C2-3 District bounded by Sands Street, the easterly boundary line of the Staten Island Rapid Transit (SIRT) Right-of-Way, Prospect Street, and Bay Street; and 3. establishing a Special Bay Street Corridor District (BSC) bounded by Sands Street, the easterly boundary line of the Staten Island Rapid Transit (SIRT) Right-of-Way, Prospect Street, and Bay Street; as shown on a diagram (for illustrative purposes only) dated July 10, 2023, and subject to the conditions of CEQR Declaration E-722.","https://zap-api-production.herokuapp.com/projects/2020R0348?include=actions,milestones,dispositions,dispositions.action,users,assignments.user,packages,artifacts",https://zap.planning.nyc.gov/projects/2020R0348
2020R0348,541-545 Bay Street,2023,513,bb0260bb-1bcb-ec11-983f-001dd8051761,"2020R0348_ZM_Zaccone, Brooke",Submitted,Unfavorable,,,"IN THE MATTER OF an application submitted by Epsilon Enterprises Realty, LLC pursuant to Sections 197-c and 201 of the New York City Charter for an amendment of the Zoning Map, Section No. 21c: 1. changing from a C4-2 District to an R6 District property bounded by Sands Street, the easterly boundary line of the Staten Island Rapid Transit (SIRT) Right-of-Way, Prospect Street, and Bay Street; 2. establishing within a proposed R6 District a C2-3 District bounded by Sands Street, the easterly boundary line of the Staten Island Rapid Transit (SIRT) Right-of-Way, Prospect Street, and Bay Street; and 3. establishing a Special Bay Street Corridor District (BSC) bounded by Sands Street, the easterly boundary line of the Staten Island Rapid Transit (SIRT) Right-of-Way, Prospect Street, and Bay Street; as shown on a diagram (for illustrative purposes only) dated July 10, 2023, and subject to the conditions of CEQR Declaration E-722.","https://zap-api-production.herokuapp.com/projects/2020R0348?include=actions,milestones,dispositions,dispositions.action,users,assignments.user,packages,artifacts",https://zap.planning.nyc.gov/projects/2020R0348
2023X0327,1093-1095 Jerome Avenue UDAAP,2024,516,bafd5361-e492-ef11-ac21-001dd804e781,2023X0327_HA_BX BP,Submitted,Favorable,,,"IN THE MATTER OF an application submitted by the Department of Housing Preservation and Development (HPD) 1) pursuant to Article 16 of the General Municipal Law of New York State for: a. the designation of property located at 1093-1095 Jerome (Block 2505, Lots 26 and 28), as an Urban Development Action Area; and b. an Urban Development Action Area Project for such area; and 2) pursuant to Section 197-c of the New York City Charter for the disposition of such property to a developer to be selected by HPD; to facilitate the development of an eleven-story building containing approximately 60 residential units, Borough of the Bronx, Community District 4.","https://zap-api-production.herokuapp.com/projects/2023X0327?include=actions,milestones,dispositions,dispositions.action,users,assignments.user,packages,artifacts",https://zap.planning.nyc.gov/projects/2023X0327
2023X0327,1093-1095 Jerome Avenue UDAAP,2024,516,34264f49-e492-ef11-ac21-001dd804e781,2023X0327_HA_BX CB4,Submitted,,,Favorable,"IN THE MATTER OF an application submitted by the Department of Housing Preservation and Development (HPD) 1) pursuant to Article 16 of the General Municipal Law of New York State for: a. the designation of property located at 1093-1095 Jerome (Block 2505, Lots 26 and 28), as an Urban Development Action Area; and b. an Urban Development Action Area Project for such area; and 2) pursuant to Section 197-c of the New York City Charter for the disposition of such property to a developer to be selected by HPD; to facilitate the development of an eleven-story building containing approximately 60 residential units, Borough of the Bronx, Community District 4.","https://zap-api-production.herokuapp.com/projects/2023X0327?include=actions,milestones,dispositions,dispositions.action,users,assignments.user,packages,artifacts",https://zap.planning.nyc.gov/projects/2023X0327
2018K0354,2510 Coney Island Avenue Rezoning,2024,517,9bcd3371-e35e-ed11-9561-001dd806aca6,2018K0354 - ZM - BK BP,Submitted,Conditional Favorable,,,"IN THE MATTER OF an application submitted by 2510 CIA LLC pursuant to Sections 197-c and 201 of the New York City Charter for an amendment of the Zoning Map, Section No. 28c: 1. changing from an R4 District to an R7D District property bounded by a line 150 feet southerly of Avenue V, Coney Island Avenue, a line perpendicular to the westerly street line of Coney Island Avenue distant 300 feet southerly (as measured along the street line) from the point of intersection of the westerly street line of Coney Island Avenue and the southerly street line of Avenue V, and a line 120 feet westerly of Coney Island Avenue; 2. changing from a C8-1 District to an R7D District property bounded by Avenue V, Coney Island Avenue, a line 150 feet southerly of Avenue V, and the southerly centerline prolongation of East 9th Street; and 3. establishing within the proposed R7D District a C2-4 District bounded by Avenue V, Coney Island Avenue, a line perpendicularly to the westerly street line of Coney Island Avenue distant 300 feet southerly (as measured along the street line) from the point of intersection of the westerly street line of Coney Island Avenue and the southerly street line of Avenue V, a line 120 feet westerly of Coney Island Avenue, a line 150 feet southerly of Avenue V, and the southerly centerline prolongation of East 9th Street; as shown on a diagram (for illustrative purposes only) dated November 4, 2024, and subject to the conditions of CEQR Declaration E-720.","https://zap-api-production.herokuapp.com/projects/2018K0354?include=actions,milestones,dispositions,dispositions.action,users,assignments.user,packages,artifacts",https://zap.planning.nyc.gov/projects/2018K0354
2018K0354,2510 Coney Island Avenue Rezoning,2024,517,a91c396b-e35e-ed11-9561-001dd806aca6,2018K0354 - ZM - BK CB15,Submitted,,,Unfavorable,"IN THE MATTER OF an application submitted by 2510 CIA LLC pursuant to Sections 197-c and 201 of the New York City Charter for an amendment of the Zoning Map, Section No. 28c: 1. changing from an R4 District to an R7D District property bounded by a line 150 feet southerly of Avenue V, Coney Island Avenue, a line perpendicular to the westerly street line of Coney Island Avenue distant 300 feet southerly (as measured along the street line) from the point of intersection of the westerly street line of Coney Island Avenue and the southerly street line of Avenue V, and a line 120 feet westerly of Coney Island Avenue; 2. changing from a C8-1 District to an R7D District property bounded by Avenue V, Coney Island Avenue, a line 150 feet southerly of Avenue V, and the southerly centerline prolongation of East 9th Street; and 3. establishing within the proposed R7D District a C2-4 District bounded by Avenue V, Coney Island Avenue, a line perpendicularly to the westerly street line of Coney Island Avenue distant 300 feet southerly (as measured along the street line) from the point of intersection of the westerly street line of Coney Island Avenue and the southerly street line of Avenue V, a line 120 feet westerly of Coney Island Avenue, a line 150 feet southerly of Avenue V, and the southerly centerline prolongation of East 9th Street; as shown on a diagram (for illustrative purposes only) dated November 4, 2024, and subject to the conditions of CEQR Declaration E-720.","https://zap-api-production.herokuapp.com/projects/2018K0354?include=actions,milestones,dispositions,dispositions.action,users,assignments.user,packages,artifacts",https://zap.planning.nyc.gov/projects/2018K0354
2019K0456,581 Grant Avenue Development,2024,518,b7d99fab-1033-ef11-8409-001dd804efb7,2019K0456_HA_BK BP,Submitted,Favorable,,,"IN THE MATTER OF an application submitted by the Department of Housing Preservation and Development (HPD) 1) pursuant to Article 16 of the General Municipal Law of New York State for: a. the designation of property located at 581 Grant Avenue (Block 4223, Lot 1) as an Urban Development Action Area; and b. an Urban Development Action Area Project for such area; and 2) pursuant to Section 197-c of the New York City Charter for the disposition of such property to a developer to be selected by HPD; to facilitate a seven-story building containing approximately 173 affordable housing units and community facility space, Borough of Brooklyn, Community District 5.","https://zap-api-production.herokuapp.com/projects/2019K0456?include=actions,milestones,dispositions,dispositions.action,users,assignments.user,packages,artifacts",https://zap.planning.nyc.gov/projects/2019K0456
2019K0456,581 Grant Avenue Development,2024,518,2dd4bda0-1033-ef11-840a-001dd804e106,2019K0456_HA_BK CB5,Submitted,,,Conditional Favorable,"IN THE MATTER OF an application submitted by the Department of Housing Preservation and Development (HPD) 1) pursuant to Article 16 of the General Municipal Law of New York State for: a. the designation of property located at 581 Grant Avenue (Block 4223, Lot 1) as an Urban Development Action Area; and b. an Urban Development Action Area Project for such area; and 2) pursuant to Section 197-c of the New York City Charter for the disposition of such property to a developer to be selected by HPD; to facilitate a seven-story building containing approximately 173 affordable housing units and community facility space, Borough of Brooklyn, Community District 5.","https://zap-api-production.herokuapp.com/projects/2019K0456?include=actions,milestones,dispositions,dispositions.action,users,assignments.user,packages,artifacts",https://zap.planning.nyc.gov/projects/2019K0456
2019K0456,581 Grant Avenue Development,2024,518,c6d99fab-1033-ef11-8409-001dd804efb7,2019K0456_ZM_BK BP,Submitted,Favorable,,,"IN THE MATTER OF an application submitted by NYC Department of Housing Preservation and Development pursuant to Sections 197-c and 201 of the New York City Charter for an amendment of the Zoning Map, Section No. 18a, by changing from an R5 District to an R6 District property bounded Glenmore Avenue, Eldert Lane, Pitkin Avenue, Grant Avenue, a line 175 feet southerly of Glenmore Avenue, and a line midway between Grant Avenue and Eldert Lane, as shown on a diagram (for illustrative purposes only) dated August 19, 2024.","https://zap-api-production.herokuapp.com/projects/2019K0456?include=actions,milestones,dispositions,dispositions.action,users,assignments.user,packages,artifacts",https://zap.planning.nyc.gov/projects/2019K0456
2019K0456,581 Grant Avenue Development,2024,518,83d4bda0-1033-ef11-840a-001dd804e106,2019K0456_ZM_BK CB5,Submitted,,,Conditional Favorable,"IN THE MATTER OF an application submitted by NYC Department of Housing Preservation and Development pursuant to Sections 197-c and 201 of the New York City Charter for an amendment of the Zoning Map, Section No. 18a, by changing from an R5 District to an R6 District property bounded Glenmore Avenue, Eldert Lane, Pitkin Avenue, Grant Avenue, a line 175 feet southerly of Glenmore Avenue, and a line midway between Grant Avenue and Eldert Lane, as shown on a diagram (for illustrative purposes only) dated August 19, 2024.","https://zap-api-production.herokuapp.com/projects/2019K0456?include=actions,milestones,dispositions,dispositions.action,users,assignments.user,packages,artifacts",https://zap.planning.nyc.gov/projects/2019K0456
2020K0143,2390 McDonald Avenue Rezoning,2024,519,b324cc53-c68c-eb11-b1ad-001dd80187c1,2020K0143 - ZM - BK BP,Submitted,Conditional Favorable,,,"IN THE MATTER OF an application submitted by MTL Realty, LLC pursuant to Sections 197-c and 201 of the New York City Charter for an amendment of the Zoning Map, Section No. 28c, by changing from a C8-1 District to a C4-4L District property bounded a line 120 feet northerly of Village Road South, McDonald Avenue, Village Road South, and an easterly boundary line of Old Gravesend Cemetery, as shown on a diagram (for illustrative purposes only) dated May 13, 2024, and subject to the conditions of CEQR Declaration E-747.","https://zap-api-production.herokuapp.com/projects/2020K0143?include=actions,milestones,dispositions,dispositions.action,users,assignments.user,packages,artifacts",https://zap.planning.nyc.gov/projects/2020K0143
2020K0143,2390 McDonald Avenue Rezoning,2024,519,159fcc4d-c68c-eb11-b1ad-001dd80187c1,2020K0143 - ZM - BK CB15,Submitted,,,Favorable,"IN THE MATTER OF an application submitted by MTL Realty, LLC pursuant to Sections 197-c and 201 of the New York City Charter for an amendment of the Zoning Map, Section No. 28c, by changing from a C8-1 District to a C4-4L District property bounded a line 120 feet northerly of Village Road South, McDonald Avenue, Village Road South, and an easterly boundary line of Old Gravesend Cemetery, as shown on a diagram (for illustrative purposes only) dated May 13, 2024, and subject to the conditions of CEQR Declaration E-747.","https://zap-api-production.herokuapp.com/projects/2020K0143?include=actions,milestones,dispositions,dispositions.action,users,assignments.user,packages,artifacts",https://zap.planning.nyc.gov/projects/2020K0143
2021K0194,2118 Avenue U,2024,522,9b423b5c-59f6-ed11-a7c6-001dd806a1e0,2021K0194_ZM_BK BP,Submitted,Conditional Favorable,,,"IN THE MATTER OF an application submitted by 2118 Avenue U LLC pursuant to Sections 197-c and 201 of the New York City Charter for an amendment of the Zoning Map, Section No. 29a: 1. eliminating from within an existing R4 District a C1-3 District bounded by Avenue U, East 22nd Street, a line 150 feet southerly of Avenue U, and East 21st Street; 2. changing from an R4 District to an R6A District property bounded by Avenue U, East 22nd Street, a line 100 feet southerly of Avenue U, and East 21st Street; and 3. establishing within the proposed R6A District a C2-4 District bounded by Avenue U, East 22nd Street, a line 100 feet southerly of Avenue U, and East 21st Street; as shown on a diagram (for illustrative purposes only) dated February 5, 2024, and subject to the conditions of CEQR Declaration E-746.","https://zap-api-production.herokuapp.com/projects/2021K0194?include=actions,milestones,dispositions,dispositions.action,users,assignments.user,packages,artifacts",https://zap.planning.nyc.gov/projects/2021K0194
2021K0194,2118 Avenue U,2024,522,ae10d255-59f6-ed11-a7c6-001dd806aec1,2021K0194_ZM_BK CB15,Submitted,,,Favorable,"IN THE MATTER OF an application submitted by 2118 Avenue U LLC pursuant to Sections 197-c and 201 of the New York City Charter for an amendment of the Zoning Map, Section No. 29a: 1. eliminating from within an existing R4 District a C1-3 District bounded by Avenue U, East 22nd Street, a line 150 feet southerly of Avenue U, and East 21st Street; 2. changing from an R4 District to an R6A District property bounded by Avenue U, East 22nd Street, a line 100 feet southerly of Avenue U, and East 21st Street; and 3. establishing within the proposed R6A District a C2-4 District bounded by Avenue U, East 22nd Street, a line 100 feet southerly of Avenue U, and East 21st Street; as shown on a diagram (for illustrative purposes only) dated February 5, 2024, and subject to the conditions of CEQR Declaration E-746.","https://zap-api-production.herokuapp.com/projects/2021K0194?include=actions,milestones,dispositions,dispositions.action,users,assignments.user,packages,artifacts",https://zap.planning.nyc.gov/projects/2021K0194
2021K0375,441 & 467 Prospect Avenue Rezoning,2024,524,91fd4861-64d2-ee11-907a-001dd804eab2,2021K0375_ZM_BK BP,Submitted,Conditional Favorable,,,"IN THE MATTER OF an application submitted by Arrow Linen Supply Co., Inc. pursuant to Sections 197-c and 201 of the New York City Charter for an amendment of the Zoning Map, Section No. 16d, by changing from an R5B District to an R7-1 District property bounded by a line midway between Windsor Place and Prospect Avenue, a line 100 feet northwesterly of Prospect Park West, Prospect Avenue, and a line 100 feet southeasterly of 8th Avenue, Borough of Brooklyn, Community District 7, as shown on a diagram (for illustrative purposes only) dated June 24, 2024, and subject to the conditions of CEQR Declaration E-759.","https://zap-api-production.herokuapp.com/projects/2021K0375?include=actions,milestones,dispositions,dispositions.action,users,assignments.user,packages,artifacts",https://zap.planning.nyc.gov/projects/2021K0375
2021K0375,441 & 467 Prospect Avenue Rezoning,2024,524,67567d55-64d2-ee11-907a-001dd804e2db,2021K0375_ZM_BK CB7,Submitted,,,Conditional Unfavorable,"IN THE MATTER OF an application submitted by Arrow Linen Supply Co., Inc. pursuant to Sections 197-c and 201 of the New York City Charter for an amendment of the Zoning Map, Section No. 16d, by changing from an R5B District to an R7-1 District property bounded by a line midway between Windsor Place and Prospect Avenue, a line 100 feet northwesterly of Prospect Park West, Prospect Avenue, and a line 100 feet southeasterly of 8th Avenue, Borough of Brooklyn, Community District 7, as shown on a diagram (for illustrative purposes only) dated June 24, 2024, and subject to the conditions of CEQR Declaration E-759.","https://zap-api-production.herokuapp.com/projects/2021K0375?include=actions,milestones,dispositions,dispositions.action,users,assignments.user,packages,artifacts",https://zap.planning.nyc.gov/projects/2021K0375
2021K0375,441 & 467 Prospect Avenue Rezoning,2024,524,7ffd4861-64d2-ee11-907a-001dd804eab2,2021K0375_ZS_BK BP,Submitted,Conditional Favorable,,,"IN THE MATTER OF an application submitted by Arrow Linen Supply Co., Inc. pursuant to Sections 197-c and 201 of the New York City Charter for the grant of a special permit pursuant to Section 74-533 of the Zoning Resolution to waive all required accessory off-street parking spaces for dwelling units in a development within a Transit Zone, that includes at least 20 percent of all dwelling units as income-restricted housing units, in connection with two proposed residential buildings on property located at 441 & 467 Prospect Avenue (Block 1113, Lots 61 and 73), in an R7-1* District, Borough of Brooklyn, Community District 7. * Note: The site is proposed to be rezoned by changing an existing R5B District to an R7-1 District under a concurrent related application for a Zoning Map change (C 240280 ZMK). Plans for this proposal are on file with the Department of City Planning and may be seen on the Zoning Application Portal at https://zap.planning.nyc.gov/projects/2021K0375 or at the Department of City Planning, 120 Broadway, 31st Floor, New York, NY 10271-0001.","https://zap-api-production.herokuapp.com/projects/2021K0375?include=actions,milestones,dispositions,dispositions.action,users,assignments.user,packages,artifacts",https://zap.planning.nyc.gov/projects/2021K0375
2021K0375,441 & 467 Prospect Avenue Rezoning,2024,524,56567d55-64d2-ee11-907a-001dd804e2db,2021K0375_ZS_BK CB7,Submitted,,,Conditional Unfavorable,"IN THE MATTER OF an application submitted by Arrow Linen Supply Co., Inc. pursuant to Sections 197-c and 201 of the New York City Charter for the grant of a special permit pursuant to Section 74-533 of the Zoning Resolution to waive all required accessory off-street parking spaces for dwelling units in a development within a Transit Zone, that includes at least 20 percent of all dwelling units as income-restricted housing units, in connection with two proposed residential buildings on property located at 441 & 467 Prospect Avenue (Block 1113, Lots 61 and 73), in an R7-1* District, Borough of Brooklyn, Community District 7. * Note: The site is proposed to be rezoned by changing an existing R5B District to an R7-1 District under a concurrent related application for a Zoning Map change (C 240280 ZMK). Plans for this proposal are on file with the Department of City Planning and may be seen on the Zoning Application Portal at https://zap.planning.nyc.gov/projects/2021K0375 or at the Department of City Planning, 120 Broadway, 31st Floor, New York, NY 10271-0001.","https://zap-api-production.herokuapp.com/projects/2021K0375?include=actions,milestones,dispositions,dispositions.action,users,assignments.user,packages,artifacts",https://zap.planning.nyc.gov/projects/2021K0375
2021K0393,73-99 Empire Boulevard Rezoning,2024,525,70d23044-6edd-ee11-9078-001dd804efb7,2021K0393_ZM_BK BP,Submitted,Conditional Favorable,,,"IN THE MATTER OF an application submitted by Empire Boulevard Holdings, LLC pursuant to Sections 197-c and 201 of the New York City Charter for an amendment of the Zoning Map, Section No. 16d:1. eliminating from within an existing R6 District a C1-3 District bounded by Sullivan Place, a line 380 feet westerly of Bedford Avenue, a line midway between Sullivan Place and Empire Boulevard, and McKeever Place;2. changing from an R6 District to a C4-4D District property bounded by Sullivan Place, a line 380 feet westerly of Bedford Avenue, a line midway between Sullivan Place and Empire Boulevard, and McKeever Place; and3. changing from a C8-2 District to an C4-4D District property bounded by a line midway between Sullivan Place and Empire Boulevard, a line 380 feet westerly of Bedford Avenue, Empire Boulevard, and McKeever Place; as shown on a diagram (for illustrative purposes only) dated November 4, 2024, and subject to the conditions of CEQR Declaration E-806.","https://zap-api-production.herokuapp.com/projects/2021K0393?include=actions,milestones,dispositions,dispositions.action,users,assignments.user,packages,artifacts",https://zap.planning.nyc.gov/projects/2021K0393
2021K0393,73-99 Empire Boulevard Rezoning,2024,525,1423cd36-6edd-ee11-9079-001dd804e66d,2021K0393_ZM_BK CB9,Submitted,,,Conditional Unfavorable,"IN THE MATTER OF an application submitted by Empire Boulevard Holdings, LLC pursuant to Sections 197-c and 201 of the New York City Charter for an amendment of the Zoning Map, Section No. 16d:1. eliminating from within an existing R6 District a C1-3 District bounded by Sullivan Place, a line 380 feet westerly of Bedford Avenue, a line midway between Sullivan Place and Empire Boulevard, and McKeever Place;2. changing from an R6 District to a C4-4D District property bounded by Sullivan Place, a line 380 feet westerly of Bedford Avenue, a line midway between Sullivan Place and Empire Boulevard, and McKeever Place; and3. changing from a C8-2 District to an C4-4D District property bounded by a line midway between Sullivan Place and Empire Boulevard, a line 380 feet westerly of Bedford Avenue, Empire Boulevard, and McKeever Place; as shown on a diagram (for illustrative purposes only) dated November 4, 2024, and subject to the conditions of CEQR Declaration E-806.","https://zap-api-production.herokuapp.com/projects/2021K0393?include=actions,milestones,dispositions,dispositions.action,users,assignments.user,packages,artifacts",https://zap.planning.nyc.gov/projects/2021K0393
2022K0167,2185 Coyle Street,2024,528,a1f85aa9-6cb4-ed11-9885-001dd806a1e0,2022K0167 - ZM - BK BP,Submitted,Conditional Favorable,,,"IN THE MATTER OF an application submitted by 2185 Coyle Associates LLC pursuant to Sections 197-c and 201 of the New York City Charter for an amendment of the Zoning Map, Section No. 29a: 1. eliminating from within an existing R4 District a C2-2 District bounded by a line 100 feet southerly of Avenue U, Bragg Street, Avenue Y, and Coyle Street; 2. changing from an R4 District to an R6A District property bounded by a line 100 feet southerly of Avenue U, Bragg Street, a line 100 feet northerly of Avenue Y, and a line midway between Bragg Street and Coyle Street; 3. changing from an R4 District to an R7A District property bounded by a line 100 feet southerly of Avenue U, a line midway between Bragg Street and Coyle Street, a line 100 feet northerly of Avenue Y, and Coyle Street;4. changing from an R4 District to an R7X District property bounded by a line 100 feet northerly of Avenue Y, Bragg Street, Avenue Y, and Coyle Street;5. establishing within the proposed R6A District a C2-4 District bounded by a line 100 feet southerly of Avenue U, Bragg Street, a line 100 feet northerly of Avenue Y, and a line midway between Bragg Street and Coyle Street;6. establishing within the proposed R7A District a C2-4 District bounded by a line 100 feet southerly of Avenue U, a line midway between Bragg Street and Coyle Street, a line 100 feet northerly of Avenue Y, and Coyle Street; and7. establishing within the proposed R7X District a C2-4 District bounded by a line 100 feet northerly of Avenue Y, Bragg Street, Avenue Y, and Coyle Street; Borough of Brooklyn, Community District 15, as shown on a diagram (for illustrative purposes only) dated August 5, 2024, and subject to the conditions of CEQR Declaration E-1004.","https://zap-api-production.herokuapp.com/projects/2022K0167?include=actions,milestones,dispositions,dispositions.action,users,assignments.user,packages,artifacts",https://zap.planning.nyc.gov/projects/2022K0167
2022K0167,2185 Coyle Street,2024,528,66feb9a5-6cb4-ed11-9885-001dd806ac02,2022K0167 - ZM - BK CB15,Submitted,,,Conditional Favorable,"IN THE MATTER OF an application submitted by 2185 Coyle Associates LLC pursuant to Sections 197-c and 201 of the New York City Charter for an amendment of the Zoning Map, Section No. 29a: 1. eliminating from within an existing R4 District a C2-2 District bounded by a line 100 feet southerly of Avenue U, Bragg Street, Avenue Y, and Coyle Street; 2. changing from an R4 District to an R6A District property bounded by a line 100 feet southerly of Avenue U, Bragg Street, a line 100 feet northerly of Avenue Y, and a line midway between Bragg Street and Coyle Street; 3. changing from an R4 District to an R7A District property bounded by a line 100 feet southerly of Avenue U, a line midway between Bragg Street and Coyle Street, a line 100 feet northerly of Avenue Y, and Coyle Street;4. changing from an R4 District to an R7X District property bounded by a line 100 feet northerly of Avenue Y, Bragg Street, Avenue Y, and Coyle Street;5. establishing within the proposed R6A District a C2-4 District bounded by a line 100 feet southerly of Avenue U, Bragg Street, a line 100 feet northerly of Avenue Y, and a line midway between Bragg Street and Coyle Street;6. establishing within the proposed R7A District a C2-4 District bounded by a line 100 feet southerly of Avenue U, a line midway between Bragg Street and Coyle Street, a line 100 feet northerly of Avenue Y, and Coyle Street; and7. establishing within the proposed R7X District a C2-4 District bounded by a line 100 feet northerly of Avenue Y, Bragg Street, Avenue Y, and Coyle Street; Borough of Brooklyn, Community District 15, as shown on a diagram (for illustrative purposes only) dated August 5, 2024, and subject to the conditions of CEQR Declaration E-1004.","https://zap-api-production.herokuapp.com/projects/2022K0167?include=actions,milestones,dispositions,dispositions.action,users,assignments.user,packages,artifacts",https://zap.planning.nyc.gov/projects/2022K0167
2022K0417,250 86th Street Rezoning,2024,529,143b9efa-d319-ee11-8f6d-001dd806a87b,2022K0417_ZM_BK BP,Submitted,Conditional Favorable,,,"IN THE MATTER OF an application submitted by Dr. Helen Kim pursuant to Sections 197-c and 201 of the New York City Charter for an amendment of the Zoning Map, Section No. 22b, changing from an R3-2 District to an R6B District property bounded by 86th Street, a line 100 feet westerly of 3rd Avenue, a line midway between 86th Street, and 87th Street, and a line 400 feet westerly of 3rd Avenue, as shown on a diagram (for illustrative purposes only) dated April 1, 2024.","https://zap-api-production.herokuapp.com/projects/2022K0417?include=actions,milestones,dispositions,dispositions.action,users,assignments.user,packages,artifacts",https://zap.planning.nyc.gov/projects/2022K0417
2022K0417,250 86th Street Rezoning,2024,529,19af45eb-d319-ee11-8f6d-001dd806a71e,2022K0417_ZM_BK CB10,Submitted,,,Unfavorable,"IN THE MATTER OF an application submitted by Dr. Helen Kim pursuant to Sections 197-c and 201 of the New York City Charter for an amendment of the Zoning Map, Section No. 22b, changing from an R3-2 District to an R6B District property bounded by 86th Street, a line 100 feet westerly of 3rd Avenue, a line midway between 86th Street, and 87th Street, and a line 400 feet westerly of 3rd Avenue, as shown on a diagram (for illustrative purposes only) dated April 1, 2024.","https://zap-api-production.herokuapp.com/projects/2022K0417?include=actions,milestones,dispositions,dispositions.action,users,assignments.user,packages,artifacts",https://zap.planning.nyc.gov/projects/2022K0417
2022K0423,962-972 Franklin Avenue Rezoning,2024,530,7d5a70bb-5e01-ee11-8847-001dd8095277,2022K0423_ZM_BK BP,Submitted,Unfavorable,,,"IN THE MATTER OF an application submitted by Franklin Ave Acquisition LLC, pursuant to Sections 197-c and 201 of the New York City Charter for an amendment of the Zoning Map, Section No. 16d: 1. changing from an R6A District to an R8A District property bounded by a line 285 feet southerly of Montgomery Street, Franklin Avenue, a line 150 feet northerly of Sullivan Place, and a line 100 feet easterly of Washington Avenue; and 2. establishing within the proposed R8A District a C2-4 District bounded by a line 285 feet southerly of Montgomery Street, Franklin Avenue, a line 575 feet southerly of Montgomery Street, and a line 100 feet westerly of Franklin Avenue; Borough of Brooklyn, Community District 9, as shown on a diagram (for illustrative purposes only) dated May 13, 2024, and subject to the conditions of CEQR Declaration E-728.","https://zap-api-production.herokuapp.com/projects/2022K0423?include=actions,milestones,dispositions,dispositions.action,users,assignments.user,packages,artifacts",https://zap.planning.nyc.gov/projects/2022K0423
2022K0423,962-972 Franklin Avenue Rezoning,2024,530,fa3960b5-5e01-ee11-8847-001dd8095277,2022K0423_ZM_BK CB9,Submitted,,,Unfavorable,"IN THE MATTER OF an application submitted by Franklin Ave Acquisition LLC, pursuant to Sections 197-c and 201 of the New York City Charter for an amendment of the Zoning Map, Section No. 16d: 1. changing from an R6A District to an R8A District property bounded by a line 285 feet southerly of Montgomery Street, Franklin Avenue, a line 150 feet northerly of Sullivan Place, and a line 100 feet easterly of Washington Avenue; and 2. establishing within the proposed R8A District a C2-4 District bounded by a line 285 feet southerly of Montgomery Street, Franklin Avenue, a line 575 feet southerly of Montgomery Street, and a line 100 feet westerly of Franklin Avenue; Borough of Brooklyn, Community District 9, as shown on a diagram (for illustrative purposes only) dated May 13, 2024, and subject to the conditions of CEQR Declaration E-728.","https://zap-api-production.herokuapp.com/projects/2022K0423?include=actions,milestones,dispositions,dispositions.action,users,assignments.user,packages,artifacts",https://zap.planning.nyc.gov/projects/2022K0423
2022K0423,962-972 Franklin Avenue Rezoning,2024,530,9a5a70bb-5e01-ee11-8847-001dd8095277,2022K0423_ZS_BK BP,Submitted,Unfavorable,,,"IN THE MATTER OF an application submitted by Franklin Ave Acquisition LLC, pursuant to Sections 197-c and 201 of the New York City Charter for the grant of a special permit pursuant to Section 74-533 of the Zoning Resolution to reduce the number of required accessory off-street parking spaces for dwelling units in a development within the Transit Zone, that includes at least 20 percent of all dwelling units as income-restricted housing units, in connection with a proposed mixed-use development on property located at 962-972 Franklin Avenue (Block 1192, Lots 63 and 66), in R8A* and R8A/C2-4* Districts, Borough of Brooklyn, Community District 9. *Note: This site is proposed to be rezoned by changing an existing R6A District to R8A and R8A/C2-4 Districts under a concurrent related application (C 230356 ZMK). Plans for this proposal are on file with the City Planning Commission and may be seen on the Zoning Application Portal at https://zap.planning.nyc.gov/projects/2022K0423, or the Department of City Planning, 120 Broadway, 31st Floor, New York, N.Y. 10271-0001.","https://zap-api-production.herokuapp.com/projects/2022K0423?include=actions,milestones,dispositions,dispositions.action,users,assignments.user,packages,artifacts",https://zap.planning.nyc.gov/projects/2022K0423
2022K0423,962-972 Franklin Avenue Rezoning,2024,530,113a60b5-5e01-ee11-8847-001dd8095277,2022K0423_ZS_BK CB9,Submitted,,,Unfavorable,"IN THE MATTER OF an application submitted by Franklin Ave Acquisition LLC, pursuant to Sections 197-c and 201 of the New York City Charter for the grant of a special permit pursuant to Section 74-533 of the Zoning Resolution to reduce the number of required accessory off-street parking spaces for dwelling units in a development within the Transit Zone, that includes at least 20 percent of all dwelling units as income-restricted housing units, in connection with a proposed mixed-use development on property located at 962-972 Franklin Avenue (Block 1192, Lots 63 and 66), in R8A* and R8A/C2-4* Districts, Borough of Brooklyn, Community District 9. *Note: This site is proposed to be rezoned by changing an existing R6A District to R8A and R8A/C2-4 Districts under a concurrent related application (C 230356 ZMK). Plans for this proposal are on file with the City Planning Commission and may be seen on the Zoning Application Portal at https://zap.planning.nyc.gov/projects/2022K0423, or the Department of City Planning, 120 Broadway, 31st Floor, New York, N.Y. 10271-0001.","https://zap-api-production.herokuapp.com/projects/2022K0423?include=actions,milestones,dispositions,dispositions.action,users,assignments.user,packages,artifacts",https://zap.planning.nyc.gov/projects/2022K0423
2023K0172,3033 Avenue V Rezoning,2024,534,667b5cbe-fe78-ee11-9ae5-001dd804e2db,2023K0172_ZM_BK BP,Submitted,Conditional Favorable,,,"IN THE MATTER OF an application submitted by Ford Coyle Properties Inc. pursuant to Sections 197-c and 201 of the New York City Charter for the amendment of the Zoning Map, Section No. 29a: 1. eliminating from within an existing R4 District a C1-2 District bounded by a line 100 feet northerly of Avenue V, Coyle Street, Avenue V, and Ford Street; 2. changing from an R4 District to an R7D District property bounded by a line 100 feet northerly of Avenue V, Coyle Street, Avenue V, and Ford Street; and 3. establishing within the proposed R7D District a C2-4 District bounded by a line 100 feet northerly of Avenue V, Coyle Street, Avenue V, and Ford Street; as shown on a diagram (for illustrative purposes only) dated March 18, 2024, and subject to the conditions of the CEQR Declaration E-752.","https://zap-api-production.herokuapp.com/projects/2023K0172?include=actions,milestones,dispositions,dispositions.action,users,assignments.user,packages,artifacts",https://zap.planning.nyc.gov/projects/2023K0172
2023K0172,3033 Avenue V Rezoning,2024,534,31713bb5-fe78-ee11-9ae5-001dd804e197,2023K0172_ZM_BK CB15,Submitted,,,Conditional Favorable,"IN THE MATTER OF an application submitted by Ford Coyle Properties Inc. pursuant to Sections 197-c and 201 of the New York City Charter for the amendment of the Zoning Map, Section No. 29a: 1. eliminating from within an existing R4 District a C1-2 District bounded by a line 100 feet northerly of Avenue V, Coyle Street, Avenue V, and Ford Street; 2. changing from an R4 District to an R7D District property bounded by a line 100 feet northerly of Avenue V, Coyle Street, Avenue V, and Ford Street; and 3. establishing within the proposed R7D District a C2-4 District bounded by a line 100 feet northerly of Avenue V, Coyle Street, Avenue V, and Ford Street; as shown on a diagram (for illustrative purposes only) dated March 18, 2024, and subject to the conditions of the CEQR Declaration E-752.","https://zap-api-production.herokuapp.com/projects/2023K0172?include=actions,milestones,dispositions,dispositions.action,users,assignments.user,packages,artifacts",https://zap.planning.nyc.gov/projects/2023K0172
P2017K0249,150 Mill Street Rezoning,2024,536,31568528-ff00-ec11-94ee-001dd8309613,P2017K0249 - ZM - BK BP,Submitted,Unfavorable,,,"IN THE MATTER OF an application submitted by 150 Mill Street, LLC pursuant to Sections 197-c and 201 of the New York City Charter for an amendment of the Zoning Map, Section Nos. 16a and 16c, by changing from an M1-1 District to an M1-5 District property bounded Mill Street, the westerly side of Hamilton Avenue, Centre Street, a line 70 feet southwesterly of Hamilton Avenue and a line midway between Mill Street and Centre Street, and a line 100 feet easterly of Clinton Street, as shown on a diagram (for illustrative purposes only) dated March 4, 2024, and subject to the conditions of CEQR Declaration E-699.","https://zap-api-production.herokuapp.com/projects/P2017K0249?include=actions,milestones,dispositions,dispositions.action,users,assignments.user,packages,artifacts",https://zap.planning.nyc.gov/projects/P2017K0249
P2017K0249,150 Mill Street Rezoning,2024,536,b4a60523-ff00-ec11-94ee-001dd83097a4,P2017K0249 - ZM - BK CB6,Submitted,,,Conditional Favorable,"IN THE MATTER OF an application submitted by 150 Mill Street, LLC pursuant to Sections 197-c and 201 of the New York City Charter for an amendment of the Zoning Map, Section Nos. 16a and 16c, by changing from an M1-1 District to an M1-5 District property bounded Mill Street, the westerly side of Hamilton Avenue, Centre Street, a line 70 feet southwesterly of Hamilton Avenue and a line midway between Mill Street and Centre Street, and a line 100 feet easterly of Clinton Street, as shown on a diagram (for illustrative purposes only) dated March 4, 2024, and subject to the conditions of CEQR Declaration E-699.","https://zap-api-production.herokuapp.com/projects/P2017K0249?include=actions,milestones,dispositions,dispositions.action,users,assignments.user,packages,artifacts",https://zap.planning.nyc.gov/projects/P2017K0249
2020M0486,Malcolm Shabazz Harlem Plaza,2024,537,389be677-6fe5-ee11-904d-001dd804eab2,2020M0486_HA_MN BP,Submitted,Conditional Favorable,,,"IN THE MATTER OF an application submitted by the Department of Housing Preservation and Development (HPD) 1) pursuant to Article 16 of the General Municipal Law of New York State for: a. the designation of property located at 73 West 115th Street and 52-58 West 116th Street (Block 1599, Lots 9, 61, 62, 64) as an Urban Development Action Area; and b. an Urban Development Action Area Project for such area; and 2) pursuant to Section 197-c of the New York City Charter for the disposition of such property to a developer to be selected by HPD; to facilitate the construction of a nine-story mixed-use building containing approximately 108 affordable housing units, and community facility space, Borough of Manhattan, Community District 10.","https://zap-api-production.herokuapp.com/projects/2020M0486?include=actions,milestones,dispositions,dispositions.action,users,assignments.user,packages,artifacts",https://zap.planning.nyc.gov/projects/2020M0486
2020M0486,Malcolm Shabazz Harlem Plaza,2024,537,a056ee71-6fe5-ee11-904d-001dd804eab2,"2020M0486_HA_Whyte, Minah",Submitted,,,Favorable,"IN THE MATTER OF an application submitted by the Department of Housing Preservation and Development (HPD) 1) pursuant to Article 16 of the General Municipal Law of New York State for: a. the designation of property located at 73 West 115th Street and 52-58 West 116th Street (Block 1599, Lots 9, 61, 62, 64) as an Urban Development Action Area; and b. an Urban Development Action Area Project for such area; and 2) pursuant to Section 197-c of the New York City Charter for the disposition of such property to a developer to be selected by HPD; to facilitate the construction of a nine-story mixed-use building containing approximately 108 affordable housing units, and community facility space, Borough of Manhattan, Community District 10.","https://zap-api-production.herokuapp.com/projects/2020M0486?include=actions,milestones,dispositions,dispositions.action,users,assignments.user,packages,artifacts",https://zap.planning.nyc.gov/projects/2020M0486
2022M0159,135th Street Rezoning,2024,538,961a7b26-5a9b-ed11-aad0-001dd806a1e0,2022M0159 - ZM - MN BP,Submitted,Conditional Favorable,,,"IN THE MATTER OF an application submitted by Crosscap Holdings LLC pursuant to Sections 197-c and 201 of the New York City Charter for an amendment of the Zoning Map, Section No. 5c: 1. changing from an M1-1 District to an R7-2 District property bounded by a line 365 feet northeasterly of West 135th Street, 12th Avenue, West 135th Street, and the westerly boundary of line of a Railroad Right of Way; 2. establishing within the proposed R7-2 District a C2-4 District bounded by a line 365 feet northeasterly of West 135th Street, 12th Avenue, West 135th Street, and the westerly boundary of line of a Railroad Right of Way; and 3. establishing a Special Manhattanville Mixed Use District (MMU) bounded by a line 365 feet northeasterly of West 135th Street, 12th Avenue, West 135th Street, and a westerly boundary of line of the Railroad Right of Way; Borough of Manhattan, Community District 9, as shown on a diagram (for illustrative purposes only) dated April 1, 2024, and subject to the conditions of CEQR Declaration E-761.","https://zap-api-production.herokuapp.com/projects/2022M0159?include=actions,milestones,dispositions,dispositions.action,users,assignments.user,packages,artifacts",https://zap.planning.nyc.gov/projects/2022M0159
2022M0159,135th Street Rezoning,2024,538,59afd31c-5a9b-ed11-aad0-001dd806aad2,2022M0159 - ZM - MN CB9,Submitted,,,Unfavorable,"IN THE MATTER OF an application submitted by Crosscap Holdings LLC pursuant to Sections 197-c and 201 of the New York City Charter for an amendment of the Zoning Map, Section No. 5c: 1. changing from an M1-1 District to an R7-2 District property bounded by a line 365 feet northeasterly of West 135th Street, 12th Avenue, West 135th Street, and the westerly boundary of line of a Railroad Right of Way; 2. establishing within the proposed R7-2 District a C2-4 District bounded by a line 365 feet northeasterly of West 135th Street, 12th Avenue, West 135th Street, and the westerly boundary of line of a Railroad Right of Way; and 3. establishing a Special Manhattanville Mixed Use District (MMU) bounded by a line 365 feet northeasterly of West 135th Street, 12th Avenue, West 135th Street, and a westerly boundary of line of the Railroad Right of Way; Borough of Manhattan, Community District 9, as shown on a diagram (for illustrative purposes only) dated April 1, 2024, and subject to the conditions of CEQR Declaration E-761.","https://zap-api-production.herokuapp.com/projects/2022M0159?include=actions,milestones,dispositions,dispositions.action,users,assignments.user,packages,artifacts",https://zap.planning.nyc.gov/projects/2022M0159
2022M0159,135th Street Rezoning,2024,538,8a1a7b26-5a9b-ed11-aad0-001dd806a1e0,2022M0159 - ZS - MN BP,Submitted,Conditional Favorable,,,"IN THE MATTER OF an application submitted by Crosscap Holdings LLC pursuant to Sections 197-c and 201 of the New York City Charter for the grant of a special permit pursuant to Section 104-60 of the Zoning Resolution to modify the rear yard regulations of Section 23-52 (Special Provisions for Shallow Interior Lots) and the lot coverage requirements of Section 23-153 (For Quality Housing buildings), in connection with a proposed 7-story mixed use building, on property located at 701 West 135th Street (Block 2101, Lot 58), in an R7-2/C2-4* District, within a Special Manhattanville Mixed Use District (MMU)*, Borough of Manhattan, Community District 9. *Note: The site is proposed to be rezoned by changing an existing M1-1 District to an R7-2/C2-4/MMU District, under a concurrent related application for a Zoning Map change (C 230206 ZMM). Plans for this proposal are on file with the City Planning Commission and may be seen on the Zoning Application Portal at https://zap.planning.nyc.gov/projects/2022M0159 or at the Department of City Planning, 120 Broadway, 31st Floor, New York, NY 10271-0001.","https://zap-api-production.herokuapp.com/projects/2022M0159?include=actions,milestones,dispositions,dispositions.action,users,assignments.user,packages,artifacts",https://zap.planning.nyc.gov/projects/2022M0159
2022M0159,135th Street Rezoning,2024,538,a21a7b26-5a9b-ed11-aad0-001dd806a1e0,2022M0159 - ZS - MN BP,Submitted,Conditional Favorable,,,"IN THE MATTER OF an application submitted by Crosscap Holdings LLC pursuant to Sections 197-c and 201 of the New York City Charter for the grant of a special permit pursuant to Section 104-60 of the Zoning Resolution to modify the rear yard regulations of Section 23-52 (Special Provisions for Shallow Interior Lots) and the lot coverage requirements of Section 23-153 (For Quality Housing buildings), in connection with a proposed 7-story mixed use building, on property located at 701 West 135th Street (Block 2101, Lot 58), in an R7-2/C2-4* District, within a Special Manhattanville Mixed Use District (MMU)*, Borough of Manhattan, Community District 9. *Note: The site is proposed to be rezoned by changing an existing M1-1 District to an R7-2/C2-4/MMU District, under a concurrent related application for a Zoning Map change (C 230206 ZMM). Plans for this proposal are on file with the City Planning Commission and may be seen on the Zoning Application Portal at https://zap.planning.nyc.gov/projects/2022M0159 or at the Department of City Planning, 120 Broadway, 31st Floor, New York, NY 10271-0001.","https://zap-api-production.herokuapp.com/projects/2022M0159?include=actions,milestones,dispositions,dispositions.action,users,assignments.user,packages,artifacts",https://zap.planning.nyc.gov/projects/2022M0159
2022M0159,135th Street Rezoning,2024,538,3eafd31c-5a9b-ed11-aad0-001dd806aad2,2022M0159 - ZS - MN CB9,Submitted,,,Unfavorable,"IN THE MATTER OF an application submitted by Crosscap Holdings LLC pursuant to Sections 197-c and 201 of the New York City Charter for the grant of a special permit pursuant to Section 74-681(a)(1) of the Zoning Resolution to allow a portion of the railroad or transit right-of-way or yard which will be completely covered over by a permanent platform to be included in the lot area for a proposed 7-story mixed use building on property located at 701 West 135th Street (Block 2101, Lot 58), in an R7-2/C2-4* District, within a Special Manhattanville Mixed Use District (MMU)*, Borough of Manhattan, Community District 9. *Note: The site is proposed to be rezoned by changing an existing M1-1 District to an R7-2/C2-4/MMU District, under a concurrent related application for a Zoning Map change (C 230206 ZMM). Plans for this proposal are on file with the City Planning Commission and may be seen on the Zoning Application Portal at https://zap.planning.nyc.gov/projects/2022M0159 or at the Department of City Planning, 120 Broadway, 31st Floor, New York, NY 10271-0001.","https://zap-api-production.herokuapp.com/projects/2022M0159?include=actions,milestones,dispositions,dispositions.action,users,assignments.user,packages,artifacts",https://zap.planning.nyc.gov/projects/2022M0159
2022M0159,135th Street Rezoning,2024,538,67afd31c-5a9b-ed11-aad0-001dd806aad2,2022M0159 - ZS - MN CB9,Submitted,,,Unfavorable,"IN THE MATTER OF an application submitted by Crosscap Holdings LLC pursuant to Sections 197-c and 201 of the New York City Charter for the grant of a special permit pursuant to Section 74-681(a)(1) of the Zoning Resolution to allow a portion of the railroad or transit right-of-way or yard which will be completely covered over by a permanent platform to be included in the lot area for a proposed 7-story mixed use building on property located at 701 West 135th Street (Block 2101, Lot 58), in an R7-2/C2-4* District, within a Special Manhattanville Mixed Use District (MMU)*, Borough of Manhattan, Community District 9. *Note: The site is proposed to be rezoned by changing an existing M1-1 District to an R7-2/C2-4/MMU District, under a concurrent related application for a Zoning Map change (C 230206 ZMM). Plans for this proposal are on file with the City Planning Commission and may be seen on the Zoning Application Portal at https://zap.planning.nyc.gov/projects/2022M0159 or at the Department of City Planning, 120 Broadway, 31st Floor, New York, NY 10271-0001.","https://zap-api-production.herokuapp.com/projects/2022M0159?include=actions,milestones,dispositions,dispositions.action,users,assignments.user,packages,artifacts",https://zap.planning.nyc.gov/projects/2022M0159
2023M0137,343 West 47th Street Demolition Special Permit,2024,540,69cc68d0-afbb-ee11-a569-001dd804eab2,2023M0137_ZS_MN BP,Submitted,Waiver of Recommendation,,,"IN THE MATTER OF an application submitted by Midtown West 47 St LLC pursuant to Sections 197-c and 201 of the New York City Charter for the grant of a special permit pursuant to Section 96-108 of the Zoning Resolution to allow the demolition of more than 20 percent of residential floor area of an existing 4-story building containing dwelling units, on property located at 343 West 47th Street (Block 1038, Lot 11), in an R8 District, within the Special Clinton District (Preservation Area). Plans for this proposal are on file with the City Planning Commission and may be seen at 120 Broadway, 31st Floor, New York, N.Y. 10271.","https://zap-api-production.herokuapp.com/projects/2023M0137?include=actions,milestones,dispositions,dispositions.action,users,assignments.user,packages,artifacts",https://zap.planning.nyc.gov/projects/2023M0137
2023M0137,343 West 47th Street Demolition Special Permit,2024,540,dc0424c8-afbb-ee11-a569-001dd804e2db,2023M0137_ZS_MN CB3,Deactivated,,,,"IN THE MATTER OF an application submitted by Midtown West 47 St LLC pursuant to Sections 197-c and 201 of the New York City Charter for the grant of a special permit pursuant to Section 96-108 of the Zoning Resolution to allow the demolition of more than 20 percent of residential floor area of an existing 4-story building containing dwelling units, on property located at 343 West 47th Street (Block 1038, Lot 11), in an R8 District, within the Special Clinton District (Preservation Area). Plans for this proposal are on file with the City Planning Commission and may be seen at 120 Broadway, 31st Floor, New York, N.Y. 10271.","https://zap-api-production.herokuapp.com/projects/2023M0137?include=actions,milestones,dispositions,dispositions.action,users,assignments.user,packages,artifacts",https://zap.planning.nyc.gov/projects/2023M0137
2023M0137,343 West 47th Street Demolition Special Permit,2024,540,144a049c-0429-ef11-840a-001dd804e781,2023M0137_ZS_MN CB4,Submitted,,,Conditional Favorable,"IN THE MATTER OF an application submitted by Midtown West 47 St LLC pursuant to Sections 197-c and 201 of the New York City Charter for the grant of a special permit pursuant to Section 96-108 of the Zoning Resolution to allow the demolition of more than 20 percent of residential floor area of an existing 4-story building containing dwelling units, on property located at 343 West 47th Street (Block 1038, Lot 11), in an R8 District, within the Special Clinton District (Preservation Area). Plans for this proposal are on file with the City Planning Commission and may be seen at 120 Broadway, 31st Floor, New York, N.Y. 10271.","https://zap-api-production.herokuapp.com/projects/2023M0137?include=actions,milestones,dispositions,dispositions.action,users,assignments.user,packages,artifacts",https://zap.planning.nyc.gov/projects/2023M0137
2019Q0302,South Jamaica Gateway Rezoning,2024,545,bd4d1ffd-210e-ef11-9f8a-001dd804e66d,2019Q0302_HA_QN BP,Submitted,Favorable,,,"IN THE MATTER OF an application submitted by the Department of Housing Preservation and Development (HPD):1. pursuant to Article 16 of the General Municipal Law of New York State for:a. the designation of property located at 106-01 Guy R. Brewer Boulevard (Block 10161, Lots 1, 3 and 9) as an Urban Development Action Area; and b. an Urban Development Action Area Project for such area; and 2. pursuant to Section 197-c of the New York City Charter for the disposition of property located at 106-01 Guy R. Brewer Boulevard (Block 10161, Lots 3 and 9) to a developer to be selected by HPD;to facilitate the development of a nine-story mixed use building containing approximately 78 Affordable Independent. Residence for Seniors (AIRS) units and community facility space, Borough of Queens, Community District 12.","https://zap-api-production.herokuapp.com/projects/2019Q0302?include=actions,milestones,dispositions,dispositions.action,users,assignments.user,packages,artifacts",https://zap.planning.nyc.gov/projects/2019Q0302
2019Q0302,South Jamaica Gateway Rezoning,2024,545,fc60e7ef-210e-ef11-9f8a-001dd804e9c0,2019Q0302_HA_QN CB12,Submitted,,,Favorable,"IN THE MATTER OF an application submitted by the Department of Housing Preservation and Development (HPD):1. pursuant to Article 16 of the General Municipal Law of New York State for:a. the designation of property located at 106-01 Guy R. Brewer Boulevard (Block 10161, Lots 1, 3 and 9) as an Urban Development Action Area; and b. an Urban Development Action Area Project for such area; and 2. pursuant to Section 197-c of the New York City Charter for the disposition of property located at 106-01 Guy R. Brewer Boulevard (Block 10161, Lots 3 and 9) to a developer to be selected by HPD;to facilitate the development of a nine-story mixed use building containing approximately 78 Affordable Independent. Residence for Seniors (AIRS) units and community facility space, Borough of Queens, Community District 12.","https://zap-api-production.herokuapp.com/projects/2019Q0302?include=actions,milestones,dispositions,dispositions.action,users,assignments.user,packages,artifacts",https://zap.planning.nyc.gov/projects/2019Q0302
2019Q0302,South Jamaica Gateway Rezoning,2024,545,ce4c1ffd-210e-ef11-9f8a-001dd804e66d,2019Q0302_ZM_QN BP,Submitted,Favorable,,,"IN THE MATTER OF an application submitted by Fulcrum Properties LLC, The Briarwood Organization LLC. and the NYC Department of Housing Preservation and Development pursuant to Sections 197-c and 201 of the New York City Charter for an amendment of the Zoning Map, Section No. 14d: 1. 2. 3. 4. changing from an R4 District to an R7A District property bounded by a line 100 feet southeasterly of Tukegee Airmen Way, a line midway between Guy R. Brewer Boulevard and Union Hall Street, a line 125 feet southeasterly of Tukegee Airmen Way, and Union Hall Street; changing from an R5B District to an R7A District property bounded by the southwesterly centerline prolongation of 104th Road, a line 105 feet northeasterly of Guy R. Brewer Boulevard, a line perpendicular to the northeasterly street line of Guy R. Brewer Boulevard distant 100 feet south easterly (as measured along the street line) from the point of intersection of the northeasterly street line of Guy R. Brewer Boulevard and the southeasterly street line of Tukegee Airmen Way, and a line midway between 164th Street and Guy R. Brewer Boulevard; changing from an R5D District to an R7A District property bounded by Tukegee Airmen Way, a line 105 feet northeasterly of Guy R. Brewer Boulevard, the southwesterly centerline prolongation of 104th Road, a line midway between 164th Street and Guy R. Brewer Boulevard, a line perpendicular to the northeasterly street line of Guy R. Brewer Boulevard distant 100 feet south easterly (as measured along the street line) from the point of intersection of the northeasterly street line of Guy R. Brewer Boulevard and the southeasterly street line of Tukegee Airmen Way, Guy R. Brewer Boulevard, a line 100 feet southeasterly of Tukegee Airmen Way, and Union Hall Street; and establishing within the proposed R7A District a C1-4 District bounded by: a. b. a line 100 feet southeasterly of Tukegee Airmen Way, a line midway between Guy R. Brewer Boulevard and Union Hall Street, a line 125 feet southeasterly of Tukegee Airmen Way, and Union Hall Street; and Tukegee Airmen Way, a line 105 feet northeasterly of Guy R. Brewer Boulevard, a line perpendicular to the northeasterly street line of Guy R. Brewer Boulevard distant 100 feet south easterly (as measured along the street line) from the point of intersection of the northeasterly street line of Guy R. Brewer Boulevard and the southeasterly street line of Tukegee Airmen Way, and a line midway between 164th Street and Guy R. Brewer Boulevard; as shown on a diagram (for illustrative purposes only) dated May 28, 2024, and subject to the conditions of CEQR Declaration E-768.","https://zap-api-production.herokuapp.com/projects/2019Q0302?include=actions,milestones,dispositions,dispositions.action,users,assignments.user,packages,artifacts",https://zap.planning.nyc.gov/projects/2019Q0302
2019Q0302,South Jamaica Gateway Rezoning,2024,545,dc60e7ef-210e-ef11-9f8a-001dd804e9c0,2019Q0302_ZM_QN CB12,Submitted,,,Favorable,"IN THE MATTER OF an application submitted by Fulcrum Properties LLC, The Briarwood Organization LLC. and the NYC Department of Housing Preservation and Development pursuant to Sections 197-c and 201 of the New York City Charter for an amendment of the Zoning Map, Section No. 14d: 1. 2. 3. 4. changing from an R4 District to an R7A District property bounded by a line 100 feet southeasterly of Tukegee Airmen Way, a line midway between Guy R. Brewer Boulevard and Union Hall Street, a line 125 feet southeasterly of Tukegee Airmen Way, and Union Hall Street; changing from an R5B District to an R7A District property bounded by the southwesterly centerline prolongation of 104th Road, a line 105 feet northeasterly of Guy R. Brewer Boulevard, a line perpendicular to the northeasterly street line of Guy R. Brewer Boulevard distant 100 feet south easterly (as measured along the street line) from the point of intersection of the northeasterly street line of Guy R. Brewer Boulevard and the southeasterly street line of Tukegee Airmen Way, and a line midway between 164th Street and Guy R. Brewer Boulevard; changing from an R5D District to an R7A District property bounded by Tukegee Airmen Way, a line 105 feet northeasterly of Guy R. Brewer Boulevard, the southwesterly centerline prolongation of 104th Road, a line midway between 164th Street and Guy R. Brewer Boulevard, a line perpendicular to the northeasterly street line of Guy R. Brewer Boulevard distant 100 feet south easterly (as measured along the street line) from the point of intersection of the northeasterly street line of Guy R. Brewer Boulevard and the southeasterly street line of Tukegee Airmen Way, Guy R. Brewer Boulevard, a line 100 feet southeasterly of Tukegee Airmen Way, and Union Hall Street; and establishing within the proposed R7A District a C1-4 District bounded by: a. b. a line 100 feet southeasterly of Tukegee Airmen Way, a line midway between Guy R. Brewer Boulevard and Union Hall Street, a line 125 feet southeasterly of Tukegee Airmen Way, and Union Hall Street; and Tukegee Airmen Way, a line 105 feet northeasterly of Guy R. Brewer Boulevard, a line perpendicular to the northeasterly street line of Guy R. Brewer Boulevard distant 100 feet south easterly (as measured along the street line) from the point of intersection of the northeasterly street line of Guy R. Brewer Boulevard and the southeasterly street line of Tukegee Airmen Way, and a line midway between 164th Street and Guy R. Brewer Boulevard; as shown on a diagram (for illustrative purposes only) dated May 28, 2024, and subject to the conditions of CEQR Declaration E-768.","https://zap-api-production.herokuapp.com/projects/2019Q0302?include=actions,milestones,dispositions,dispositions.action,users,assignments.user,packages,artifacts",https://zap.planning.nyc.gov/projects/2019Q0302
2021Q0283,123-12 Sutphin Boulevard Rezoning,2024,546,8a80ce03-09a5-ee11-be37-001dd804e9c0,2021Q0283_ZM_QN BP,Submitted,Conditional Favorable,,,"IN THE MATTER OF an application submitted by SBR Equities Inc. and Full Gospel Mission Church of God in Christ pursuant to Sections 197-c and 201 of the New York City Charter for an amendment of the Zoning Map, Section No. 18c: 1. changing from an R6 District to an R3A District property bounded by a line 220 feet southeasterly of 123rd Avenue, a line 150 feet northeasterly of 147th Street, a line 245 feet southeasterly of 123rd Avenue, and 147th Street; 2. changing from an R3A District to an R6A District property bounded by a line 115 feet northwesterly of 123rd Avenue, Sutphin Boulevard, a line 220 feet southeasterly of 123rd Avenue, a line 150 feet northeasterly of 147th Street, a line 100 ft southeasterly of 123rd Avenue, and a line 100 feet southwesterly of Sutphin Boulevard; and 3. changing from an R6 District to an R6A District property bounded by a line 220 feet southeasterly of 123rd Avenue, Sutphin Boulevard, a line 245 feet southeasterly of 123rd Avenue, and a line 150 feet northeasterly of 147th Street; Borough of Queens, Community District 12, as shown on a diagram (for illustrative purposes only) dated August 19, 2024, and subject to the conditions of CEQR Declaration E-1008.","https://zap-api-production.herokuapp.com/projects/2021Q0283?include=actions,milestones,dispositions,dispositions.action,users,assignments.user,packages,artifacts",https://zap.planning.nyc.gov/projects/2021Q0283
2021Q0283,123-12 Sutphin Boulevard Rezoning,2024,546,1c0b36fe-08a5-ee11-be37-001dd804efb7,2021Q0283_ZM_QN CB12,Submitted,,,,"IN THE MATTER OF an application submitted by SBR Equities Inc. and Full Gospel Mission Church of God in Christ pursuant to Sections 197-c and 201 of the New York City Charter for an amendment of the Zoning Map, Section No. 18c: 1. changing from an R6 District to an R3A District property bounded by a line 220 feet southeasterly of 123rd Avenue, a line 150 feet northeasterly of 147th Street, a line 245 feet southeasterly of 123rd Avenue, and 147th Street; 2. changing from an R3A District to an R6A District property bounded by a line 115 feet northwesterly of 123rd Avenue, Sutphin Boulevard, a line 220 feet southeasterly of 123rd Avenue, a line 150 feet northeasterly of 147th Street, a line 100 ft southeasterly of 123rd Avenue, and a line 100 feet southwesterly of Sutphin Boulevard; and 3. changing from an R6 District to an R6A District property bounded by a line 220 feet southeasterly of 123rd Avenue, Sutphin Boulevard, a line 245 feet southeasterly of 123rd Avenue, and a line 150 feet northeasterly of 147th Street; Borough of Queens, Community District 12, as shown on a diagram (for illustrative purposes only) dated August 19, 2024, and subject to the conditions of CEQR Declaration E-1008.","https://zap-api-production.herokuapp.com/projects/2021Q0283?include=actions,milestones,dispositions,dispositions.action,users,assignments.user,packages,artifacts",https://zap.planning.nyc.gov/projects/2021Q0283
2021Q0290,31-17 12th Street Rezoning,2024,547,a7c7fd3d-3214-ed11-82e3-001dd806902c,2021Q0290 - ZM - QN BP,Submitted,Favorable,,,"IN THE MATTER OF an application submitted by 31 17 19 1Z LLC pursuant to Sections 197c and 201 of the New York City Charter for an amendment of the Zoning Map, Section No. 9a, by changing from an R5B District to an R6B District property bounded by a line 100 feet southwesterly of 31st Avenue, a line 150 feet southeasterly of 12th Street, 31st Drive, and 12th Street, as shown on a diagram (for illustrative purposes only) dated March 4, 2024, and subject to the conditions of CEQR Declaration E-757.","https://zap-api-production.herokuapp.com/projects/2021Q0290?include=actions,milestones,dispositions,dispositions.action,users,assignments.user,packages,artifacts",https://zap.planning.nyc.gov/projects/2021Q0290
2021Q0290,31-17 12th Street Rezoning,2024,547,ab25f538-3214-ed11-82e3-001dd80693d0,2021Q0290 - ZM - QN CB1,Submitted,,,Favorable,"IN THE MATTER OF an application submitted by 31 17 19 1Z LLC pursuant to Sections 197c and 201 of the New York City Charter for an amendment of the Zoning Map, Section No. 9a, by changing from an R5B District to an R6B District property bounded by a line 100 feet southwesterly of 31st Avenue, a line 150 feet southeasterly of 12th Street, 31st Drive, and 12th Street, as shown on a diagram (for illustrative purposes only) dated March 4, 2024, and subject to the conditions of CEQR Declaration E-757.","https://zap-api-production.herokuapp.com/projects/2021Q0290?include=actions,milestones,dispositions,dispositions.action,users,assignments.user,packages,artifacts",https://zap.planning.nyc.gov/projects/2021Q0290
2022Q0133,21st Street Rezoning,2024,548,7b3ccc8a-deb9-ed11-9885-001dd806aad2,2022Q0133 - ZM - QN BP,Submitted,Favorable,,,"IN THE MATTER OF an application submitted by Astoria Park Warehouse LLC pursuant to Sections 197-c and 201 of the New York City Charter for an amendment of the Zoning Map, Section No. 9a: 1. eliminating from within an existing R5D District a C1-3 District bounded by 21st Street, a line 100 feet northeasterly of 24th Avenue, a line 125 feet southeasterly of 21st Street, and 24th Avenue; 2. changing from an R5B District to an R6A District property bounded by: a. 21st Street, 23rd Terrace, a line 100 feet southeasterly of 21st Street, and a line 100 feet northeasterly of 24th Avenue; b. 21st Street, 24th Avenue, a line 85 feet northwesterly of 23rd Street, and a line 100 feet southwesterly of 24th Avenue; 3. changing from an R5D District to an R6A District property bounded by 21st Street, a line 100 feet northeasterly of 24th Avenue, a line 125 feet southeasterly of 21st Street, and 24th Avenue; and 4. establishing within the proposed R6A District a C1-4 District bounded by 21st Street, 23rd Terrace, a line 100 feet southeasterly of 21st Street, a line 100 feet northeasterly of 24th Avenue, a line 125 feet southeasterly of 21st Street, 24th Avenue, a line 85 feet northwesterly of 23rd Street, and a line 100 feet southwesterly of 24th Avenue; Borough of Queens, Community District 1, as shown on a diagram (for illustrative purposes only) dated April 1, 2024, and subject to the conditions of CEQR Declaration E-762.","https://zap-api-production.herokuapp.com/projects/2022Q0133?include=actions,milestones,dispositions,dispositions.action,users,assignments.user,packages,artifacts",https://zap.planning.nyc.gov/projects/2022Q0133
2022Q0133,21st Street Rezoning,2024,548,a25d8a83-deb9-ed11-9884-001dd806af35,2022Q0133 - ZM - QN CB1,Submitted,,,Conditional Favorable,"IN THE MATTER OF an application submitted by Astoria Park Warehouse LLC pursuant to Sections 197-c and 201 of the New York City Charter for an amendment of the Zoning Map, Section No. 9a: 1. eliminating from within an existing R5D District a C1-3 District bounded by 21st Street, a line 100 feet northeasterly of 24th Avenue, a line 125 feet southeasterly of 21st Street, and 24th Avenue; 2. changing from an R5B District to an R6A District property bounded by: a. 21st Street, 23rd Terrace, a line 100 feet southeasterly of 21st Street, and a line 100 feet northeasterly of 24th Avenue; b. 21st Street, 24th Avenue, a line 85 feet northwesterly of 23rd Street, and a line 100 feet southwesterly of 24th Avenue; 3. changing from an R5D District to an R6A District property bounded by 21st Street, a line 100 feet northeasterly of 24th Avenue, a line 125 feet southeasterly of 21st Street, and 24th Avenue; and 4. establishing within the proposed R6A District a C1-4 District bounded by 21st Street, 23rd Terrace, a line 100 feet southeasterly of 21st Street, a line 100 feet northeasterly of 24th Avenue, a line 125 feet southeasterly of 21st Street, 24th Avenue, a line 85 feet northwesterly of 23rd Street, and a line 100 feet southwesterly of 24th Avenue; Borough of Queens, Community District 1, as shown on a diagram (for illustrative purposes only) dated April 1, 2024, and subject to the conditions of CEQR Declaration E-762.","https://zap-api-production.herokuapp.com/projects/2022Q0133?include=actions,milestones,dispositions,dispositions.action,users,assignments.user,packages,artifacts",https://zap.planning.nyc.gov/projects/2022Q0133
2023Q0289,102-51 Queens Boulevard Rezoning,2024,549,36cba72d-6cbc-ee11-a569-001dd804efb7,2023Q0289_ZM_QN BP,Submitted,Conditional Favorable,,,"IN THE MATTER OF an application submitted by QBM Properties LLC pursuant to Sections 197-c and 201 of the New York City Charter for an amendment of the Zoning Map, Section No. 14a:1. eliminating from within an existing R7-1 District a C1-2 District bounded by 68th Avenue, a line 150 feet northeasterly of Queens Boulevard, 68th Road, and Queens Boulevard;2. changing from an R7-1 District to an R8X district property bounded by 68th Avenue, a line perpendicular to the northwesterly street line of 68th Road distant 100 feet northeasterly (as measured along the street line) from the point of intersection of the northwesterly street line of 68th Road and the northeasterly street line of Queens Boulevard, 68th Road, and Queens Boulevard; and 3. establishing within the proposed R8X District a C2-4 District bounded by 68th Avenue, a line perpendicular to the northwesterly street line of 68th Road distant 100 feet northeasterly (as measured along the street line) from the point of intersection of the northwesterly street line of 68th Road and the northeasterly street line of Queens Boulevard, 68th Road, and Queens Boulevard;Borough of Queens, Community District 6, as shown on a diagram (for illustrative purposes only) October 15, 2024, and subject to the conditions of CEQR Declaration E-1010.","https://zap-api-production.herokuapp.com/projects/2023Q0289?include=actions,milestones,dispositions,dispositions.action,users,assignments.user,packages,artifacts",https://zap.planning.nyc.gov/projects/2023Q0289
2023Q0289,102-51 Queens Boulevard Rezoning,2024,549,d8521e0c-6cbc-ee11-a569-001dd804eab2,2023Q0289_ZM_QN CB6,Submitted,,,Conditional Favorable,"IN THE MATTER OF an application submitted by QBM Properties LLC pursuant to Sections 197-c and 201 of the New York City Charter for an amendment of the Zoning Map, Section No. 14a:1. eliminating from within an existing R7-1 District a C1-2 District bounded by 68th Avenue, a line 150 feet northeasterly of Queens Boulevard, 68th Road, and Queens Boulevard;2. changing from an R7-1 District to an R8X district property bounded by 68th Avenue, a line perpendicular to the northwesterly street line of 68th Road distant 100 feet northeasterly (as measured along the street line) from the point of intersection of the northwesterly street line of 68th Road and the northeasterly street line of Queens Boulevard, 68th Road, and Queens Boulevard; and 3. establishing within the proposed R8X District a C2-4 District bounded by 68th Avenue, a line perpendicular to the northwesterly street line of 68th Road distant 100 feet northeasterly (as measured along the street line) from the point of intersection of the northwesterly street line of 68th Road and the northeasterly street line of Queens Boulevard, 68th Road, and Queens Boulevard;Borough of Queens, Community District 6, as shown on a diagram (for illustrative purposes only) October 15, 2024, and subject to the conditions of CEQR Declaration E-1010.","https://zap-api-production.herokuapp.com/projects/2023Q0289?include=actions,milestones,dispositions,dispositions.action,users,assignments.user,packages,artifacts",https://zap.planning.nyc.gov/projects/2023Q0289
2023Q0366,122-03 14th Avenue Rezoning,2024,550,4a746790-57f7-ee11-904b-001dd804e781,2023Q0366_ZM_QN BP,Submitted,Conditional Favorable,,,"IN THE MATTER OF an application submitted by Northern 167 Property LLC pursuant to Sections 197-c and 201 of the New York City Charter for an amendment of the Zoning Map, Section No. 7b:1. eliminating from within an existing R4A District a C1-3 District bounded by a line 100 feet northerly of 14th Avenue, 123rd Street, 14th Avenue, and College Point Boulevard; 2. changing from an R4A District to an R6A District property bounded by a line 100 feet northerly of 14th Avenue, 123rd Street, 14th Avenue, and College Point Boulevard; and 3. establishing within the proposed R6A District a C2-4 District bounded by a line 100 feet northerly of 14th Avenue, 123rd Street, 14th Avenue, and College Point Boulevard; Borough of Queens, Community District 7, as shown on a diagram (for illustrative purposes only) September 9, 2024, and subject to the conditions of CEQR Declaration E-801.","https://zap-api-production.herokuapp.com/projects/2023Q0366?include=actions,milestones,dispositions,dispositions.action,users,assignments.user,packages,artifacts",https://zap.planning.nyc.gov/projects/2023Q0366
2023Q0366,122-03 14th Avenue Rezoning,2024,550,6ca5658a-57f7-ee11-904b-001dd804e781,2023Q0366_ZM_QN CB7,Submitted,,,Favorable,"IN THE MATTER OF an application submitted by Northern 167 Property LLC pursuant to Sections 197-c and 201 of the New York City Charter for an amendment of the Zoning Map, Section No. 7b:1. eliminating from within an existing R4A District a C1-3 District bounded by a line 100 feet northerly of 14th Avenue, 123rd Street, 14th Avenue, and College Point Boulevard; 2. changing from an R4A District to an R6A District property bounded by a line 100 feet northerly of 14th Avenue, 123rd Street, 14th Avenue, and College Point Boulevard; and 3. establishing within the proposed R6A District a C2-4 District bounded by a line 100 feet northerly of 14th Avenue, 123rd Street, 14th Avenue, and College Point Boulevard; Borough of Queens, Community District 7, as shown on a diagram (for illustrative purposes only) September 9, 2024, and subject to the conditions of CEQR Declaration E-801.","https://zap-api-production.herokuapp.com/projects/2023Q0366?include=actions,milestones,dispositions,dispositions.action,users,assignments.user,packages,artifacts",https://zap.planning.nyc.gov/projects/2023Q0366
2022X0156,5602-5604 Broadway Rezoning,2025,551,f9beba60-6edd-ee11-9079-001dd804e66d,2022X0156_ZM_BX BP,Submitted,Favorable,,,"IN THE MATTER OF an application submitted by Riverdale Garage Corp. pursuant to Sections 197-c and 201 of the New York City Charter for an amendment of the Zoning Map, Section No. 1d:1. changing from an M1-1 District to an R7-3 District property bounded by a line 220 feet southwesterly of West 233rd Street, Major Deegan Expressway, the southeasterly centerline prolongation of Naples Terrace, and Broadway; and 2. establishing within the proposed R7-3 District a C2-3 District bounded by a line 220 feet southwesterly of West 233rd Street, Major Deegan Expressway, the southeasterly centerline prolongation of Naples Terrace, and Broadway;as shown on a diagram (for illustrative purposes only) dated April 23, 2025, and subject to the conditions of CEQR Declaration E-843.","https://zap-api-production.herokuapp.com/projects/2022X0156?include=actions,milestones,dispositions,dispositions.action,users,assignments.user,packages,artifacts",https://zap.planning.nyc.gov/projects/2022X0156
2022X0156,5602-5604 Broadway Rezoning,2025,551,4d962556-6edd-ee11-9078-001dd804efb7,2022X0156_ZM_BX CB8,Submitted,,,Favorable,"IN THE MATTER OF an application submitted by Riverdale Garage Corp. pursuant to Sections 197-c and 201 of the New York City Charter for an amendment of the Zoning Map, Section No. 1d:1. changing from an M1-1 District to an R7-3 District property bounded by a line 220 feet southwesterly of West 233rd Street, Major Deegan Expressway, the southeasterly centerline prolongation of Naples Terrace, and Broadway; and 2. establishing within the proposed R7-3 District a C2-3 District bounded by a line 220 feet southwesterly of West 233rd Street, Major Deegan Expressway, the southeasterly centerline prolongation of Naples Terrace, and Broadway;as shown on a diagram (for illustrative purposes only) dated April 23, 2025, and subject to the conditions of CEQR Declaration E-843.","https://zap-api-production.herokuapp.com/projects/2022X0156?include=actions,milestones,dispositions,dispositions.action,users,assignments.user,packages,artifacts",https://zap.planning.nyc.gov/projects/2022X0156
2024X0237,Bally's Ferry Point map amendment,2025,553,773cad95-bfa6-ef11-8a6b-001dd804e781,2024X0237_MM_BX BP,Submitted,Conditional Favorable,,,"IN THE MATTER OF an application submitted by Bally’s New York Operating Company, LLC and the New York City Department of Parks and Recreation, pursuant to Sections 197-c and 199 of the New York City Charter for an amendment to the City Map involving: 1. the establishment of Ring Road; and2. the elimination of Park south of Schley Avenue; and3. the adjustment of grades and block dimensions necessitated thereby; including authorization for any acquisition or disposition of real property related thereto, in Community District 10, Borough of the Bronx, in accordance with Map No. 13154 dated January 15, 2025 and signed by the Borough President.","https://zap-api-production.herokuapp.com/projects/2024X0237?include=actions,milestones,dispositions,dispositions.action,users,assignments.user,packages,artifacts",https://zap.planning.nyc.gov/projects/2024X0237
2024X0237,Bally's Ferry Point map amendment,2025,553,56788b85-bfa6-ef11-8a6b-001dd804e197,2024X0237_MM_BX CB10,Submitted,,,Unfavorable,"IN THE MATTER OF an application submitted by Bally’s New York Operating Company, LLC and the New York City Department of Parks and Recreation, pursuant to Sections 197-c and 199 of the New York City Charter for an amendment to the City Map involving: 1. the establishment of Ring Road; and2. the elimination of Park south of Schley Avenue; and3. the adjustment of grades and block dimensions necessitated thereby; including authorization for any acquisition or disposition of real property related thereto, in Community District 10, Borough of the Bronx, in accordance with Map No. 13154 dated January 15, 2025 and signed by the Borough President.","https://zap-api-production.herokuapp.com/projects/2024X0237?include=actions,milestones,dispositions,dispositions.action,users,assignments.user,packages,artifacts",https://zap.planning.nyc.gov/projects/2024X0237
2024X0237,Bally's Ferry Point map amendment,2025,553,286acad9-c0d1-ef11-8eea-001dd804e781,2024X0237_PP_BX BP,Submitted,Conditional Favorable,,,"IN THE MATTER OF an application submitted by the Department of Citywide Administrative Services (DCAS), pursuant to Section 197-c of the New York City Charter, for the disposition of property located at Ferry Point Park (Block 5622, p/o Lot 1) for a non-exclusive access easement over a waterfront access roadway, Borough of the Bronx, Community District 10.","https://zap-api-production.herokuapp.com/projects/2024X0237?include=actions,milestones,dispositions,dispositions.action,users,assignments.user,packages,artifacts",https://zap.planning.nyc.gov/projects/2024X0237
2024X0237,Bally's Ferry Point map amendment,2025,553,226acad9-c0d1-ef11-8eea-001dd804e781,2024X0237_PP_BX CB10,Submitted,,,Unfavorable,"IN THE MATTER OF an application submitted by the Department of Citywide Administrative Services (DCAS), pursuant to Section 197-c of the New York City Charter, for the disposition of property located at Ferry Point Park (Block 5622, p/o Lot 1) for a non-exclusive access easement over a waterfront access roadway, Borough of the Bronx, Community District 10.","https://zap-api-production.herokuapp.com/projects/2024X0237?include=actions,milestones,dispositions,dispositions.action,users,assignments.user,packages,artifacts",https://zap.planning.nyc.gov/projects/2024X0237
2021K0450,Herkimer-Williams,2025,557,f790dfed-3a2c-f011-8c4d-001dd806079d,2021K0450_PC_BK BP,Submitted,Waiver of Recommendation,,,"IN THE MATTER OF an application submitted by the Department of Citywide Administrative Services and the Economic Development Corporation, pursuant to Section 197-c of the New York City Charter, for acquisition of property located at Block 1555, Lot 19, Borough of Brooklyn, Community District 5, and for site selection of such property for publicly accessible open space.","https://zap-api-production.herokuapp.com/projects/2021K0450?include=actions,milestones,dispositions,dispositions.action,users,assignments.user,packages,artifacts",https://zap.planning.nyc.gov/projects/2021K0450
2021K0450,Herkimer-Williams,2025,557,201adfd6-3a2c-f011-8c4d-001dd8029d6b,2021K0450_PC_BK CB5,Submitted,,,Conditional Unfavorable,"IN THE MATTER OF an application submitted by the Department of Citywide Administrative Services and the Economic Development Corporation, pursuant to Section 197-c of the New York City Charter, for acquisition of property located at Block 1555, Lot 19, Borough of Brooklyn, Community District 5, and for site selection of such property for publicly accessible open space.","https://zap-api-production.herokuapp.com/projects/2021K0450?include=actions,milestones,dispositions,dispositions.action,users,assignments.user,packages,artifacts",https://zap.planning.nyc.gov/projects/2021K0450
2021K0450,Herkimer-Williams,2025,557,3890dfed-3a2c-f011-8c4d-001dd806079d,2021K0450_ZM_BK BP,Submitted,Waiver of Recommendation,,,"IN THE MATTER OF an application submitted by Broadway Junction Partners LLC pursuant to Sections 197-c and 201 of the New York City Charter for an amendment of the Zoning Map, Section No. 17c: 1. changing from an M1-2 District to a C6-4 District property bounded by Fulton Street, East New York Avenue, a line perpendicular to the northwesterly street line of East New York Avenue, distant 160 feet southwesterly (as measured along the street line) from the point of intersection of the northwesterly street line of East New York Avenue and the southwesterly street line of Fulton Street, Herkimer Street, Williams Place, East New York Avenue, and Van Sinderen Avenue; and 2. changing from an M1-2 District to an M1-6 District property bounded by Herkimer Street, a line perpendicular to the northwesterly street line of East New York Avenue, distant 160 feet southwesterly (as measured along the street line) from the point of intersection of the northwesterly street line of East New York Avenue and the southwesterly street line of Fulton Street, East New York Avenue, and Williams Place; Borough of Brooklyn, Community District 5, as shown on a diagram (for illustrative purposes only) dated June 2, 2025, and subject to the conditions of CEQR Declaration E-857.","https://zap-api-production.herokuapp.com/projects/2021K0450?include=actions,milestones,dispositions,dispositions.action,users,assignments.user,packages,artifacts",https://zap.planning.nyc.gov/projects/2021K0450
2021K0450,Herkimer-Williams,2025,557,e119dfd6-3a2c-f011-8c4d-001dd8029d6b,2021K0450_ZM_BK CB5,Submitted,,,Conditional Unfavorable,"IN THE MATTER OF an application submitted by Broadway Junction Partners LLC pursuant to Sections 197-c and 201 of the New York City Charter for an amendment of the Zoning Map, Section No. 17c: 1. changing from an M1-2 District to a C6-4 District property bounded by Fulton Street, East New York Avenue, a line perpendicular to the northwesterly street line of East New York Avenue, distant 160 feet southwesterly (as measured along the street line) from the point of intersection of the northwesterly street line of East New York Avenue and the southwesterly street line of Fulton Street, Herkimer Street, Williams Place, East New York Avenue, and Van Sinderen Avenue; and 2. changing from an M1-2 District to an M1-6 District property bounded by Herkimer Street, a line perpendicular to the northwesterly street line of East New York Avenue, distant 160 feet southwesterly (as measured along the street line) from the point of intersection of the northwesterly street line of East New York Avenue and the southwesterly street line of Fulton Street, East New York Avenue, and Williams Place; Borough of Brooklyn, Community District 5, as shown on a diagram (for illustrative purposes only) dated June 2, 2025, and subject to the conditions of CEQR Declaration E-857.","https://zap-api-production.herokuapp.com/projects/2021K0450?include=actions,milestones,dispositions,dispositions.action,users,assignments.user,packages,artifacts",https://zap.planning.nyc.gov/projects/2021K0450
2021K0450,Herkimer-Williams,2025,557,a74fe7e7-3a2c-f011-8c4d-001dd806079d,2021K0450_ZS_BK BP,Submitted,Waiver of Recommendation,,,"IN THE MATTER OF an application submitted by Broadway Junction Partners LLC pursuant to Sections 197-c and 201 of the New York City Charter for the grant of a special permit pursuant to Section 74-161 of the Zoning Resolution to modify the 10,000 square-foot size limitation for Use Group VI (Retail Trade Establishments), in connection with a proposed commercial development, on property located on the easterly side of Williams Place between Herkimer Street and East New York Avenue (Block 1577, Lots 1, 7, 56, and 58), in C6-4* and M1-6* Districts, Borough of Brooklyn, Community District 5. *Note: This site is proposed to be rezoned by changing an existing M1-2 District to C6-4 and M1-6 Districts, under a concurrent related application for a Zoning Map Change (C 250285 ZMK). Plans for this proposal are on file with the City Planning Commission and may be seen on the Zoning Application Portal at https://zap.planning.nyc.gov/projects/2021K0450 or the Department of City Planning, 120 Broadway, 31st Floor, New York, NY, 10271-0001.","https://zap-api-production.herokuapp.com/projects/2021K0450?include=actions,milestones,dispositions,dispositions.action,users,assignments.user,packages,artifacts",https://zap.planning.nyc.gov/projects/2021K0450
2021K0450,Herkimer-Williams,2025,557,7790dfed-3a2c-f011-8c4d-001dd806079d,2021K0450_ZS_BK BP,Submitted,Waiver of Recommendation,,,"IN THE MATTER OF an application submitted by Broadway Junction Partners LLC pursuant to Sections 197-c and 201 of the New York City Charter for the grant of special permits pursuant to the following Sections of the Zoning Resolution: 1. Section 74-743(a)(1) - to allow the distribution of total allowable floor area without regard for the zoning lot lines or district boundaries; and 2. Section 74-743(a)(2) - to allow the location of buildings without regard for the rear yard regulations of Sections 23-34 (Rear Yard and Rear Yard Equivalent Requirements), 33-26 (Minimum Required Rear Yards), 33-28 (Special Provisions for Through Lots), 43-26 (Minimum Required Rear Yards), and 43-28 (Special Provisions for Through Lots), and the height and setback regulations of Sections 23-432 (Height and setback requirements), 23-433 (Standard setback regulations), and 43-43 (Maximum Height of Front Wall and Required Front Setbacks); in connection with a proposed mixed-use development, within a Large-Scale General Development bounded by a line 100 feet northerly of Herkimer Street, Williams Place, Fulton Street, East New York Avenue, Williams Place, a line 98.58 feet northerly of Atlantic Avenue, a line 25 feet easterly of Van Sinderen Avenue, Atlantic Avenue, Van Sinderen Avenue, a line 236.58 feet northerly of Atlantic Avenue, a line 90 feet easterly of Van Sinderen Avenue, Herkimer Street, and Van Sinderen Avenue (Block 1555, Lots 19 and p/o 1; Block 1576, Lots 1, 34, and p/o 13; and Block 1577, Lots 1, 7, 17, 26, 32, 35, 51, 53, 56, and 58), in C6-4* and M1-6* Districts, Borough of Brooklyn, Community District 5. *Note: This site is proposed to be rezoned by changing an existing M1-2 District to C6-4 and M1-6 Districts, under a concurrent related application for a Zoning Map Change (C 250285 ZMK). Plans for this proposal are on file with the City Planning Commission and may be seen on the Zoning Application Portal at https://zap.planning.nyc.gov/projects/2021K0450 or the Department of City Planning, 120 Broadway, 31st Floor, New York, NY, 10271.","https://zap-api-production.herokuapp.com/projects/2021K0450?include=actions,milestones,dispositions,dispositions.action,users,assignments.user,packages,artifacts",https://zap.planning.nyc.gov/projects/2021K0450
2021K0450,Herkimer-Williams,2025,557,a219dfd6-3a2c-f011-8c4d-001dd8029d6b,2021K0450_ZS_BK CB5,Submitted,,,Conditional Unfavorable,"IN THE MATTER OF an application submitted by Broadway Junction Partners LLC pursuant to Sections 197-c and 201 of the New York City Charter for the grant of a special permit pursuant to Section 74-161 of the Zoning Resolution to modify the 10,000 square-foot size limitation for Use Group VI (Retail Trade Establishments), in connection with a proposed commercial development, on property located on the easterly side of Williams Place between Herkimer Street and East New York Avenue (Block 1577, Lots 1, 7, 56, and 58), in C6-4* and M1-6* Districts, Borough of Brooklyn, Community District 5. *Note: This site is proposed to be rezoned by changing an existing M1-2 District to C6-4 and M1-6 Districts, under a concurrent related application for a Zoning Map Change (C 250285 ZMK). Plans for this proposal are on file with the City Planning Commission and may be seen on the Zoning Application Portal at https://zap.planning.nyc.gov/projects/2021K0450 or the Department of City Planning, 120 Broadway, 31st Floor, New York, NY, 10271-0001.","https://zap-api-production.herokuapp.com/projects/2021K0450?include=actions,milestones,dispositions,dispositions.action,users,assignments.user,packages,artifacts",https://zap.planning.nyc.gov/projects/2021K0450
2021K0450,Herkimer-Williams,2025,557,f319dfd6-3a2c-f011-8c4d-001dd8029d6b,2021K0450_ZS_BK CB5,Submitted,,,Conditional Unfavorable,"IN THE MATTER OF an application submitted by Broadway Junction Partners LLC pursuant to Sections 197-c and 201 of the New York City Charter for the grant of special permits pursuant to the following Sections of the Zoning Resolution: 1. Section 74-743(a)(1) - to allow the distribution of total allowable floor area without regard for the zoning lot lines or district boundaries; and 2. Section 74-743(a)(2) - to allow the location of buildings without regard for the rear yard regulations of Sections 23-34 (Rear Yard and Rear Yard Equivalent Requirements), 33-26 (Minimum Required Rear Yards), 33-28 (Special Provisions for Through Lots), 43-26 (Minimum Required Rear Yards), and 43-28 (Special Provisions for Through Lots), and the height and setback regulations of Sections 23-432 (Height and setback requirements), 23-433 (Standard setback regulations), and 43-43 (Maximum Height of Front Wall and Required Front Setbacks); in connection with a proposed mixed-use development, within a Large-Scale General Development bounded by a line 100 feet northerly of Herkimer Street, Williams Place, Fulton Street, East New York Avenue, Williams Place, a line 98.58 feet northerly of Atlantic Avenue, a line 25 feet easterly of Van Sinderen Avenue, Atlantic Avenue, Van Sinderen Avenue, a line 236.58 feet northerly of Atlantic Avenue, a line 90 feet easterly of Van Sinderen Avenue, Herkimer Street, and Van Sinderen Avenue (Block 1555, Lots 19 and p/o 1; Block 1576, Lots 1, 34, and p/o 13; and Block 1577, Lots 1, 7, 17, 26, 32, 35, 51, 53, 56, and 58), in C6-4* and M1-6* Districts, Borough of Brooklyn, Community District 5. *Note: This site is proposed to be rezoned by changing an existing M1-2 District to C6-4 and M1-6 Districts, under a concurrent related application for a Zoning Map Change (C 250285 ZMK). Plans for this proposal are on file with the City Planning Commission and may be seen on the Zoning Application Portal at https://zap.planning.nyc.gov/projects/2021K0450 or the Department of City Planning, 120 Broadway, 31st Floor, New York, NY, 10271.","https://zap-api-production.herokuapp.com/projects/2021K0450?include=actions,milestones,dispositions,dispositions.action,users,assignments.user,packages,artifacts",https://zap.planning.nyc.gov/projects/2021K0450
2022K0179,347 Flushing Avenue,2025,558,de634cac-b1e4-ef11-9341-001dd804efb7,2022K0179_ZM_BK BP,Submitted,Favorable,,,"IN THE MATTER OF an application submitted by Flushing Condo Holdings LLC pursuant to Sections 197-c and 201 of the New York City Charter for an amendment of the Zoning Map, Section No. 12d: 1. changing from an M1-2 District to an R7-1 District property bounded by a line 100 feet northerly of Flushing Avenue, Kent Avenue, Flushing Avenue, and a line 90 feet westerly of Kent Avenue; 2. changing from an M1-2 District to an M1-5 District property bounded by a line 100 feet northerly of Flushing Avenue, a line 90 feet westerly of Kent Avenue, Flushing Avenue, and Classon Avenue; and 3. establishing within the proposed R7-1 District a C2-4 District bounded by a line 100 feet northerly of Flushing Avenue, Kent Avenue, Flushing Avenue, and a line 90 feet westerly of Kent Avenue; as shown on a diagram (for illustrative purposes only) dated February 3, 2025, and subject to the conditions of CEQR Declaration E-819.","https://zap-api-production.herokuapp.com/projects/2022K0179?include=actions,milestones,dispositions,dispositions.action,users,assignments.user,packages,artifacts",https://zap.planning.nyc.gov/projects/2022K0179
2022K0179,347 Flushing Avenue,2025,558,33a498a8-b1e4-ef11-9342-001dd804e9c0,2022K0179_ZM_BK CB1,Submitted,,,Favorable,"IN THE MATTER OF an application submitted by Flushing Condo Holdings LLC pursuant to Sections 197-c and 201 of the New York City Charter for an amendment of the Zoning Map, Section No. 12d: 1. changing from an M1-2 District to an R7-1 District property bounded by a line 100 feet northerly of Flushing Avenue, Kent Avenue, Flushing Avenue, and a line 90 feet westerly of Kent Avenue; 2. changing from an M1-2 District to an M1-5 District property bounded by a line 100 feet northerly of Flushing Avenue, a line 90 feet westerly of Kent Avenue, Flushing Avenue, and Classon Avenue; and 3. establishing within the proposed R7-1 District a C2-4 District bounded by a line 100 feet northerly of Flushing Avenue, Kent Avenue, Flushing Avenue, and a line 90 feet westerly of Kent Avenue; as shown on a diagram (for illustrative purposes only) dated February 3, 2025, and subject to the conditions of CEQR Declaration E-819.","https://zap-api-production.herokuapp.com/projects/2022K0179?include=actions,milestones,dispositions,dispositions.action,users,assignments.user,packages,artifacts",https://zap.planning.nyc.gov/projects/2022K0179
2022K0408,1946 East 7th Street Rezoning,2025,559,eb0fd3ac-90ca-ee11-907a-001dd804e197,2022K0408_ZM_BK BP,Submitted,Favorable,,,"IN THE MATTER OF an application submitted by Ahi Ezer Expansion Fund Inc pursuant to Sections 197-c and 201 of the New York City Charter for an amendment of the Zoning Map, Section No. 28c: changing from an R5 District to an R6A District property bounded by a line 200 feet northerly of Avenue S, a line midway between East 7th Street and East 8th Street, a line 100 feet northerly of Avenue S, and a line 125 feet easterly of Ocean Parkway; and changing from an R5 District to an R7A District property bounded a line 100 feet northerly of Avenue S, a line midway between East 7th Street and East 8th Street, Avenue S, and a line 125 feet easterly of Ocean Parkway; as shown on a diagram (for illustrative purposes only) dated March 3, 2025, and subject to the conditions of CEQR Declaration E-821.","https://zap-api-production.herokuapp.com/projects/2022K0408?include=actions,milestones,dispositions,dispositions.action,users,assignments.user,packages,artifacts",https://zap.planning.nyc.gov/projects/2022K0408
2022K0408,1946 East 7th Street Rezoning,2025,559,a9b2c39b-90ca-ee11-907a-001dd804e781,2022K0408_ZM_BK CB15,Submitted,,,Unfavorable,"IN THE MATTER OF an application submitted by Ahi Ezer Expansion Fund Inc pursuant to Sections 197-c and 201 of the New York City Charter for an amendment of the Zoning Map, Section No. 28c: changing from an R5 District to an R6A District property bounded by a line 200 feet northerly of Avenue S, a line midway between East 7th Street and East 8th Street, a line 100 feet northerly of Avenue S, and a line 125 feet easterly of Ocean Parkway; and changing from an R5 District to an R7A District property bounded a line 100 feet northerly of Avenue S, a line midway between East 7th Street and East 8th Street, Avenue S, and a line 125 feet easterly of Ocean Parkway; as shown on a diagram (for illustrative purposes only) dated March 3, 2025, and subject to the conditions of CEQR Declaration E-821.","https://zap-api-production.herokuapp.com/projects/2022K0408?include=actions,milestones,dispositions,dispositions.action,users,assignments.user,packages,artifacts",https://zap.planning.nyc.gov/projects/2022K0408
2023K0205,464 Ovington Avenue Rezoning,2025,560,365f9117-2421-f011-998b-001dd8006beb,2023K0205_ZM_BK BP,Submitted,Favorable,,,"IN THE MATTER OF an application submitted by Geffen Management LLC pursuant to Sections 197-c and 201 of the New York City Charter for an amendment of the Zoning Map, Section No. 22a, by changing from an R3X District to an R6A District property bounded by Ovington Avenue, a line 100 feet northwesterly of 5th Avenue, a line 100 feet northeasterly of 72nd Street, and a line perpendicular to the southwesterly street line of Ovington Avenue distant 480 feet southeasterly (as measured along the street line) from the point of intersection of the southeasterly street line of 4th Avenue and the southwesterly street line of Ovington Avenue, as shown on a diagram (for illustrative purposes only) dated April 21, 2025, and subject to the conditions of CEQR Declaration E-839.","https://zap-api-production.herokuapp.com/projects/2023K0205?include=actions,milestones,dispositions,dispositions.action,users,assignments.user,packages,artifacts",https://zap.planning.nyc.gov/projects/2023K0205
2023K0205,464 Ovington Avenue Rezoning,2025,560,8f199911-2421-f011-998b-001dd8006beb,2023K0205_ZM_BK CB10,Submitted,,,Unfavorable,"IN THE MATTER OF an application submitted by Geffen Management LLC pursuant to Sections 197-c and 201 of the New York City Charter for an amendment of the Zoning Map, Section No. 22a, by changing from an R3X District to an R6A District property bounded by Ovington Avenue, a line 100 feet northwesterly of 5th Avenue, a line 100 feet northeasterly of 72nd Street, and a line perpendicular to the southwesterly street line of Ovington Avenue distant 480 feet southeasterly (as measured along the street line) from the point of intersection of the southeasterly street line of 4th Avenue and the southwesterly street line of Ovington Avenue, as shown on a diagram (for illustrative purposes only) dated April 21, 2025, and subject to the conditions of CEQR Declaration E-839.","https://zap-api-production.herokuapp.com/projects/2023K0205?include=actions,milestones,dispositions,dispositions.action,users,assignments.user,packages,artifacts",https://zap.planning.nyc.gov/projects/2023K0205
2023K0359,58 Nixon Court Rezoning II,2025,562,43a6bb64-b829-ef11-840b-001dd804e66d,2023K0359_ZM_BK BP,Submitted,Favorable,,,"IN THE MATTER OF an application submitted by SLG Assets, Inc pursuant to Sections 197-c and 201 of the New York City Charter for an amendment of the Zoning Map, Section No. 28c: 1. changing from an R5 District to an R7A District property bounded by Murdock Court, Ocean Parkway, Shore Parkway (northerly portion), and a line 460 feet easterly of West Street; and 2. establishing a within the proposed R7A District a C2-4 District bounded by Nixon Court, Shore Parkway (northerly portion), and a line 460 feet easterly of West Street; as shown on a diagram (for illustrative purposes only) dated April 21, 2025, and subject to the conditions of CEQR Declaration E-803.","https://zap-api-production.herokuapp.com/projects/2023K0359?include=actions,milestones,dispositions,dispositions.action,users,assignments.user,packages,artifacts",https://zap.planning.nyc.gov/projects/2023K0359
2024K0146,236 Gold Street Rezoning,2025,563,08e3b5df-b0e4-ef11-9342-001dd804e106,2024K0146_ZM_BK BP,Submitted,Favorable,,,"IN THE MATTER OF an application submitted by 236 Gold LLC pursuant to Sections 197-c and 201 of the New York City Charter for an amendment of the Zoning Map, Section No. 12d, changing from an R6B District to a C6-2A District property bounded by a line 100 feet southerly of Concord Street, Gold Street, a line 225 feet southerly of Concord Street, and a line midway between Duffield Street and Gold Street, as shown on a diagram (for illustrative purposes only) dated February 3, 2025, and subject to the conditions of CEQR Declaration E-820.","https://zap-api-production.herokuapp.com/projects/2024K0146?include=actions,milestones,dispositions,dispositions.action,users,assignments.user,packages,artifacts",https://zap.planning.nyc.gov/projects/2024K0146
2024K0146,236 Gold Street Rezoning,2025,563,ef427ad6-b0e4-ef11-9342-001dd804e66d,2024K0146_ZM_BK CB2,Submitted,,,Unfavorable,"IN THE MATTER OF an application submitted by 236 Gold LLC pursuant to Sections 197-c and 201 of the New York City Charter for an amendment of the Zoning Map, Section No. 12d, changing from an R6B District to a C6-2A District property bounded by a line 100 feet southerly of Concord Street, Gold Street, a line 225 feet southerly of Concord Street, and a line midway between Duffield Street and Gold Street, as shown on a diagram (for illustrative purposes only) dated February 3, 2025, and subject to the conditions of CEQR Declaration E-820.","https://zap-api-production.herokuapp.com/projects/2024K0146?include=actions,milestones,dispositions,dispositions.action,users,assignments.user,packages,artifacts",https://zap.planning.nyc.gov/projects/2024K0146
2024K0211,47 Hall Street Rezoning,2025,564,3bc19fae-d05b-ef11-bfe3-001dd804e781,2024K0211_ZM_BK BP,Submitted,Conditional Unfavorable,,,"IN THE MATTER OF an application submitted by RXR 9-47 Hall Street Owner LLC pursuant to Sections 197-c and 201 of the New York City Charter for an amendment of the Zoning Map, Section No. 12d: 1. 2. 3. changing from an M1-2 District to an M1-5 District property bounded by a line perpendicular to the easterly street line of Hall Street distant 220 feet southerly (as measured along the street line) from the point of intersection of the easterly street line of Hall Street and the southerly street line of Flushing Avenue, a line midway between Hall Street and Ryerson Street, a line perpendicular to the easterly street line of Hall Street distant 120 feet northerly (as measured along the street line) from the point of intersection of the easterly street line of Hall Street and the northerly street line of Park Avenue, and Hall Street; changing from an M1-2 District to an M1-6A/R8 District property bounded by Flushing Avenue, Ryerson Street, Park Avenue (southerly portion), Hall Street, a line perpendicular to the easterly street line of Hall Street distant 120 feet northerly (as measured along the street line) from the point of intersection of the easterly street line of Hall Street and the northerly street line of Park Avenue, a line midway between Hall Street and Ryerson Street, a line perpendicular to the easterly street line of Hall Street distant 220 feet southerly (as measured along the street line) from the point of intersection of the easterly street line of Hall Street and the southerly street line of Flushing Avenue, and Hall Street; and establishing a Special Mixed Use District (MX-27) bounded by Flushing Avenue, Ryerson Street, Park Avenue (southerly portion), Hall Street, a line perpendicular to the easterly street line of Hall Street distant 120 feet northerly (as measured along the street line) from the point of intersection of the easterly street line of Hall Street and the northerly street line of Park Avenue, a line midway between Hall Street and Ryerson Street, a line perpendicular to the easterly street line of Hall Street distant 220 feet southerly (as measured along the street line) from the point of intersection of the easterly street line of Hall Street and the southerly street line of Flushing Avenue, and Hall Street; as shown on a diagram (for illustrative purposes only) dated January 21, 2025, and subject to the conditions of CEQR Declaration E-831.","https://zap-api-production.herokuapp.com/projects/2024K0211?include=actions,milestones,dispositions,dispositions.action,users,assignments.user,packages,artifacts",https://zap.planning.nyc.gov/projects/2024K0211
2024K0211,47 Hall Street Rezoning,2025,564,131aa5a8-d05b-ef11-bfe3-001dd804e781,2024K0211_ZM_BK CB2,Submitted,,,Conditional Favorable,"IN THE MATTER OF an application submitted by RXR 9-47 Hall Street Owner LLC pursuant to Sections 197-c and 201 of the New York City Charter for an amendment of the Zoning Map, Section No. 12d: 1. 2. 3. changing from an M1-2 District to an M1-5 District property bounded by a line perpendicular to the easterly street line of Hall Street distant 220 feet southerly (as measured along the street line) from the point of intersection of the easterly street line of Hall Street and the southerly street line of Flushing Avenue, a line midway between Hall Street and Ryerson Street, a line perpendicular to the easterly street line of Hall Street distant 120 feet northerly (as measured along the street line) from the point of intersection of the easterly street line of Hall Street and the northerly street line of Park Avenue, and Hall Street; changing from an M1-2 District to an M1-6A/R8 District property bounded by Flushing Avenue, Ryerson Street, Park Avenue (southerly portion), Hall Street, a line perpendicular to the easterly street line of Hall Street distant 120 feet northerly (as measured along the street line) from the point of intersection of the easterly street line of Hall Street and the northerly street line of Park Avenue, a line midway between Hall Street and Ryerson Street, a line perpendicular to the easterly street line of Hall Street distant 220 feet southerly (as measured along the street line) from the point of intersection of the easterly street line of Hall Street and the southerly street line of Flushing Avenue, and Hall Street; and establishing a Special Mixed Use District (MX-27) bounded by Flushing Avenue, Ryerson Street, Park Avenue (southerly portion), Hall Street, a line perpendicular to the easterly street line of Hall Street distant 120 feet northerly (as measured along the street line) from the point of intersection of the easterly street line of Hall Street and the northerly street line of Park Avenue, a line midway between Hall Street and Ryerson Street, a line perpendicular to the easterly street line of Hall Street distant 220 feet southerly (as measured along the street line) from the point of intersection of the easterly street line of Hall Street and the southerly street line of Flushing Avenue, and Hall Street; as shown on a diagram (for illustrative purposes only) dated January 21, 2025, and subject to the conditions of CEQR Declaration E-831.","https://zap-api-production.herokuapp.com/projects/2024K0211?include=actions,milestones,dispositions,dispositions.action,users,assignments.user,packages,artifacts",https://zap.planning.nyc.gov/projects/2024K0211
2024K0344,Domino Site B,2025,565,52df02a5-9b31-f011-8c4e-001dd80ba017,2024K0344_ZS_BK BP,Submitted,Conditional Favorable,,,"IN THE MATTER OF an application submitted by Domino A Partners LLC and Domino B Partners LLC pursuant to Sections 197-c and 201 of the New York City Charter for the grant of special permits pursuant to the following sections of the Zoning Resolution: 1. Section 74-743(a)(2) - to modify the location of buildings without regard for the height and Setback regulations of Section 62-34 (Height and Setback Regulations on Waterfront Blocks), and the requirements of Section 23-62 (Balconies); and 2. Section 74-743(a)(14)* - to apply the provisions of Section 23-23 to allow floor area exemptions in buildings existing on December 5, 2024 within the large-scale general development for use in a proposed new building (Building B) within the same large-scale general development; in connection with a mixed use development on property generally bounded by Grand Street and its northwesterly prolongation, Kent Avenue, South 3rd Street, a line 100 feet northwesterly of Wythe Avenue, South 4th Street, Kent Avenue, South 5th Street and its northwesterly prolongation, and the U.S. Pierhead line (Block 2414, Lots 1, 3, 26, 1001-1007, 1102-1200, 1300-1365, and 1201-1202; and Block 2428, Lots 1101 - 1105), in R6/C2-4, R8/C2-4 and C6-2 Districts, within a large-scale general development, Borough of Brooklyn, Community District 1. *Note: A zoning text amendment is proposed to create a new Section 74-743(a)(14) under a concurrent related application (N 250275 ZRK). Plans for this proposal are on file with the City Planning Commission and may be seen on the Zoning Application Portal at https://zap.planning.nyc.gov/projects/2024K0344, or the Department of City Planning, 120 Broadway, 31st Floor, New York, NY, 10271-0001.","https://zap-api-production.herokuapp.com/projects/2024K0344?include=actions,milestones,dispositions,dispositions.action,users,assignments.user,packages,artifacts",https://zap.planning.nyc.gov/projects/2024K0344
2024K0344,Domino Site B,2025,565,94df02a5-9b31-f011-8c4e-001dd80ba017,2024K0344_ZS_BK BP,Submitted,Conditional Favorable,,,"IN THE MATTER OF an application submitted by Domino A Partners LLC and Domino B Partners LLC pursuant to Sections 197-c and 201 of the New York City Charter for the grant of a special permit pursuant to Section 74-745(b) of the Zoning Resolution to waive the requirements for loading berth for retail or service uses, and where no single establishment exceeds 8,500 square feet for a zoning lot (Zoning Lot 1, Block 2414, Lots 1, 3, 26, 1001-1007, 1102-1200, and 1300-1365), in connection with a proposed mixed use development on property generally bounded by Grand Street and its northwesterly prolongation, Kent Avenue, South 3rd Street, a line 100 feet northwesterly of Wythe Avenue, South 4th Street, Kent Avenue, South 5th Street and its northwesterly prolongation, and the U.S. Pierhead line (Block 2414, Lots 1, 3, 26, 1001-1007, 1102-1200, 1300-1365, and 1201-1202; and Block 2428, Lots 1101 - 1105), in R6/C2-4, R8/C2-4 and C6-2 Districts, within a large-scale general development, Borough of Brooklyn, Community District 1.Plans for this proposal are on file with the City Planning Commission and may be seen on the Zoning Application Portal at https://zap.planning.nyc.gov/projects/2024K0344, or the Department of City Planning, 120 Broadway, 31st Floor, New York, NY, 10271-0001.","https://zap-api-production.herokuapp.com/projects/2024K0344?include=actions,milestones,dispositions,dispositions.action,users,assignments.user,packages,artifacts",https://zap.planning.nyc.gov/projects/2024K0344
2024K0344,Domino Site B,2025,565,c8860d9f-9b31-f011-8c4e-001dd80d9613,2024K0344_ZS_BK CB1,Submitted,,,Conditional Favorable,"IN THE MATTER OF an application submitted by Domino A Partners LLC and Domino B Partners LLC pursuant to Sections 197-c and 201 of the New York City Charter for the grant of special permits pursuant to the following sections of the Zoning Resolution: 1. Section 74-743(a)(2) - to modify the location of buildings without regard for the height and Setback regulations of Section 62-34 (Height and Setback Regulations on Waterfront Blocks), and the requirements of Section 23-62 (Balconies); and 2. Section 74-743(a)(14)* - to apply the provisions of Section 23-23 to allow floor area exemptions in buildings existing on December 5, 2024 within the large-scale general development for use in a proposed new building (Building B) within the same large-scale general development; in connection with a mixed use development on property generally bounded by Grand Street and its northwesterly prolongation, Kent Avenue, South 3rd Street, a line 100 feet northwesterly of Wythe Avenue, South 4th Street, Kent Avenue, South 5th Street and its northwesterly prolongation, and the U.S. Pierhead line (Block 2414, Lots 1, 3, 26, 1001-1007, 1102-1200, 1300-1365, and 1201-1202; and Block 2428, Lots 1101 - 1105), in R6/C2-4, R8/C2-4 and C6-2 Districts, within a large-scale general development, Borough of Brooklyn, Community District 1. *Note: A zoning text amendment is proposed to create a new Section 74-743(a)(14) under a concurrent related application (N 250275 ZRK). Plans for this proposal are on file with the City Planning Commission and may be seen on the Zoning Application Portal at https://zap.planning.nyc.gov/projects/2024K0344, or the Department of City Planning, 120 Broadway, 31st Floor, New York, NY, 10271-0001.","https://zap-api-production.herokuapp.com/projects/2024K0344?include=actions,milestones,dispositions,dispositions.action,users,assignments.user,packages,artifacts",https://zap.planning.nyc.gov/projects/2024K0344
2024K0344,Domino Site B,2025,565,07870d9f-9b31-f011-8c4e-001dd80d9613,2024K0344_ZS_BK CB1,Submitted,,,Conditional Favorable,"IN THE MATTER OF an application submitted by Domino A Partners LLC and Domino B Partners LLC pursuant to Sections 197-c and 201 of the New York City Charter for the grant of a special permit pursuant to Section 74-745(b) of the Zoning Resolution to waive the requirements for loading berth for retail or service uses, and where no single establishment exceeds 8,500 square feet for a zoning lot (Zoning Lot 1, Block 2414, Lots 1, 3, 26, 1001-1007, 1102-1200, and 1300-1365), in connection with a proposed mixed use development on property generally bounded by Grand Street and its northwesterly prolongation, Kent Avenue, South 3rd Street, a line 100 feet northwesterly of Wythe Avenue, South 4th Street, Kent Avenue, South 5th Street and its northwesterly prolongation, and the U.S. Pierhead line (Block 2414, Lots 1, 3, 26, 1001-1007, 1102-1200, 1300-1365, and 1201-1202; and Block 2428, Lots 1101 - 1105), in R6/C2-4, R8/C2-4 and C6-2 Districts, within a large-scale general development, Borough of Brooklyn, Community District 1.Plans for this proposal are on file with the City Planning Commission and may be seen on the Zoning Application Portal at https://zap.planning.nyc.gov/projects/2024K0344, or the Department of City Planning, 120 Broadway, 31st Floor, New York, NY, 10271-0001.","https://zap-api-production.herokuapp.com/projects/2024K0344?include=actions,milestones,dispositions,dispositions.action,users,assignments.user,packages,artifacts",https://zap.planning.nyc.gov/projects/2024K0344
2024K0346,699 - 703 Lexington Avenue Rezoning,2025,566,0abbb9e5-eef5-ef11-be20-001dd80bc6dd,2024K0346_ZM_BK BP,Submitted,Favorable,,,"IN THE MATTER OF an application submitted by Providence House Inc. pursuant to Sections 197-c and 201 of the New York City Charter for an amendment of the Zoning Map, Section No. 17a, changing from an R6B District to an R6A District property bounded by a line midway between Greene Avenue and Lexington Avenue, a line 200 feet easterly of Stuyvesant Avenue, Lexington Avenue, and a line 100 feet easterly of Stuyvesant Avenue, as shown on a diagram (for illustrative purposes only) dated May 5, 2025, and subject to the conditions of CEQR Declaration E-846.","https://zap-api-production.herokuapp.com/projects/2024K0346?include=actions,milestones,dispositions,dispositions.action,users,assignments.user,packages,artifacts",https://zap.planning.nyc.gov/projects/2024K0346
2024K0346,699 - 703 Lexington Avenue Rezoning,2025,566,896bc4d9-eef5-ef11-be20-001dd80bc6dd,2024K0346_ZM_BK CB3,Submitted,,,Favorable,"IN THE MATTER OF an application submitted by Providence House Inc. pursuant to Sections 197-c and 201 of the New York City Charter for an amendment of the Zoning Map, Section No. 17a, changing from an R6B District to an R6A District property bounded by a line midway between Greene Avenue and Lexington Avenue, a line 200 feet easterly of Stuyvesant Avenue, Lexington Avenue, and a line 100 feet easterly of Stuyvesant Avenue, as shown on a diagram (for illustrative purposes only) dated May 5, 2025, and subject to the conditions of CEQR Declaration E-846.","https://zap-api-production.herokuapp.com/projects/2024K0346?include=actions,milestones,dispositions,dispositions.action,users,assignments.user,packages,artifacts",https://zap.planning.nyc.gov/projects/2024K0346
2024M0432,MTA 125th and Lexington Rezoning,2025,569,56a58992-b135-f011-8c4d-001dd802a3fa,2024M0432_ZM_MN BP,Submitted,Conditional Favorable,,,"IN THE MATTER OF an application submitted by Metropolitan Transportation Authority pursuant to Sections 197-c and 201 of the New York City Charter for an amendment of the Zoning Map, Section No. 6b, changing from a C4-4D District to a C6-11 District property bounded by East 125th Street/ Dr. Martin Luther King Jr. Boulevard, Third Avenue, East 124th Street, and Lexington Avenue, as shown on a diagram (for illustrative purposes only) dated May 19, 2025.","https://zap-api-production.herokuapp.com/projects/2024M0432?include=actions,milestones,dispositions,dispositions.action,users,assignments.user,packages,artifacts",https://zap.planning.nyc.gov/projects/2024M0432
2024M0432,MTA 125th and Lexington Rezoning,2025,569,49c58a86-b135-f011-8c4d-001dd802a3fa,2024M0432_ZM_MN CB11,Submitted,,,Conditional Favorable,"IN THE MATTER OF an application submitted by Metropolitan Transportation Authority pursuant to Sections 197-c and 201 of the New York City Charter for an amendment of the Zoning Map, Section No. 6b, changing from a C4-4D District to a C6-11 District property bounded by East 125th Street/ Dr. Martin Luther King Jr. Boulevard, Third Avenue, East 124th Street, and Lexington Avenue, as shown on a diagram (for illustrative purposes only) dated May 19, 2025.","https://zap-api-production.herokuapp.com/projects/2024M0432?include=actions,milestones,dispositions,dispositions.action,users,assignments.user,packages,artifacts",https://zap.planning.nyc.gov/projects/2024M0432
P2017M0299,Lenox Hill Hospital,2025,570,b8adadd9-45c9-ef11-b8e9-001dd804e781,P2017M0299_ZM_MN BP,Submitted,Conditional Favorable,,,"IN THE MATTER OF an application submitted by Lenox Hill Hospital pursuant to Sections 197-c and 201 of the New York City Charter for an amendment of the Zoning Map, Section No. 8c: 1. changing from an R8B District to a C1-8 District property bounded by East 77th Street, a line 100 feet westerly of Lexington Avenue, East 76th Street, and a line 100 feet easterly of Park Avenue; and2. changing from a C1-8X District to a C1-9 District property bounded by East 77th Street, Lexington Avenue, East 76th Street, and a line 100 feet westerly of Lexington Avenue;as shown on a diagram (for illustrative purposes only) dated February 3, 2025, and subject to the conditions of CEQR Declaration E-777.","https://zap-api-production.herokuapp.com/projects/P2017M0299?include=actions,milestones,dispositions,dispositions.action,users,assignments.user,packages,artifacts",https://zap.planning.nyc.gov/projects/P2017M0299
P2017M0299,Lenox Hill Hospital,2025,570,336b71cf-45c9-ef11-b8e9-001dd804e106,P2017M0299_ZM_MN CB8,Submitted,,,Conditional Unfavorable,"IN THE MATTER OF an application submitted by Lenox Hill Hospital pursuant to Sections 197-c and 201 of the New York City Charter for an amendment of the Zoning Map, Section No. 8c: 1. changing from an R8B District to a C1-8 District property bounded by East 77th Street, a line 100 feet westerly of Lexington Avenue, East 76th Street, and a line 100 feet easterly of Park Avenue; and2. changing from a C1-8X District to a C1-9 District property bounded by East 77th Street, Lexington Avenue, East 76th Street, and a line 100 feet westerly of Lexington Avenue;as shown on a diagram (for illustrative purposes only) dated February 3, 2025, and subject to the conditions of CEQR Declaration E-777.","https://zap-api-production.herokuapp.com/projects/P2017M0299?include=actions,milestones,dispositions,dispositions.action,users,assignments.user,packages,artifacts",https://zap.planning.nyc.gov/projects/P2017M0299
P2017M0299,Lenox Hill Hospital,2025,570,a6adadd9-45c9-ef11-b8e9-001dd804e781,P2017M0299_ZS_MN BP,Submitted,Conditional Favorable,,,"IN THE MATTER OF an application submitted by Lenox Hill Hospital pursuant to Sections 197-c and 201 of the New York City Charter for the grant of a special permit pursuant to Section 74-904* of the Zoning Resolution to: 1. 2. 4. allow an increase in the maximum community facility floor area ratio by up to a maximum of 20 percent of the maximum floor area ratio otherwise permitted, and to allow such 20 percent maximum to be exceeded when used in combination with a floor area bonus permitted pursuant to Section 66-51 (Additional Floor Area for Mass Transit Station Improvements); modify the height and setback regulations of Section 24-50 (HEIGHT AND SETBACK REGULATIONS), Section 33-40 (HEIGHT AND SETBACK REGULATIONS), and Section 92-20 (Special Bulk Regulations); and modify the lot coverage regulations of Section 24-11 (Maximum Floor Area Ratio and Percentage of Lot Coverage) and 24-12 (Height and Application of Lot Coverage); in connection with the proposed enlargement and renovation of an existing hospital and related facilities occupying an entire block, on property located at 100 East 77th Street (Block 1411, Lots 1 & 113), in R10, C1-8**, and C1-9** Districts, partially within the Special Park Improvement District (PI), Borough of Manhattan, Community District 8. *Note: A zoning text amendment is proposed to create a new Section 74-904 (Non-profit or voluntary hospitals in R9 or R10 Districts and certain Commercial Districts) under a concurrent related application (N 250152 ZRM). **Note: Portions of the site are proposed to be rezoned by changing from existing R8B and C18X Districts to C1-8 and C1-9 Districts under a concurrent related application for a Zoning Map change (C 250151 ZMM). Plans for this proposal are on file with the City Planning Commission and may be seen on the Zoning Application Portal at https://zap.planning.nyc.gov/projects/P2017M0299, or the Department of City Planning, 120 Broadway, 31st Floor, New York, NY, 10271-0001.","https://zap-api-production.herokuapp.com/projects/P2017M0299?include=actions,milestones,dispositions,dispositions.action,users,assignments.user,packages,artifacts",https://zap.planning.nyc.gov/projects/P2017M0299
P2017M0299,Lenox Hill Hospital,2025,570,ae6a71cf-45c9-ef11-b8e9-001dd804e106,P2017M0299_ZS_MN CB8,Submitted,,,Conditional Unfavorable,"IN THE MATTER OF an application submitted by Lenox Hill Hospital pursuant to Sections 197-c and 201 of the New York City Charter for the grant of a special permit pursuant to Section 74-904* of the Zoning Resolution to: 1. 2. 4. allow an increase in the maximum community facility floor area ratio by up to a maximum of 20 percent of the maximum floor area ratio otherwise permitted, and to allow such 20 percent maximum to be exceeded when used in combination with a floor area bonus permitted pursuant to Section 66-51 (Additional Floor Area for Mass Transit Station Improvements); modify the height and setback regulations of Section 24-50 (HEIGHT AND SETBACK REGULATIONS), Section 33-40 (HEIGHT AND SETBACK REGULATIONS), and Section 92-20 (Special Bulk Regulations); and modify the lot coverage regulations of Section 24-11 (Maximum Floor Area Ratio and Percentage of Lot Coverage) and 24-12 (Height and Application of Lot Coverage); in connection with the proposed enlargement and renovation of an existing hospital and related facilities occupying an entire block, on property located at 100 East 77th Street (Block 1411, Lots 1 & 113), in R10, C1-8**, and C1-9** Districts, partially within the Special Park Improvement District (PI), Borough of Manhattan, Community District 8. *Note: A zoning text amendment is proposed to create a new Section 74-904 (Non-profit or voluntary hospitals in R9 or R10 Districts and certain Commercial Districts) under a concurrent related application (N 250152 ZRM). **Note: Portions of the site are proposed to be rezoned by changing from existing R8B and C18X Districts to C1-8 and C1-9 Districts under a concurrent related application for a Zoning Map change (C 250151 ZMM). Plans for this proposal are on file with the City Planning Commission and may be seen on the Zoning Application Portal at https://zap.planning.nyc.gov/projects/P2017M0299, or the Department of City Planning, 120 Broadway, 31st Floor, New York, NY, 10271-0001.","https://zap-api-production.herokuapp.com/projects/P2017M0299?include=actions,milestones,dispositions,dispositions.action,users,assignments.user,packages,artifacts",https://zap.planning.nyc.gov/projects/P2017M0299
2023Q0190,42-11 30th Avenue Rezoning,2025,571,b2ee7d52-86e0-ee11-904d-001dd804eab2,2023Q0190_ZM_QN BP,Submitted,Conditional Favorable,,,"IN THE MATTER OF an application submitted by CG Stone Realty, LLC pursuant to Sections 197-c and 201 of the New York City Charter for an amendment of the Zoning Map, Section No. 9a: 1. eliminating from within an existing R5 District a C1-2 District bounded by a line 150 feet northeasterly of 30th Avenue, 43rd Street, 30th Avenue, and 42nd Street; 2. changing from an R5 District to an R6A District property bounded by a line 125 feet northeasterly of 30th Avenue, 43rd Street, 30th Avenue, and 42nd Street; and 3. establishing within the proposed R6A District a C2-4 District bounded by a line 125 feet northeasterly of 30th Avenue, 43rd Street, 30th Avenue, and 42nd Street; Borough of Queens, Community District 1, as shown on a diagram (for illustrative purposes only) dated February 18, 2025, and subject to the conditions of CEQR Declaration E-804.","https://zap-api-production.herokuapp.com/projects/2023Q0190?include=actions,milestones,dispositions,dispositions.action,users,assignments.user,packages,artifacts",https://zap.planning.nyc.gov/projects/2023Q0190
2023Q0190,42-11 30th Avenue Rezoning,2025,571,9aa7854c-86e0-ee11-904d-001dd804eab2,2023Q0190_ZM_QN CB1,Submitted,,,Conditional Favorable,"IN THE MATTER OF an application submitted by CG Stone Realty, LLC pursuant to Sections 197-c and 201 of the New York City Charter for an amendment of the Zoning Map, Section No. 9a: 1. eliminating from within an existing R5 District a C1-2 District bounded by a line 150 feet northeasterly of 30th Avenue, 43rd Street, 30th Avenue, and 42nd Street; 2. changing from an R5 District to an R6A District property bounded by a line 125 feet northeasterly of 30th Avenue, 43rd Street, 30th Avenue, and 42nd Street; and 3. establishing within the proposed R6A District a C2-4 District bounded by a line 125 feet northeasterly of 30th Avenue, 43rd Street, 30th Avenue, and 42nd Street; Borough of Queens, Community District 1, as shown on a diagram (for illustrative purposes only) dated February 18, 2025, and subject to the conditions of CEQR Declaration E-804.","https://zap-api-production.herokuapp.com/projects/2023Q0190?include=actions,milestones,dispositions,dispositions.action,users,assignments.user,packages,artifacts",https://zap.planning.nyc.gov/projects/2023Q0190
2024Q0177,Ikos Senior Living,2025,572,f40c209f-4619-f011-998b-001dd80822c1,2024Q0177_ZM_QN BP,Submitted,Conditional Favorable,,,"IN THE MATTER OF an application submitted by the New York City Department of Housing Preservation and Development pursuant to Sections 197-c and 201 of the New York City Charter for an amendment of the Zoning Map, Section No. 9a: 1. 2. 3. eliminating from within an existing R5 District a C1-2 District bounded by a line midway between 30th Street and 31st Street, a line 100 feet southwesterly of Broadway, a line midway between 31st Street and 32nd Street, and a line 400 feet southwesterly of Broadway; changing from an R5 District to a C4-2A District property bounded by a line midway between 31st Street and 32nd Street, a line 100 feet southwesterly of Broadway, 32nd Street, and a line 150 feet southwesterly of Broadway; and changing from an R5 District to a C4-5 District property bounded by a line midway between 30th Street and 31st Street, a line 100 feet southwesterly of Broadway, a line midway between 31st Street and 32nd Street, and a line 400 feet southwesterly of Broadway; as shown on a diagram (for illustrative purposes only) dated April 7, 2025, and subject to the conditions of CEQR Declaration E-771.","https://zap-api-production.herokuapp.com/projects/2024Q0177?include=actions,milestones,dispositions,dispositions.action,users,assignments.user,packages,artifacts",https://zap.planning.nyc.gov/projects/2024Q0177
2024Q0177,Ikos Senior Living,2025,572,97042399-4619-f011-998b-001dd80822c1,2024Q0177_ZM_QN CB1,Submitted,,,Conditional Favorable,"IN THE MATTER OF an application submitted by the New York City Department of Housing Preservation and Development pursuant to Sections 197-c and 201 of the New York City Charter for an amendment of the Zoning Map, Section No. 9a: 1. 2. 3. eliminating from within an existing R5 District a C1-2 District bounded by a line midway between 30th Street and 31st Street, a line 100 feet southwesterly of Broadway, a line midway between 31st Street and 32nd Street, and a line 400 feet southwesterly of Broadway; changing from an R5 District to a C4-2A District property bounded by a line midway between 31st Street and 32nd Street, a line 100 feet southwesterly of Broadway, 32nd Street, and a line 150 feet southwesterly of Broadway; and changing from an R5 District to a C4-5 District property bounded by a line midway between 30th Street and 31st Street, a line 100 feet southwesterly of Broadway, a line midway between 31st Street and 32nd Street, and a line 400 feet southwesterly of Broadway; as shown on a diagram (for illustrative purposes only) dated April 7, 2025, and subject to the conditions of CEQR Declaration E-771.","https://zap-api-production.herokuapp.com/projects/2024Q0177?include=actions,milestones,dispositions,dispositions.action,users,assignments.user,packages,artifacts",https://zap.planning.nyc.gov/projects/2024Q0177
2024Q0304,Long Island City Neighborhood Plan,2025,573,0b4744f2-8c1c-f011-998b-001dd8006bc2,2024Q0304_HA_QN BP,Deactivated,,,,"IN THE MATTER OF an application submitted by the Department of Housing Preservation and Development (HPD) 1) pursuant to Article 16 of the General Municipal Law of New York State for: a. the designation of property located at Block 24, Lot 7. on a block bounded by Vernon Boulevard, 45th Avenue, 5th Street, and 44th Drive (Block 24, Lot 7) as an Urban Development Action Area; and b. an Urban Development Action Area Project for such area; and 2) pursuant to Section 197-c of the New York City Charter for the disposition of such property to a ----developer to be selected by HPD; to facilitate the development of a mixed-use building containing approximately 320 income-restricted units, community facility and commercial space, Borough of Queens, Community District 2.","https://zap-api-production.herokuapp.com/projects/2024Q0304?include=actions,milestones,dispositions,dispositions.action,users,assignments.user,packages,artifacts",https://zap.planning.nyc.gov/projects/2024Q0304
2024Q0304,Long Island City Neighborhood Plan,2025,573,74e12eeb-8c1c-f011-998b-001dd8029d6b,2024Q0304_HA_QN BP,Submitted,Waiver of Recommendation,,,"IN THE MATTER OF an application submitted by the Department of Housing Preservation and Development (HPD) 1) pursuant to Article 16 of the General Municipal Law of New York State for: a. the designation of property located at Block 24, Lot 7. on a block bounded by Vernon Boulevard, 45th Avenue, 5th Street, and 44th Drive (Block 24, Lot 7) as an Urban Development Action Area; and b. an Urban Development Action Area Project for such area; and 2) pursuant to Section 197-c of the New York City Charter for the disposition of such property to a ----developer to be selected by HPD; to facilitate the development of a mixed-use building containing approximately 320 income-restricted units, community facility and commercial space, Borough of Queens, Community District 2.","https://zap-api-production.herokuapp.com/projects/2024Q0304?include=actions,milestones,dispositions,dispositions.action,users,assignments.user,packages,artifacts",https://zap.planning.nyc.gov/projects/2024Q0304
2024Q0304,Long Island City Neighborhood Plan,2025,573,fb2939da-8c1c-f011-998b-001dd8029d6b,2024Q0304_HA_QN CB1,Submitted,,,Conditional Favorable,"IN THE MATTER OF an application submitted by the Department of Housing Preservation and Development (HPD) 1) pursuant to Article 16 of the General Municipal Law of New York State for: a. the designation of property located at Block 24, Lot 7. on a block bounded by Vernon Boulevard, 45th Avenue, 5th Street, and 44th Drive (Block 24, Lot 7) as an Urban Development Action Area; and b. an Urban Development Action Area Project for such area; and 2) pursuant to Section 197-c of the New York City Charter for the disposition of such property to a ----developer to be selected by HPD; to facilitate the development of a mixed-use building containing approximately 320 income-restricted units, community facility and commercial space, Borough of Queens, Community District 2.","https://zap-api-production.herokuapp.com/projects/2024Q0304?include=actions,milestones,dispositions,dispositions.action,users,assignments.user,packages,artifacts",https://zap.planning.nyc.gov/projects/2024Q0304
2024Q0304,Long Island City Neighborhood Plan,2025,573,c1863de3-8c1c-f011-998b-001dd8006beb,2024Q0304_HA_QN CB2,Submitted,,,Conditional Favorable,"IN THE MATTER OF an application submitted by the Department of Housing Preservation and Development (HPD) 1) pursuant to Article 16 of the General Municipal Law of New York State for: a. the designation of property located at Block 24, Lot 7. on a block bounded by Vernon Boulevard, 45th Avenue, 5th Street, and 44th Drive (Block 24, Lot 7) as an Urban Development Action Area; and b. an Urban Development Action Area Project for such area; and 2) pursuant to Section 197-c of the New York City Charter for the disposition of such property to a ----developer to be selected by HPD; to facilitate the development of a mixed-use building containing approximately 320 income-restricted units, community facility and commercial space, Borough of Queens, Community District 2.","https://zap-api-production.herokuapp.com/projects/2024Q0304?include=actions,milestones,dispositions,dispositions.action,users,assignments.user,packages,artifacts",https://zap.planning.nyc.gov/projects/2024Q0304
2024Q0304,Long Island City Neighborhood Plan,2025,573,144744f2-8c1c-f011-998b-001dd8006bc2,2024Q0304_PC_QN BP,Deactivated,,,,"IN THE MATTER OF an application submitted by the Department of Citywide Administrative Services (DCAS) and the New York City Economic Development Corporation (EDC) pursuant to Section 197-c of the New York City Charter, for the acquisition of property located on the east side of Vernon Boulevard between 43rd and 44th avenues (Block 488, p/o Lot 114) Borough of Queens, Community District 2, and for site selection of such property for use as publicly accessible open space.","https://zap-api-production.herokuapp.com/projects/2024Q0304?include=actions,milestones,dispositions,dispositions.action,users,assignments.user,packages,artifacts",https://zap.planning.nyc.gov/projects/2024Q0304
2024Q0304,Long Island City Neighborhood Plan,2025,573,7ae12eeb-8c1c-f011-998b-001dd8029d6b,2024Q0304_PC_QN BP,Submitted,Waiver of Recommendation,,,"IN THE MATTER OF an application submitted by the Department of Citywide Administrative Services (DCAS) and the New York City Economic Development Corporation (EDC) pursuant to Section 197-c of the New York City Charter, for the acquisition of property located on the east side of Vernon Boulevard between 43rd and 44th avenues (Block 488, p/o Lot 114) Borough of Queens, Community District 2, and for site selection of such property for use as publicly accessible open space.","https://zap-api-production.herokuapp.com/projects/2024Q0304?include=actions,milestones,dispositions,dispositions.action,users,assignments.user,packages,artifacts",https://zap.planning.nyc.gov/projects/2024Q0304
2024Q0304,Long Island City Neighborhood Plan,2025,573,022a39da-8c1c-f011-998b-001dd8029d6b,2024Q0304_PC_QN CB1,Submitted,,,Conditional Favorable,"IN THE MATTER OF an application submitted by the Department of Citywide Administrative Services (DCAS) and the New York City Economic Development Corporation (EDC) pursuant to Section 197-c of the New York City Charter, for the acquisition of property located on the east side of Vernon Boulevard between 43rd and 44th avenues (Block 488, p/o Lot 114) Borough of Queens, Community District 2, and for site selection of such property for use as publicly accessible open space.","https://zap-api-production.herokuapp.com/projects/2024Q0304?include=actions,milestones,dispositions,dispositions.action,users,assignments.user,packages,artifacts",https://zap.planning.nyc.gov/projects/2024Q0304
2024Q0304,Long Island City Neighborhood Plan,2025,573,da863de3-8c1c-f011-998b-001dd8006beb,2024Q0304_PC_QN CB2,Submitted,,,Conditional Favorable,"IN THE MATTER OF an application submitted by the Department of Citywide Administrative Services (DCAS) and the New York City Economic Development Corporation (EDC) pursuant to Section 197-c of the New York City Charter, for the acquisition of property located on the east side of Vernon Boulevard between 43rd and 44th avenues (Block 488, p/o Lot 114) Borough of Queens, Community District 2, and for site selection of such property for use as publicly accessible open space.","https://zap-api-production.herokuapp.com/projects/2024Q0304?include=actions,milestones,dispositions,dispositions.action,users,assignments.user,packages,artifacts",https://zap.planning.nyc.gov/projects/2024Q0304
2024Q0304,Long Island City Neighborhood Plan,2025,573,b04644f2-8c1c-f011-998b-001dd8006bc2,2024Q0304_PP_QN BP,Deactivated,,,,"IN THE MATTER OF an application submitted by the Department of Citywide Administrative Services (DCAS) pursuant to Section 197-c of the New York City Charter, for the disposition of City-owned property located on the east side of Vernon Boulevard between 44th Drive and 44th Avenue Block 488, Lots 11 and 15 and )Block 489, Lots 1 and 23) pursuant to zoning, Borough of Queens, Community District 2.","https://zap-api-production.herokuapp.com/projects/2024Q0304?include=actions,milestones,dispositions,dispositions.action,users,assignments.user,packages,artifacts",https://zap.planning.nyc.gov/projects/2024Q0304
2024Q0304,Long Island City Neighborhood Plan,2025,573,1a4744f2-8c1c-f011-998b-001dd8006bc2,2024Q0304_PP_QN BP,Deactivated,,,,"IN THE MATTER OF an application submitted by the Department of Citywide Administrative Services (DCAS) pursuant to Section 197-c of the New York City Charter, for the disposition of City-owned property generally bounded by 42nd Road to the north, 24th Street to the east, 43rd Avenue to the south and 23rd Street to the west, (Block 428, Lots 12, 13, and 16) and generally bounded by 42nd Road to the north, Crescent Street to the east, 43rd Avenue to the south and 24th Street to the west (Block 429, Lots 13, 15 and 29), Borough of Queens, Community District 2, pursuant to zoning.","https://zap-api-production.herokuapp.com/projects/2024Q0304?include=actions,milestones,dispositions,dispositions.action,users,assignments.user,packages,artifacts",https://zap.planning.nyc.gov/projects/2024Q0304
2024Q0304,Long Island City Neighborhood Plan,2025,573,6ee12eeb-8c1c-f011-998b-001dd8029d6b,2024Q0304_PP_QN BP,Submitted,Waiver of Recommendation,,,"IN THE MATTER OF an application submitted by the Department of Citywide Administrative Services (DCAS) pursuant to Section 197-c of the New York City Charter, for the disposition of City-owned property located on the east side of Vernon Boulevard between 44th Drive and 44th Avenue Block 488, Lots 11 and 15 and )Block 489, Lots 1 and 23) pursuant to zoning, Borough of Queens, Community District 2.","https://zap-api-production.herokuapp.com/projects/2024Q0304?include=actions,milestones,dispositions,dispositions.action,users,assignments.user,packages,artifacts",https://zap.planning.nyc.gov/projects/2024Q0304
2024Q0304,Long Island City Neighborhood Plan,2025,573,80e12eeb-8c1c-f011-998b-001dd8029d6b,2024Q0304_PP_QN BP,Submitted,Waiver of Recommendation,,,"IN THE MATTER OF an application submitted by the Department of Citywide Administrative Services (DCAS) pursuant to Section 197-c of the New York City Charter, for the disposition of City-owned property generally bounded by 42nd Road to the north, 24th Street to the east, 43rd Avenue to the south and 23rd Street to the west, (Block 428, Lots 12, 13, and 16) and generally bounded by 42nd Road to the north, Crescent Street to the east, 43rd Avenue to the south and 24th Street to the west (Block 429, Lots 13, 15 and 29), Borough of Queens, Community District 2, pursuant to zoning.","https://zap-api-production.herokuapp.com/projects/2024Q0304?include=actions,milestones,dispositions,dispositions.action,users,assignments.user,packages,artifacts",https://zap.planning.nyc.gov/projects/2024Q0304
2024Q0304,Long Island City Neighborhood Plan,2025,573,e92939da-8c1c-f011-998b-001dd8029d6b,2024Q0304_PP_QN CB1,Submitted,,,Conditional Favorable,"IN THE MATTER OF an application submitted by the Department of Citywide Administrative Services (DCAS) pursuant to Section 197-c of the New York City Charter, for the disposition of City-owned property located on the east side of Vernon Boulevard between 44th Drive and 44th Avenue Block 488, Lots 11 and 15 and )Block 489, Lots 1 and 23) pursuant to zoning, Borough of Queens, Community District 2.","https://zap-api-production.herokuapp.com/projects/2024Q0304?include=actions,milestones,dispositions,dispositions.action,users,assignments.user,packages,artifacts",https://zap.planning.nyc.gov/projects/2024Q0304
2024Q0304,Long Island City Neighborhood Plan,2025,573,082a39da-8c1c-f011-998b-001dd8029d6b,2024Q0304_PP_QN CB1,Submitted,,,Conditional Favorable,"IN THE MATTER OF an application submitted by the Department of Citywide Administrative Services (DCAS) pursuant to Section 197-c of the New York City Charter, for the disposition of City-owned property generally bounded by 42nd Road to the north, 24th Street to the east, 43rd Avenue to the south and 23rd Street to the west, (Block 428, Lots 12, 13, and 16) and generally bounded by 42nd Road to the north, Crescent Street to the east, 43rd Avenue to the south and 24th Street to the west (Block 429, Lots 13, 15 and 29), Borough of Queens, Community District 2, pursuant to zoning.","https://zap-api-production.herokuapp.com/projects/2024Q0304?include=actions,milestones,dispositions,dispositions.action,users,assignments.user,packages,artifacts",https://zap.planning.nyc.gov/projects/2024Q0304
2024Q0304,Long Island City Neighborhood Plan,2025,573,5d863de3-8c1c-f011-998b-001dd8006beb,2024Q0304_PP_QN CB2,Submitted,,,Conditional Favorable,"IN THE MATTER OF an application submitted by the Department of Citywide Administrative Services (DCAS) pursuant to Section 197-c of the New York City Charter, for the disposition of City-owned property located on the east side of Vernon Boulevard between 44th Drive and 44th Avenue Block 488, Lots 11 and 15 and )Block 489, Lots 1 and 23) pursuant to zoning, Borough of Queens, Community District 2.","https://zap-api-production.herokuapp.com/projects/2024Q0304?include=actions,milestones,dispositions,dispositions.action,users,assignments.user,packages,artifacts",https://zap.planning.nyc.gov/projects/2024Q0304
2024Q0304,Long Island City Neighborhood Plan,2025,573,eb863de3-8c1c-f011-998b-001dd8006beb,2024Q0304_PP_QN CB2,Submitted,,,Conditional Favorable,"IN THE MATTER OF an application submitted by the Department of Citywide Administrative Services (DCAS) pursuant to Section 197-c of the New York City Charter, for the disposition of City-owned property generally bounded by 42nd Road to the north, 24th Street to the east, 43rd Avenue to the south and 23rd Street to the west, (Block 428, Lots 12, 13, and 16) and generally bounded by 42nd Road to the north, Crescent Street to the east, 43rd Avenue to the south and 24th Street to the west (Block 429, Lots 13, 15 and 29), Borough of Queens, Community District 2, pursuant to zoning.","https://zap-api-production.herokuapp.com/projects/2024Q0304?include=actions,milestones,dispositions,dispositions.action,users,assignments.user,packages,artifacts",https://zap.planning.nyc.gov/projects/2024Q0304
